Kreis-Id,NDVI
8226,0.520107977351026
8215,0.3435822332125217
8215,0.0197179655921941
8226,0.0123431758739839
8226,0.3680938908817652
8225,-0.0002802924114872
8125,0.0456427914603569
8126,0.1659180631264704
8128,0.0203123447951392
8225,0.0627416463442517
8128,0.0466187310070119
8126,0.0143754154156919
8125,0.1429892945548758
8128,0.2555465218144513
8225,0.3650782325100843
8225,0.005448004494726
8225,0.0563362156253414
8128,0.0126887817417938
8128,0.0368569124727941
8125,0.0080931080674932
8125,0.0341075324311659
8125,0.2635812362872372
8215,0.0870380452760067
8236,0.0960889017840347
8236,0.2610713136622278
8215,0.3597365131013467
8215,0.3043491468027792
8235,0.3428618652054417
8216,0.2356385590861238
8216,0.1226632702754843
8235,0.0851430683635943
8235,0.2626127604000193
8236,0.344368369655853
8216,0.0767160715043694
8235,0.2418327173732168
8236,0.1237782077637175
8235,0.0408230029498923
8115,0.086734103143048
8236,0.0412752456429913
8235,0.4015530252029859
8236,0.1563698247012158
8236,0.2784904135846614
8235,0.3028814134750869
8115,0.0724643275095923
8115,0.2722767252910123
8115,0.2487708721842344
8118,0.292049777480493
8236,0.0180792203693429
8118,0.0170584573507925
8118,0.0261615661478372
8236,0.38893422441495
8236,0.0242488049993652
8215,0.0296766344106241
8237,0.0766522968270075
8416,0.1090565558381124
8237,0.2459500980699713
8237,0.1869681581582797
8416,0.2130512248467494
8115,0.0879330681484299
8115,0.3828399167678452
8115,0.1761063023754728
8416,0.3541725933913926
8225,0.0064312586874953
8225,0.5511238906803451
8225,0.0314560990431304
8226,0.0605044858005071
8226,0.5143436549397478
8226,0.0126582427829726
8215,0.4884341834895014
8125,0.0255091360763351
8125,0.0151542698389087
8215,0.0341097439596694
8125,0.4855115407449366
8215,0.0128312282137962
8128,0.1206153472153296
8225,0.144636833623248
8225,0.0300898922410123
8128,0.0565222424844443
8235,0.0171326851655272
8237,0.0214896426021143
8235,0.021251615278463
8237,0.6113918404968126
8216,0.0289245128301575
8235,0.5392060501806388
8216,0.4608570966750508
8237,0.0343406470032568
8216,0.0129574986815694
8119,0.0096269939201284
8118,0.0197702167436249
8119,0.614764829656427
8118,0.0117998071861677
8119,0.0148062110653094
8118,0.4834207180504453
8415,0.0128095533801333
8117,0.0077681491474163
8117,0.0088693063524884
8116,0.0110596896498655
8415,0.0075429050443239
8425,0.5164056192358019
8116,0.0131311883184288
8425,0.0139235839509689
8425,0.0067850445796649
8116,0.5315485201285051
8415,0.5228308142528529
8117,0.5862768951800087
8127,0.0205445606144222
8127,0.2556711322522267
8128,0.2469758084189334
8127,0.0250330015252411
8128,0.4411990825002039
8127,0.0133334579656849
8127,0.5101660619663356
8128,0.0135778861177032
8135,0.0466177341125457
8117,0.0572509314213404
8136,0.068264604195533
8136,0.0318586188836376
8117,0.0573548276461125
8136,0.2413085545076226
8136,0.066874165971959
8117,0.0348001096134294
8135,0.1023800265044838
8135,0.2372468698888303
8135,0.0564274797196281
8117,0.2847934479848936
8425,0.0411005904986093
8135,0.0121923626422276
8117,0.0085637567405492
8425,0.0337355385334459
8117,0.5014775590846728
8135,0.0723798374648309
8117,0.057033609610069
8135,0.5445086892467258
8425,0.4762901924174527
8127,0.4770527659390992
8127,0.2944986123329202
8128,0.2348305961210893
8127,0.0707766614753174
8128,0.1262572480110348
8128,0.3326414930310781
8135,0.5885565163332623
8135,0.0110405986609726
8136,3.0063846628321997e-05
8136,0.6566730711981271
8136,0.0098080255867049
8135,0.0059929046195853
8135,0.0170560550518638
8117,0.527742827767541
8117,0.0248217279134261
8425,0.428786197918414
8135,0.4714866298864363
8425,0.0247118815451675
8315,0.0850337178165933
8326,-0.0153009230144393
8326,0.0767183558280882
8337,0.2121247374560259
8337,0.0025108436970825
8337,0.0496672299555381
8326,0.2369092660765117
8337,0.6064962553060212
8315,0.526709122669011
8315,0.6251814873130376
8337,0.4761238441288679
8337,0.3893187733207428
8315,0.6003008051012064
8326,0.2288524722921123
8335,0.0807362599866308
8335,0.0944991495571448
8327,0.1722667877125049
8335,0.083062584721273
8335,0.3519936124775253
8327,0.3650268852765077
8327,0.0898346501165987
8326,0.3229402357345295
8326,0.121261730639871
8327,0.3083718566257264
8326,0.3533953144583275
8426,0.2766945863583183
8436,0.6003844575059898
8436,0.1286981603822548
8437,0.2287160905183934
8426,0.0837498980550649
8426,0.5112955388074527
8437,0.310900416469757
8436,0.1223612241137223
8437,0.1515387627643581
8316,0.0144127105382344
8316,0.372065299082041
8317,0.3307650968036078
8317,0.0173726098812767
8325,0.5048505326517848
8317,0.5138542414556941
8237,0.1271260026361348
8326,0.2713055294334648
8325,0.0441068141541169
8317,0.0026090345106955
8237,0.4633991869763328
8326,0.1388866740456286
8326,0.5348783976844367
8325,0.4317071953492931
8237,0.6417912337425901
8317,0.4448499663923667
8326,0.3185425435346325
8325,0.567457543780928
8325,0.1192163624036391
8326,0.1273645706666245
8315,0.2999705200284121
8315,0.0634794183281065
8437,0.0191190622727402
8437,0.03522134815554
8436,0.0303202943782912
8437,0.4813828383094171
8436,0.0333529480791153
8426,0.0254747924430388
8426,0.0316918834828354
8437,0.1446814882345018
8436,0.0270746909184087
8426,0.0608988107989944
8436,0.5134594485280658
8426,0.4895705082127378
8415,0.4687678981382829
8415,0.0646830199033367
8426,0.391294565663867
8426,0.0888150368889748
8425,0.0356207437898472
8426,0.0401506274026746
8425,0.2760056689731304
8426,0.037103431418893
8425,0.0222271630977431
8426,0.4009456379591684
8436,0.2138610081410016
8436,0.1097220955605955
8215,0.1083987735763712
8215,0.1546789514395225
8226,0.036952854882312
8215,0.0711267993306439
8125,0.0626361283765035
8226,0.0805939950782425
8125,0.1045289702365836
8226,0.0429011201758709
8215,0.0883164926911502
8125,0.0491198669468393
8226,0.0223236971593855
8226,0.0470887908662139
8215,0.07849132124799
8215,0.0395836125961341
8125,0.1042532932836129
8226,0.1171289616008848
8226,0.0091462852301879
8226,0.0022920325237739
8225,0.0836940440773684
8225,0.0076821044194718
8225,0.0567331169164399
8225,0.4638910117238075
8225,0.1683343831672054
8225,0.0111215869253107
8226,0.3391368767624733
8226,0.0223118791932897
8125,0.0209883028526336
8125,0.012472090363684
8226,0.2100690173091841
8215,0.3163855492819504
8215,0.0258189156057631
8125,0.4059577446450649
8215,0.0471357830692805
8126,0.0518597889067573
8128,0.1437046555033804
8126,0.0844853242335662
8125,0.0160499605695045
8125,0.0582371188311549
8128,0.1147471404738683
8128,0.0103452312389788
8125,0.0782473823511029
8126,0.0105418456403666
8216,0.3550067283719487
8215,0.4605271395640993
8216,0.0925311877014811
8216,0.1723559820977567
8325,0.0910685750801713
8325,0.2773800808069602
8325,-0.0007131547520981
8237,0.0687372957458996
8317,0.6572578869005583
8237,0.0307533248644334
8317,0.0685084015244542
8237,0.5619864412669127
8317,0.117206582015852
8317,0.0180233836190421
8317,0.472532820639847
8317,0.0763305434947613
8317,0.1752862490895249
8325,0.2083189539174705
8317,0.1095915432392647
8325,0.0897255907065792
8325,0.13680311443117
8118,0.3638485610845433
8127,0.0230163456435387
8119,0.0292887696348489
8127,0.4913475738406458
8136,0.0330853666813277
8125,0.0254016160954036
8118,0.3683180127766862
8127,0.5177914397444363
8118,0.018518872361268
8136,0.4589134173713393
8136,0.4980876062462657
8119,0.5163927267430931
8125,0.4354331987899128
8119,0.5180669909857626
8125,0.4732183158198127
8225,0.0512653136641247
8225,0.0526892378218817
8225,0.0303160178666716
8225,0.0917374902857404
8417,-0.0012554121824759
8415,0.2381644808007081
8416,0.1938454651625785
8115,0.3295941184561881
8115,0.3675461694398252
8417,0.0845425919177982
8417,0.1917385148883044
8416,0.0596405348589873
8415,0.1208750957331274
8115,0.0360036202121206
8415,0.0543874763846462
8416,0.2162404680507005
8117,0.0606413852537521
8116,0.297915870555972
8425,0.0372036233583755
8425,0.1804344248484317
8116,0.0855141891870709
8425,0.1545019936524093
8117,0.3591674534106229
8117,0.3839125447359215
8116,0.2953289699834794
8126,0.5013263052895213
8126,0.0265728932119351
8126,0.4544206292602519
8317,0.1126845662710764
8237,0.129040719982416
8325,0.2370333625840885
8325,0.0825767133412261
8237,0.1591519192034561
8317,0.0774714791010687
8226,0.2295371508872207
8226,0.3174621673309459
8226,0.0831630302235793
8119,0.3775924634241056
8125,0.0888779731468228
8127,0.2667788624908468
8119,0.5309204607014597
8136,0.2576939333686686
8136,0.3995646621081092
8127,0.1536538422376739
8136,0.2317489865313057
8118,0.2968869406138876
8119,0.1103140668363599
8127,0.3850812296383892
8125,0.2256600244845194
8118,0.3813794196933437
8125,0.3827198887295575
8118,0.0893824679551143
8216,0.1123386943120307
8115,0.0300367792365238
8417,0.3827767104067576
8235,0.3682319124859816
8235,0.0293325415356336
8325,0.02488352659866
8417,0.0395430456653403
8416,0.035398882435392
8325,0.4539432687215968
8325,0.0399149502154197
8416,0.0416469520998066
8115,0.0306858716418829
8237,0.314788853382439
8237,0.0056122937791118
8416,0.4212894899096683
8115,0.2961936489903721
8417,0.0338882284550056
8237,0.0425431590415062
8235,0.0321788649634387
8236,0.0247010451514944
8236,0.4580810784236904
8236,0.4702453730991041
8215,0.0277320079653966
8215,0.4373602884308605
8216,0.379440823615626
8216,-0.0006158002499103
8216,0.0113542784580246
8216,0.3977568251795506
8237,0.4792231985846841
8237,0.0317815006735114
8325,0.5261388109172075
8317,0.0144053911850421
8317,0.4435360899851951
8325,0.086387797614614
8317,0.009971542688662
8425,0.1543285549155504
8425,0.2358765351441146
8116,0.0636240801009382
8415,0.2605376664537221
8415,0.1457103544842746
8116,0.2528514999853879
8116,0.0838108182397609
8415,0.080112930089509
8415,0.0772954869014789
8425,0.0688855288030224
8116,0.0769254074827893
8425,0.0630415877210664
8425,0.0899967230327809
8117,0.1946509425110608
8415,0.0989735804378405
8425,0.2332400139593527
8117,0.506816025372617
8116,0.1537187248972425
8116,0.4489865509114418
8415,0.1901494950362759
8425,0.4475000773582625
8117,0.1981074590200778
8116,0.1849053554806929
8415,0.4645014254555035
8117,0.3131384567227174
8116,0.3364495265626458
8136,0.0410845726374987
8117,0.1395725756599613
8119,0.2724905889113178
8136,0.5039710260572009
8116,0.1259553570293854
8119,0.1006706524610356
8417,0.5434978195128103
8115,0.1729598482081473
8416,0.4363684146795965
8416,0.2643625717290148
8415,0.4254857303485354
8417,0.1892954071277146
8115,0.4361527163779913
8415,0.467789467322846
8115,0.0324365754529951
8415,0.0701428906425751
8416,0.040194308824424
8417,0.4983190792754035
8226,0.3365357350417327
8226,0.2335787457404738
8215,0.3995980865455341
8215,0.024600426611873
8215,0.1599278536751355
8215,0.324342001100752
8225,0.4297392420642698
8225,0.0509750215583741
8226,0.309542647617686
8226,0.0594754732979344
8125,0.2300331077400911
8125,0.0522502069713524
8225,0.0292629605042423
8125,0.0474865874674727
8225,0.3318084796051566
8125,0.0275406411582466
8125,0.3211420058881139
8125,0.0273637199948373
8226,0.2167728945764125
8226,0.0289624809386401
8128,0.2432467628302631
8128,0.0649319670437005
8128,0.054908923922376
8225,0.0788233690535521
8225,0.2567301583465976
8225,0.0293110533544512
8237,0.4268384314084853
8235,0.0442384659183378
8237,0.0283144221885473
8216,0.4710734027724583
8235,0.5500159259442201
8237,0.2901650336523353
8216,0.5923075397411868
8216,0.0161516389058989
8235,0.4431671348184027
8216,0.2613657890693417
8237,0.3843760978920832
8235,0.2312353156147879
8226,0.4189360855936186
8226,0.0171142660127413
8125,0.2142641543259474
8125,0.0261667056227339
8125,0.420071821458193
8226,0.0798491869117358
8116,0.0613025932514881
8116,0.0211120668398816
8119,0.0244220609287182
8118,0.0878414358577329
8118,-0.0123355733521675
8119,-0.0094779598401419
8118,0.024596504681294
8116,0.0030083192888991
8119,0.0656302219203717
8116,0.4638376507365923
8118,0.3437246616890219
8119,0.2627678739575734
8116,0.1702958863554583
8425,0.0408714251869949
8117,0.190304635164477
8117,0.0513107424406419
8425,0.0451051406552961
8425,0.19611496845326
8116,0.0501548264737895
8117,0.0191782317936399
8415,0.0697752820052852
8116,0.3435021475576189
8415,0.2141043847657788
8415,0.039801037847208
8127,0.0939426551215483
8127,0.0641080652064823
8127,0.0539469597449586
8127,0.0723696641029205
8119,0.0580065945199659
8136,0.0078426695302029
8136,0.0521359000253584
8136,0.57881257963965
8119,0.4928845747036125
8119,0.0192524233541944
8127,0.1961297012531585
8126,0.1630765979423687
8126,0.0180451951452209
8127,0.0190734153358536
8126,0.3735392464057034
8127,0.4220457749452766
8135,0.4445842877795989
8425,0.5008947138656048
8135,0.0015609429272768
8425,0.0240546255471558
8117,-0.0007618953031755
8135,0.0331851763979576
8135,0.0323072191104507
8117,0.4309304793785194
8117,0.0198918593737052
8425,0.0331991996558887
8117,0.0457013501690814
8425,0.0227316826341464
8315,0.0333086490741349
8315,0.2917986686666067
8315,0.026842288002975
8315,0.0145642016911892
8315,0.5022157688163854
8417,0.1359918388594595
8417,0.1531202316567352
8437,0.2674493669142612
8437,0.1242891246091033
8327,0.3093605487393794
8327,0.0909495881175607
8335,0.1139890703026412
8335,0.1167676545395767
8417,0.5103644311935984
8327,0.0280059671996263
8327,0.04250938776706
8325,0.0160963418965549
8417,0.0227221718683045
8327,0.5702535335716543
8417,0.0361039001546711
8436,0.0387836034992124
8437,0.0342162544548865
8436,0.0314187112133226
8436,0.4778723460943382
8437,0.3959847403368683
8437,0.0251312403924997
8337,0.0368866370288777
8337,0.1358892005659072
8337,0.2677012311179029
8337,0.1829610571273762
8337,0.1127184037756458
8337,0.1386941539067017
8316,0.5164132562655545
8315,0.5183256219434336
8315,0.4110623077367413
8315,0.0360024191971458
8317,0.0814972847641129
8316,0.0623288323412627
8326,0.3699403304695973
8417,0.3442665200490425
8326,0.0615287270616511
8325,0.3976397144679421
8417,0.0200903193443811
8327,0.133696104108922
8326,0.0293845006585562
8417,0.0392516215891847
8327,0.0108522424087864
8325,0.2151517337725184
8327,0.0229767200681534
8326,0.2236255489580378
8417,0.0331305193847251
8327,0.4202458961136863
8325,0.0035559134221659
8325,0.0394706268368063
8437,0.0168595606467589
8436,0.01627304007933
8335,0.5197384439514925
8437,0.5480938855570227
8436,0.5751580296188158
8335,0.0203831632493159
8437,0.0158693500401737
8436,0.0130198768942879
8335,0.0097151844792675
8426,0.0162022581599416
8426,0.0504779475656773
8426,0.0711736648334241
8426,0.0113721365939969
8416,0.24927670143825
8417,0.3193890008368497
8416,0.1284267797508447
8416,0.2856774187608104
8417,0.2169751153292704
8416,0.0906502657544955
8417,0.0810771906801599
8417,0.1888269151486029
8215,0.0840790599763281
8236,0.3173736251092128
8216,0.5483733297817414
8235,0.0621047920008568
8236,0.0683836829520162
8235,0.6875958104401969
8216,0.0113746331099617
8216,0.2623703057187851
8215,0.4641115727644433
8236,0.5317104475473152
8215,0.4412548975703134
8235,0.3919039063588161
8118,0.3804747287269414
8118,0.0131595560408659
8118,0.104651540891071
8128,0.0546956322006609
8128,0.0468933386670576
8128,0.1021363474543009
8128,0.0584303968018517
8415,0.2264405218279324
8415,0.0356624358669411
8415,0.0116236851105723
8226,0.3808190136330887
8317,0.0111186429769853
8317,0.5406718718395868
8416,0.4900763380465032
8416,0.0189071532538743
8115,0.0206281772556104
8416,0.0117300804280252
8115,0.5054663071081396
8115,0.0100626045630549
8416,0.4776509371854378
8115,0.4585207389503204
8115,0.072465916628661
8417,0.1681582600411761
8417,0.5631093146184596
8416,0.1086151860146518
8117,0.3591577612001972
8135,0.4419769731133218
8135,0.0739058112904579
8135,0.0505442627338946
8117,0.0990766340507219
8136,0.0895185056935375
8136,0.0055301459244004
8117,0.0403615890728956
8136,0.2450129221781285
8127,0.0241762685176989
8127,0.3336270049775213
8119,0.0544861763739454
8136,0.5964266715215404
8119,0.2132303479410214
8136,0.3260530689103515
8119,0.4870280154310692
8136,0.1096663564188325
8136,0.386914684202464
8316,0.1097765214152764
8325,0.3857150779995781
8325,0.1162400703613918
8315,0.2040518354629146
8325,0.3657791110270693
8315,0.2677777054846676
8315,0.1760946245734263
8315,0.2014202557022731
8325,0.2354315602426231
8326,0.4898221056987163
8326,0.0175177978625654
8326,0.0371381037305044
8317,0.0432337507749949
8326,0.1713405310216723
8326,0.0709255507534224
8426,0.1077304424620801
8426,0.1614714407878162
8426,0.1573405921195401
8426,0.0764765463271986
8417,0.1224479568333414
8417,0.0729807511562024
8327,0.1051236424543091
8327,0.2727162651749474
8327,0.0765466217952675
8417,0.2895114073594512
8335,0.2983487291347176
8437,0.0461562672084936
8335,0.0346174032442478
8335,0.0511705437140304
8437,0.5715718317888232
8437,0.064010363349171
8317,0.3912184454740755
8317,0.4199511548446541
8317,0.0290058875930495
8317,0.418006190447523
8337,0.0630411531475256
8337,0.1771902978776139
8415,0.0183012081001074
8415,0.4346218756275087
8415,0.0429428176621297
8415,0.0209072957608716
8335,0.0190893853557943
8335,0.0071675720081465
8335,-0.0445220760547043
8327,0.5096124425326184
8327,0.2275065685702681
8436,0.2786518242462638
8436,0.0552366892915149
8436,0.020456863622795
8436,0.3484706008761355
8436,0.6779753725348799
8426,0.1654023459941808
8436,0.2081069172050461
8426,0.5602481909006418
8225,0.5672334265983419
8128,0.4965463916443066
8128,0.0264547924260447
8128,0.4490827598209967
8225,0.0277826880182079
8225,0.5160957093796416
8226,0.4994320750302107
8226,0.0299912381559034
8216,0.0722394566140221
8215,0.0364399433206424
8126,0.0399730929434838
8126,0.1055065884097985
8126,0.0795581825230451
8126,0.0487360334373549
8226,0.0713222601024602
8237,0.6282819244344025
8237,0.0860186107057854
8317,0.6294656336022892
8226,0.0420353923879345
8215,0.1697518173671915
8236,0.2540095094342083
8236,0.2905198865663298
8236,0.0999529744256161
8215,0.0295251472275653
8215,0.2520971024840002
8125,0.1040313736690731
8118,0.286305673181906
8125,0.2641065010372249
8118,0.3675425870522635
8118,0.1114446817750243
8125,0.3082080869579798
8417,0.4947041260134405
8325,0.0143916211057108
8325,0.5844159680616842
8417,0.0182307441938191
8417,0.0104534119861637
8325,0.0340377449989813
8119,0.3743557617741241
8118,0.3861435968876885
8118,0.0282274911875446
8136,0.0254110913071107
8119,0.0307605509343099
8128,0.1569786941896182
8128,0.154628369894263
8128,0.0882887637411406
8126,0.0233456432151025
8126,0.4274356783151512
8126,0.0177092433202654
8425,0.2222469074445745
8135,0.3485508538916389
8135,0.0863531568239786
8425,0.1754408519488172
8127,0.1424477480585034
8127,0.0357735366291677
8119,0.0246903542162658
8119,0.0606599863878287
8119,0.2347437872614562
8127,0.0148864667171394
8127,0.0434294226455779
8127,0.0705785315826734
8127,0.0116812531415664
8127,0.2586820440151958
8127,0.5776970311270841
8127,0.007379845189141
8127,0.0102145839155503
8316,0.0369320239636379
8316,0.000927322415225
8316,0.5419544810991578
8316,0.0991518478165988
8316,0.1190075759088228
8315,0.1110336567363363
8326,0.0257581592420214
8326,0.0902270119112266
8326,0.4835859454293882
8315,0.453287619530152
8315,0.0128376142251983
8315,0.0218432340221829
8337,0.0181439950739142
8337,0.0176350275556338
8337,0.5067363888929765
8337,0.1041117353603023
8337,0.1122886366763854
8326,0.0494316842279596
8326,0.2377240969371317
8337,0.2970126918844283
8326,0.078616940458558
8415,0.2359465036971983
8426,0.4999539108611782
8415,0.2483005218644425
8426,0.3309366364165874
8426,-0.0066854384528922
8437,-0.0127120898392533
8437,0.054068805766678
8437,0.0810919562062481
8436,-0.0055445469384133
8335,0.0707776516779633
8335,-0.0192362800825961
8335,0.059838662491989
8335,-0.0012840230771649
8335,0.0344037602650575
8335,0.0388529903930501
8335,0.0046280641542664
8335,-0.0135034161882501
8327,0.4833078735153261
8327,0.0304797133915897
8327,0.027772375126469
8426,0.5171947205445463
8425,0.0791382388660646
8426,0.2410596369916492
8426,0.5531749295771072
8425,0.4304533168850535
8425,0.4027910463329392
8335,0.0096763367269534
8335,0.0355995878424309
8335,0.0354915147319481
8335,0.1137909072327127
8335,0.2641467093083856
8335,0.144923101402973
8335,0.0984434661449909
8335,-0.1740268483646786
8335,0.0311304721162913
8315,0.0182648872034369
8316,0.0145708642225648
8315,0.3486247166111426
8316,0.5354071480494126
8315,0.3616728271989323
8315,0.400506492580062
8337,0.0158507353956608
8337,0.585149312284002
8337,0.2978146296470308
8337,0.2021902432148857
8417,0.50933646593555
8327,0.0328269782103754
8417,0.0858025129207409
8325,0.3372374142729723
8327,0.0644796144219598
8327,0.4475476959502447
8326,0.0218741889930391
8417,0.1306875042319147
8326,0.3241012770256976
8326,0.4775982402571002
8325,0.0950189884104964
8325,0.5581593019023247
8426,0.5493448779328716
8426,0.0112141068219013
8335,0.1134441723435375
8335,0.2573452074115235
8335,0.2471878881775159
8335,0.001251634291216
8436,0.2179960364742885
8426,0.5306653379027185
8426,0.1235581062802421
8235,0.1702049836516315
8235,0.1357812112444293
8216,0.0400977085590584
8215,0.0687662945297692
8225,0.1243021546723342
8126,0.4036407350961976
8126,0.1258949308890912
8225,0.3520448772109583
8126,0.0787574918947697
8225,0.0838486985698643
8235,0.5736737478215811
8235,0.0248260854257446
8216,0.5922477611963841
8235,0.4520368276137125
8216,0.0376065502381642
8237,0.2343049767096287
8237,0.4802098735433772
8317,0.1104710609890528
8317,0.3228040063640409
8236,0.3087124281559595
8236,0.1183296697944309
8216,0.0280702818983759
8216,0.1200808237112578
8317,0.1075991033846532
8118,0.0718817545407852
8118,0.0689883393501344
8119,0.0720596864783648
8119,0.0690170616840782
8119,0.0797425130732561
8118,0.1360581848526952
8118,0.2061017483946809
8119,0.1478685977510803
8235,0.5657962122118915
8216,0.1849025370794665
8235,0.0563116682120407
8237,0.0982428317138265
8216,0.5777258672878328
8235,0.2753834458437074
8237,0.0437872033923005
8237,0.2530639964711136
8116,0.3266594181227716
8136,0.0335874375463709
8119,0.3008723868182638
8136,0.0110468288125272
8117,0.342319754177276
8116,0.0389549029858767
8116,0.0190403680624704
8119,0.0310964493502616
8136,0.3344615613068256
8117,0.0157354541623854
8117,0.0375269264734075
8119,0.0118463244718038
8236,0.0554331892396274
8236,0.3762749529266061
8236,0.02443250016963
8116,0.1150270700297613
8116,0.4328501694427511
8116,0.0107720220183164
8116,0.4020757708310797
8116,0.1078737660246092
8116,0.0329455820156159
8215,0.4059281269967605
8235,0.0358196423758336
8115,0.0272075511089003
8235,0.4204376553114877
8235,0.0628530076574791
8115,0.4613969802769151
8115,0.0333524438769038
8127,0.0127312073974178
8127,0.221952584358952
8127,0.0386044190455507
8118,0.2373517655365838
8118,0.2966202436913446
8415,0.4779759811880361
8415,0.0468186985678488
8415,0.0244168975339195
8128,-0.0037343966564381
8128,0.4815494739053513
8126,0.0102624258042517
8126,0.0081089131299847
8126,0.5184500881173227
8128,0.0022544796941393
8126,0.0481812649109811
8126,0.237462550242229
8115,0.1280836236618272
8115,0.3349816194945794
8416,0.2681897055362737
8416,0.3210429232119824
8126,0.0820767952090827
8126,0.070277280681349
8126,0.2825631385284413
8126,0.0291075956799249
8236,0.5464910198500466
8236,0.0102997950356975
8236,0.01893440212191
8136,0.2474317011973148
8119,0.4308344312358663
8119,0.3572170473887191
8118,0.0480237489600456
8118,0.3772435919926609
8136,0.0209467698390134
8119,0.0186350291742361
8136,0.1156612593238719
8118,0.4130052538340397
8115,-0.0028124723614526
8115,0.5087238057898146
8416,0.0796859025273098
8115,0.095012187200768
8416,-0.0093977017283234
8416,0.0363169889999708
8416,0.5073942433370608
8115,0.0361049651312356
8135,0.0452810218223175
8135,0.3820166950037785
8135,0.1077411152309841
8337,0.0218946618414274
8337,0.3892574964929298
8315,0.2683558344177887
8315,0.0738259162260442
8436,0.5316058859761151
8436,0.0693786962741423
8436,0.0464304120218087
8326,0.540663130792194
8326,0.0445654814091
8315,0.0518294767186493
8326,0.010923794912484
8337,0.0671192810886927
8337,0.2334494996210973
8337,0.0080605403383738
8417,0.4065363226345338
8417,0.4901679073588808
8327,0.2587346105584941
8327,0.0704924529440957
8327,0.2788016482820444
8417,0.0741195235093177
8335,0.0149414671388552
8335,0.494741555069227
8335,0.0125718375117927
8335,0.114962082996123
8335,0.1674277794386986
8335,0.0328064313506463
8335,-0.1594257378425592
8335,0.4240925120425262
8335,-0.026915231439518
8335,0.1222901227184714
8436,0.6081773384048818
8436,0.0588155076420211
8436,0.0877097135657264
8337,0.3491252548648958
8337,0.4978367172457102
8337,0.1235170510929198
8436,0.1961118894258665
8436,0.0677474525431602
8426,0.0988630973343657
8215,0.1079444231668322
8118,0.0719735437801937
8118,0.2411377960744294
8236,0.3772212471139041
8118,0.047801318025938
8236,0.0561962051367094
8215,0.0393556916928984
8236,0.1588488135078066
8237,0.3231902342373832
8216,0.0670387218700596
8216,0.4545871007433178
8237,0.0621587926625251
8128,0.2453053048222064
8128,0.0471717683679682
8128,0.3181601702339598
8128,0.0472034844817008
8416,0.0166206180335976
8416,0.5012651880821696
8416,0.0311659474670797
8237,0.0301649057963972
8116,0.197277283158413
8115,0.4800210349928563
8115,0.4550451446198728
8116,0.5065200794431879
8115,0.0786025348475989
8116,0.2539994204228274
8425,0.066135027541323
8415,0.1166652394544914
8117,0.5413861152958176
8425,0.5172949110804067
8117,0.2047207146829993
8415,0.4118090874753647
8425,0.2575277164120789
8117,0.0726599430135029
8415,0.2553070063841549
8116,0.5270077683611447
8116,0.0431177981633154
8135,0.0111757307642336
8135,0.2910105703339852
8135,0.0369855023842888
8126,0.2391900340826102
8126,0.2736291107752538
8126,0.0337704463131232
8135,0.0467760064095831
8135,0.5597737297446831
8316,0.2617873571328361
8316,0.1588129736351497
8326,0.5526190418157654
8325,0.3672134204338746
8325,0.2014598139223439
8326,0.4809380039864327
8326,0.6371359786608591
8325,0.4387121493499178
8327,0.2333425154991452
8327,0.0777047577996158
8327,-0.0164025003602713
8335,0.013399635690278
8335,0.0200443570923408
8335,-0.2737969013226454
8335,0.0169664469830989
8335,0.5023381385894369
8335,0.0047165428119043
8315,0.0189252190221103
8315,0.4253254507125823
8315,0.4452963642348344
8437,0.1043839969340523
8437,0.0513347212963686
8426,0.3358435400453454
8426,0.1600417427577189
8437,0.2480521228883341
8337,0.2999827781072764
8337,0.2581851690971802
8337,0.1863524358790412
8126,0.1580312516584243
8126,0.0412001426367982
8126,0.0077837004380166
8225,0.2582204636739171
8225,0.0716894025468694
8225,0.2939341146250052
8236,0.3140711075502138
8236,0.3921138976243837
8236,0.0666754362023876
8236,0.0265602722444953
8235,0.4825355829971021
8216,0.4392434017049541
8235,0.0871176485918443
8115,0.2334064786657478
8235,0.0715012374070587
8235,0.2854674297264952
8235,0.3455569857723539
8115,0.4358818845840791
8115,0.4025349488142506
8136,0.4079847228622595
8136,0.0427243174084017
8436,0.0424666965082243
8436,0.1162857430225706
8437,0.5186628584547358
8437,0.5929596548423218
8437,0.4331693348302847
8135,0.2949492402687079
8316,0.5628031272541488
8316,0.0143823200171606
8315,0.0264567230997427
8327,0.0201472410959501
8327,0.546709273868416
8327,0.0123413490873919
8335,0.1245144652412735
8335,0.3263159027182363
8335,-0.190619130048349
8335,0.1611856112885377
8335,-0.0256311371226527
8335,-0.0180646316778401
8216,0.0271699270128405
8237,0.08960091764919
8237,0.3939001220171935
8237,0.4585186010639819
8416,0.5492505120388099
8416,0.156496660594025
8416,0.382577915705608
8216,0.1559165718361204
8216,0.0162677031383052
8236,0.3579403631035011
8236,0.0454582757426867
8317,0.1252375827043961
8317,0.722203100921441
8317,0.4018880926715493
8437,0.1523917024130943
8437,0.0754609880544487
8437,0.1552468530363645
8437,0.2528716060065871
8335,0.5512160034021949
8335,0.4501026512995033
8335,0.2214382881034216
8327,0.5563971264370403
8327,0.5597599045255117
8327,0.6192232783969921
8337,0.0340022530586437
8315,0.0747403596715219
8315,0.1893693063762004
8437,0.08808921514363
8426,0.2880375380296947
8437,0.3530906167835662
8437,0.2469276770833952
8436,0.6167638020852787
8436,0.1813277235827793
8136,0.0438945734152911
8136,-0.0062424176934511
8135,0.3725312171732566
8436,0.6075574493662274
8316,0.5593965335481021
8316,0.4864021669500067
8437,0.4178464907172181
8437,0.2846398554944253
8317,0.4617415494093289
8317,0.4281187361929486
8317,0.0363794225287734
8335,0.0299842161062821
8335,0.0175711401959403
8335,0.0145477222438413
8335,-0.2417217254564304
8226,0.0447234168342552
8226,0.3511348852629877
8416,0.4699654643028151
8416,0.461617640208611
8416,0.2471687785503603
8216,0.0999930175949313
8315,0.0331350878778219
8135,0.2891165380069302
8135,0.1989509222301622
8135,0.4049102103348959
8335,-0.0641875309493985
8335,-0.0179386360594565
8335,0.0438339287043769
8335,0.0184628135845532
8335,-0.1589247174007541
8335,0.0254868715441369
8335,-0.3409662444954299
8135,0.0424702549431817
8135,0.1258016819916627
8226,0.3873576879023213
8226,0.0973063960049285
8225,0.4448946280894855
8128,0.3355809536895663
8128,0.1772864284387136
8225,0.1494786861701616
8128,0.2174872242573176
8225,0.1885707424656663
8225,0.6845142014908074
8225,0.2724723217517402
8225,0.0832024109486539
8126,0.348900630512546
8125,0.3705692445953188
8128,0.0834902855943083
8225,0.0912952122679173
8125,0.4083810803679196
8126,0.4599682646699177
8126,0.4164191740663009
8128,0.2437153474177455
8128,0.4520688228694463
8225,0.2017810885998604
8128,0.3809842586533546
8225,0.141577089339263
8125,0.0603799372083569
8126,0.1627273064275137
8125,0.4351313239402682
8225,0.43590522627766
8237,0.2226193020152478
8317,0.0464586130409062
8237,0.0871922191622173
8325,0.1412226204431309
8317,0.0526061586078111
8325,0.1256909653412765
8237,0.1093132633320103
8317,0.3328408820331565
8325,0.1849218458774139
8118,0.0794727774899921
8125,0.1454869650107028
8119,0.4155327815057256
8119,0.0670953989695472
8119,0.1427529654490776
8125,0.0616913661145167
8125,0.6496642272197801
8118,0.524667027467424
8118,0.0499495653831565
8235,0.4965791237141496
8416,0.317685487636771
8115,0.1760312678366509
8415,0.3231365719351483
8115,0.4544969439025876
8115,0.0216849645717947
8116,0.1591572341613686
8415,0.4829926013603866
8235,0.2767803992421577
8235,0.0641803584286037
8416,0.0754577958579285
8415,0.0603585647760351
8116,0.4243035742033859
8116,0.0491671070901749
8416,0.4380699105403084
8417,0.0981682151020531
8415,0.1521778060014545
8417,0.1214237380291407
8416,0.1474713073997881
8416,0.0591654856960282
8417,0.080141828788937
8415,0.0744808979934561
8415,0.0822556695869453
8416,0.238563508561787
8127,0.1285957648947008
8127,0.1832098257327755
8128,0.1933793079366897
8128,0.2252892922773552
8127,0.456325963488464
8128,0.7018399331700692
8136,0.0800441194437382
8136,0.2181271098162784
8127,0.123850472371674
8127,0.3954986909905788
8127,0.2278084630343191
8136,0.5391230904697344
8117,0.636940753055901
8425,0.1223880531311163
8135,0.2467977110593809
8117,0.1951459824044363
8135,0.1282684621322578
8425,0.1228200683153826
8117,0.5137770667278417
8117,0.1383058816125372
8135,0.5728562766107361
8425,0.5827823564014547
8425,0.4764370288323907
8135,0.4727938879067964
8237,0.040926271219447
8317,0.026005589363554
8326,0.0317677238894294
8237,0.5293096300827886
8325,0.0343852647162139
8325,0.1931835419244007
8325,0.4080342024999811
8326,0.2172718792880986
8317,0.0074010240922561
8325,0.350518817654907
8317,0.3166155372894663
8237,0.3207299242392139
8317,0.6409583674654392
8326,0.3161557953322316
8326,0.0735515992857256
8237,0.2883650135930893
8326,0.162795366800286
8337,0.0899161665203643
8326,0.0646355292122347
8315,0.0686018505647395
8337,0.0283750011253831
8326,0.1329705804619258
8315,0.1260427670021156
8315,0.0538270711866633
8337,0.2957157740727179
8327,0.1845790659090859
8327,0.1262746790575007
8327,0.078914757920803
8437,0.0670497251860151
8426,0.1834185296727993
8426,0.1481455004239542
8437,0.1305207284220056
8426,0.0310271003709195
8437,0.1936341619608821
8335,0.1283206738444981
8436,0.1730141962161765
8335,0.0946130325139203
8436,0.1819860914706622
8335,0.3743921506235432
8436,0.0248423088629263
8436,0.0085123851079019
8426,0.0231938392278907
8436,0.1910226390963459
8426,0.3090493963692971
8426,0.54649134005094
8436,0.6020957183390812
8226,0.0284247962165503
8215,0.4182732814169249
8226,0.0634028554673705
8215,0.3040257857320904
8226,0.3912388084054394
8215,0.1382238375225991
8226,0.1599875920372568
8215,0.0520268131461793
8215,0.2595622756165879
8128,0.0408126951468297
8225,0.0636886794723454
8128,0.1021749009860144
8225,0.0448842872319608
8225,0.5242524976446743
8128,0.5810995026191987
8226,0.7023033543896083
8226,0.0424717119920639
8126,0.5219178916454777
8119,0.0183249764649552
8127,0.5459313105572771
8125,0.569320400535265
8127,0.0761675026880264
8126,0.1401170498006349
8127,0.0128034281656703
8125,0.1162882049696984
8119,0.6226263483944459
8125,0.0358100787353571
8126,0.0256592070619769
8119,0.1312837938378206
8226,0.0315833353815495
8226,0.6445974847500235
8226,0.5971855033534067
8226,0.4202376758857175
8225,0.617371159511041
8225,0.1155167356438926
8225,0.6526260831699939
8225,0.3580043818901845
8225,0.5731990785708707
8126,0.6388385545432137
8126,0.2730023278813545
8125,0.3843925429036652
8225,0.4921592564305234
8125,0.6544971448755365
8126,0.5059280026030921
8128,0.2040109400691925
8225,0.1995818339425669
8128,0.5563191192886134
8128,0.5361534627683459
8125,0.478252174756323
8119,0.7091087289272621
8126,0.5899020131342381
8126,0.6988034206303594
8125,0.6075601006349027
8119,0.5073646798227519
8127,0.2697597002062789
8125,0.651124273068554
8119,0.0759231691274664
8126,0.2184340427629806
8126,0.1837678222991417
8119,0.5522282906146083
8125,0.1380987711472639
8127,0.2690878702831449
8127,0.6004200815672641
8127,0.7035403343924108
8125,0.391111506875934
8325,0.7349802303242887
8325,0.0515361577450608
8317,0.2317525841711649
8317,0.8000117568125168
8237,0.7591792373009897
8237,0.3144060858439091
8317,0.0094031082842738
8325,0.2774609480638072
8237,0.020910427923348
8216,0.5995645941771457
8215,0.0083291395532173
8317,0.6024136799027563
8215,0.5297093940711279
8216,-0.0041626799406094
8317,-0.0046582335659771
8237,0.1371145515874056
8325,0.0296529734027416
8325,0.0674900649634528
8237,0.0417419051132141
8325,0.1751197246839776
8317,0.0983391246893628
8317,0.0084096033417541
8237,0.0363060407955674
8317,0.0102392922367014
8235,0.0542210572209304
8115,0.4375650579256704
8115,0.6138536764200586
8235,0.4880631264507429
8235,0.1911246972826346
8236,0.0396946819696215
8115,0.0484999203492181
8115,0.5763752699049628
8236,0.3280082241184225
8236,0.5161179638466975
8236,0.426710189255447
8235,0.5148418363873278
8127,0.6606959516418608
8136,0.4848925715927027
8119,0.0284391962452233
8127,0.5891725913989732
8125,0.07600434801239
8136,0.380174907537024
8125,0.1405572287035487
8119,0.599611570671798
8118,0.0091012403210206
8118,0.2920787952121618
8125,0.6439207672636281
8125,0.5375660730106977
8136,0.5586175479878704
8118,0.6261700702618178
8119,0.3829316411816487
8136,0.5580572300424305
8118,0.5037945422019168
8127,0.545847417438475
8119,0.6115040091764706
8127,0.1068796150323976
8115,0.5386714839243544
8115,0.3870387564204267
8115,0.0001079744651357
8415,0.0689482554652061
8417,0.56315486910878
8416,0.0259900446181703
8415,0.2774561490837119
8415,0.4618624317782584
8416,0.3768345196389249
8417,0.2732040415354842
8416,0.69803568554795
8417,0.0274040211530236
8115,0.5465966791444331
8236,0.0114287705034762
8236,0.5271941354036539
8235,0.4513742361925111
8235,0.6972283174050771
8115,0.1784945061243213
8236,0.5929604427209638
8115,0.2631126913032804
8235,-0.0029531729908759
8115,0.6590356875531342
8236,0.4731166132761663
8235,0.1818049897373026
8116,0.2605063390356102
8235,0.3127406894574448
8235,-0.0076546054322713
8115,0.0200277404516827
8415,0.2508042133718811
8416,0.2089404333295944
8116,0.0896369413325565
8415,0.0982118678759717
8116,0.1893087663793265
8115,0.1326924696670592
8235,0.109233102307528
8415,0.0564780123991265
8416,0.0648583585984033
8115,0.2322059005058947
8416,0.1275752095730098
8425,0.0313939018108081
8425,0.1397611093541614
8415,0.0601860760866463
8425,0.5054422819744178
8116,0.089647813523372
8116,0.6143054473154522
8415,0.0565372335634919
8117,0.0234481348080445
8116,0.0405354995285321
8415,0.5715727884940565
8117,0.2005004632826697
8117,0.5339709193998656
8128,0.0544568807574791
8128,0.5386014487768257
8128,0.6286810178815414
8128,0.7556224214366563
8128,0.0531712051186619
8128,-0.0097561934583731
8128,0.2413970196164264
8215,0.2080724495141919
8215,0.6133585136974504
8215,0.1002367109841774
8226,0.6471039550904866
8127,0.050134813599568
8127,0.2891537612012297
8127,0.1988942174176781
8126,0.3281934283819795
8126,0.055088848311445
8126,0.4215909297553574
8135,0.2851059948680245
8135,0.5387946815196638
8136,0.2140170788926373
8136,0.4804645348919259
8135,0.2239572296616634
8117,0.6113680849724055
8117,0.267738874345459
8136,0.3696125769599093
8117,0.3228710744913065
8226,0.2933741973673662
8226,0.2753455805655503
8226,0.0210337192912612
8226,0.3492881580891933
8216,0.5158604167008284
8425,0.2600078896172944
8425,0.048845936212987
8425,0.5144462520620651
8135,0.2130743134896188
8117,0.0457185169368505
8117,0.7047483273661247
8117,0.2701570787089439
8135,0.4918914852521511
8135,0.0670462631973478
8125,0.1756616004081582
8125,0.4265309556669386
8215,0.0874079471049848
8125,0.0484768010521766
8226,0.2081387330767527
8215,0.1065984909718741
8215,0.3912043771849964
8216,0.1804151585371025
8216,0.4020942315824115
8118,0.4680465372199002
8215,0.2077666887547098
8118,0.0200616782086366
8118,0.4394365045902805
8236,0.412256035017448
8215,0.4701135738665279
8236,0.3167830372284096
8236,0.0260188723254488
8118,0.3712103068542378
8236,0.3696500521697045
8215,0.032808880896037
8215,0.45874812127602
8415,0.4031759457423092
8116,0.0335707370106145
8116,0.56691347135875
8415,0.5548413267286749
8415,0.1538560606389358
8116,0.4083414232369644
8415,0.0303856965007178
8116,0.2791038555503179
8236,0.0448660294776829
8236,0.0780629031042569
8236,0.50498061483548
8216,0.0246836901221335
8236,0.0503745209861258
8235,0.0625570334582903
8236,0.6147255792639453
8115,0.13888008483423
8236,0.1206321003615507
8115,0.0871328185841658
8115,0.4351291705654997
8235,0.4647803482343322
8235,0.0893754790608126
8117,0.2102854015009434
8117,0.1260927411308339
8119,0.3901150001255552
8119,0.2488273090656955
8117,0.5606044841183841
8119,0.0584539849997374
8127,0.4270628647017915
8119,0.6222234517379264
8127,0.4782057896657791
8127,0.1830236299377163
8119,0.4389408859170121
8119,0.4081190666433628
8119,0.217805013351648
8127,0.5713019735417715
8216,-0.0127027795588215
8216,0.0542664845946832
8116,0.1026712535673245
8116,0.1868437086572699
8116,0.2284775311652514
8126,0.1795215843904485
8126,0.6576134070198943
8126,0.13091706573067
8226,0.0563757906205138
8226,0.3003013193403868
8115,0.3261378060984173
8235,0.0700086302148098
8115,0.0600578056067374
8235,0.4302174304866397
8115,0.3620200135977627
8235,0.6521500299922649
8235,0.2958178852255834
8115,0.442343790164259
8417,0.081671200605258
8416,0.1684439055177921
8416,0.4151672275155901
8416,0.4496202414256735
8417,0.3666046822758289
8416,0.0407915634184687
8417,0.3967600493304369
8417,0.0269825378211568
8315,0.0187704359328436
8337,0.0696239126937506
8315,-0.050629150840091
8337,0.0954268630791729
8315,0.0196979409184021
8337,0.4121814509148273
8337,0.0230439428802826
8315,0.2610794713760962
8117,0.1226062805678356
8136,0.1541613999432458
8136,0.1235692704913784
8117,0.1137480384457694
8136,0.2033675400606838
8117,0.1107314743299542
8425,0.1100282519023711
8425,0.5998772856739332
8425,0.3156685765951902
8135,0.2878500409645602
8135,0.6825566660165764
8326,0.5245713416518557
8316,0.0439916758255548
8315,0.0702506901460987
8316,0.5293092932787541
8315,0.0987553716105825
8315,0.5123962825735879
8326,0.2137515217652794
8326,0.111371708959638
8437,0.2491176722939592
8437,0.5252294948025059
8417,0.4759104965729088
8437,0.0366621574123807
8417,0.147307254546697
8417,0.0417374160053205
8437,0.4112014475315957
8426,0.4520795005223434
8437,0.570108405089212
8437,0.1214483977576161
8426,0.145288760487037
8426,0.6288278995028667
8436,0.221134061510917
8436,0.0827113178286063
8436,0.3813326644949749
8436,0.6792606257342683
8426,0.1783354664848999
8437,0.0431186869810838
8317,0.0716630436795556
8317,0.4508098657771658
8316,0.0738997775219848
8119,0.3871965486718701
8127,0.4699799021405517
8136,0.3700264565849437
8127,0.231183445131522
8119,0.5527320728388297
8119,0.1156145096008543
8136,0.2672051946342609
8127,0.3090717382675529
8136,0.5143640934631138
8135,0.0354676255357905
8117,0.5792238486878878
8117,0.3129170522887874
8425,0.2941741039814696
8135,0.2361712506415932
8425,0.1156775762577715
8425,0.0774403037790841
8117,0.4416446913027404
8135,0.0310714790316848
8316,0.1740457100928022
8315,0.0829800848436842
8315,0.0255432832814009
8316,0.0218671988700806
8226,0.2296134044682322
8215,0.0517362631204144
8226,0.0850150267571101
8215,0.4445439743075817
8215,0.3629832219215388
8326,0.6842064841496501
8326,0.0382561349265121
8326,0.305150478002559
8315,0.686066978682043
8325,0.0370408712344528
8325,0.0849963059271435
8325,0.5075141155996457
8225,0.2861132529094214
8225,0.5587912768894852
8225,0.3363006116343307
8315,0.3941749165620424
8327,0.0296064437674513
8327,0.1305289907211268
8327,0.3313841992513139
8327,0.4218944337064056
8315,0.5610508301580545
8315,0.0196753713948429
8225,0.6925511713923356
8225,0.6962640195364075
8225,0.2577420566446343
8225,0.0182242051440363
8237,0.4647426189586857
8317,0.1006932893459499
8237,0.1253629631395957
8237,0.0595048806642489
8125,0.1017095340062255
8225,0.2181990539249493
8226,-0.049662953144296
8226,0.025098747612105
8225,0.0431594176658945
8125,0.0511351123025658
8125,0.3023646407808609
8225,-0.0317557048977824
8215,0.6853850187736807
8215,0.0541547100712061
8216,0.4208265961476404
8216,0.2680753099529669
8315,0.0268352367994504
8326,0.0072021103685642
8326,0.4602851952684544
8326,0.2013498581666623
8337,0.0112370106809967
8337,0.5437000688714202
8337,0.4950649887763717
8315,0.0475754772646344
8316,0.0333264239623025
8335,0.2359958268346307
8335,0.2554650651970115
8335,0.5239521165482983
8335,0.0279103579105574
8235,0.4887924109426853
8236,0.2434518011896983
8235,0.0037350966906545
8215,0.3055656177135801
8236,0.4496765963783072
8216,0.0568342995214206
8215,0.4913772316938549
8236,0.1207436795801718
8235,0.2755649774894312
8216,0.46947314470094
8216,-0.0057168480705197
8215,0.4980706608222495
8128,0.334820539243636
8128,0.5884762185739575
8128,0.6608716737801758
8128,0.1406360055515675
8135,0.0740304084504589
8425,0.0214132454258394
8135,0.0540486594198452
8135,0.0202800224057102
8425,0.1033233021778053
8425,0.0760922831634116
8316,0.5394509011032532
8315,0.0055353287999877
8315,0.6040206136805923
8316,0.0014833722558529
8317,0.5386290979496029
8317,0.1993436575738483
8118,0.4463556708795735
8118,0.1766705894701261
8118,0.0388336453445451
8136,0.6019161038217735
8136,0.1314704234027499
8136,0.2977107038315331
8136,0.5070374309716077
8316,0.0196822281790607
8316,-0.0225169366666842
8337,0.1229719210947035
8337,0.3030878559145182
8315,0.2886231116276867
8315,0.3771695287556734
8215,0.0156433832989083
8216,0.0143882454163022
8226,0.4726457299015322
8125,0.4688346313534101
8125,0.3843783334561073
8125,0.5582045752183937
8226,0.5169367490209689
8226,0.136727747048807
8337,0.4844080009146266
8337,0.1520768439476834
8337,0.0352330977315519
8326,0.3614383104588697
8337,0.0604726717557284
8326,-0.0452323791836051
8326,0.0928916392013723
8315,-0.0303702230712873
8216,0.0582048030030358
8215,0.5307840839598441
8215,0.6041280345615423
8128,0.1715966613346648
8128,0.6720284382715623
8225,0.0882680593248767
8225,0.1570865447869999
8225,0.6673039556229649
8128,0.0450498020294216
8135,0.3783818595092348
8226,0.5957132380967253
8226,0.4832661562857598
8226,0.4943343953368405
8317,0.0154322137654507
8216,0.0258542267667792
8317,0.4165231273547639
8216,0.549829688539333
8115,0.6664070330429273
8235,0.6021930715244829
8116,0.2700041230071973
8115,0.018024075592422
8236,0.3617408372651256
8235,0.4206174805068037
8236,0.0190986691436431
8116,0.0402029855958359
8236,0.5774035996836269
8118,0.6194696984932693
8116,0.6751609418058271
8118,0.0333108398252881
8235,0.0136868144943415
8115,0.2789254802766214
8118,0.239606374988176
8237,0.5030116251876294
8325,0.3703105161018009
8317,0.5546663952335467
8237,0.0073070910396817
8325,0.0406379563354573
8325,0.6556960368258989
8237,0.5935494385656019
8115,0.041809187330596
8417,0.7491658734898894
8416,0.028826065170205
8235,0.1821161780608576
8416,0.7425256228338118
8235,0.0131728356473838
8235,0.7593424164274258
8115,0.71662421112221
8416,0.0843303275268488
8115,0.026615586360417
8417,0.1615747109078145
8417,0.149467485532503
8237,0.4512904777727907
8216,0.7774151573496795
8237,0.3695454403390091
8216,0.4062211871833173
8237,-0.0035453211526387
8237,0.7088085135385234
8415,0.1776805692206053
8417,0.5944614249286271
8416,0.6992171483524702
8415,0.6888259144567812
8416,0.566169457755252
8417,0.5507404053905035
8415,0.5797247721568168
8415,0.0188871287717596
8417,0.0098542707641064
8417,0.0940380189097439
8416,0.2676050959661424
8416,0.0511556116927221
8128,0.2643102187126117
8225,0.3997715202031657
8128,0.0723863840752124
8128,0.5192734174518205
8225,0.2508073344932836
8225,0.4295737363661545
8226,0.03872436660468
8226,0.5246724341554555
8118,0.0626784014772747
8118,0.5864600272891289
8136,0.6421882013780148
8136,0.0158713616063791
8118,0.0367422798327339
8136,0.0812843375512321
8415,0.0752411553997443
8415,0.0195967685624996
8415,0.7428869294178331
8116,0.1606778499957186
8116,0.5561741712910433
8116,0.308089705888659
8335,0.1343855373798211
8335,0.231768389234519
8335,0.041048364806184
8335,0.0172991992803872
8335,0.4845313362598045
8335,0.0339218983851755
8136,0.480267651712439
8116,0.6483888113252783
8117,0.3066059168157622
8116,0.5850507666160961
8117,0.6051353156046853
8136,0.5697582667584609
8117,0.6093555758263923
8116,0.0813892255229184
8116,0.1554633066588661
8136,0.5759899178673726
8136,0.4461507377641001
8117,0.6639296548448481
8118,0.4952258775729836
8118,0.035917660712638
8118,0.5184260739972764
8118,0.511487663876607
8215,0.0704454660966564
8226,0.3158862173805429
8226,0.4571243586294031
8226,0.1066294138961698
8415,0.4569209569138043
8116,0.6152803750711685
8235,0.4056727050757321
8115,0.4737962632638389
8235,0.6722576585391943
8416,0.5218401505875537
8115,0.5765718680834666
8416,0.512035384241581
8115,0.1177852751487551
8235,0.0542132378018722
8415,0.2297241917836207
8116,0.4733371140867
8116,0.3672236462207116
8415,0.1937073644116648
8416,0.3967074707580393
8327,0.3669005348428411
8327,0.6956619798839946
8327,0.0475107907333194
8327,0.0318233908810929
8325,0.1902226200143042
8325,0.6528723839415662
8325,0.5908135203801149
8325,0.0387020844622239
8126,0.5265124211818729
8126,0.4903829602736527
8126,0.6247123697439867
8215,0.6701981971362257
8215,0.4859826478176849
8215,0.5251039749434789
8215,0.6558436270745842
8236,0.0052474211799984
8236,0.7227556653973325
8236,0.0417600463559554
8215,0.1715571196880369
8317,0.0321339786991313
8317,0.535230325668517
8317,0.5708132226336741
8216,0.6879960169573704
8216,0.3950249614473407
8317,0.6301524811364446
8426,0.130655774510234
8425,0.2149488988895319
8426,0.5684589042470899
8426,0.225470488754959
8425,0.4955283046478906
8425,0.4786003166426679
8216,0.0277150873933364
8216,0.1087920333238667
8236,0.5494317969416299
8216,0.3011854843294829
8236,0.6992136376080209
8236,0.2455218695585845
8119,0.5247571964995315
8118,0.4683307337248226
8119,0.564838683755103
8118,0.0683122740218981
8119,0.2188959326662387
8118,0.4361817557867927
8116,0.5194892755913102
8116,0.6074521242386673
8425,0.6656074110819086
8116,0.5131753950142636
8425,0.4926245685150304
8117,0.6163075855970827
8116,0.0047565821237432
8117,0.0426779824704252
8425,0.0377627239181253
8117,0.6540987464153432
8117,0.513824583791997
8425,0.4676001033150405
8425,0.6212043102484647
8415,0.7029311204344112
8425,0.2510307623875523
8425,0.3501703613044086
8415,0.1915324364098923
8415,0.0623303196430407
8425,0.6476528459237298
8415,0.5662447303610941
8335,0.0252718410803894
8326,0.6145288835628071
8326,0.033112324983173
8335,0.0443367678561138
8335,0.644894753849589
8335,0.7178771781274547
8326,0.1817335256301863
8326,0.4371015108106335
8335,0.0293816218051989
8335,0.0219791185124955
8335,-0.1122624998042137
8335,0.0639613421361716
8415,0.0338858020811352
8415,0.2758907658302409
8415,0.6306162683462053
8127,0.2262553398516845
8127,0.0716743764627865
8127,0.6472398188925927
8436,0.4861633064512043
8436,0.4605491001293228
8436,0.0812667589767851
8437,0.3829794300891883
8417,0.1770476373796629
8417,0.5669354639341281
8327,0.6483823955807196
8437,0.7102299318191032
8437,0.0948233248579829
8417,0.1103658182534963
8327,0.1505688460388462
8327,0.191040561339146
8216,0.7208353541401998
8216,0.3454255537313606
8426,0.6526951772719508
8426,0.201516282811262
8426,0.2843197166154965
8426,0.5649866457117478
8335,-0.0033941198779513
8335,0.0996940954756709
8335,0.1957670577865225
8335,0.0341121638756676
8335,0.0384076579617284
8335,0.3253771458590056
8335,0.5707393053438503
8335,0.5305458848905995
8127,0.2210800864850673
8127,0.5408886295836282
8127,0.4815045375814944
8126,0.7160488860901705
8126,0.6762983409250013
8126,0.0418302243444023
8126,0.4438387880418531
8135,0.6316849454462171
8135,0.2518985981694795
8135,0.0070472651328553
8135,0.6694327622084618
8237,0.5197410016125631
8237,0.0990810482465534
8237,0.0641411643736149
8237,0.6678814676749983
8235,0.6433540179700196
8237,0.0175966509697364
8416,0.1413107809926929
8237,0.7533195203773074
8235,0.0159397203879307
8235,0.037997700095304
8115,0.0632829977453203
8115,0.65798362331487
8416,0.6990462272715541
8115,0.0857945776848351
8237,0.0516410974530679
8416,0.1085854310348101
8136,0.6407552936939606
8119,0.3335505874923389
8127,0.3718170392458196
8119,0.5418147700018504
8127,0.2446922417740591
8119,0.6243474894601866
8136,0.2350861009550469
8136,0.3681184421699838
8127,0.5906958443935643
8135,0.6599406031425216
8135,0.5638050906918805
8135,0.6788748774350997
8135,0.0413906543780066
8426,0.4029425752590425
8426,0.0308855860624084
8426,0.6715447420078103
8426,0.4618701246563136
8316,0.5017091679262402
8436,0.7046847993868973
8436,0.2703937147995168
8436,0.5568266947601224
8436,0.2929839495797589
8216,0.004831853812064
8216,0.0707561664486821
8216,-0.0149339425932486
8117,0.0188876273087595
8116,0.0002458219123732
8116,0.1321337291111185
8117,0.6974123816248216
8425,0.704337436311006
8425,0.0482925632656231
8116,0.6976591698218735
8117,0.056992619436278
8425,0.0485229725469043
8236,0.060825429624579
8236,0.5092742173413675
8236,0.0397147995575498
8216,0.763859525997489
8216,0.0433416841164486
8317,0.0291648254984629
8317,0.2804466694760648
8317,0.0308153217485792
8135,0.4104325866496884
8135,0.2145096127572758
8128,0.482675330759071
8128,0.4082232068731136
8128,0.4373982702902548
8136,0.6398991218244696
8136,0.0832408600763564
8136,0.0830613695617137
8135,0.505374076770762
8317,0.0003006526677369
8237,0.3239255666292479
8325,0.300791396700677
8325,0.0597736060718554
8237,0.6472045776402648
8325,0.5282425424711913
8237,0.0906541190114305
8136,0.5810717304595158
8136,0.1511811584825659
8136,0.3068578427602875
8119,0.7006348653771794
8119,0.2375000919865516
8119,0.0508043566695025
8425,0.1383796094440251
8117,0.1178895510991943
8425,0.069837126017374
8117,0.39036250531776
8425,0.3784266006797971
8117,0.4444489118803352
8325,0.0166773074189711
8325,0.6037817423955422
8325,0.3761292337058982
8237,0.0153505223488377
8237,0.492324389952131
8237,0.4704866965823275
8416,0.0246281667252089
8416,0.2783844139765529
8416,0.6882583960676772
8417,0.3996752904475885
8417,0.2940845800648418
8417,0.0357945063210147
8337,0.0367514783915205
8337,0.2128579192714452
8337,0.717793641237023
8337,0.2550769323180852
8327,0.0444702182485334
8327,0.2148210398812245
8327,0.496335615632526
8325,0.6235987212982712
8326,0.5025245064220979
8325,-0.0006749300170027
8326,0.5326329792898
8317,0.5639646180696299
8317,0.7644144312871449
8325,0.6771331335267962
8326,0.5423626316897975
8326,-0.0016340708546639
8325,0.5057713686373962
8337,0.4349968882142074
8337,0.6124982838155376
8337,0.0564837629162703
8337,0.4357230733518289
8316,0.5712271871548369
8316,0.5047396009344455
8126,0.1268070959449416
8126,0.1778828902762235
8126,0.3320070565411359
8125,0.1465410959458284
8125,0.6297920237983027
8125,0.2099008173229479
8119,0.5655611852517223
8119,0.0284187006928543
8119,0.0591310494115483
8327,0.0402789731493683
8437,0.086340771562763
8417,0.0225872170777745
8417,0.67111948565058
8417,0.2413311644404802
8437,0.2287708121461596
8327,0.2637208777552666
8327,0.6760950965027501
8437,0.6406731975037032
8437,0.5495431803836882
8437,0.0504825994973752
8437,0.712121311515058
8437,0.08005565281681
8135,0.5247873911844075
8135,0.2369397753232417
8335,0.0085330441186226
8335,0.0835074867538767
8335,0.4382226053361341
8335,-0.1026780102344879
8335,0.5129431145502563
8335,0.0140273942574011
8326,0.3559905487444598
8325,0.0590865865381277
8326,0.0779413179745198
8325,0.4057593258263968
8325,0.097365430002215
8326,0.3419311347092063
8317,0.082595784664801
8317,0.6659730461035179
8337,0.1709982960525022
8337,0.1889491796203905
8315,0.1971838704729648
8337,0.7034466170853148
8315,0.4159915617854809
8315,0.5585087127577779
8315,0.3956582245621709
8335,0.0946539766897254
8327,0.1103054774203111
8437,0.0632342460131183
8327,-0.0496775587387886
8437,0.0039440647253693
8437,0.2355794867996028
8335,0.0356387268218675
8327,0.3016898771859931
8335,0.2489903783463345
8126,0.3016720859650757
8126,0.3397586463606377
8125,0.3662443495452681
8125,0.2738014084963771
8126,0.1368989993117552
8125,0.3925905802592521
8335,0.1574898765528764
8335,0.697754454899155
8335,0.0364106352774207
8335,0.2167387945179045
8335,0.2783584319202976
8335,0.2266748708240993
8315,0.0120755208236963
8426,0.2804625892211476
8436,0.2977902169531131
8226,0.5551272807471159
8426,0.1359735143457331
8426,0.6950933593895059
8436,0.6873545827139892
8436,0.0170075594236754
8436,0.2395374297762685
8337,0.0045760945395529
8337,0.4952841171349356
8335,0.7183634689710505
8335,0.084865827651782
8335,0.1985148170506961
8335,-0.1225906704152861
8335,0.0054084778574712
8335,0.2012491274079156
8316,0.3453782157010816
8316,0.6728711989598389
8436,0.1060365727100673
8437,0.2206818385910015
8437,0.7227304057599025
8437,0.0711889801357324
8317,0.4063952516067383
8216,0.0038111887248504
8216,0.7008085335760421
8426,0.3583668878694545
8426,0.0448064568401196
8316,0.0091998419017973
8215,0.4867425294373497
8215,0.400659868818389
8417,0.451378967690041
8437,0.0865887436684712
8417,0.701447567928934
8437,0.1782938284696566
8437,0.5537140000711944
8417,0.0753199888503629
8437,0.7063288559207995
8417,0.3689739090192239
8436,0.5202989909954022
8436,0.1565686654027482
8126,0.1471807637802868
8126,0.0622246532508156
8126,0.6716236887994158
8326,0.0342493831357532
8326,0.2402526713189127
8315,0.1210931088879701
8326,0.1240922730507928
8315,0.0610022369157156
8426,0.3108910262113433
8426,0.2014154317637514
8335,0.2093831116855298
8335,0.6234322231550343
8335,0.087559507860061
8327,0.7573783663161415
8327,0.0292002681057365
8327,0.1976775349541091
8436,0.4955005561647846
8436,0.2216897353953798
8118,0.5844988343009185
8118,0.5216756453387436
8118,0.3915514985766312
8335,0.0607663099758592
8335,-0.1123231310058905
8335,-0.08511806383468
8335,-0.0086772269392484
8436,0.1834654335668731
8436,0.2334082044756266
8118,0.0510483341872056
8118,0.05333961016218
8118,0.4991144467643351
8327,0.6207868186878072
8327,0.6773157501940543
8327,0.0085637667458904
8327,0.2612498858547349
8327,0.3972175330180846
8327,0.4322289080757092
8327,0.0068752146818905
8416,0.5609052096804745
8416,0.678979893497377
8416,0.0394442134555547
8416,0.141456943063528
8335,0.0124998758383611
8335,0.0081837962622234
8335,-0.1053212058048463
8216,0.0556979847834289
8216,0.0562219606430513
8426,0.6706534325175729
8436,0.0603664508174545
8426,0.0478735991807052
8436,0.7026529614499457
8118,0.5606360745609804
8236,0.0037151797462971
8236,0.58698769571959
8236,0.251600931983004
8118,0.2485868108240128
8118,0.0822132024509871
8135,0.1647275436633337
8437,0.0206344655893841
8437,0.2508975906394598
8437,0.3725009503541352
8327,0.3772929136282723
8417,0.1996858546759137
8417,0.1292897417226538
8327,0.2155549321690872
8417,0.1082380972508862
8327,0.0134914416847498
8437,0.5046788802534666
8437,0.3976957213047384
8437,0.0212624790279786
8426,0.1935394362134941
8436,0.5703965343537291
8426,0.0562652660165604
8426,0.2225796928366117
8426,0.1266624775426369
8337,0.109565300647685
8337,0.6868794437788239
8315,0.6166078527917218
8315,0.0386756345195439
8426,0.0155657242595019
8436,0.0348413274732312
8135,0.6602604114472079
8135,0.6105904569533026
8337,0.052145602405518
8337,0.029676844140362
8337,0.171406923478067
8335,0.0494221991750496
8335,0.1112770843534894
8335,-0.0010936811409184
8335,0.0332137910891934
8335,0.0357909160788523
8335,0.3065790361327333
8335,0.2821036978896197
8335,0.0141475150407158
8335,-0.0618910051954853
8326,0.0791419001059499
8326,0.7098394465757498
8326,0.3217011571658171
8315,0.3521796440329102
8315,0.04803127521855
8436,0.050776028551873
8436,0.7502305192615725
8315,0.3848930007418685
8315,0.3746619206121706
8337,0.5753498822469594
8337,0.5136724411422695
8426,0.0258072391441627
8216,0.6679205536023738
8135,0.0127672858081385
8316,0.0284541950525637
8316,0.5824771825544931
8335,-0.0176070562796705
8335,0.0517563839643563
8335,0.0054182396287347
8436,0.6864483899166844
8436,0.1983734981594339
8226,0.5305885765589633
8226,0.0100978922401664
8226,0.0309572024174368
8226,0.3938862808150725
8215,0.4826613620938097
8225,0.0328309074516353
8225,0.2529066901882429
8225,-0.0059679157046485
8125,0.0255101497313192
8215,0.6102313108771101
8125,0.2063144957807035
8215,0.0460239563419428
8125,0.0109993797335012
8215,0.0270356881786477
8126,0.0302038300673229
8126,0.2911649734554375
8126,0.0395601300800593
8125,0.6136221576149538
8125,0.5824646076850362
8226,0.6299217188840898
8225,0.6508260492961836
8225,0.6782088339976193
8226,0.6529165425346933
8125,0.4702931002386122
8225,0.517996899299021
8226,0.5640563651665821
8125,0.4935497314527981
8225,0.0873238485000435
8225,0.114441810204853
8225,0.6020250353966741
8128,0.1666224350461213
8125,0.1008943519198564
8128,0.0977988044345159
8126,0.1160053858389879
8225,0.383467981818418
8125,0.1611152782254835
8126,0.2965126169119786
8128,0.5318918791832201
8128,0.491085074639345
8126,0.5220828180129116
8125,0.2455539400496159
8126,0.2612382423026874
8317,0.7440744974569836
8216,0.5498441004988405
8317,0.5899651089594584
8216,0.7364050583374052
8119,0.6137808934829044
8126,0.6404073420178432
8126,0.6104249956473004
8127,0.6694295745534707
8126,0.4921238705554899
8119,0.7310907503075682
8127,0.6383149786500806
8127,0.4223318330787751
8119,0.6730709506102821
8317,0.0594456265554742
8317,0.0751178324704161
8237,0.0375627821763434
8317,0.4830458842583722
8237,0.0420853786632506
8237,0.2997179444003597
8325,0.1189241355000981
8325,0.1118843201671668
8325,0.1245168821577881
8237,0.7384356697086171
8216,0.0031305416526885
8317,0.6819050483280333
8317,0.0138980509521434
8237,0.0012701449465957
8216,0.6144895647258852
8317,0.64357295772574
8317,0.7057105354176225
8216,0.6083926480511486
8216,0.6973009742814698
8215,-0.0236183177690523
8215,0.1637292398741388
8216,0.0066574647148438
8216,0.7069089588081292
8235,0.6901851811950139
8235,0.4489946125363058
8235,-0.0011406539961824
8236,0.0339651827227249
8215,0.0555606078350733
8235,0.4083016810425552
8236,0.5860214749920559
8236,0.1605254128402886
8215,0.5353218467125412
8236,0.1914670269669076
8235,0.0059928689523296
8118,0.053308570087488
8115,0.1802535628048967
8116,0.4604825921404653
8116,0.0172886449056408
8116,0.0058097703923063
8118,0.0319650272812865
8115,0.0614050183391843
8236,0.0821392419994987
8115,0.0587586428450345
8235,0.0353912293323285
8236,0.4015851645706507
8118,0.0373591545849242
8236,0.0438573930022665
8235,0.2391057349962638
8118,0.2996191882803669
8236,0.4710697256298182
8125,0.2673942726949757
8117,0.7400185247159177
8116,0.6917706093107291
8136,0.7308051949000922
8119,0.734060241503663
8416,0.1980054062219706
8116,0.6873123226605973
8235,0.1263640255763805
8416,0.2034201152523565
8416,0.6850186779173637
8115,0.659360517412872
8115,0.2128347437871064
8235,0.1112003979548191
8116,0.2303030849683314
8415,0.4648973669043244
8115,0.0809746649408641
8415,0.734729736883371
8116,0.1880829684621795
8235,0.7588433897047258
8415,0.2540041941635515
8416,0.3991481738116349
8416,0.1352482459776842
8417,0.0304465940516658
8416,0.053732044794406
8417,0.1467433709703089
8417,0.2346115046680298
8116,0.5557067668789264
8235,0.0298864544667415
8116,0.6164325279917656
8236,0.0351475058803268
8236,0.5092828728572094
8235,0.6102039169521665
8115,0.0204383181627002
8235,0.4935255827786721
8118,0.0382110771395541
8118,0.3795515510647209
8118,0.3855667234769472
8115,0.5454070184486081
8115,0.5888545630261995
8236,0.5301195037371689
8116,0.0117938035014428
8116,0.5645030923376017
8236,0.5216418296238523
8235,0.1923294112236227
8118,0.489406579255794
8236,0.4584053598945743
8115,0.6522210588908598
8235,0.4209649044855647
8118,0.5880605497072002
8236,0.6847426962140032
8116,0.6823758321290311
8115,0.4631088039322795
8116,0.5558529454858472
8235,0.7696515581933283
8115,0.3062742677958061
8118,0.2565342034582382
8417,0.5405209632758605
8416,0.6746452137642419
8416,0.6025771862218025
8417,0.7363600212485866
8415,0.7213898396367997
8415,0.4266884541496416
8416,0.4708071116670233
8415,0.4865905018486805
8417,0.1173074534976744
8136,0.6115758466962146
8119,0.4934887717655114
8136,0.5724553277494977
8117,0.5740513864088834
8119,0.5775928960408998
8136,0.0321883559234935
8119,0.0478956054190934
8117,0.0229217629653551
8117,0.6510069988634282
8416,0.6136707279390405
8415,0.6310083379720319
8417,0.7127047819696586
8417,0.1326577114799985
8417,0.6509119090473394
8415,0.7111472841533576
8415,0.1234232839845101
8416,0.6583928271128852
8416,0.2537114928283677
8117,0.668198862066308
8425,0.6350579182003113
8425,0.2829559866001003
8117,0.5265037741211496
8117,0.707231596007992
8425,0.5027887932987828
8127,0.0831683495909366
8127,0.1822167973401678
8127,0.6235692853332635
8127,0.4473332378247219
8126,0.1395327457228512
8126,0.6401340592812861
8127,0.671755310100034
8127,0.3010712447625184
8127,0.1466024466782511
8126,0.0799063399865427
8117,0.0210538989294668
8117,0.178280533692866
8425,0.1242090789761223
8425,0.0952507974543466
8135,0.0398875063152086
8135,0.0612277406933287
8117,0.0149167600791477
8135,0.0362995792954147
8425,0.1378048731811791
8316,0.0619631437683488
8316,0.4494631089899104
8315,0.1519901992502227
8315,0.0332628749174778
8315,0.3516699601232782
8127,0.0464681420330147
8119,0.0919089979430232
8136,0.0739199321933627
8135,0.5756688284211233
8425,0.2177298869455538
8425,0.2423833587777954
8117,0.5809542243521771
8117,0.1343664780114691
8425,0.5782497991645649
8425,0.1619628913266727
8135,0.1217313806026536
8135,-0.0176372896390676
8117,0.5214220386869781
8117,0.287370771307371
8135,0.3999314034143818
8337,0.6327956629751315
8326,0.6952302108458989
8337,0.2307312316555946
8326,0.2903164852575205
8337,0.7314395627947795
8326,0.4082239962543314
8325,0.6875043095433042
8326,0.7002840896162422
8326,0.6444956614830294
8317,0.8188390907399472
8237,0.3974819513881866
8325,0.2120673437336367
8237,0.7170152029215416
8325,0.644516443626324
8237,0.6947616313309241
8326,0.1273498477356845
8337,0.3341362664459423
8316,0.3304549739757788
8315,0.4196065332845156
8325,0.311671261185002
8326,0.3284587533376247
8326,0.7156231466774081
8315,0.7573121466580733
8325,0.0199721297341763
8326,0.0186094038075043
8325,0.6513377253974626
8315,0.021294174868917
8337,0.0329099228799197
8337,0.7282479279263994
8337,0.4574542790517796
8417,0.3104075631328914
8417,0.7343630940313439
8426,0.600310876303478
8426,0.1937806950783999
8437,0.6457005417335224
8437,0.2009392236154968
8437,0.6858475884352094
8426,0.6777100257418797
8417,0.2419109462970518
8337,0.7210236856510426
8337,0.1750766269921934
8337,0.6013441920579522
8327,0.3128635267674129
8327,0.5759566390656911
8327,0.7258760601556977
8335,0.6803685158065075
8436,0.7428046847515009
8335,0.6831310917994377
8436,0.3011566118577347
8335,0.1213392498355457
8436,0.664488290124696
8327,0.1766566176422606
8326,0.0437957495600913
8327,0.7570223683118045
8326,0.5031949174008398
8325,0.0417711677955364
8325,0.7100702564226783
8326,0.7343839825632552
8327,0.4874153274862819
8325,0.5837316069252556
8335,0.5829373064706789
8335,0.5779244924902254
8335,0.6931859408814017
8436,0.0664006864813711
8436,0.7597858510490535
8436,0.6913430437808484
8437,0.6945543878648461
8426,0.0299247537609124
8415,0.263366272647613
8417,0.0283539554827815
8415,0.03233594066932
8415,0.6894451480297014
8426,0.2186453103456807
8417,0.6973193553534576
8437,0.0259812640590593
8437,0.1209112675798706
8417,0.4052493083085205
8426,0.6846563724805492
8335,-0.0770720634822142
8335,0.003306713363093
8335,-0.0973099425875877
8436,0.2149580734643908
8426,0.1554543328447899
8337,-0.0322937822672707
8337,0.4403180266500873
8337,0.1139126983146022
8337,0.7299881727145272
8426,0.1275618075603981
8426,0.0804546791731351
8436,0.7759909238660917
8436,0.016950913464202
8436,0.7134811496698822
8426,0.2495744087934968
8436,0.038546812726978
8426,0.2807880446136644
8426,0.0753589774421808
8436,0.400989213249303
8426,0.669136591368043
8436,0.0180771206931689
8128,0.5476969651214081
8128,-0.0120902128406025
8225,0.6514604617099988
8225,-0.0098709013929553
8128,0.5470242763695972
8225,0.6456350924887739
8225,0.2485111278808141
8226,0.2000057514061213
8125,0.1533047148735745
8125,0.588048806448983
8126,0.0006278763093009
8125,0.017752569892232
8126,0.5836269844868267
8125,0.5808777755429312
8126,0.5880987109246203
8216,0.0780697940757894
8235,0.7499672007458901
8237,0.1247448900002681
8237,0.7369043874210404
8237,0.0772660953879572
8235,0.6089849424690895
8216,0.5069378049444982
8235,0.0195325899545801
8216,0.8321951457044047
8127,0.6192155703240962
8127,0.0448394762903651
8136,0.6487161194472532
8119,0.0535039887920633
8118,0.0440940196121872
8119,0.6750454003472881
8119,0.7043609995784649
8136,0.6983783875289757
8118,0.5181546077792211
8127,0.6302653975770458
8118,0.5562116673881364
8136,0.2633446391517282
8115,0.363070819580616
8417,0.1355664443918366
8416,0.6730058971444679
8237,0.7546740667297347
8325,0.7156743069256334
8237,0.4173362828974564
8235,0.7610974552088305
8115,0.644056995079302
8237,0.1321605084510837
8235,0.3776270400967376
8235,0.0627167812339674
8417,0.6683336369956862
8416,0.5287145251852347
8325,0.085480716235169
8325,0.5566161620429616
8417,0.7315134242782261
8416,0.1525537073451652
8115,0.1222943197931797
8128,0.0767522068816224
8127,0.2805910781970138
8126,0.000728768063439
8127,0.3076456004525074
8127,0.3700826844754477
8126,0.0392317165179506
8126,0.3354195031359531
8128,0.0627372968111744
8128,0.107213979949631
8128,0.2666881807037131
8126,0.2813088262600436
8127,-0.0075036134371607
8225,0.0916144127957722
8225,0.67839565736373
8225,-0.0030280752252056
8128,0.5914915273634805
8128,0.3864012926940205
8128,0.5657336597467785
8225,0.6556949663798818
8225,0.5095623951379787
8225,0.6316991068329348
8225,0.3934936454159558
8125,0.4999867732126284
8225,0.0460884278440345
8225,0.6347875049289085
8125,0.0502906255087875
8125,0.3407484168968248
8117,0.3681815198978101
8117,0.1032777081459196
8117,0.710872766917731
8425,0.3914617113189557
8425,0.1549368345216636
8425,0.6549842386687574
8315,0.3140859311590525
8315,0.662978004700471
8327,0.0781598804213751
8417,0.104444491055273
8417,0.0010060551065473
8325,0.1930977267599388
8325,0.7082899114483251
8327,0.7512864562066229
8325,0.0060566225806202
8417,0.7237224472325728
8327,0.1251278242823987
8436,0.1436795078214745
8426,0.2096541940655196
8437,0.1595308492522291
8327,0.043288543910364
8335,0.2647717635782315
8326,0.254476103320056
8335,0.0893956556281923
8335,0.5892163420132224
8335,-0.0275349006795351
8335,0.0360081128266084
8335,-0.0056403667687286
8335,0.4604150543325287
8335,0.0637982371818081
8335,0.1989495418334903
8436,0.0566207389809897
8436,0.7849253826606157
8426,0.7061165632351558
8426,0.0512045302420244
8126,0.3868793476027443
8119,0.0926880351797527
8127,0.2923630841336118
8235,0.3854173396561041
8236,0.2823067367197864
8236,0.2972286033986103
8236,-0.0314760527271642
8235,-0.0217397895547278
8216,0.0267731987626357
8216,0.3407977137143569
8235,0.0384816041165886
8216,0.3581450827687522
8216,-0.0216824200828831
8215,0.3493044889424389
8215,0.2656190688756532
8236,0.0072354822442881
8235,0.3594460510929718
8215,-0.0514245969756775
8215,0.0276957171623319
8215,0.210484279448496
8236,0.1791664120801933
8235,0.0717798320167282
8118,0.1001897012626994
8116,0.0353961630949536
8115,0.1302809394742138
8119,0.416198856495111
8119,0.1378244788277409
8118,0.1424346547453527
8116,0.3293447134767006
8119,0.0857384213315344
8116,-0.0048189649495217
8118,-0.021343542312527
8116,0.3911488835647112
8116,0.1005601383810549
8118,0.1050906604109552
8119,-0.0043197044198224
8118,0.3805127937893969
8116,0.6784221949211152
8415,0.7158551812132787
8415,0.3752289694684935
8116,0.3070258861423042
8116,0.2888669657691798
8415,0.5859313031309548
8127,0.6505127451274142
8127,0.363618749886589
8127,0.1052881929772807
8136,0.4043761452862643
8425,0.6355667693797726
8117,0.6944142999920434
8117,0.0465231608199534
8425,0.0875986025487495
8117,0.5826553735911917
8425,0.4355809608732052
8337,0.1597803709673937
8315,0.065464313627887
8326,0.344094149710479
8326,0.6519505208582292
8315,0.0689544330407566
8326,-0.0098145315956911
8337,0.0063740056308719
8315,0.7359343683294276
8315,0.3336691047701505
8326,0.1771368345768286
8337,0.7362670348952665
8315,-0.0107606328372307
8337,0.2391059427124373
8337,0.3145895974650996
8437,0.4026206101547305
8426,0.3182652541824246
8437,0.664560262344153
8426,0.697914126961861
8426,0.4503128905447599
8437,0.7135193095455047
8335,0.0682618269174529
8425,0.0529798367329889
8325,0.2714159970647867
8237,0.1873121832555317
8237,0.74380908712423
8325,0.3036117291184297
8237,0.1201733985075012
8325,0.7011205596852323
8119,0.6870354479952188
8136,0.0629064818122561
8119,0.257066320010534
8118,0.298217918899424
8136,0.1446021740752943
8119,0.113852846465793
8136,0.4095605650722786
8136,0.6816868869218636
8118,0.1997612479015999
8118,0.5359535267210461
8118,0.0749356949168798
8119,0.3765935689468067
8436,0.5732581485782312
8425,0.0167442277674363
8425,0.3092717724897362
8425,0.6067210241292588
8117,0.7141769653148538
8117,0.4378166907932515
8425,0.6452195876320223
8135,0.263042415984113
8425,0.4488794914749428
8135,0.3912740063179489
8117,0.2219420275006982
8135,0.6957380217379441
8425,0.2752370114342942
8315,0.384335748980618
8316,0.3188749141497716
8325,0.2683853983825214
8317,0.2559019632089703
8326,0.2833954200933891
8237,0.3594104328006237
8337,0.6119706776832723
8315,0.6493264662533801
8326,0.6521373439683452
8315,0.0629803177928798
8316,0.6912293944209659
8316,0.0219058762800156
8315,0.6870685458071236
8237,0.0268736092946685
8317,0.7695495426799903
8317,0.0185079632545729
8237,0.5864223586648746
8237,0.5567350044925499
8317,0.4904789272347593
8437,0.6745964666248384
8417,0.7425198309564174
8415,0.0021372226642406
8437,0.0425034579190385
8437,0.0561502199713897
8437,0.0734025777108735
8415,0.0759143875899199
8415,0.1877488054465818
8437,0.0151786285253457
8417,0.1964341459156094
8417,0.0337744768059466
8437,0.6999017365873439
8437,0.0973045339240627
8417,0.7087792119414011
8417,0.0800820443168056
8437,0.0688279369129731
8327,0.1203570274303175
8437,0.1645103536841256
8327,0.7283250111506394
8335,0.2755117585770343
8335,0.5694425853403873
8437,0.67678414119932
8327,0.6328784098523023
8437,0.5773409494875066
8335,0.6866059742937436
8436,0.7151785713969255
8436,0.5345886490845605
8226,0.6379266625468077
8226,0.3317865551204024
8226,0.0922275777424254
8226,0.3623903487287493
8226,0.1910060687480083
8225,0.6487849802021184
8225,0.3970340434079268
8225,0.0854752634519238
8226,0.0707273825276053
8226,0.4161533751100473
8226,0.6451124021980558
8125,0.3185515347286977
8125,0.1921999897482054
8125,0.6098138006405988
8317,0.0764101788130165
8317,0.7433102965402913
8317,0.5636445916576021
8317,0.3295095059184575
8116,0.0394157115352885
8116,0.5302722156665836
8116,0.6727337868770229
8415,-0.0008997330752524
8415,0.7120759536572054
8415,0.3074192581113401
8136,-0.013150843052506
8117,0.3515907386019358
8136,0.1932074225418617
8117,0.4216595854747351
8117,0.0592385418698544
8117,-0.0006842679900265
8136,0.2846659083602584
8136,0.2812547546391485
8326,0.1591170253342065
8337,0.330191802657895
8326,0.7271304064833458
8326,0.2454161896198241
8315,0.1330804898517384
8315,0.7618269904774837
8337,0.7346064623500168
8437,0.0112391520962837
8436,0.4749976353301075
8426,0.1239495509317406
8437,0.7036720052223984
8437,0.2274946954539371
8425,0.0102695874311411
8425,0.2445452010636358
8426,0.3198072313229594
8426,0.0545559799754767
8119,0.1546907097713569
8125,0.0955127174025162
8125,0.0156195817432775
8125,0.6295216478488384
8119,0.1502816499278494
8119,0.736106376217296
8215,0.6292214645844998
8215,0.6501524463002655
8215,0.5145315570328135
8125,0.591423881883735
8125,0.5022660574241863
8125,0.5589415120490964
8126,0.5291364093532213
8126,0.6049241887127461
8126,0.5771259977201495
8216,0.0332945937160003
8216,0.8282736871215264
8216,0.0598982682623277
8115,0.6953311102778577
8416,0.705411788851027
8415,0.7636460495224863
8415,0.1361638107658359
8416,0.0797581765507497
8417,0.2240980578015881
8115,0.6464076379481288
8115,0.2863625525287748
8116,0.6787701284639954
8116,0.0010998150176047
8116,0.1260381884377905
8115,0.0157020182552772
8116,0.3371882523527344
8115,0.1283901705059013
8128,0.046905795998814
8128,0.068834527489287
8128,0.5946244104438948
8127,0.6944707071559637
8135,0.7409487690096529
8136,0.7063011303206052
8136,0.2200287002723739
8135,0.6222092129668385
8425,0.0455198307927098
8117,0.6691505171504506
8117,0.2051091553522869
8135,0.1181815476563859
8117,0.6974383809574983
8425,0.6309513841992835
8425,0.5789160638292331
8135,0.6779993795857913
8317,0.6025438602954313
8325,0.6955077174245021
8316,0.4367664327148857
8315,0.7350912782547607
8315,0.2898360352230544
8315,0.7217236226575241
8315,0.6784867848400382
8316,0.6801683041747216
8315,0.273128922501954
8316,0.4850189000740095
8337,0.6617445211244841
8337,0.5233472367152546
8315,0.7552738027358981
8315,0.6727436144423502
8337,0.7346538723097262
8315,0.6226220629605942
8327,0.3308306763584456
8437,0.3484326127912183
8335,0.0230356444167689
8335,0.1053078861220421
8335,-0.0087657671368931
8335,0.0464623752276663
8335,0.0225392319755946
8335,0.6970477813540675
8337,0.0541880555013563
8337,0.1249855776223923
8337,0.12103470609152
8425,0.6948089167556081
8426,0.6782253989383124
8225,0.3471297847949589
8225,0.0314850535544522
8225,0.171199182640897
8225,0.1893814501202165
8119,0.7262400674585447
8119,0.3183202576549708
8126,0.6054846330597394
8126,0.209615412117552
8119,0.1961807246044147
8126,0.3250295749690337
8216,0.7171487668427242
8216,0.2956815616379173
8125,0.3287453252883387
8125,0.1330080221157376
8125,0.2241857274028786
8125,-0.0094627754339428
8416,0.6643226878102149
8115,0.6422390207225305
8115,0.5376876421753274
8115,0.0142914120925774
8416,0.2508415183897234
8416,0.0033519021729398
8128,0.5239274578488566
8136,0.1080883947288704
8135,0.0045332777352794
8135,0.1384469405049002
8135,0.3353081685494025
8135,0.3584411575427189
8425,0.0575997163278936
8425,0.3535957407862495
8325,0.4530189304830674
8325,-0.0122538869739054
8325,0.5641979761359558
8325,0.3112568054469431
8417,0.2550691006806186
8437,0.0846209347173689
8327,0.3161950985753335
8417,0.1864282883489918
8327,0.649678938459904
8417,0.3729220301565293
8327,0.0055105789623303
8327,0.2229936185246549
8437,0.4362854974218108
8417,-0.0067527180301409
8437,0.1247173718410016
8437,0.5452415693945419
8335,0.1494429153056184
8335,-0.0287469450675192
8335,0.044661709778772
8335,0.0050653234354439
8335,0.0389673311342404
8335,0.7066535647502034
8215,0.6498609299213057
8215,0.6274916896847331
8226,0.6038210634972226
8226,0.6125610247614801
8225,0.3985504353057074
8128,0.265096154470938
8226,0.5573739417637792
8226,0.0107197466278092
8226,0.3491146036851238
8215,0.4330760066120662
8128,0.6153816923272161
8225,0.6902539654190483
8226,0.6875302778783314
8226,0.6687401977430456
8119,0.3993655467709472
8127,0.060716423791479
8127,0.1861463611925737
8119,0.0363420154350389
8119,0.0139553535646764
8127,0.0163934571647334
8215,0.134760460003996
8226,0.0274649354613018
8215,0.0900816142890141
8215,0.633962767866838
8125,0.6491056235380966
8215,0.6342643081311337
8128,0.2656477491199424
8128,0.0309529576673097
8128,0.0070529300763998
8226,0.105190767918065
8226,0.6871831826496769
8226,0.2514126700296367
8226,-0.0088310576975957
8128,0.5615042543368046
8128,0.4833080943936901
8128,0.543851112848958
8119,0.3065798915763635
8119,0.7157379511823513
8119,0.6940218628921787
8127,0.6367198758482574
8127,0.302741977809587
8127,0.5963738689762889
8216,0.0095821762092343
8216,0.036403492927046
8216,0.5132629683717866
8317,0.2653593023726396
8317,0.1119618545622667
8317,0.819557443079167
8216,0.6121959552215374
8215,0.5890201189024217
8215,0.0344456146838325
8216,0.4976050291817619
8216,0.0334820015665793
8215,0.6151335998119949
8236,0.6551882304070071
8236,0.4686350261087174
8236,0.6423821597553152
8136,0.0344170738206706
8136,0.0984699949685807
8136,0.0695758255006931
8115,0.4146210288296904
8118,0.0358904629266439
8118,0.6095308390245373
8118,0.1164759413473542
8117,0.0440499374151655
8425,0.3566757015017099
8116,0.0975708645428915
8118,0.562002909598807
8118,0.3429009394816949
8118,0.541620451959074
8416,0.1385139675702745
8415,0.1457958570489144
8415,0.1162647589288887
8416,0.6860719468180538
8415,0.6700577087049687
8416,-0.003996978275276
8416,0.1242074277956666
8415,0.2390775420910543
8237,0.7683243039274201
8237,0.3024507141028635
8216,0.1038093629996491
8237,0.0775976702684907
8116,0.6542106138438154
8116,0.2696371449126219
8116,0.6725133092602403
8136,0.6403773888185892
8136,0.2550291303613837
8136,0.6805374095174986
8115,0.3226389560429329
8115,0.6235010808102617
8235,0.3465215847884775
8115,0.6360209286453711
8235,0.7352708952237831
8235,0.7225198677868606
8126,0.0303276762919485
8128,0.3544733234274264
8128,0.5206868212491494
8128,0.0961234348272662
8235,0.7615695382687527
8216,0.510573459889027
8236,0.7022137286936906
8226,0.6497570709785265
8226,0.0229078938821343
8236,0.6910310156034482
8236,0.1100054106530534
8236,0.1834017142625565
8126,0.6586818597073735
8237,0.7416965607252858
8235,0.4022776803650893
8135,0.0176442166088081
8135,0.6506859657531362
8317,0.0083419377766319
8325,0.3643009708168992
8325,-0.006804566621063
8237,0.4989197999242255
8317,0.1741473315347928
8237,0.1897416546600231
8325,0.1390040562211332
8325,0.6759170098445049
8317,0.7122632735509045
8136,0.446111220604339
8426,0.2509536819530701
8135,0.4847784112409924
8335,0.0279025570738697
8335,0.0405015064848328
8335,0.0188233525619063
8335,0.048592293504424
8335,0.020292456159939
8335,0.0757201476968139
8436,0.2070401743554299
8426,0.6614518503029692
8426,0.4101047597752246
8426,0.5003115172931356
8226,0.0256077235280195
8226,0.6671349489682812
8237,0.0046777575326226
8317,0.348760871433843
8325,0.0396354594089269
8118,0.2317061883335827
8118,0.2427646650637477
8215,0.0801711229209852
8236,0.0747000538178896
8236,0.6806634368349116
8118,0.5684069213454317
8215,0.6545749190371213
8236,0.3222448961613366
8215,0.3194649450159453
8415,0.0805982281454942
8117,0.0063181516861404
8128,0.3666944362936481
8128,0.5554910211087892
8128,0.1929174292010623
8135,0.660560224724523
8135,0.6079509846559836
8135,0.197580340451329
8316,0.7574360229677434
8326,0.6288935957231474
8326,0.6946121819821212
8316,0.3517636619915051
8326,0.1438456484421792
8315,0.5460530346899486
8337,0.2302806383087948
8417,0.005782074457579
8426,0.0633924039499015
8426,0.4568122291211619
8436,0.482069462045082
8436,0.2000098412252932
8436,0.1031810545113066
8436,0.2005475794823722
8216,0.3904355030133024
8127,0.4484914250094619
8127,0.49223737464134
8127,0.0580351981244601
8126,0.0749597368917145
8126,0.4962627617674762
8126,0.4614123594079403
8136,0.6658626845065978
8135,0.6606452415711901
8326,0.1357071660822135
8326,0.0371930684711378
8326,0.0809046063627507
8315,0.0794544156839738
8327,0.1345662033279838
8327,0.0861242038106759
8327,0.0425606226871745
8426,0.0634740434846864
8426,0.556717666144101
8426,0.6848932147595082
8215,0.6319978504807314
8215,0.0705145167002558
8215,0.6253518584753046
8317,0.0800556111281567
8317,0.6217740815708984
8237,0.4916712556213778
8237,0.1615801612295525
8237,0.5591393468768802
8237,-0.0104980643171009
8416,0.019133923631015
8415,0.4556318358043492
8415,-0.0029345678390535
8415,0.0947744860175848
8415,0.3429474237541805
8135,0.093672879008272
8135,0.5298565072695105
8135,0.6866891502358088
8316,0.7102104255267901
8317,-0.0126874724901651
8317,0.4412070589965963
8316,0.0308182938508575
8436,0.7420164669114702
8436,0.5249333896998926
8118,0.6227821622157318
8327,0.680859758126409
8335,0.5666136895981192
8436,0.1503011855657011
8436,0.1381163184310121
8335,0.0463537127885754
8335,-0.0168814414642681
8335,0.7037286353199047
8335,-0.0228923627796347
8216,0.4275155056115716
8236,0.6576098439008454
8236,0.6062053489109931
8236,0.072493393951192
8115,0.3020381135998452
8115,0.3265755928964733
8115,0.0121471136285824
8416,0.3911580590523834
8416,0.35706777737485
8416,0.1301319733980659
8115,-0.0166045760827648
8416,0.0019792762226084
8135,0.0226345863592826
8316,0.0117897268611303
8317,0.8320530833035024
8317,0.040233522435765
8337,0.7170049696175899
8337,0.2020722478310045
8337,0.6230248786939275
8327,0.7104848934908261
8335,0.1388574444636295
8335,0.7042409288695859
8335,0.6666480878675358
8327,0.7534377914443725
8327,0.094464152641279
8326,0.3581562024615434
8326,0.6567338486133619
8326,0.2206652459245254
8326,-0.0099064206604448
8436,0.0502415198948203
8335,0.1769395308464108
8327,0.2482464861627676
8327,-0.0027578473781793
8327,0.7165871018982164
8327,-0.0475457275297049
8136,0.7195192934147873
8136,0.0794506966229067
8335,0.0005687599320775
8335,-0.0198455995655744
8335,-0.0297507293348294
8335,-0.0118635674532225
8416,0.556632828427357
8416,0.615775399289258
8416,0.0343278470950673
8136,0.7334079947611746
8136,0.4112438512491111
8316,0.762602296632084
8316,0.6635611577650635
8437,0.694332897956938
8437,0.4720093133752942
8437,0.4949693413523455
8335,0.2190869445234196
8327,0.0174825117139685
8327,0.745883172908507
8327,0.3482927486144974
8436,0.7103267848405671
8436,0.3886335301194918
8315,0.248232864984734
8216,0.0132308475136651
8216,0.8317717118098632
8135,0.2846148288837806
8135,0.7007497326817546
8135,0.2070570841194599
8315,0.2793188636895785
8315,0.5270821032988593
8335,0.0359323039159957
8335,0.0542313121895019
8335,0.0955863743504876
8335,-0.0016768285304603
8335,-0.073931921879837
8335,0.0412210574431362
8335,0.1100549765977148
8335,0.1876249953787415
8335,0.0414450526188459
8335,-0.0326083218102464
8226,0.047799041440558
8226,0.2886392840202415
8215,0.3013017384375408
8125,0.2536613714578657
8226,0.2303626759366322
8226,-0.0088100906563777
8225,0.082589505994496
8226,0.0193104924135169
8225,0.0412086264616358
8225,0.0168967276495222
8226,0.6367065341551393
8225,0.473205284789707
8225,-0.0009787867359879
8226,0.0588360009394686
8225,0.0599294792168613
8226,0.0098219067175779
8125,0.0490847143517306
8125,0.0202267860431194
8125,0.1206792420609255
8226,0.2869956408344866
8225,0.1886752463033518
8127,0.4127427888800302
8126,0.1041412149211237
8126,0.5959059580625911
8119,0.5971347572889136
8125,0.4070829592368414
8127,0.6084954906479475
8126,-0.0092225295997369
8119,0.6038671991823167
8125,0.0901866318016994
8125,-0.0047307408194589
8127,0.0095841900742049
8119,0.4092979255336694
8216,0.2956210100295047
8216,0.3075286594828764
8317,0.3251551172350871
8317,0.3463461144142241
8325,0.1260265905257149
8237,0.1014717005056248
8237,0.6884219558670234
8325,0.692041853826166
8237,0.7422237196190358
8317,0.8494453533075231
8325,0.6661196163449551
8115,0.0225382934173019
8417,0.0466000978435723
8416,0.0238995441905786
8235,0.0187699047405811
8325,0.1141408728529483
8237,0.0413534825352086
8235,0.328758601497098
8235,0.0520634469841581
8115,0.1024659381784985
8115,0.2498795606437518
8236,0.2300136001566321
8235,0.3053099023357268
8115,0.6351123893321275
8236,0.7038471268785623
8115,-0.0021442703071441
8236,0.142231851798189
8235,0.7860816122036673
8236,0.0248795237180727
8136,0.5661624139117261
8117,0.2063535982047621
8136,0.4230392634849547
8117,0.6265969494849024
8116,0.5973456601540932
8117,0.304222390129059
8116,0.5321552943024507
8116,0.6067881432717386
8136,0.3379804672796976
8235,0.6265995660459635
8235,0.1171153402376372
8115,0.5677600015868869
8416,0.6112303514946176
8417,0.6566491818899797
8417,0.6080831722872669
8416,0.4264078086169799
8416,0.6200243993730465
8235,0.4844108557025055
8417,0.5163412140840565
8115,0.3333618273771419
8115,0.1348670963455768
8117,0.2750196329406847
8117,0.5944766688584623
8116,0.2030011016960949
8116,0.6501008943281944
8415,0.0352282325122303
8116,0.1582424959604738
8415,0.475456565474758
8425,0.4408068907731923
8117,0.104821245461007
8425,0.1681111028085389
8425,0.1480550396567345
8116,-0.0084856412690374
8117,-0.0073116477872001
8425,-0.0094531440176303
8415,0.6289924678567026
8415,0.0082727730906581
8128,0.1348518659527396
8128,0.1701222471114527
8225,0.207947478425407
8225,0.146459693122242
8128,0.1830762499571006
8225,0.1046144801469626
8125,0.1088139615542186
8125,0.2105037791356497
8215,0.1100829607220886
8226,0.1848563636337565
8226,0.032030839936419
8125,0.1066849828398629
8215,0.1888507536231697
8226,0.1117768128125501
8215,0.1304992555476846
8126,0.0922343913241013
8126,0.1540411187634932
8126,0.2423223590997
8127,0.2768731877550601
8119,0.2105561336415171
8127,0.1051724601461202
8127,0.2473537718952772
8119,0.1729909904507305
8119,0.1321674576085862
8125,0.2567557677845993
8125,0.0073164574784201
8215,0.0303938018791769
8226,0.0204179567943413
8226,0.0315240874496901
8215,0.1012469548105238
8226,0.0643138365669964
8125,0.0128951442919875
8215,0.0168635629191843
8125,0.0286363027925738
8119,0.5929688567224294
8119,0.0662597038085911
8119,0.6860816450256555
8125,0.5605292035542804
8127,0.010541301726965
8126,0.0464143858124297
8127,0.3417995018231942
8125,0.2713859326683744
8127,0.6234790524610775
8126,0.5790364386431727
8126,0.0527456548112052
8317,0.556690012969671
8216,0.6533831876184863
8216,0.0166086444700406
8237,0.0762904763212071
8235,0.0804694409412933
8216,0.0607516657181973
8216,0.1616339786090257
8235,0.1665977897432785
8237,0.2149108873408571
8235,0.2439512385380571
8237,0.0688332798758102
8317,0.0101139456945653
8317,0.0335315316871574
8236,0.20034480192345
8236,0.0667039923965671
8115,0.23108264243025
8236,0.2690000054211987
8116,0.5247589531205812
8118,0.0458261065016369
8115,0.2189065839282162
8235,0.1822094661627264
8115,0.023622570768991
8118,0.4833707839371272
8235,0.6805375582313659
8118,0.0267795094531529
8235,0.0501394954976061
8116,0.2050125158558654
8116,0.1517938611314884
8116,0.4542522694487131
8119,0.0825669537367526
8119,0.0023586819710971
8116,0.086777254946514
8117,0.1651769299803308
8136,0.4080763407568892
8136,0.0522510155566554
8136,0.0631195269599164
8117,0.5838840171143973
8119,0.201275877261903
8116,0.1032609809535901
8117,0.1907627586855369
8115,0.1013623302426284
8115,0.2545482123419719
8416,0.2379956648213517
8115,0.1781828861722305
8416,0.1168493076938555
8416,0.1237532108826429
8117,0.0034345125199522
8117,0.3948734295244163
8415,0.4078604093917053
8116,0.0114778619224766
8415,0.2343833798247258
8117,0.5275686757059986
8116,0.5714386690632359
8415,0.0985833633808993
8425,0.0484780481158193
8116,0.6120736873228212
8425,0.4165985079922445
8425,0.2382682504623038
8235,0.7073753955356847
8116,0.5520067999199324
8115,0.2639617673114274
8118,0.0910867039132669
8236,0.6221481550119368
8115,0.5892958726407388
8236,0.0920262065273372
8235,0.7900370866399211
8116,0.5120474297166351
8118,0.27811794520638
8116,0.1105745989905022
8236,0.3639868171974452
8115,0.5071417497242935
8118,0.5301329469063862
8235,0.2259259651347607
8417,-0.0048308646908145
8416,0.0339267153620634
8417,0.0652032898744171
8235,0.0023505372741213
8325,0.0070045607351305
8416,0.3249878326847508
8115,0.0039276943805804
8235,0.0029379803836874
8237,0.0047663084322061
8237,0.1472129724966357
8417,0.0157461272280302
8237,0.018285123344056
8325,0.0598620222548472
8115,0.414196102164402
8325,0.0074482942019765
8416,0.0215253161389481
8115,0.0076996845632481
8235,0.6354844247939697
8415,0.3283819041967635
8416,0.5783856120786487
8415,0.0624717367765351
8416,0.2127279804853319
8415,0.3353495114304111
8416,0.5962878578023115
8126,0.0694385129659301
8128,0.0065301776109464
8128,0.0881007842125107
8127,0.0272674829448442
8126,0.0077515382004731
8126,0.0392943727958831
8127,0.1026927185107177
8128,0.0934765236046195
8127,0.0106516366525325
8135,0.0428167054082893
8425,0.0460406194727657
8117,0.0279296577230716
8225,0.1447465905430675
8128,0.117618946206975
8125,0.3789000619069023
8125,0.5956994080135971
8126,0.616747138487049
8126,0.0304283860370306
8126,0.4098962883151202
8125,0.0943786174474391
8226,0.1169023469935438
8215,0.1230577579565301
8215,-0.0084960316015693
8215,0.0676112630157311
8226,0.3903354524603597
8135,0.1244703754888969
8117,0.0287687070965568
8135,0.0468552068129461
8135,0.0114367220329675
8117,0.0380775703590753
8425,0.1186892413987459
8425,0.0456497204687568
8117,0.3686773209489137
8425,0.0425031994812219
8135,0.0371636221993549
8135,0.1457200765288088
8126,-0.0060962777963847
8128,0.1262405272650588
8126,0.0057739274521843
8126,0.5522706297898707
8125,0.5356599372228551
8126,0.1608374919039369
8128,0.0166764186443776
8125,0.0221221313658084
8125,-0.000536864489268
8128,0.2739620502816991
8125,0.0531674441646805
8128,0.0074289088904149
8128,-0.0305368464567529
8128,0.0013725285848128
8128,0.009143065072937
8128,0.2968241671559808
8128,0.0106841087282961
8128,0.0158078199657861
8127,0.0762666616099633
8127,0.0014816744455345
8127,0.0292534796768259
8237,0.0798046970757637
8237,0.0209220840275556
8216,0.0096960045917016
8216,0.0332849796078317
8235,0.0901051463875889
8235,0.1405166008577833
8235,0.082995855383456
8216,0.3542714891235202
8237,0.0749397083941478
8425,0.0625142131838476
8425,0.0018465333396527
8425,0.2437447381455479
8135,0.0039664904958514
8135,0.0401480004003025
8135,0.0964130039612317
8117,0.0845046534949808
8117,0.2183751262005168
8117,0.4675319883326725
8136,0.5252694161352731
8136,0.0018341914797965
8136,0.610937978288023
8118,0.5237644412352283
8236,0.0992980475094157
8118,0.0886813804559304
8215,0.5114909398981157
8215,0.2612766100838402
8236,0.2831792395130434
8118,0.4768597148584664
8215,0.0721281540719098
8236,0.6006303242292529
8237,0.1151459399188654
8325,0.7323283418349817
8317,-0.016486274088519
8325,0.2823628384479052
8317,0.7386199610924893
8237,0.7653515893605617
8237,0.0043838582398966
8317,0.1490123192511433
8317,0.6031221845119383
8237,0.4155774374926959
8325,-0.0049011644274307
8325,0.0655384539202817
8118,0.0120360744459746
8118,0.3668577661846095
8118,0.4381309432498582
8415,0.5530768862476899
8415,0.3212434102447525
8415,0.3661863813859041
8215,0.0039741966319707
8215,0.1090363311291711
8226,0.0745757238717217
8226,0.0226680238533539
8226,0.0023636675133102
8117,0.5589690181272378
8117,0.0424654491520061
8117,0.5247635802608982
8425,0.1809574252023458
8425,0.1888600794973501
8425,0.1612436881174625
8326,0.0747404490593487
8326,0.7329259227544838
8326,0.1789226184228903
8326,0.2287279114082847
8316,0.7393414789369669
8316,0.1612319450485947
8315,0.4503110190925104
8315,0.3221245193532656
8337,0.1542261681231438
8326,0.2441257893316954
8337,0.4021375729654395
8326,0.3959534585459596
8315,0.605513199156043
8337,0.1685029284035256
8326,0.6860420225723531
8437,0.0635119363410404
8335,0.0749792880960687
8327,0.1547111161500695
8417,0.0126210922912295
8327,0.0994138015308542
8327,0.7028226214564474
8417,0.2662975299001021
8327,0.2909463834545903
8417,0.0302805376726602
8327,0.0009392260227962
8417,0.7123207088460252
8226,0.0064784538887231
8225,0.0081894897325931
8225,0.0132781302770829
8226,0.0020409739601216
8225,-0.0054319092917398
8226,0.6178614884994347
8125,0.5933053295876374
8215,0.0383529955413145
8215,0.6042657384959076
8226,0.0267562852955575
8226,0.0248770616071739
8215,0.0236377545275765
8125,0.2252047570478212
8125,0.030613032753329
8226,0.0021352780656873
8226,0.0097605574491305
8226,-0.0196466524528746
8128,0.4737522180462728
8225,0.5978217697953373
8225,0.2037195009777439
8128,0.1091025521544465
8128,0.0092982626083619
8225,0.0239638909649124
8125,0.0357853592878418
8215,0.0927159239597367
8125,0.0064214338654109
8215,0.0321769196883907
8125,-0.0123685702946424
8215,0.043240961872361
8215,0.0201442247831536
8216,0.3220908278528421
8317,0.3450462036867949
8317,0.0856701691735364
8317,0.0287796431173274
8215,-0.0010925802152183
8215,0.4040766287449445
8216,0.1641897915398398
8216,0.0954181654409563
8215,0.0490425614482903
8215,0.3611827365718242
8215,0.0028439086477281
8216,0.0151184386394699
8317,0.0094879661856396
8226,0.1498002271391645
8226,0.5523317469863414
8119,0.1032771646733702
8127,0.5829224764037847
8119,0.6464830693127681
8127,0.0279266082234365
8127,0.578853504122984
8119,0.6425981385931888
8317,0.0210909155974557
8119,0.0235476552542924
8119,0.5659614390293496
8119,0.0419658806073848
8416,0.6087940347645721
8115,0.0790969044259974
8235,0.0815869893928236
8416,0.0599358804107671
8115,0.6123131561005247
8235,0.758752497439891
8416,0.5898581071928907
8115,0.5782689748737921
8235,0.7635962958884105
8317,0.0781202266017641
8426,-0.0020832810892495
8426,0.4703062905356832
8436,0.0457112314343617
8437,0.4043187643756766
8437,-0.0063573570135459
8437,0.2503381288735722
8437,0.4168177349640254
8436,0.1675620195732609
8426,0.1169962553015603
8426,0.1738601760103175
8436,0.2402068745445613
8436,0.6293539035396365
8335,0.0807773070334285
8436,0.0844055673199473
8437,0.044673686604837
8335,0.0544331035167921
8335,0.0060741320644223
8437,0.3123669963254782
8436,0.0834671028045045
8436,0.5436287554684127
8437,0.1216233765530969
8236,0.4323024296357089
8236,0.0084522668500347
8236,0.0120521887385705
8225,0.4038385900546828
8225,-0.0126159879036611
8225,0.2054733960698512
8128,0.1863677393671566
8128,0.0137168825537516
8128,-0.0108755359774277
8416,0.4215924880905566
8416,0.2568714806441306
8235,0.0185928878368104
8237,0.0139042652761605
8115,0.2270938285139773
8237,0.0253419357677181
8235,0.0507142271993039
8115,0.2741867522671917
8416,0.1094210969225544
8237,0.0983493114013364
8235,0.135766345393408
8115,0.0415845501881785
8216,0.7037067820254366
8216,0.1008920524952442
8236,0.1254114498587901
8215,0.0372069907013481
8215,0.6334073882793125
8215,0.0189619724782958
8215,0.2532557277383233
8316,0.490295062038432
8315,0.5266748515712149
8127,0.490331341014067
8127,0.0023569647519808
8127,0.0056391601018455
8127,0.1085245746790164
8115,0.0568129844956137
8235,0.528917762709002
8115,0.2277282490926145
8115,0.2471167124999419
8235,0.0438295007377228
8235,0.1483506194576609
8135,0.5624853671523938
8136,0.4356071333692405
8136,0.4844820090970644
8135,0.1051208695549025
8326,0.3938885501130959
8315,0.6827755753857265
8326,0.0318914134787411
8316,0.01860748344251
8315,0.0160600373005008
8326,0.1033602700068327
8316,0.1710297040389497
8315,0.1930164481877272
8415,0.0836542482589738
8425,0.326460526012663
8425,0.0250655919661765
8425,0.1357342597489627
8225,0.6160134367695179
8225,0.1300186749727854
8128,0.5485341412176552
8128,0.1418803227692143
8225,0.0246075077908363
8128,0.0194742524927447
8116,0.0717704781569343
8116,0.5368497068344524
8416,0.1078459119181342
8415,0.1963019201870265
8415,0.07638069166191
8416,0.1321547030718131
8416,0.3304861144379692
8115,0.4854042244865584
8415,0.0413651168825277
8116,0.1046702501348519
8115,0.0551535614570712
8115,0.290885523959099
8127,0.3564388060921318
8127,0.0144173126719492
8127,0.1566184223957933
8136,0.0929777198980517
8118,0.0985867047453988
8118,0.1040737552752088
8119,0.0808978531709085
8119,0.0821935953221014
8118,0.0687645881532373
8136,0.074552125062254
8119,0.1039213402173837
8136,0.0197956600547011
8337,0.0198873673931279
8337,0.0800846537134907
8337,0.2318700748611492
8317,0.278471757850111
8316,0.137331848375558
8317,0.0858578418284276
8316,0.3243144301347613
8326,0.0124749006829012
8315,0.0110625353401852
8315,0.0211854361767624
8326,0.0378324466231468
8315,0.0160363967005045
8326,0.0084851993858836
8315,0.3250352303908886
8315,0.3263936979371035
8326,0.3753339024601918
8315,0.1171561007105747
8326,0.3694117060079616
8337,0.4728351275019302
8326,0.0054376478881721
8337,0.2069837044446882
8337,0.0768012069659048
8415,0.1389265017816454
8417,0.0079680008731114
8426,0.0830918926574771
8426,0.2230412284038822
8417,0.5472641758460941
8426,0.023615812584369
8437,0.0086252112177775
8415,0.3566225385458877
8415,0.0195071137987727
8437,0.1271151028114416
8437,0.0298743870970452
8417,0.1561126170233238
8125,0.1953261623254545
8125,-0.0070684128248141
8125,0.0065755248290548
8119,0.02668380513154
8119,0.657629704860129
8126,0.1499583458677952
8126,0.0150080248660817
8119,0.6329292334202201
8126,0.5324555992929244
8335,0.0375537322491014
8327,0.0102234094646466
8335,0.0213191057365127
8327,0.3574181897553228
8335,0.0479691524738945
8327,0.0504594095965881
8216,0.0623399082390739
8126,0.055105368961196
8126,-0.0217957207179557
8126,0.0089940641549349
8226,0.0325380298530719
8215,0.0276824582770055
8125,0.0201422126228186
8215,0.0372689345330671
8125,-0.0050117893714159
8215,0.0177349669737422
8125,0.0341963055683613
8425,0.1262309067322277
8425,0.0466266513595074
8135,0.1077297835380081
8425,0.0749062141136225
8135,0.2158255581674013
8135,0.0670672268218236
8117,0.0264597262194002
8425,0.3367519715739484
8425,0.0938436759596094
8117,0.0329361834501179
8117,0.0418154359431603
8425,0.0722507144722625
8135,0.0194998114277902
8135,0.0765807253171053
8135,0.0739533439448451
8335,0.0438643154055842
8335,0.0101672594525035
8335,0.0116522058290586
8417,0.33214874667359
8437,0.165315899742655
8437,0.1301437322201473
8417,0.0831533732085135
8437,0.6260284277494857
8417,0.2825771253090459
8237,0.7535312638017797
8225,0.0142939479658054
8225,0.1886592790870934
8225,0.0158077508717974
8216,0.0303450817965637
8216,0.0127858495081079
8237,0.7861136502651196
8216,-0.0100376839354378
8237,0.1638675037534102
8216,0.9098989964358758
8237,0.1354150052272029
8325,0.4592774069111857
8237,0.6722420978357414
8317,0.5881327064082026
8237,0.5929580328578079
8325,0.5021121427113113
8325,0.033252514011858
8426,0.046972258445332
8436,0.4666960282094233
8436,0.7235462463643156
8436,0.0228504317493656
8426,0.6254486513357825
8426,0.2444953320741855
8335,0.0731724588908449
8335,0.0324355003296043
8335,0.0137371226960329
8335,0.6379993941870005
8335,0.0663173993413957
8335,-0.026063594687309
8337,0.1512680379784434
8337,0.1979481396292073
8337,0.1339509602040301
8337,0.0438350552250733
8337,0.0676966117671068
8337,0.2945428842777064
8136,0.0373489084554363
8118,0.041692611575032
8118,0.5632789823612162
8118,0.3963618371537779
8136,0.4861624622426311
8136,0.3579803389246257
8415,0.2378814116369671
8116,0.2018186765597019
8116,0.1955773329676881
8415,0.1199220842512105
8116,0.1559793644442006
8415,0.217593493701297
8317,0.0734542526174869
8325,0.0596399443849201
8317,0.1367595032768895
8325,0.0003749351840807
8317,-0.0217409778050377
8325,0.0819982437077499
8326,0.0855247457095517
8325,0.2329140441921699
8326,0.2344312497943299
8325,0.5819353844541156
8326,0.2858411764507079
8317,0.4969855375638242
8316,0.081592531024574
8317,0.2631469202785527
8325,0.0788605390260559
8315,0.0810741982489906
8337,0.0496612560272753
8337,0.6602799215360522
8337,0.0607707449256547
8337,0.1146197947184043
8326,0.1184762769274189
8337,0.4341313219092381
8326,0.0452913392942567
8326,0.0913396358167416
8337,0.1682482061310681
8118,0.0021396103431708
8116,0.0146783567489714
8118,0.2567158267142
8119,0.2735619154442219
8119,-0.0170897231903549
8118,0.0074771246253665
8119,0.0212060213348673
8116,0.0162166729013116
8116,0.3517244181680022
8236,0.0409212034596275
8236,0.2326254371041156
8236,0.0453190717903187
8426,0.0355866022897277
8416,0.3259185321244616
8416,0.0539797642415072
8116,0.0989804256914608
8416,0.2338456719223935
8415,0.5222626707099387
8116,0.3013723304497032
8116,0.3255909917468622
8415,0.0374728612640518
8415,0.1444814630996964
8327,0.1685276007388026
8327,0.0877118332005196
8417,0.0549651767968473
8417,0.04946430673395
8417,0.0050676737069498
8327,0.0255575721083811
8426,0.1645144397890252
8426,0.1216276855282566
8426,0.0174102594422856
8426,0.233875321884107
8437,0.182466184016164
8426,0.0938816025280212
8436,0.5938193736568329
8436,0.1218922961387432
8426,0.2235775452076293
8437,0.1165665918299784
8436,0.3939030217137914
8437,0.1095578039576154
8127,0.0442794418201307
8119,0.059376034627356
8126,0.2456783341305189
8416,0.1424556204986869
8416,0.2362900674794202
8416,0.6618079639021301
8416,-0.007847220730254
8226,0.0017668477276849
8226,0.2367523610496633
8215,0.5663214476309995
8226,0.6118963093311176
8317,0.3475999153989419
8136,0.0273874765800473
8326,0.3631340862022545
8326,0.105055539484197
8315,0.6307302591578398
8326,0.7516985184394124
8315,0.0862371969208177
8315,0.6657747925504135
8315,0.3669814279846127
8315,-0.0059846799540159
8337,0.6508234062497832
8337,0.0291661148414837
8337,0.244620280666938
8315,0.0188268162240333
8326,0.0138150925742047
8326,0.4627658798408
8315,0.1043952505094051
8325,0.1495208599535824
8315,0.5849857922382398
8325,0.1327470562821877
8325,0.0211939737572109
8326,0.2479349128180688
8327,0.1605562390946233
8326,0.3933884300954769
8326,0.471328368282274
8325,-0.0055742039102474
8325,0.5833041181134073
8327,0.0257691743214345
8326,0.0002818257879693
8325,0.3499123126814495
8417,0.0999746304513334
8417,0.559999423532972
8327,0.2437234489084828
8417,0.0533855637468018
8136,0.6489099734912609
8119,0.5925820582987223
8136,0.0135435725643005
8119,0.1923796910622932
8119,0.0267063739543553
8136,0.0330286629817296
8136,0.0999258061335911
8119,0.0100973030700433
8115,0.0422112322921064
8236,0.2040448490868745
8236,0.0234765189409828
8236,0.0380655588638403
8235,0.0208785391928533
8235,0.0407337396882223
8115,0.0324613979504427
8235,0.5865728145587262
8115,0.2413123648853142
8237,0.0681715441767212
8237,0.4852202719165744
8237,0.0020506082632284
8216,0.816122997471151
8127,0.0145450377942272
8127,0.4723710761278917
8127,-0.0033737794662338
8426,0.436708467428167
8437,0.1830983981394796
8417,0.2478976685081812
8426,0.0914891373395404
8417,0.0594791691401061
8437,0.2388259431367022
8437,0.0708259327334849
8417,0.1947253754652704
8426,0.326321328702149
8225,0.0676335694879371
8225,0.0286454586978873
8225,0.6026073253084059
8136,-0.0018031825497517
8135,0.0075225516680346
8117,0.0024132478890815
8117,0.0086168683547826
8135,-0.000337458689019
8136,0.006653586234081
8135,0.616299443575165
8117,0.4091065260554806
8136,0.5304566575527899
8317,0.1491706277596974
8225,0.0205781466493006
8225,0.0060176051484023
8225,-0.021951417882544
8135,0.2958096757704295
8326,0.1530518723905618
8226,-0.0084388750934598
8426,0.0499450926865313
8426,0.3406408879672594
8426,0.1012046431055549
8426,0.188096026182368
8315,0.1738571215538082
8315,0.2738748672898876
8315,0.0902821786965681
8437,0.0590046013539807
8436,0.017765135134703
8426,0.0142627684339643
8437,0.1558529206714637
8426,0.0022778141648323
8436,0.4978971008762805
8426,0.2997952753983801
8437,0.0089028053351761
8436,0.0140254893526388
8327,0.0925504710568228
8327,0.3238517737182184
8327,0.6646964369803104
8118,0.1574399037091739
8116,0.0514218084237988
8335,0.440903487180427
8335,0.4519722231891648
8335,0.0851745735075553
8317,0.9758214606921431
8317,0.0436700960330812
8325,0.2499396732400245
8325,0.7499899912893739
8325,0.6151655712175812
8216,0.6607965722584904
8415,0.0897700443800593
8415,0.0265373915613989
8415,0.4462941285088205
8436,0.0236921379137157
8437,0.0323305900915058
8335,0.014331771883069
8436,0.0409597655693552
8335,0.0204786528212999
8437,0.0013394669657389
8335,0.0153773450814599
8436,0.0286686927566895
8437,0.0056760796897741
8436,0.1617748454501928
8436,0.057880698547171
8315,0.1895419536867126
8326,0.1575128906523868
8326,0.354796770959145
8315,0.0492288171644181
8325,0.1798250048663586
8326,0.0659010592507604
8325,0.0714648683025211
8315,0.2803978381582035
8325,0.2731300894267831
8236,0.3388016743648583
8236,0.6697908338651624
8236,0.0391538454464071
8436,0.4025517561682932
8316,0.0192825266684344
8316,0.0139458075693545
8316,0.0405480539030253
8216,0.5033158980987354
8216,0.017559539523463
8416,0.4645519589858482
8237,0.1089547111159807
8237,0.7089152144274449
8416,0.0649220504020657
8237,0.1050984587446335
8416,0.2951767083881325
8327,0.0636779536785589
8327,0.127687918833482
8327,0.2007819155248011
8335,0.1980350507806089
8335,0.0671128484284419
8335,0.1109793256653654
8118,0.1269655124151486
8118,0.0067074995446443
8118,0.4928341808719729
8118,0.0349104195606534
8116,0.0108018427693452
8116,0.2376754639629248
8116,0.0502425887942073
8417,0.0577716794314106
8437,0.1826289303912885
8327,0.0306421758409557
8417,0.4538119756950179
8417,0.4161709355710171
8327,0.428524046577263
8327,0.3668667986756918
8437,0.147021185720641
8437,0.4024324377368323
8118,0.1042260171141946
8118,0.0043597284651917
8118,0.055478387072926
8117,0.5884514396120364
8117,0.1675857436463367
8117,0.0963253678602669
8136,0.0623496995917991
8225,0.0020342452988735
8225,-0.0083578047558262
8225,0.0169343129369756
8126,0.0006876389876225
8126,0.0070981250836292
8126,-0.0041408480404795
8135,0.0522755966900991
8236,0.0308943877565489
8236,0.1341651444380373
8236,0.5480446796802256
8128,0.392853989886372
8128,0.0029384720007617
8128,0.0344576394597945
8135,0.0765757241192775
8135,0.0056743048431159
8128,0.1466088355994081
8128,-0.0027516922829648
8128,0.0179627294727118
8216,0.0085894046735937
8216,0.0738600094445954
8127,-0.0165649936349703
8128,-0.0134378371047876
8127,0.0534635561006829
8128,0.0213215725675671
8127,0.0528401424845762
8128,0.0768755860674211
8236,0.0785536489941917
8216,0.0386187808460512
8236,0.0218920724242415
8236,0.2251064149474715
8216,0.0053631183720882
8216,0.8245996023020812
8126,0.0049324207332352
8126,0.0182291883956098
8126,0.4266174335029399
8436,0.0597414083357652
8437,0.339971344491414
8426,0.4510866151487517
8437,0.1975257099676629
8417,0.1761353873852207
8426,0.0798210713405183
8426,0.1365660489078713
8417,0.5448530601867186
8417,0.0686984476369138
8437,0.0451641101202015
8335,0.2569460271052984
8335,0.0529448355938837
8335,0.0487441762655949
8335,0.2847305952672157
8337,0.0285889867051097
8335,0.3709797468598867
8337,0.411262533691804
8337,0.1036923491893576
8335,0.204439066340658
8335,-0.016540880928325
8337,0.3734714976896861
8216,0.0172340754080226
8236,0.2698624073052973
8236,0.1980818604959001
8236,0.1032149743992086
8316,0.1221456799085085
8316,0.2384086565975478
8216,0.0270353631216621
8315,0.3339863954115796
8315,0.7318415323142543
8327,0.25609820581945
8327,0.0579495286678822
8327,0.3491589592328239
8237,0.1363173072457375
8237,0.0360867157626789
8237,0.5435757213283465
8118,0.1671727494167106
8118,0.0864412345695117
8118,0.1816496640488204
8415,0.0279893194760243
8415,0.1041335436390994
8415,0.0062039140913738
8117,0.0610334290235815
8425,0.1199488736998571
8117,0.1642185920437637
8425,0.2237021956120713
8117,0.2169721240941557
8425,0.3146781667163301
8135,0.0117385797130817
8135,0.1923160905399786
8216,0.1396799397360134
8216,0.8217024139329495
8119,-0.0070942003783621
8119,0.0321930379489986
8118,0.1537916185472582
8118,0.098237539740474
8119,0.0686788385822209
8118,0.0117279405725372
8416,0.0139698454432436
8416,0.1438610452658956
8416,0.2181143605784911
8425,0.0813994390139199
8425,0.0127101099989568
8425,0.0079801317334449
8126,0.0345123663642885
8126,0.0078695042509039
8126,-0.0106831722165944
8135,0.014469922643861
8425,0.0695549581546556
8425,0.3036043388846057
8425,0.0232526288071417
8415,0.4608138898021537
8415,0.0568618697495665
8415,0.3457986170887865
8136,0.0280423438787088
8136,0.4771540863867872
8136,0.0651652133376798
8337,0.0140884227124878
8337,0.0159316940882579
8337,0.0098398536426067
8337,0.710319715406804
8335,0.637571633934369
8335,0.0163210309125788
8335,0.2899437910502003
8337,0.0777390418237846
8337,0.1557793885340137
8426,0.0243602817858425
8426,0.0097654274682544
8426,0.0056834159019766
8135,0.1585417793493104
8135,0.2397696335311183
8135,0.1485379790946414
8136,0.1155598240077101
8136,0.0029782481867582
8436,0.1651199165726204
8436,0.7039468661266828
8436,0.2670612746726127
8437,0.4042378622186852
8437,0.0566133452764036
8436,0.693648133265012
8437,0.2100042708863394
8127,0.0072234230665757
8127,0.0018737764382666
8127,0.0497759037054015
8316,0.3117984048793351
8316,0.3142823051479082
8325,0.3014578490114009
8325,0.0970394023697843
8325,0.0102160671251526
8317,0.822697013877274
8216,0.0789573518017714
8216,0.0475130023467816
8315,0.0491326771316278
8317,0.0704032281086982
8317,0.0492231418671603
8315,0.1414709219731131
8315,0.6832176335459862
8436,0.0255681941859736
8436,0.070149133652216
8436,0.504597039020902
8317,0.4654131910250129
8317,-7.60186120095059e-05
8335,-0.0157708530285162
8335,0.0305170385010681
8335,-0.0073658221212742
8316,0.3537592385651233
8136,0.2776856052689352
8136,0.2762552733417499
8136,0.1746736007225685
8136,0.0875401300545691
8417,0.4118046051699158
8327,0.2311281594753689
8417,0.1821255337686273
8327,0.1564305294074519
8417,0.617939513065606
8327,0.542718071467842
8316,0.4506080758424826
8335,0.5974809048830594
8335,0.1247929915599302
8335,0.0321856139151643
8426,0.0788821051796682
8436,0.1734482798876216
8436,0.0794772897362213
8426,0.1816110675121288
8135,0.0510728780919777
8135,0.4313650022158939
8315,0.1995444470337182
8315,0.075981871358886
8135,0.0901248293281383
8135,0.004053386925679
8327,0.0130318509986848
8327,0.0092077703486143
8327,0.0670204003524922
8335,0.0211223989820022
8335,-0.0141586116388683
8335,0.0048619882674778
8436,0.1478102591561685
8436,0.0614487900076535
8436,0.4896604802680118
8135,0.175040137408534
8317,0.1164534841798017
8317,0.0295375733436718
8337,0.0551271614991815
8335,-0.1329508234338852
8335,0.0118850878235333
8335,0.080206954291453
8335,-0.0387047683204022
8335,-0.0311921811816864
8335,-0.0132310233453552
8335,0.0752953210826336
8335,-0.0143984809269022
8335,-0.0176309453227608
8335,-0.0286402991578842
8335,-0.0016859384294618
8335,-0.0303421265329009
8335,0.0353115444322555
8327,0.1578423376868693
8327,0.6827817678974916
8327,0.0215862690402494
8335,0.0994564147722065
8335,-0.0095551790659597
8335,0.0338050304249694
8335,0.0423333904018195
8335,0.0049089412386372
8335,0.0165858145557482
8335,0.0184624033858059
8335,0.0708453962757798
8335,0.0537081207129701
8335,0.048767715581836
8335,0.0174997827094809
8335,0.0246843051001689
8335,0.0159168567030036
