date,feature_index,temperature-mean,precipitation-flux,solar-radiation-flux
2026-03-03T00:00:00.000Z,35,27744.333333333332,0.0,1.1973995466666667E7
2026-03-01T00:00:00.000Z,32,27771.18181818182,286.3636363636364,6176682.090909091
2026-02-28T00:00:00.000Z,30,27955.18181818182,83.0909090909091,8657251.727272727
2026-03-03T00:00:00.000Z,41,27731.222222222223,0.0,1.2483698888888888E7
2026-03-01T00:00:00.000Z,24,27813.333333333332,103.66666666666667,8987475.0
2026-03-02T00:00:00.000Z,37,27636.8,0.0,1.18005964E7
2026-02-28T00:00:00.000Z,33,28035.88888888889,131.77777777777777,5863457.444444444
2026-03-01T00:00:00.000Z,9,27871.529411764706,39.94117647058823,8933907.529411765
2026-03-02T00:00:00.000Z,32,27608.81818181818,0.0,1.2003834272727273E7
2026-02-28T00:00:00.000Z,27,28108.222222222223,34.888888888888886,7534445.222222222
2026-03-01T00:00:00.000Z,23,28020.833333333332,25.666666666666668,1.0758987333333334E7
2026-03-01T00:00:00.000Z,34,27804.14285714286,213.57142857142858,7294651.357142857
2026-03-02T00:00:00.000Z,19,27857.214285714286,0.0,1.261765942857143E7
2026-02-28T00:00:00.000Z,43,27987.153846153848,77.3076923076923,1.0104908384615384E7
2026-02-28T00:00:00.000Z,13,28165.5,2.5,8859097.0
2026-03-03T00:00:00.000Z,32,27736.545454545456,0.0,1.3194553272727273E7
2026-03-01T00:00:00.000Z,30,27733.090909090908,203.9090909090909,7803298.2727272725
2026-03-03T00:00:00.000Z,43,27654.615384615383,0.0,1.2304515307692308E7
2026-03-02T00:00:00.000Z,1,27766.25,0.0,1.2302131E7
2026-03-01T00:00:00.000Z,17,27983.0,2.0,1.133262E7
2026-03-03T00:00:00.000Z,0,27898.333333333332,0.0,1.2281646333333334E7
2026-02-28T00:00:00.000Z,21,28240.0,1.0,9033458.0
2026-03-03T00:00:00.000Z,31,27689.88888888889,0.0,1.3099808444444444E7
2026-03-02T00:00:00.000Z,28,27900.0,0.0,1.2579456869565217E7
2026-03-01T00:00:00.000Z,38,27784.0,151.0,6740886.0
2026-03-03T00:00:00.000Z,20,27961.5,0.0,1.1778649375E7
2026-03-01T00:00:00.000Z,25,28006.333333333332,61.333333333333336,1.0219628666666666E7
2026-03-03T00:00:00.000Z,3,27815.25,0.0,1.1881139E7
2026-03-03T00:00:00.000Z,26,27901.9375,0.0,1.34684869375E7
2026-03-03T00:00:00.000Z,13,28000.0,0.0,1.2152452E7
2026-02-28T00:00:00.000Z,34,27959.214285714286,137.21428571428572,7003817.357142857
2026-03-03T00:00:00.000Z,30,27786.545454545456,0.0,1.3439339909090908E7
2026-03-01T00:00:00.000Z,20,28000.1875,2.5,1.1231402625E7
2026-02-28T00:00:00.000Z,7,28186.176470588234,0.0,9169373.05882353
2026-03-02T00:00:00.000Z,0,27814.333333333332,0.0,1.2384743E7
2026-03-03T00:00:00.000Z,38,27723.0,0.0,1.1073822E7
2026-02-28T00:00:00.000Z,41,27987.666666666668,56.55555555555556,1.0004602222222222E7
2026-03-03T00:00:00.000Z,15,28052.85714285714,0.0,1.195598492857143E7
2026-03-03T00:00:00.000Z,28,27978.0,0.0,1.2746589956521738E7
2026-03-02T00:00:00.000Z,30,27690.0,0.0,1.2199703272727273E7
2026-02-28T00:00:00.000Z,31,27976.333333333332,90.11111111111111,9479401.666666666
2026-03-01T00:00:00.000Z,10,27892.0,10.0,1.0203656375E7
2026-03-02T00:00:00.000Z,20,27926.1875,0.0,1.2569916625E7
2026-03-01T00:00:00.000Z,12,27851.842105263157,77.73684210526316,8109461.52631579
2026-03-01T00:00:00.000Z,11,27789.285714285714,114.57142857142857,7452057.285714285
2026-03-03T00:00:00.000Z,29,27836.88888888889,0.0,1.2960035555555556E7
2026-02-28T00:00:00.000Z,4,28229.25,3.5,9136377.125
2026-03-03T00:00:00.000Z,9,27765.117647058825,0.0,1.2289062647058824E7
2026-03-01T00:00:00.000Z,1,27900.875,68.125,9615934.125
2026-03-03T00:00:00.000Z,24,27858.0,0.0,1.2698918333333334E7
2026-03-01T00:00:00.000Z,22,27861.18181818182,56.54545454545455,1.0200336363636363E7
2026-03-03T00:00:00.000Z,36,27908.875,0.0,1.2393594375E7
2026-03-02T00:00:00.000Z,42,27589.0,0.0,1.147318045E7
2026-03-02T00:00:00.000Z,26,27808.3125,0.0,1.25130334375E7
2026-02-28T00:00:00.000Z,14,28262.666666666668,0.0,8795928.333333334
2026-03-02T00:00:00.000Z,18,28003.0,0.0,1.241998E7
2026-03-03T00:00:00.000Z,10,27828.3125,0.0,1.23664535625E7
2026-03-02T00:00:00.000Z,3,27725.0,0.0,1.211574875E7
2026-03-01T00:00:00.000Z,40,27724.38888888889,209.05555555555554,6253528.333333333
2026-03-01T00:00:00.000Z,39,27771.444444444445,193.38888888888889,6963922.111111111
2026-03-03T00:00:00.000Z,40,27655.277777777777,0.0,1.133156E7
2026-03-01T00:00:00.000Z,0,27966.0,56.0,9573710.666666666
2026-03-03T00:00:00.000Z,27,28031.222222222223,0.0,1.3291985888888888E7
2026-02-28T00:00:00.000Z,37,28065.4,55.5,9575695.9
2026-03-02T00:00:00.000Z,34,27761.428571428572,0.0,1.230091607142857E7
2026-03-02T00:00:00.000Z,40,27564.277777777777,0.0,1.1303778333333334E7
2026-02-28T00:00:00.000Z,20,28182.3125,2.25,8970657.6875
2026-03-03T00:00:00.000Z,19,27882.285714285714,0.0,1.206505757142857E7
2026-02-28T00:00:00.000Z,32,27991.636363636364,90.0909090909091,9244470.818181818
2026-03-01T00:00:00.000Z,35,27775.2,223.06666666666666,7295841.066666666
2026-02-28T00:00:00.000Z,5,28149.81818181818,6.2727272727272725,9367785.909090908
2026-03-03T00:00:00.000Z,14,28109.333333333332,0.0,1.1916431666666666E7
2026-03-03T00:00:00.000Z,33,27964.666666666668,0.0,1.3266882555555556E7
2026-03-01T00:00:00.000Z,33,27913.555555555555,152.55555555555554,8457076.888888888
2026-03-03T00:00:00.000Z,34,27861.85714285714,0.0,1.3515983E7
2026-03-02T00:00:00.000Z,39,27625.11111111111,0.0,1.1543646222222222E7
2026-03-03T00:00:00.000Z,12,27758.78947368421,0.0,1.1925567789473685E7
2026-02-28T00:00:00.000Z,38,28111.0,39.0,1.0608248E7
2026-02-28T00:00:00.000Z,42,28024.15,34.85,1.07854757E7
2026-03-03T00:00:00.000Z,17,27963.0,0.0,1.1634698E7
2026-03-02T00:00:00.000Z,25,27979.666666666668,0.0,1.2761434666666666E7
2026-02-28T00:00:00.000Z,39,28098.055555555555,60.666666666666664,1.0335379944444444E7
2026-02-28T00:00:00.000Z,22,28088.545454545456,5.909090909090909,9071754.636363637
2026-03-02T00:00:00.000Z,15,27990.785714285714,0.0,1.261392992857143E7
2026-03-02T00:00:00.000Z,41,27604.88888888889,0.0,1.1723643222222222E7
2026-02-28T00:00:00.000Z,24,28031.11111111111,26.77777777777778,8899398.777777778
2026-02-28T00:00:00.000Z,2,28208.2,29.8,9485378.6
2026-03-01T00:00:00.000Z,31,27687.0,264.0,6799901.111111111
2026-03-02T00:00:00.000Z,10,27809.9375,0.0,1.25628531875E7
2026-03-02T00:00:00.000Z,23,27924.833333333332,0.0,1.2598720333333334E7
2026-03-03T00:00:00.000Z,39,27720.11111111111,0.0,1.1389093611111112E7
2026-03-01T00:00:00.000Z,13,27971.5,13.5,1.11185165E7
2026-03-02T00:00:00.000Z,7,27890.29411764706,0.0,1.269185605882353E7
2026-03-03T00:00:00.000Z,8,27794.222222222223,0.0,1.2363806111111112E7
2026-03-02T00:00:00.000Z,11,27632.85714285714,0.0,1.180528642857143E7
2026-02-28T00:00:00.000Z,23,28229.5,1.3333333333333333,9046440.833333334
2026-02-28T00:00:00.000Z,36,28164.75,34.875,9493291.5
2026-03-02T00:00:00.000Z,17,27932.0,0.0,1.254422E7
2026-02-28T00:00:00.000Z,3,28167.0,45.625,9766238.625
2026-03-03T00:00:00.000Z,22,27896.0,0.0,1.2379970272727273E7
2026-03-02T00:00:00.000Z,33,27870.222222222223,2.2222222222222223,1.2132152444444444E7
2026-02-28T00:00:00.000Z,19,28136.714285714286,0.0,9125797.357142856
2026-02-28T00:00:00.000Z,35,28103.333333333332,63.4,9945197.0
2026-03-03T00:00:00.000Z,37,27795.7,0.0,1.27102931E7
2026-03-01T00:00:00.000Z,18,27979.0,2.0,1.1258079E7
2026-03-01T00:00:00.000Z,16,27975.11111111111,7.555555555555555,1.1289205555555556E7
2026-03-01T00:00:00.000Z,7,27984.764705882353,6.647058823529412,1.0521115647058824E7
2026-03-01T00:00:00.000Z,26,27850.625,132.625,8874394.375
2026-02-28T00:00:00.000Z,40,28052.0,61.888888888888886,1.0741034888888888E7
2026-03-01T00:00:00.000Z,15,28074.5,3.5714285714285716,1.1300261357142856E7
2026-03-02T00:00:00.000Z,9,27788.470588235294,0.0,1.2565828176470589E7
2026-02-28T00:00:00.000Z,12,28142.63157894737,9.526315789473685,1.001674047368421E7
2026-03-01T00:00:00.000Z,36,27859.625,172.75,8001152.0
2026-03-03T00:00:00.000Z,5,27828.909090909092,0.0,1.2330725545454545E7
2026-03-02T00:00:00.000Z,21,27945.0,0.0,1.2615935E7
2026-03-03T00:00:00.000Z,16,27998.11111111111,0.0,1.2205309444444444E7
2026-03-03T00:00:00.000Z,7,27877.058823529413,0.0,1.2251792647058824E7
2026-03-01T00:00:00.000Z,42,27760.7,232.8,5817868.3
2026-03-02T00:00:00.000Z,31,27559.88888888889,0.0,1.1894477333333334E7
2026-03-02T00:00:00.000Z,38,27645.0,0.0,1.1322756E7
2026-03-01T00:00:00.000Z,37,27751.3,215.1,7514785.6
2026-03-03T00:00:00.000Z,18,28079.0,0.0,1.1398653E7
2026-02-28T00:00:00.000Z,15,28249.785714285714,0.14285714285714285,9026443.642857144
2026-02-28T00:00:00.000Z,26,27996.5625,73.0,7014630.625
2026-02-28T00:00:00.000Z,25,28146.333333333332,26.0,7396013.666666667
2026-02-28T00:00:00.000Z,1,28145.5,8.0,9214062.875
2026-03-02T00:00:00.000Z,12,27716.947368421053,0.0,1.2209304105263159E7
2026-03-02T00:00:00.000Z,14,28004.333333333332,0.0,1.2499222E7
2026-02-28T00:00:00.000Z,9,28138.29411764706,6.0,9755790.94117647
2026-03-03T00:00:00.000Z,4,27944.5,0.0,1.237863225E7
2026-03-02T00:00:00.000Z,24,27748.555555555555,0.0,1.2032639444444444E7
2026-03-03T00:00:00.000Z,1,27902.25,0.0,1.2438642875E7
2026-03-01T00:00:00.000Z,14,28072.333333333332,1.0,1.1195558666666666E7
2026-03-02T00:00:00.000Z,16,27902.333333333332,0.0,1.2666884666666666E7
2026-03-01T00:00:00.000Z,19,27912.714285714286,8.214285714285714,1.0842352357142856E7
2026-02-28T00:00:00.000Z,0,28198.333333333332,11.666666666666666,9240803.666666666
2026-03-02T00:00:00.000Z,35,27612.0,0.0,1.1677361666666666E7
2026-03-01T00:00:00.000Z,41,27779.555555555555,298.1111111111111,5902208.111111111
2026-02-28T00:00:00.000Z,8,28154.11111111111,0.2222222222222222,9424524.777777778
2026-02-28T00:00:00.000Z,17,28179.0,3.0,8944574.0
2026-03-01T00:00:00.000Z,2,27937.4,109.0,8564313.8
2026-03-02T00:00:00.000Z,22,27776.727272727272,0.0,1.2359542727272727E7
2026-03-01T00:00:00.000Z,21,28030.0,21.0,1.0956794E7
2026-03-02T00:00:00.000Z,27,27937.666666666668,0.0,1.2584573666666666E7
2026-03-01T00:00:00.000Z,8,27902.11111111111,12.222222222222221,9901916.888888888
2026-03-03T00:00:00.000Z,11,27745.0,0.0,1.1505253714285715E7
2026-02-28T00:00:00.000Z,28,28134.391304347828,16.391304347826086,8280818.0
2026-03-02T00:00:00.000Z,5,27793.727272727272,0.0,1.2567932636363637E7
2026-03-01T00:00:00.000Z,27,27961.0,82.22222222222223,9686278.666666666
2026-03-03T00:00:00.000Z,2,27876.6,0.0,1.2161509E7
2026-03-02T00:00:00.000Z,36,27741.125,0.0,1.1754325125E7
2026-03-02T00:00:00.000Z,4,27883.0,0.0,1.256616725E7
2026-03-03T00:00:00.000Z,25,28076.0,0.0,1.3308855333333334E7
2026-03-02T00:00:00.000Z,2,27756.8,0.0,1.2151239E7
2026-03-02T00:00:00.000Z,29,27711.222222222223,0.0,1.1902515555555556E7
2026-02-28T00:00:00.000Z,16,28167.222222222223,2.3333333333333335,8805395.111111112
2026-03-03T00:00:00.000Z,23,27990.0,0.0,1.2297005E7
2026-03-02T00:00:00.000Z,43,27521.23076923077,0.0,1.1564526384615384E7
2026-02-28T00:00:00.000Z,10,28172.5,1.125,9568304.5625
2026-03-01T00:00:00.000Z,28,27953.347826086956,44.08695652173913,1.0488307391304348E7
2026-02-28T00:00:00.000Z,29,28043.0,56.44444444444444,9106136.111111112
2026-03-01T00:00:00.000Z,43,27680.23076923077,284.6923076923077,6365983.692307692
2026-03-01T00:00:00.000Z,3,27874.125,144.625,7872863.875
2026-02-28T00:00:00.000Z,11,28105.285714285714,33.714285714285715,1.0347849E7
2026-03-03T00:00:00.000Z,21,28008.0,0.0,1.2261025E7
2026-02-28T00:00:00.000Z,18,28199.0,18.0,8967334.0
2026-03-01T00:00:00.000Z,5,27918.81818181818,38.90909090909091,9262962.363636363
2026-03-02T00:00:00.000Z,8,27832.333333333332,0.0,1.2663585888888888E7
2026-03-03T00:00:00.000Z,42,27670.8,0.0,1.16833282E7
2026-03-01T00:00:00.000Z,29,27785.11111111111,183.88888888888889,7939175.444444444
2026-03-02T00:00:00.000Z,13,27889.0,0.0,1.2589365E7
2026-03-01T00:00:00.000Z,4,28015.25,32.5,1.0017421375E7
2026-03-29T00:00:00.000Z,23,27708.833333333332,26.0,1.0389308666666666E7
2026-03-30T00:00:00.000Z,20,27815.3125,983.8125,1.29317496875E7
2026-03-28T00:00:00.000Z,18,27625.0,347.0,5230996.0
2026-03-31T00:00:00.000Z,24,27422.555555555555,274.3333333333333,1.4714548444444444E7
2026-03-31T00:00:00.000Z,8,27706.555555555555,139.88888888888889,1.3136071888888888E7
2026-03-29T00:00:00.000Z,14,27826.0,25.0,1.0071119333333334E7
2026-03-30T00:00:00.000Z,12,27572.526315789473,687.8947368421053,1.2831485368421054E7
2026-03-30T00:00:00.000Z,24,27477.222222222223,1201.111111111111,1.3080077E7
2026-03-29T00:00:00.000Z,13,27699.5,28.0,1.05366265E7
2026-03-28T00:00:00.000Z,8,27453.444444444445,311.3333333333333,9306731.0
2026-03-31T00:00:00.000Z,17,27830.0,142.0,1.3673656E7
2026-03-29T00:00:00.000Z,38,27576.0,154.0,1.0471851E7
2026-03-31T00:00:00.000Z,36,27533.875,236.0,1.486224E7
2026-03-29T00:00:00.000Z,8,27699.0,30.77777777777778,1.1886919111111112E7
2026-03-29T00:00:00.000Z,43,27428.69230769231,133.3846153846154,1.2164136076923076E7
2026-03-30T00:00:00.000Z,25,27701.333333333332,946.0,1.0716562666666666E7
2026-03-29T00:00:00.000Z,18,27858.0,45.0,9164744.0
2026-03-28T00:00:00.000Z,1,27468.625,343.375,9663220.5
2026-03-29T00:00:00.000Z,19,27691.35714285714,28.071428571428573,1.1083944857142856E7
2026-03-29T00:00:00.000Z,20,27766.3125,34.125,9870461.125
2026-03-30T00:00:00.000Z,26,27512.625,985.75,1.0942487625E7
2026-03-31T00:00:00.000Z,13,27682.0,216.0,1.40581915E7
2026-03-28T00:00:00.000Z,15,27561.428571428572,324.7142857142857,6500644.5
2026-03-29T00:00:00.000Z,12,27631.894736842107,54.36842105263158,1.1509286315789474E7
2026-03-29T00:00:00.000Z,21,27700.0,25.0,1.032511E7
2026-03-29T00:00:00.000Z,27,27612.666666666668,29.555555555555557,1.2324230666666666E7
2026-03-30T00:00:00.000Z,14,27843.333333333332,920.0,1.2173703666666666E7
2026-03-28T00:00:00.000Z,24,27331.333333333332,426.22222222222223,9033558.111111112
2026-03-30T00:00:00.000Z,10,27704.0625,705.75,1.24110269375E7
2026-03-30T00:00:00.000Z,15,27840.85714285714,947.5714285714286,1.2708018642857144E7
2026-03-30T00:00:00.000Z,4,27751.5,749.5,1.279194275E7
2026-03-30T00:00:00.000Z,21,27716.0,872.0,1.2659094E7
2026-03-30T00:00:00.000Z,18,27922.0,726.0,1.3704295E7
2026-03-30T00:00:00.000Z,31,27398.444444444445,756.5555555555555,1.3518189555555556E7
2026-03-28T00:00:00.000Z,20,27516.75,297.6875,6054029.5625
2026-03-31T00:00:00.000Z,29,27347.666666666668,216.33333333333334,1.5151941777777778E7
2026-03-29T00:00:00.000Z,2,27672.0,53.0,1.05973642E7
2026-03-29T00:00:00.000Z,35,27482.533333333333,77.6,1.1313470866666667E7
2026-03-30T00:00:00.000Z,0,27694.333333333332,700.6666666666666,1.2958146E7
2026-03-29T00:00:00.000Z,17,27778.0,41.0,9709903.0
2026-03-29T00:00:00.000Z,39,27537.11111111111,119.16666666666667,1.0772055E7
2026-03-30T00:00:00.000Z,9,27612.117647058825,900.8235294117648,1.2353567176470589E7
2026-03-30T00:00:00.000Z,28,27667.347826086956,1072.0,1.1289565826086957E7
2026-03-31T00:00:00.000Z,16,27695.777777777777,201.55555555555554,1.4065442555555556E7
2026-03-29T00:00:00.000Z,26,27505.875,52.3125,1.26781736875E7
2026-03-28T00:00:00.000Z,30,27194.909090909092,437.45454545454544,1.0726957181818182E7
2026-03-30T00:00:00.000Z,5,27672.727272727272,687.5454545454545,1.2813994818181818E7
2026-03-28T00:00:00.000Z,21,27495.0,350.0,7671762.0
2026-03-28T00:00:00.000Z,36,27473.625,402.875,1.094603575E7
2026-03-30T00:00:00.000Z,27,27619.666666666668,1048.888888888889,1.1236604333333334E7
2026-03-28T00:00:00.000Z,29,27310.444444444445,423.1111111111111,1.0478704555555556E7
2026-03-29T00:00:00.000Z,9,27659.352941176472,31.647058823529413,1.2049426411764706E7
2026-03-28T00:00:00.000Z,14,27604.666666666668,395.0,6446160.0
2026-03-30T00:00:00.000Z,32,27538.18181818182,698.6363636363636,1.1939127454545455E7
2026-03-29T00:00:00.000Z,42,27500.5,434.8,1.06707286E7
2026-03-31T00:00:00.000Z,43,27342.53846153846,227.15384615384616,1.5289653461538462E7
2026-03-30T00:00:00.000Z,34,27480.85714285714,986.9285714285714,1.096429942857143E7
2026-03-31T00:00:00.000Z,41,27577.88888888889,306.55555555555554,1.4045414222222222E7
2026-03-29T00:00:00.000Z,33,27593.666666666668,71.33333333333333,1.2226858777777778E7
2026-03-31T00:00:00.000Z,9,27641.941176470587,159.23529411764707,1.2654673176470589E7
2026-03-28T00:00:00.000Z,35,27378.333333333332,460.6666666666667,1.2946757E7
2026-03-31T00:00:00.000Z,11,27567.0,97.28571428571429,1.3071041857142856E7
2026-03-28T00:00:00.000Z,33,27380.88888888889,454.77777777777777,9081407.222222222
2026-03-30T00:00:00.000Z,1,27635.5,882.0,1.3158456125E7
2026-03-28T00:00:00.000Z,43,27347.923076923078,499.84615384615387,1.3512564615384616E7
2026-03-28T00:00:00.000Z,4,27546.5,308.5,9333581.0
2026-03-30T00:00:00.000Z,2,27654.4,614.4,1.333699E7
2026-03-30T00:00:00.000Z,37,27446.1,851.9,1.38045834E7
2026-03-30T00:00:00.000Z,30,27371.090909090908,1164.1818181818182,1.3235257363636363E7
2026-03-29T00:00:00.000Z,22,27582.636363636364,36.63636363636363,1.0905887909090908E7
2026-03-28T00:00:00.000Z,2,27511.2,399.4,1.16857552E7
2026-03-28T00:00:00.000Z,3,27463.5,446.25,1.342131E7
2026-03-30T00:00:00.000Z,23,27722.666666666668,862.0,1.2696297333333334E7
2026-03-31T00:00:00.000Z,37,27344.1,217.8,1.50993499E7
2026-03-31T00:00:00.000Z,34,27408.071428571428,221.5,1.548398257142857E7
2026-03-30T00:00:00.000Z,42,27442.0,858.55,1.075076195E7
2026-03-30T00:00:00.000Z,39,27508.944444444445,541.2777777777778,1.3204867722222222E7
2026-03-28T00:00:00.000Z,37,27328.1,424.6,1.12794863E7
2026-03-31T00:00:00.000Z,26,27459.875,200.8125,1.5151812E7
2026-03-31T00:00:00.000Z,42,27447.45,419.75,1.3776818E7
2026-03-29T00:00:00.000Z,37,27455.5,58.9,1.2453042E7
2026-03-31T00:00:00.000Z,10,27744.75,121.0,1.3040652E7
2026-03-28T00:00:00.000Z,11,27451.85714285714,406.0,1.547318242857143E7
2026-03-31T00:00:00.000Z,12,27604.57894736842,133.73684210526315,1.2453177315789474E7
2026-03-29T00:00:00.000Z,25,27684.0,22.666666666666668,1.2016044333333334E7
2026-03-28T00:00:00.000Z,28,27434.565217391304,390.7826086956522,7262537.260869565
2026-03-31T00:00:00.000Z,4,27765.625,182.0,1.4066342625E7
2026-03-31T00:00:00.000Z,30,27245.18181818182,220.27272727272728,1.5613610727272727E7
2026-03-30T00:00:00.000Z,33,27615.11111111111,952.5555555555555,1.0181464E7
2026-03-30T00:00:00.000Z,13,27692.0,1022.0,1.20059735E7
2026-03-31T00:00:00.000Z,0,27701.666666666668,189.33333333333334,1.4139394666666666E7
2026-03-31T00:00:00.000Z,2,27649.6,201.0,1.4322618E7
2026-03-31T00:00:00.000Z,21,27724.0,187.0,1.4359327E7
2026-03-28T00:00:00.000Z,19,27441.428571428572,280.07142857142856,7073305.714285715
2026-03-28T00:00:00.000Z,7,27493.235294117647,275.8235294117647,8239717.176470588
2026-03-28T00:00:00.000Z,23,27508.333333333332,334.3333333333333,8030216.833333333
2026-03-30T00:00:00.000Z,38,27555.0,479.0,1.282698E7
2026-03-30T00:00:00.000Z,41,27578.222222222223,795.8888888888889,1.0941422777777778E7
2026-03-31T00:00:00.000Z,7,27769.41176470588,172.11764705882354,1.374912111764706E7
2026-03-31T00:00:00.000Z,3,27589.25,171.375,1.3868483E7
2026-03-31T00:00:00.000Z,22,27552.454545454544,242.0,1.4351388454545455E7
2026-03-28T00:00:00.000Z,27,27402.88888888889,422.55555555555554,8499601.111111112
2026-03-29T00:00:00.000Z,24,27518.333333333332,35.0,1.2130064777777778E7
2026-03-29T00:00:00.000Z,29,27464.222222222223,43.22222222222222,1.3125693222222222E7
2026-03-28T00:00:00.000Z,0,27507.333333333332,334.3333333333333,1.0041314666666666E7
2026-03-28T00:00:00.000Z,9,27439.41176470588,384.11764705882354,1.1606251705882354E7
2026-03-29T00:00:00.000Z,34,27480.14285714286,140.85714285714286,1.3336121714285715E7
2026-03-30T00:00:00.000Z,22,27559.0,1069.909090909091,1.2787055909090908E7
2026-03-30T00:00:00.000Z,17,27834.0,943.0,1.3169986E7
2026-03-28T00:00:00.000Z,25,27469.333333333332,393.6666666666667,8078809.666666667
2026-03-30T00:00:00.000Z,19,27697.928571428572,1010.4285714285714,1.252858692857143E7
2026-03-31T00:00:00.000Z,33,27568.444444444445,172.11111111111111,1.4826514555555556E7
2026-03-28T00:00:00.000Z,42,27409.7,504.9,1.576722785E7
2026-03-28T00:00:00.000Z,32,27428.18181818182,483.1818181818182,1.2841216090909092E7
2026-03-28T00:00:00.000Z,34,27292.5,459.0,1.0843561142857144E7
2026-03-29T00:00:00.000Z,32,27575.545454545456,180.45454545454547,1.3266925727272727E7
2026-03-28T00:00:00.000Z,10,27457.125,294.75,8401166.5
2026-03-31T00:00:00.000Z,18,27898.0,126.0,1.3689409E7
2026-03-30T00:00:00.000Z,3,27581.0,623.625,1.3293521625E7
2026-03-30T00:00:00.000Z,11,27541.428571428572,495.85714285714283,1.310159142857143E7
2026-03-30T00:00:00.000Z,40,27471.166666666668,598.0555555555555,1.2585941833333334E7
2026-03-31T00:00:00.000Z,23,27735.0,188.0,1.4322306666666666E7
2026-03-30T00:00:00.000Z,36,27589.5,852.375,1.3755284625E7
2026-03-28T00:00:00.000Z,40,27424.666666666668,490.44444444444446,1.5437866611111112E7
2026-03-29T00:00:00.000Z,3,27610.625,75.25,1.082393525E7
2026-03-28T00:00:00.000Z,17,27523.0,311.0,5594651.0
2026-03-30T00:00:00.000Z,43,27417.923076923078,674.6923076923077,1.321836676923077E7
2026-03-29T00:00:00.000Z,30,27350.18181818182,53.54545454545455,1.3844846E7
2026-03-29T00:00:00.000Z,5,27671.454545454544,42.36363636363637,1.0874499090909092E7
2026-03-29T00:00:00.000Z,0,27693.666666666668,35.0,1.0572582333333334E7
2026-03-30T00:00:00.000Z,29,27461.777777777777,1075.5555555555557,1.3610385222222222E7
2026-03-29T00:00:00.000Z,11,27577.571428571428,104.28571428571429,1.0959842285714285E7
2026-03-29T00:00:00.000Z,15,27799.85714285714,26.857142857142858,1.001107E7
2026-03-29T00:00:00.000Z,31,27396.555555555555,82.77777777777777,1.3473484333333334E7
2026-03-31T00:00:00.000Z,38,27577.0,134.0,1.4215047E7
2026-03-30T00:00:00.000Z,8,27686.333333333332,827.1111111111111,1.2312541111111112E7
2026-03-29T00:00:00.000Z,28,27645.956521739132,21.304347826086957,1.1662217826086957E7
2026-03-28T00:00:00.000Z,5,27476.454545454544,357.27272727272725,1.0892344545454545E7
2026-03-31T00:00:00.000Z,1,27636.75,218.625,1.43383565E7
2026-03-29T00:00:00.000Z,36,27610.375,53.875,1.1707492125E7
2026-03-29T00:00:00.000Z,7,27738.470588235294,33.294117647058826,1.0888405647058824E7
2026-03-30T00:00:00.000Z,35,27466.933333333334,590.6666666666666,1.37596906E7
2026-03-31T00:00:00.000Z,32,27460.636363636364,252.72727272727272,1.4767349818181818E7
2026-03-28T00:00:00.000Z,22,27386.272727272728,400.6363636363636,8356613.636363637
2026-03-31T00:00:00.000Z,25,27665.666666666668,254.33333333333334,1.4781460666666666E7
2026-03-28T00:00:00.000Z,12,27445.315789473683,403.05263157894734,1.382836E7
2026-03-29T00:00:00.000Z,4,27743.0,28.5,1.0549231375E7
2026-03-31T00:00:00.000Z,5,27678.81818181818,190.54545454545453,1.3563731454545455E7
2026-03-29T00:00:00.000Z,41,27635.222222222223,285.77777777777777,1.1683325E7
2026-03-31T00:00:00.000Z,28,27625.434782608696,225.1304347826087,1.4376884913043479E7
2026-03-30T00:00:00.000Z,7,27755.764705882353,945.4117647058823,1.252154705882353E7
2026-03-31T00:00:00.000Z,27,27570.444444444445,257.22222222222223,1.4897450666666666E7
2026-03-28T00:00:00.000Z,38,27496.0,425.0,1.5828108E7
2026-03-31T00:00:00.000Z,19,27727.285714285714,181.64285714285714,1.3432813785714285E7
2026-03-28T00:00:00.000Z,39,27442.277777777777,441.8888888888889,1.4840167333333334E7
2026-03-31T00:00:00.000Z,40,27473.38888888889,242.72222222222223,1.4948350111111112E7
2026-03-29T00:00:00.000Z,16,27702.11111111111,25.22222222222222,1.0584194444444444E7
2026-03-28T00:00:00.000Z,41,27504.444444444445,513.2222222222222,1.4428922888888888E7
2026-03-31T00:00:00.000Z,15,27831.14285714286,163.0,1.4084902785714285E7
2026-03-31T00:00:00.000Z,20,27813.5625,159.75,1.37804701875E7
2026-03-28T00:00:00.000Z,13,27456.5,404.0,6554681.5
2026-03-29T00:00:00.000Z,40,27485.055555555555,232.16666666666666,1.0705185722222222E7
2026-03-31T00:00:00.000Z,14,27835.0,173.0,1.3978287666666666E7
2026-03-31T00:00:00.000Z,31,27258.555555555555,198.55555555555554,1.5358308666666666E7
2026-03-29T00:00:00.000Z,10,27714.0625,21.625,1.2271638625E7
2026-03-31T00:00:00.000Z,39,27516.88888888889,168.05555555555554,1.4578930333333334E7
2026-03-29T00:00:00.000Z,1,27652.75,36.875,1.084798575E7
2026-03-31T00:00:00.000Z,35,27420.8,228.33333333333334,1.5082625066666666E7
2026-03-30T00:00:00.000Z,16,27705.555555555555,1001.5555555555555,1.1785767888888888E7
2026-03-28T00:00:00.000Z,26,27284.8125,412.375,9369945.625
2026-03-28T00:00:00.000Z,31,27277.666666666668,458.3333333333333,1.2025424777777778E7
2026-03-28T00:00:00.000Z,16,27461.88888888889,400.44444444444446,6465973.444444444
2026-02-17T00:00:00.000Z,34,27357.85714285714,859.6428571428571,7185587.0
2026-02-16T00:00:00.000Z,21,27772.0,990.0,5332142.0
2026-02-16T00:00:00.000Z,26,27656.125,1409.3125,5471103.5625
2026-02-19T00:00:00.000Z,7,27458.058823529413,774.6470588235294,3304808.529411765
2026-02-16T00:00:00.000Z,15,27833.5,1043.142857142857,4509515.142857143
2026-02-19T00:00:00.000Z,10,27313.9375,957.875,2687179.1875
2026-02-18T00:00:00.000Z,38,27333.0,283.0,6287021.0
2026-02-18T00:00:00.000Z,36,27384.75,703.25,4768930.0
2026-02-19T00:00:00.000Z,29,27475.222222222223,527.8888888888889,4526956.444444444
2026-02-18T00:00:00.000Z,31,27159.777777777777,874.6666666666666,4450789.666666667
2026-02-18T00:00:00.000Z,34,27192.428571428572,837.7142857142857,3012845.9285714286
2026-02-17T00:00:00.000Z,12,27506.21052631579,800.578947368421,6361245.263157895
2026-02-19T00:00:00.000Z,1,27528.375,524.25,3978476.75
2026-02-16T00:00:00.000Z,4,27792.625,1051.5,5708427.5
2026-02-18T00:00:00.000Z,29,27230.444444444445,963.4444444444445,4599317.0
2026-02-16T00:00:00.000Z,2,27746.2,600.2,6687968.6
2026-02-17T00:00:00.000Z,11,27480.85714285714,483.2857142857143,6927331.714285715
2026-02-18T00:00:00.000Z,27,27350.777777777777,966.7777777777778,3463601.111111111
2026-02-18T00:00:00.000Z,43,27197.153846153848,768.2307692307693,4733522.461538462
2026-02-18T00:00:00.000Z,15,27555.64285714286,529.3571428571429,5942614.0
2026-02-19T00:00:00.000Z,14,27726.0,552.0,3582315.6666666665
2026-02-16T00:00:00.000Z,30,27506.363636363636,1352.6363636363637,6151153.636363637
2026-02-19T00:00:00.000Z,34,27505.785714285714,932.1428571428571,4115264.0714285714
2026-02-17T00:00:00.000Z,9,27513.529411764706,990.1176470588235,6179531.470588235
2026-02-17T00:00:00.000Z,16,27576.666666666668,563.8888888888889,7035277.888888889
2026-02-16T00:00:00.000Z,36,27686.25,706.125,6419283.625
2026-02-18T00:00:00.000Z,8,27465.333333333332,69.77777777777777,6418619.777777778
2026-02-17T00:00:00.000Z,28,27527.82608695652,595.6521739130435,7030491.0
2026-02-16T00:00:00.000Z,8,27651.555555555555,1304.7777777777778,4749293.777777778
2026-02-16T00:00:00.000Z,43,27510.923076923078,973.3076923076923,6266036.076923077
2026-02-19T00:00:00.000Z,17,27491.0,865.0,3106578.0
2026-02-17T00:00:00.000Z,31,27343.222222222223,358.6666666666667,7587013.222222222
2026-02-18T00:00:00.000Z,35,27282.466666666667,570.5333333333333,5248738.066666666
2026-02-17T00:00:00.000Z,23,27621.0,537.6666666666666,7195152.666666667
2026-02-17T00:00:00.000Z,21,27621.0,571.0,7235882.0
2026-02-18T00:00:00.000Z,37,27249.3,798.3,4682222.4
2026-02-16T00:00:00.000Z,13,27746.5,1005.0,4862869.0
2026-02-16T00:00:00.000Z,5,27726.090909090908,1035.4545454545455,5975835.090909091
2026-02-19T00:00:00.000Z,13,27668.0,495.0,3735946.0
2026-02-17T00:00:00.000Z,35,27421.6,395.0,7680612.266666667
2026-02-16T00:00:00.000Z,16,27758.222222222223,1013.2222222222222,4802062.111111111
2026-02-17T00:00:00.000Z,3,27526.375,543.125,7441429.625
2026-02-17T00:00:00.000Z,30,27276.0,683.5454545454545,7829726.818181818
2026-02-19T00:00:00.000Z,19,27333.928571428572,926.7857142857143,3213665.9285714286
2026-02-19T00:00:00.000Z,4,27544.375,699.0,3566064.5
2026-02-17T00:00:00.000Z,19,27547.785714285714,816.4285714285714,5970380.5
2026-02-16T00:00:00.000Z,0,27754.333333333332,883.3333333333334,6069308.666666667
2026-02-16T00:00:00.000Z,42,27514.2,1671.65,5670188.35
2026-02-17T00:00:00.000Z,4,27650.375,515.0,7093334.875
2026-02-19T00:00:00.000Z,36,27556.75,437.75,4020273.25
2026-02-19T00:00:00.000Z,25,27759.0,659.0,3496971.3333333335
2026-02-18T00:00:00.000Z,39,27296.166666666668,391.72222222222223,5945211.333333333
2026-02-17T00:00:00.000Z,25,27551.0,642.3333333333334,7315648.0
2026-02-17T00:00:00.000Z,8,27570.222222222223,921.0,6039206.666666667
2026-02-16T00:00:00.000Z,23,27769.333333333332,1045.3333333333333,5420582.0
2026-02-19T00:00:00.000Z,38,27288.0,786.0,3209824.0
2026-02-18T00:00:00.000Z,10,27451.8125,29.6875,6242935.1875
2026-02-17T00:00:00.000Z,40,27409.277777777777,492.55555555555554,7342221.944444444
2026-02-18T00:00:00.000Z,12,27393.36842105263,111.63157894736842,6724384.368421053
2026-02-18T00:00:00.000Z,13,27466.0,848.5,5266691.0
2026-02-18T00:00:00.000Z,22,27346.909090909092,786.0909090909091,5228634.454545454
2026-02-18T00:00:00.000Z,3,27396.375,309.375,6063994.5
2026-02-18T00:00:00.000Z,30,27118.090909090908,1003.1818181818181,4289018.454545454
2026-02-17T00:00:00.000Z,24,27366.666666666668,799.8888888888889,7454655.444444444
2026-02-17T00:00:00.000Z,36,27507.0,458.125,7518377.75
2026-02-17T00:00:00.000Z,27,27472.777777777777,759.8888888888889,7413585.444444444
2026-02-19T00:00:00.000Z,21,27595.0,634.0,3945488.0
2026-02-16T00:00:00.000Z,7,27740.058823529413,1361.8235294117646,4614130.882352941
2026-02-16T00:00:00.000Z,14,27842.0,926.0,4698042.0
2026-02-18T00:00:00.000Z,26,27240.9375,854.1875,3113989.0
2026-02-16T00:00:00.000Z,3,27674.75,812.25,6774059.0
2026-02-16T00:00:00.000Z,34,27590.285714285714,1656.4285714285713,5451605.785714285
2026-02-18T00:00:00.000Z,5,27469.18181818182,209.9090909090909,6068255.636363637
2026-02-16T00:00:00.000Z,33,27727.88888888889,1556.111111111111,5090218.333333333
2026-02-17T00:00:00.000Z,5,27590.909090909092,633.4545454545455,7050859.818181818
2026-02-16T00:00:00.000Z,10,27612.0,988.375,4558952.0
2026-02-18T00:00:00.000Z,16,27474.777777777777,846.2222222222222,5227067.0
2026-02-18T00:00:00.000Z,32,27245.909090909092,812.0,3900651.727272727
2026-02-17T00:00:00.000Z,14,27694.333333333332,545.0,7017072.333333333
2026-02-16T00:00:00.000Z,41,27602.88888888889,1578.3333333333333,5336435.222222222
2026-02-18T00:00:00.000Z,19,27440.071428571428,90.14285714285714,6514840.142857143
2026-02-19T00:00:00.000Z,0,27511.333333333332,633.0,3669727.3333333335
2026-02-19T00:00:00.000Z,24,27505.333333333332,535.3333333333334,4250173.333333333
2026-02-18T00:00:00.000Z,1,27411.375,546.75,5281801.625
2026-02-16T00:00:00.000Z,38,27605.0,787.0,7058434.0
2026-02-18T00:00:00.000Z,0,27471.666666666668,362.3333333333333,5643644.0
2026-02-17T00:00:00.000Z,20,27662.1875,561.875,6735756.5
2026-02-18T00:00:00.000Z,9,27415.058823529413,88.3529411764706,6480356.0
2026-02-17T00:00:00.000Z,17,27667.0,611.0,6665764.0
2026-02-16T00:00:00.000Z,31,27524.222222222223,824.6666666666666,6284616.444444444
2026-02-19T00:00:00.000Z,3,27386.875,684.25,3157711.75
2026-02-18T00:00:00.000Z,24,27262.222222222223,1007.0,4710169.888888889
2026-02-16T00:00:00.000Z,40,27539.166666666668,1056.111111111111,6582793.111111111
2026-02-17T00:00:00.000Z,32,27447.636363636364,486.54545454545456,6914903.0
2026-02-16T00:00:00.000Z,11,27597.571428571428,789.5714285714286,6969627.714285715
2026-02-16T00:00:00.000Z,35,27585.6,647.0,6746706.533333333
2026-02-18T00:00:00.000Z,18,27572.0,257.0,6236696.0
2026-02-18T00:00:00.000Z,11,27340.571428571428,149.14285714285714,6893876.857142857
2026-02-19T00:00:00.000Z,40,27335.944444444445,541.5555555555555,3480870.4444444445
2026-02-18T00:00:00.000Z,41,27315.11111111111,679.0,4270116.333333333
2026-02-19T00:00:00.000Z,31,27387.666666666668,455.55555555555554,4566078.0
2026-02-16T00:00:00.000Z,22,27627.545454545456,1035.6363636363637,5801750.545454546
2026-02-19T00:00:00.000Z,23,27577.833333333332,653.0,3890299.5
2026-02-18T00:00:00.000Z,28,27421.478260869564,960.8260869565217,4280192.0
2026-02-17T00:00:00.000Z,26,27395.25,734.5625,7318782.0
2026-02-18T00:00:00.000Z,21,27476.0,638.0,5648296.0
2026-02-19T00:00:00.000Z,41,27507.0,316.44444444444446,3783500.888888889
2026-02-16T00:00:00.000Z,27,27739.333333333332,1284.5555555555557,5369776.111111111
2026-02-16T00:00:00.000Z,1,27699.25,852.375,6242520.75
2026-02-16T00:00:00.000Z,12,27610.315789473683,1113.4736842105262,6207859.631578947
2026-02-16T00:00:00.000Z,19,27612.14285714286,1282.0714285714287,4110475.214285714
2026-02-19T00:00:00.000Z,11,27247.428571428572,876.4285714285714,2946023.0
2026-02-19T00:00:00.000Z,9,27310.647058823528,863.1176470588235,2503554.6470588236
2026-02-17T00:00:00.000Z,18,27732.0,343.0,7357198.0
2026-02-19T00:00:00.000Z,26,27581.5,844.25,3800204.9375
2026-02-17T00:00:00.000Z,15,27707.071428571428,486.35714285714283,7145438.285714285
2026-02-16T00:00:00.000Z,17,27740.0,1122.0,3873675.0
2026-02-18T00:00:00.000Z,4,27516.375,333.0,5718698.375
2026-02-19T00:00:00.000Z,43,27369.76923076923,374.15384615384613,4104531.153846154
2026-02-17T00:00:00.000Z,22,27453.636363636364,616.0909090909091,7351363.0
2026-02-17T00:00:00.000Z,1,27531.125,543.125,7426705.375
2026-02-17T00:00:00.000Z,42,27382.15,1032.25,6263597.9
2026-02-17T00:00:00.000Z,33,27471.0,801.2222222222222,6730215.111111111
2026-02-19T00:00:00.000Z,27,27686.444444444445,703.8888888888889,3635845.3333333335
2026-02-19T00:00:00.000Z,16,27682.444444444445,480.3333333333333,3741358.6666666665
2026-02-17T00:00:00.000Z,7,27643.29411764706,744.0,6514581.352941177
2026-02-17T00:00:00.000Z,13,27570.0,584.0,7097767.0
2026-02-17T00:00:00.000Z,0,27603.666666666668,516.6666666666666,7277985.666666667
2026-02-19T00:00:00.000Z,33,27662.222222222223,1039.888888888889,3444439.6666666665
2026-02-18T00:00:00.000Z,42,27292.85,590.2,4711349.65
2026-02-19T00:00:00.000Z,22,27531.636363636364,519.6363636363636,4124295.3636363638
2026-02-19T00:00:00.000Z,42,27429.4,380.75,3306365.45
2026-02-16T00:00:00.000Z,20,27750.0,1154.625,4023032.625
2026-02-18T00:00:00.000Z,40,27266.833333333332,561.7222222222222,5354937.277777778
2026-02-18T00:00:00.000Z,17,27536.0,163.0,6436234.0
2026-02-17T00:00:00.000Z,2,27582.0,529.8,7567772.2
2026-02-16T00:00:00.000Z,37,27583.7,755.1,6423293.5
2026-02-19T00:00:00.000Z,20,27498.625,823.125,3197362.875
2026-02-18T00:00:00.000Z,33,27316.777777777777,791.6666666666666,2371801.222222222
2026-02-17T00:00:00.000Z,37,27395.7,424.0,7620320.5
2026-02-17T00:00:00.000Z,38,27488.0,416.0,7350708.0
2026-02-16T00:00:00.000Z,28,27763.869565217392,1159.5652173913043,4978501.0869565215
2026-02-16T00:00:00.000Z,24,27567.333333333332,1272.0,5918041.777777778
2026-02-19T00:00:00.000Z,8,27358.11111111111,824.7777777777778,2784914.888888889
2026-02-19T00:00:00.000Z,2,27508.0,528.8,3561871.4
2026-02-18T00:00:00.000Z,2,27454.6,403.4,5449421.0
2026-02-16T00:00:00.000Z,18,27816.0,935.0,4048830.0
2026-02-16T00:00:00.000Z,39,27578.277777777777,790.2222222222222,6913332.277777778
2026-02-18T00:00:00.000Z,23,27479.666666666668,564.0,5652240.5
2026-02-17T00:00:00.000Z,39,27444.222222222223,459.77777777777777,7527120.111111111
2026-02-19T00:00:00.000Z,28,27712.217391304348,441.17391304347825,3705766.565217391
2026-02-19T00:00:00.000Z,12,27289.36842105263,880.1578947368421,2532243.736842105
2026-02-17T00:00:00.000Z,29,27376.777777777777,604.3333333333334,7608829.555555556
2026-02-16T00:00:00.000Z,25,27816.666666666668,1088.3333333333333,5244405.666666667
2026-02-19T00:00:00.000Z,39,27302.38888888889,671.1111111111111,3371428.3333333335
2026-02-18T00:00:00.000Z,14,27576.333333333332,745.0,5418073.666666667
2026-02-19T00:00:00.000Z,32,27491.909090909092,401.8181818181818,4258459.7272727275
2026-02-18T00:00:00.000Z,7,27510.058823529413,164.0,6365488.529411765
2026-02-19T00:00:00.000Z,18,27547.0,912.0,2715920.0
2026-02-17T00:00:00.000Z,41,27469.11111111111,768.2222222222222,6290623.777777778
2026-02-16T00:00:00.000Z,9,27601.470588235294,1339.1764705882354,5373748.529411765
2026-02-19T00:00:00.000Z,37,27451.2,441.8,4278406.2
2026-02-17T00:00:00.000Z,43,27353.846153846152,431.38461538461536,7329022.0
2026-02-17T00:00:00.000Z,10,27551.1875,886.625,5575230.625
2026-02-16T00:00:00.000Z,32,27608.545454545456,1166.5454545454545,5637848.636363637
2026-02-19T00:00:00.000Z,15,27632.714285714286,661.6428571428571,3536548.285714286
2026-02-19T00:00:00.000Z,5,27436.636363636364,746.4545454545455,3167342.0
2026-02-19T00:00:00.000Z,35,27382.466666666667,481.2,3799062.3333333335
2026-02-19T00:00:00.000Z,30,27402.090909090908,676.2727272727273,4664414.0
2026-02-18T00:00:00.000Z,20,27520.1875,244.625,6300846.3125
2026-02-18T00:00:00.000Z,25,27411.0,931.0,3350023.0
2026-02-16T00:00:00.000Z,29,27581.666666666668,1079.6666666666667,6174969.0
2026-03-17T00:00:00.000Z,3,27782.375,126.5,6094235.875
2026-03-19T00:00:00.000Z,23,28095.166666666668,0.0,1.6769978666666666E7
2026-03-16T00:00:00.000Z,32,27645.090909090908,76.36363636363636,8292723.545454546
2026-03-19T00:00:00.000Z,0,28019.0,0.0,1.6518799666666666E7
2026-03-19T00:00:00.000Z,17,28130.0,0.0,1.6480466E7
2026-03-19T00:00:00.000Z,42,27758.4,0.0,1.64516425E7
2026-03-18T00:00:00.000Z,27,28057.555555555555,0.0,1.7040913555555556E7
2026-03-16T00:00:00.000Z,20,27862.3125,529.125,9435093.9375
2026-03-17T00:00:00.000Z,24,27819.222222222223,49.111111111111114,7705011.777777778
2026-03-16T00:00:00.000Z,36,27728.875,193.75,9100940.875
2026-03-19T00:00:00.000Z,24,27903.0,0.0,1.6936181111111112E7
2026-03-16T00:00:00.000Z,29,27610.777777777777,222.55555555555554,7986836.111111111
2026-03-18T00:00:00.000Z,5,27962.272727272728,0.0,1.6004352909090908E7
2026-03-16T00:00:00.000Z,13,27826.5,332.0,8019449.0
2026-03-19T00:00:00.000Z,36,27948.625,0.0,1.682435925E7
2026-03-17T00:00:00.000Z,19,27884.285714285714,111.85714285714286,5650518.857142857
2026-03-17T00:00:00.000Z,20,28028.125,92.625,5963651.375
2026-03-19T00:00:00.000Z,20,28119.5625,0.0,1.653687625E7
2026-03-19T00:00:00.000Z,25,28126.666666666668,0.0,1.7324165333333332E7
2026-03-19T00:00:00.000Z,31,27773.555555555555,0.0,1.7268907555555556E7
2026-03-16T00:00:00.000Z,1,27751.375,353.125,1.013365525E7
2026-03-19T00:00:00.000Z,33,27957.11111111111,0.0,1.7430198666666668E7
2026-03-19T00:00:00.000Z,2,27965.6,0.0,1.64729046E7
2026-03-18T00:00:00.000Z,31,27723.777777777777,0.0,1.6865372333333332E7
2026-03-18T00:00:00.000Z,22,27875.0,0.0,1.6371973636363637E7
2026-03-19T00:00:00.000Z,13,28072.0,0.0,1.6823859E7
2026-03-18T00:00:00.000Z,7,28039.235294117647,0.0,1.6171113E7
2026-03-19T00:00:00.000Z,32,27876.454545454544,0.0,1.7231722727272727E7
2026-03-18T00:00:00.000Z,28,28073.565217391304,0.0,1.6697273086956521E7
2026-03-16T00:00:00.000Z,24,27621.222222222223,370.22222222222223,7858097.888888889
2026-03-16T00:00:00.000Z,33,27689.444444444445,48.77777777777778,6346757.222222222
2026-03-18T00:00:00.000Z,16,28051.666666666668,0.0,1.6481017333333334E7
2026-03-17T00:00:00.000Z,32,27839.545454545456,46.72727272727273,1.0936547090909092E7
2026-03-16T00:00:00.000Z,15,27932.785714285714,418.14285714285717,9400226.214285715
2026-03-16T00:00:00.000Z,11,27610.85714285714,364.42857142857144,1.0233702857142856E7
2026-03-17T00:00:00.000Z,10,27804.25,95.5,5957576.5625
2026-03-19T00:00:00.000Z,5,27990.545454545456,0.0,1.6370692454545455E7
2026-03-17T00:00:00.000Z,39,27673.722222222223,106.11111111111111,6972350.777777778
2026-03-16T00:00:00.000Z,2,27769.8,313.4,1.05024474E7
2026-03-16T00:00:00.000Z,25,27855.0,102.0,6064092.333333333
2026-03-19T00:00:00.000Z,12,27891.736842105263,0.0,1.5650097894736841E7
2026-03-17T00:00:00.000Z,43,27704.923076923078,49.84615384615385,9389200.461538462
2026-03-17T00:00:00.000Z,42,27733.95,104.6,1.039697155E7
2026-03-18T00:00:00.000Z,14,28133.0,0.0,1.6251722666666666E7
2026-03-18T00:00:00.000Z,42,27712.15,0.0,1.61775478E7
2026-03-17T00:00:00.000Z,17,28043.0,81.0,5747474.0
2026-03-17T00:00:00.000Z,21,28010.0,136.0,7426610.0
2026-03-17T00:00:00.000Z,26,27879.75,5.5,1.15802596875E7
2026-03-18T00:00:00.000Z,29,27822.11111111111,0.0,1.6657923222222222E7
2026-03-16T00:00:00.000Z,16,27839.222222222223,308.44444444444446,7759619.777777778
2026-03-18T00:00:00.000Z,13,28032.5,0.0,1.64432385E7
2026-03-17T00:00:00.000Z,4,27971.125,131.0,6752891.25
2026-03-18T00:00:00.000Z,38,27740.0,0.0,1.4692726E7
2026-03-18T00:00:00.000Z,17,28097.0,0.0,1.6158168E7
2026-03-19T00:00:00.000Z,10,27963.8125,0.0,1.59647828125E7
2026-03-18T00:00:00.000Z,23,28023.666666666668,0.0,1.6375958E7
2026-03-19T00:00:00.000Z,4,28084.375,0.0,1.664494475E7
2026-03-16T00:00:00.000Z,9,27637.176470588234,548.3529411764706,9788846.588235294
2026-03-17T00:00:00.000Z,38,27648.0,131.0,6314564.0
2026-03-16T00:00:00.000Z,0,27792.666666666668,334.3333333333333,1.0344032E7
2026-03-16T00:00:00.000Z,43,27557.615384615383,99.76923076923077,8584338.461538462
2026-03-19T00:00:00.000Z,30,27822.090909090908,0.0,1.7404871454545453E7
2026-03-16T00:00:00.000Z,27,27780.666666666668,130.22222222222223,6190799.222222222
2026-03-19T00:00:00.000Z,28,28059.869565217392,0.0,1.704261895652174E7
2026-03-19T00:00:00.000Z,3,27913.875,0.0,1.613452675E7
2026-03-18T00:00:00.000Z,43,27694.153846153848,0.0,1.6505138846153846E7
2026-03-16T00:00:00.000Z,19,27711.0,620.7857142857143,9022625.285714285
2026-03-16T00:00:00.000Z,34,27584.428571428572,53.357142857142854,7175072.642857143
2026-03-16T00:00:00.000Z,3,27683.125,389.0,1.0290844E7
2026-03-17T00:00:00.000Z,33,27940.88888888889,2.0,1.3002398222222222E7
2026-03-18T00:00:00.000Z,3,27870.625,0.0,1.570088625E7
2026-03-18T00:00:00.000Z,34,27841.071428571428,0.0,1.7346861285714287E7
2026-03-16T00:00:00.000Z,23,27840.166666666668,363.6666666666667,9829508.833333334
2026-03-18T00:00:00.000Z,36,27889.125,0.0,1.6349141125E7
2026-03-16T00:00:00.000Z,40,27612.277777777777,182.11111111111111,9144636.222222222
2026-03-19T00:00:00.000Z,35,27810.8,0.0,1.6600166533333333E7
2026-03-18T00:00:00.000Z,35,27760.0,0.0,1.60918498E7
2026-03-16T00:00:00.000Z,18,27971.0,388.0,1.0456612E7
2026-03-16T00:00:00.000Z,30,27527.636363636364,154.63636363636363,7460689.090909091
2026-03-19T00:00:00.000Z,11,27797.0,0.0,1.553378942857143E7
2026-03-18T00:00:00.000Z,41,27828.777777777777,0.0,1.6643924333333334E7
2026-03-19T00:00:00.000Z,27,28079.88888888889,0.0,1.7302945555555556E7
2026-03-19T00:00:00.000Z,39,27785.944444444445,0.0,1.6050680333333334E7
2026-03-17T00:00:00.000Z,8,27835.333333333332,140.77777777777777,5494426.333333333
2026-03-17T00:00:00.000Z,35,27729.533333333333,78.0,7776838.8
2026-03-16T00:00:00.000Z,35,27605.2,244.33333333333334,9403282.4
2026-03-19T00:00:00.000Z,21,28102.0,0.0,1.6796728E7
2026-03-16T00:00:00.000Z,10,27685.875,443.5,9573196.3125
2026-03-19T00:00:00.000Z,15,28161.214285714286,0.0,1.6690569714285715E7
2026-03-19T00:00:00.000Z,38,27773.0,0.0,1.5673665E7
2026-03-19T00:00:00.000Z,43,27757.076923076922,0.0,1.6926192153846152E7
2026-03-17T00:00:00.000Z,27,28007.777777777777,8.777777777777779,9763599.777777778
2026-03-19T00:00:00.000Z,19,28032.5,0.0,1.6336988285714285E7
2026-03-17T00:00:00.000Z,14,28118.333333333332,100.0,7107746.0
2026-03-19T00:00:00.000Z,34,27882.785714285714,0.0,1.751072057142857E7
2026-03-16T00:00:00.000Z,28,27817.130434782608,251.30434782608697,6211358.130434782
2026-03-18T00:00:00.000Z,4,28030.75,0.0,1.6255075375E7
2026-03-17T00:00:00.000Z,23,27995.5,139.33333333333334,7319980.0
2026-03-16T00:00:00.000Z,37,27599.4,150.6,8569954.4
2026-03-17T00:00:00.000Z,34,27836.214285714286,5.785714285714286,1.2465911E7
2026-03-18T00:00:00.000Z,1,27916.375,0.0,1.628448625E7
2026-03-19T00:00:00.000Z,9,27927.823529411766,0.0,1.5944840235294119E7
2026-03-18T00:00:00.000Z,20,28083.5625,0.0,1.61906971875E7
2026-03-18T00:00:00.000Z,37,27774.8,0.0,1.65875164E7
2026-03-17T00:00:00.000Z,2,27882.6,89.2,7065453.6
2026-03-19T00:00:00.000Z,1,27970.375,0.0,1.6695346625E7
2026-03-18T00:00:00.000Z,40,27678.5,0.0,1.5597567166666666E7
2026-03-19T00:00:00.000Z,26,27929.25,0.0,1.747572875E7
2026-03-17T00:00:00.000Z,15,28091.928571428572,104.21428571428571,6782390.642857143
2026-03-19T00:00:00.000Z,18,28152.0,0.0,1.63562E7
2026-03-17T00:00:00.000Z,1,27884.875,110.625,7552064.0
2026-03-16T00:00:00.000Z,17,27870.0,533.0,9501779.0
2026-03-18T00:00:00.000Z,39,27736.11111111111,0.0,1.5334498777777778E7
2026-03-16T00:00:00.000Z,14,27956.0,267.0,8741312.666666666
2026-03-19T00:00:00.000Z,29,27874.0,0.0,1.7080273777777776E7
2026-03-16T00:00:00.000Z,12,27620.947368421053,480.5263157894737,1.0118693631578946E7
2026-03-16T00:00:00.000Z,42,27638.45,237.1,9560769.15
2026-03-17T00:00:00.000Z,28,28012.304347826088,21.782608695652176,8122923.9130434785
2026-03-17T00:00:00.000Z,13,28012.0,73.0,7306237.5
2026-03-18T00:00:00.000Z,26,27915.875,0.0,1.7307598125E7
2026-03-16T00:00:00.000Z,26,27639.0,66.4375,6581298.75
2026-03-18T00:00:00.000Z,25,28112.333333333332,0.0,1.708902E7
2026-03-16T00:00:00.000Z,8,27700.555555555555,487.1111111111111,9524903.222222222
2026-03-16T00:00:00.000Z,21,27847.0,344.0,9691614.0
2026-03-18T00:00:00.000Z,11,27770.14285714286,0.0,1.4824976142857144E7
2026-03-17T00:00:00.000Z,16,28023.333333333332,69.11111111111111,7394718.888888889
2026-03-18T00:00:00.000Z,21,28031.0,0.0,1.6403373E7
2026-03-17T00:00:00.000Z,9,27749.41176470588,157.88235294117646,5433732.588235294
2026-03-18T00:00:00.000Z,9,27891.117647058825,0.0,1.5598537352941176E7
2026-03-19T00:00:00.000Z,40,27720.222222222223,0.0,1.6347924666666666E7
2026-03-17T00:00:00.000Z,11,27621.571428571428,182.85714285714286,5155267.0
2026-03-17T00:00:00.000Z,18,28089.0,75.0,5883254.0
2026-03-16T00:00:00.000Z,31,27531.777777777777,93.77777777777777,8154359.555555556
2026-03-19T00:00:00.000Z,8,27983.555555555555,0.0,1.6194818444444444E7
2026-03-19T00:00:00.000Z,14,28169.333333333332,0.0,1.6630513E7
2026-03-16T00:00:00.000Z,39,27612.055555555555,299.44444444444446,9586195.333333334
2026-03-17T00:00:00.000Z,40,27675.11111111111,72.66666666666667,8602038.055555556
2026-03-18T00:00:00.000Z,15,28128.85714285714,0.0,1.6313972785714285E7
2026-03-18T00:00:00.000Z,32,27824.18181818182,0.0,1.6989335272727273E7
2026-03-18T00:00:00.000Z,30,27767.81818181818,0.0,1.704952690909091E7
2026-03-19T00:00:00.000Z,22,27939.0,0.0,1.6778429181818184E7
2026-03-18T00:00:00.000Z,19,27956.071428571428,0.0,1.6012145142857144E7
2026-03-17T00:00:00.000Z,7,27954.647058823528,130.64705882352942,5940927.470588235
2026-03-17T00:00:00.000Z,41,27856.88888888889,80.22222222222223,1.1342126333333334E7
2026-03-16T00:00:00.000Z,22,27696.18181818182,385.27272727272725,9152886.363636363
2026-03-16T00:00:00.000Z,41,27713.333333333332,139.88888888888889,8896730.444444444
2026-03-16T00:00:00.000Z,5,27746.18181818182,383.72727272727275,1.0392526636363637E7
2026-03-17T00:00:00.000Z,31,27721.444444444445,33.888888888888886,9246900.777777778
2026-03-16T00:00:00.000Z,7,27798.058823529413,528.2941176470588,9482462.764705881
2026-03-19T00:00:00.000Z,16,28076.666666666668,0.0,1.6853344888888888E7
2026-03-17T00:00:00.000Z,22,27861.18181818182,108.18181818181819,7732795.7272727275
2026-03-19T00:00:00.000Z,7,28086.470588235294,0.0,1.6545375411764706E7
2026-03-18T00:00:00.000Z,12,27854.263157894737,0.0,1.5213212105263159E7
2026-03-18T00:00:00.000Z,2,27936.8,0.0,1.60392974E7
2026-03-17T00:00:00.000Z,30,27751.545454545456,21.90909090909091,9269827.090909092
2026-03-17T00:00:00.000Z,29,27805.444444444445,38.55555555555556,8309500.777777778
2026-03-17T00:00:00.000Z,12,27689.894736842107,165.6315789473684,5066504.2105263155
2026-03-17T00:00:00.000Z,37,27762.1,57.1,8188941.3
2026-03-17T00:00:00.000Z,0,27919.0,115.33333333333333,6970961.333333333
2026-03-17T00:00:00.000Z,36,27868.5,74.625,7830930.0
2026-03-18T00:00:00.000Z,0,27974.666666666668,0.0,1.6118869666666666E7
2026-03-18T00:00:00.000Z,24,27845.222222222223,0.0,1.6509758222222222E7
2026-03-16T00:00:00.000Z,38,27645.0,268.0,9618408.0
2026-03-17T00:00:00.000Z,5,27863.18181818182,131.9090909090909,5954118.909090909
2026-03-19T00:00:00.000Z,41,27873.88888888889,0.0,1.6794613666666668E7
2026-03-18T00:00:00.000Z,10,27920.6875,0.0,1.57041374375E7
2026-03-18T00:00:00.000Z,8,27947.666666666668,0.0,1.5859574444444444E7
2026-03-17T00:00:00.000Z,25,28063.666666666668,7.666666666666667,1.0149350666666666E7
2026-03-18T00:00:00.000Z,33,27973.333333333332,0.0,1.7363731777777776E7
2026-03-19T00:00:00.000Z,37,27835.4,0.0,1.70518966E7
2026-03-18T00:00:00.000Z,18,28115.0,0.0,1.6058202E7
2026-03-16T00:00:00.000Z,4,27839.25,352.0,1.024441675E7
2026-02-25T00:00:00.000Z,8,28069.666666666668,0.2222222222222222,9202603.222222222
2026-02-25T00:00:00.000Z,42,27932.55,0.95,1.13492328E7
2026-02-26T00:00:00.000Z,40,28024.38888888889,2.7222222222222223,1.1597197277777778E7
2026-02-25T00:00:00.000Z,0,28117.0,0.3333333333333333,1.0271399E7
2026-02-25T00:00:00.000Z,24,27999.777777777777,1.2222222222222223,1.0833833777777778E7
2026-02-27T00:00:00.000Z,4,28352.5,0.0,1.215739675E7
2026-02-26T00:00:00.000Z,36,28192.375,0.75,1.1787901375E7
2026-02-26T00:00:00.000Z,30,28051.636363636364,0.09090909090909091,1.2139605272727273E7
2026-02-26T00:00:00.000Z,13,28253.0,0.0,1.16813515E7
2026-02-25T00:00:00.000Z,7,28151.941176470587,0.8823529411764706,1.003825588235294E7
2026-02-25T00:00:00.000Z,35,27975.8,2.466666666666667,1.0189423466666667E7
2026-02-27T00:00:00.000Z,2,28318.2,0.0,1.23020804E7
2026-02-25T00:00:00.000Z,29,28002.444444444445,1.5555555555555556,1.0802690888888888E7
2026-02-27T00:00:00.000Z,17,28354.0,0.0,1.1771563E7
2026-02-24T00:00:00.000Z,9,28029.941176470587,928.2352941176471,2258770.1764705884
2026-02-25T00:00:00.000Z,27,28107.777777777777,5.444444444444445,1.0683831555555556E7
2026-02-25T00:00:00.000Z,34,27988.571428571428,1.5714285714285714,1.0743398785714285E7
2026-02-27T00:00:00.000Z,16,28413.666666666668,0.0,1.2144850111111112E7
2026-02-25T00:00:00.000Z,16,28106.777777777777,0.4444444444444444,1.1076354E7
2026-02-25T00:00:00.000Z,32,27978.272727272728,0.6363636363636364,1.1042993636363637E7
2026-02-27T00:00:00.000Z,21,28463.0,0.0,1.2126521E7
2026-02-24T00:00:00.000Z,14,28300.666666666668,1261.0,1117230.6666666667
2026-02-24T00:00:00.000Z,2,28177.4,1178.2,990047.0
2026-02-26T00:00:00.000Z,34,28123.214285714286,0.14285714285714285,1.1905783285714285E7
2026-02-26T00:00:00.000Z,38,28046.0,2.0,1.1384753E7
2026-02-27T00:00:00.000Z,42,28061.65,0.0,1.28764726E7
2026-02-27T00:00:00.000Z,23,28427.833333333332,0.0,1.2129380333333334E7
2026-02-27T00:00:00.000Z,43,28091.53846153846,0.0,1.285369776923077E7
2026-02-24T00:00:00.000Z,33,28206.88888888889,130.11111111111111,3909812.3333333335
2026-02-25T00:00:00.000Z,20,28186.875,0.8125,1.00143880625E7
2026-02-26T00:00:00.000Z,19,28111.64285714286,1.9285714285714286,1.1086853785714285E7
2026-02-25T00:00:00.000Z,43,27906.846153846152,2.076923076923077,1.0667965E7
2026-02-26T00:00:00.000Z,24,28096.222222222223,0.0,1.1837914888888888E7
2026-02-25T00:00:00.000Z,17,28215.0,1.0,9885364.0
2026-02-27T00:00:00.000Z,41,28118.444444444445,0.0,1.2820995444444444E7
2026-02-25T00:00:00.000Z,4,28159.875,0.0,1.0334236125E7
2026-02-25T00:00:00.000Z,11,27905.428571428572,2.4285714285714284,9194597.285714285
2026-02-26T00:00:00.000Z,39,28075.944444444445,1.3888888888888888,1.1457923055555556E7
2026-02-24T00:00:00.000Z,39,28029.277777777777,1229.7222222222222,1240806.7222222222
2026-02-27T00:00:00.000Z,29,28203.222222222223,0.0,1.2526923333333334E7
2026-02-24T00:00:00.000Z,23,28229.166666666668,1028.6666666666667,1219054.3333333333
2026-02-24T00:00:00.000Z,13,28229.0,1185.5,1352412.5
2026-02-27T00:00:00.000Z,5,28229.727272727272,0.0,1.2176284727272727E7
2026-02-24T00:00:00.000Z,8,28092.444444444445,798.4444444444445,2261644.888888889
2026-02-27T00:00:00.000Z,1,28291.25,0.0,1.2215358E7
2026-02-27T00:00:00.000Z,11,28084.285714285714,0.0,1.2267580714285715E7
2026-02-27T00:00:00.000Z,34,28215.85714285714,0.0,1.29512185E7
2026-02-25T00:00:00.000Z,21,28192.0,0.0,1.0792515E7
2026-02-24T00:00:00.000Z,11,27966.85714285714,1511.857142857143,1432387.4285714286
2026-02-24T00:00:00.000Z,0,28179.333333333332,1031.0,1165065.3333333333
2026-02-24T00:00:00.000Z,7,28179.352941176472,927.0588235294117,1427809.4117647058
2026-02-25T00:00:00.000Z,2,28105.0,1.0,1.01028046E7
2026-02-24T00:00:00.000Z,35,28069.8,911.3333333333334,1258519.2
2026-02-26T00:00:00.000Z,7,28136.470588235294,1.0,1.1569503705882354E7
2026-02-25T00:00:00.000Z,3,28051.5,1.75,9565344.625
2026-02-27T00:00:00.000Z,15,28413.0,0.0,1.196080742857143E7
2026-02-26T00:00:00.000Z,14,28341.0,0.0,1.149386E7
2026-02-24T00:00:00.000Z,24,28079.11111111111,806.5555555555555,1786229.5555555555
2026-02-26T00:00:00.000Z,26,28151.0625,0.0,1.1943114875E7
2026-02-27T00:00:00.000Z,14,28497.666666666668,0.0,1.1899057666666666E7
2026-02-24T00:00:00.000Z,17,28236.0,749.0,1460204.0
2026-02-27T00:00:00.000Z,32,28190.18181818182,0.0,1.2889010636363637E7
2026-02-24T00:00:00.000Z,34,28125.214285714286,121.85714285714286,3442990.4285714286
2026-02-25T00:00:00.000Z,1,28064.375,0.75,1.059916E7
2026-02-24T00:00:00.000Z,27,28235.11111111111,373.55555555555554,2574182.6666666665
2026-02-26T00:00:00.000Z,28,28235.695652173912,0.0,1.1787241E7
2026-02-26T00:00:00.000Z,17,28191.0,2.0,1.1041563E7
2026-02-26T00:00:00.000Z,31,28048.555555555555,1.5555555555555556,1.2112170666666666E7
2026-02-26T00:00:00.000Z,42,28009.05,2.6,1.178729E7
2026-02-24T00:00:00.000Z,36,28170.625,506.5,1431287.75
2026-02-26T00:00:00.000Z,15,28263.214285714286,0.9285714285714286,1.1521733642857144E7
2026-02-25T00:00:00.000Z,14,28196.333333333332,0.0,1.0663138666666666E7
2026-02-25T00:00:00.000Z,25,28126.0,7.666666666666667,1.0763304333333334E7
2026-02-24T00:00:00.000Z,43,28029.69230769231,480.38461538461536,1743819.6153846155
2026-02-26T00:00:00.000Z,10,28099.6875,1.5625,1.06794196875E7
2026-02-26T00:00:00.000Z,4,28203.625,0.0,1.178102675E7
2026-02-24T00:00:00.000Z,21,28246.0,1087.0,1250474.0
2026-02-26T00:00:00.000Z,35,28132.133333333335,1.0666666666666667,1.16661568E7
2026-02-24T00:00:00.000Z,42,28008.75,963.95,1380949.9
2026-02-25T00:00:00.000Z,13,28103.0,0.5,1.09948215E7
2026-02-25T00:00:00.000Z,36,28055.75,1.875,1.0533211625E7
2026-02-26T00:00:00.000Z,0,28184.666666666668,0.0,1.1728555666666666E7
2026-02-27T00:00:00.000Z,33,28277.0,0.0,1.2833576888888888E7
2026-02-27T00:00:00.000Z,27,28357.777777777777,0.0,1.2633379444444444E7
2026-02-24T00:00:00.000Z,15,28297.785714285714,992.4285714285714,1218765.142857143
2026-02-26T00:00:00.000Z,32,28069.090909090908,3.272727272727273,1.1997448636363637E7
2026-02-26T00:00:00.000Z,27,28256.666666666668,0.0,1.1853663888888888E7
2026-02-25T00:00:00.000Z,5,28084.81818181818,0.6363636363636364,9808737.545454545
2026-02-24T00:00:00.000Z,20,28225.1875,816.125,1318611.375
2026-02-26T00:00:00.000Z,37,28109.5,1.0,1.19807872E7
2026-02-27T00:00:00.000Z,38,28061.0,0.0,1.243222E7
2026-02-27T00:00:00.000Z,36,28273.0,0.0,1.2415489625E7
2026-02-27T00:00:00.000Z,30,28148.18181818182,0.0,1.2831797454545455E7
2026-02-26T00:00:00.000Z,8,28113.777777777777,1.2222222222222223,1.1278473333333334E7
2026-02-26T00:00:00.000Z,18,28200.0,2.0,1.0919917E7
2026-02-27T00:00:00.000Z,18,28344.0,0.0,1.1656233E7
2026-02-25T00:00:00.000Z,12,27976.263157894737,1.0,8635642.47368421
2026-02-25T00:00:00.000Z,31,27923.333333333332,1.5555555555555556,1.0912103111111112E7
2026-02-27T00:00:00.000Z,8,28254.444444444445,0.0,1.1914117555555556E7
2026-02-24T00:00:00.000Z,37,28100.0,380.4,1751898.0
2026-02-26T00:00:00.000Z,11,28023.14285714286,2.0,1.1368621714285715E7
2026-02-25T00:00:00.000Z,18,28232.0,1.0,9322481.0
2026-02-27T00:00:00.000Z,9,28235.58823529412,0.0,1.1982956E7
2026-02-27T00:00:00.000Z,22,28307.545454545456,0.0,1.2197416727272727E7
2026-02-24T00:00:00.000Z,3,28094.5,1511.375,978668.5
2026-02-24T00:00:00.000Z,30,28047.909090909092,258.54545454545456,2630534.909090909
2026-02-24T00:00:00.000Z,38,28029.0,1307.0,1296267.0
2026-02-24T00:00:00.000Z,5,28127.18181818182,1279.090909090909,1153163.2727272727
2026-02-27T00:00:00.000Z,35,28188.866666666665,0.0,1.2567652466666667E7
2026-02-25T00:00:00.000Z,28,28094.565217391304,3.217391304347826,1.104767456521739E7
2026-02-27T00:00:00.000Z,26,28245.5,0.0,1.28896548125E7
2026-02-26T00:00:00.000Z,21,28290.0,0.0,1.175926E7
2026-02-27T00:00:00.000Z,24,28230.777777777777,0.0,1.2308716555555556E7
2026-02-24T00:00:00.000Z,22,28108.545454545456,979.3636363636364,1559827.5454545454
2026-02-24T00:00:00.000Z,12,27999.052631578947,1231.6842105263158,1729016.1578947369
2026-02-24T00:00:00.000Z,4,28213.625,1002.0,1058807.375
2026-02-26T00:00:00.000Z,43,28021.615384615383,2.923076923076923,1.1804036615384616E7
2026-02-25T00:00:00.000Z,41,27951.222222222223,0.8888888888888888,1.1065660111111112E7
2026-02-25T00:00:00.000Z,15,28220.428571428572,0.5714285714285714,1.043189542857143E7
2026-02-27T00:00:00.000Z,40,28056.0,0.0,1.27949715E7
2026-02-25T00:00:00.000Z,23,28175.666666666668,0.0,1.07100315E7
2026-02-24T00:00:00.000Z,19,28089.714285714286,669.5,2231144.285714286
2026-02-26T00:00:00.000Z,12,28066.57894736842,0.9473684210526315,1.1282863894736841E7
2026-02-27T00:00:00.000Z,3,28249.375,0.0,1.2309533875E7
2026-02-26T00:00:00.000Z,25,28279.0,0.0,1.1877077666666666E7
2026-02-27T00:00:00.000Z,12,28196.684210526317,0.0,1.2090132368421054E7
2026-02-27T00:00:00.000Z,20,28324.875,0.0,1.18318925E7
2026-02-26T00:00:00.000Z,29,28102.88888888889,0.3333333333333333,1.1957822333333334E7
2026-02-27T00:00:00.000Z,13,28407.5,0.0,1.21122475E7
2026-02-24T00:00:00.000Z,32,28123.81818181818,264.8181818181818,2511686.1818181816
2026-02-27T00:00:00.000Z,10,28267.0,0.0,1.170964E7
2026-02-27T00:00:00.000Z,7,28279.941176470587,0.0,1.2021272529411765E7
2026-02-24T00:00:00.000Z,26,28153.125,170.5,3337754.8125
2026-02-27T00:00:00.000Z,31,28129.333333333332,0.0,1.2892903333333334E7
2026-02-24T00:00:00.000Z,31,28059.11111111111,254.22222222222223,2378964.6666666665
2026-02-26T00:00:00.000Z,33,28218.444444444445,0.0,1.1728049888888888E7
2026-02-25T00:00:00.000Z,33,28054.333333333332,1.0,1.0449889111111112E7
2026-02-25T00:00:00.000Z,26,28010.8125,2.6875,1.072252375E7
2026-02-24T00:00:00.000Z,18,28304.0,602.0,1254126.0
2026-02-25T00:00:00.000Z,19,28086.714285714286,1.0,9767272.214285715
2026-02-24T00:00:00.000Z,10,28065.4375,477.3125,3618175.5
2026-02-26T00:00:00.000Z,3,28168.125,0.375,1.1565713E7
2026-02-26T00:00:00.000Z,22,28161.0,0.0,1.1795029727272727E7
2026-02-26T00:00:00.000Z,5,28114.545454545456,0.0,1.1727500909090908E7
2026-02-27T00:00:00.000Z,28,28364.17391304348,0.0,1.2355887652173912E7
2026-02-27T00:00:00.000Z,39,28112.0,0.0,1.2489972277777778E7
2026-02-27T00:00:00.000Z,37,28185.9,0.0,1.26682255E7
2026-02-27T00:00:00.000Z,25,28373.0,0.0,1.2676142666666666E7
2026-02-26T00:00:00.000Z,20,28168.3125,1.625,1.1219914125E7
2026-02-25T00:00:00.000Z,9,28023.823529411766,0.5882352941176471,8819693.88235294
2026-02-25T00:00:00.000Z,38,27915.0,3.0,1.0035932E7
2026-02-26T00:00:00.000Z,9,28097.235294117647,0.9411764705882353,1.1304175470588235E7
2026-02-24T00:00:00.000Z,16,28233.0,1184.5555555555557,1416644.3333333333
2026-02-25T00:00:00.000Z,10,28013.1875,0.5,8572196.75
2026-02-24T00:00:00.000Z,1,28144.75,805.5,1389253.25
2026-02-25T00:00:00.000Z,22,28029.636363636364,0.8181818181818182,1.0899818818181818E7
2026-02-25T00:00:00.000Z,30,27953.727272727272,1.2727272727272727,1.0913997272727273E7
2026-02-24T00:00:00.000Z,41,28078.222222222223,575.8888888888889,1853530.2222222222
2026-02-24T00:00:00.000Z,28,28240.217391304348,749.8260869565217,1877495.1739130435
2026-02-24T00:00:00.000Z,25,28290.333333333332,292.6666666666667,2733688.6666666665
2026-02-26T00:00:00.000Z,16,28260.0,0.0,1.1706142888888888E7
2026-02-25T00:00:00.000Z,39,27941.38888888889,3.388888888888889,9972206.111111112
2026-02-26T00:00:00.000Z,23,28258.833333333332,0.0,1.1766569333333334E7
2026-02-25T00:00:00.000Z,40,27925.944444444445,3.0,1.0745449166666666E7
2026-02-27T00:00:00.000Z,19,28281.0,0.0,1.1813488142857144E7
2026-02-24T00:00:00.000Z,29,28108.555555555555,405.1111111111111,2194970.5555555555
2026-02-26T00:00:00.000Z,2,28219.6,0.0,1.1713652E7
2026-02-25T00:00:00.000Z,37,27973.2,2.0,1.07356879E7
2026-02-26T00:00:00.000Z,1,28160.875,0.0,1.1819156125E7
2026-02-24T00:00:00.000Z,40,28036.166666666668,837.8333333333334,1340709.888888889
2026-02-26T00:00:00.000Z,41,28003.777777777777,3.7777777777777777,1.1765071E7
2026-02-27T00:00:00.000Z,0,28318.666666666668,0.0,1.2161288E7
2026-01-18T00:00:00.000Z,33,27232.333333333332,112.66666666666667,6200380.0
2026-01-15T00:00:00.000Z,17,27956.0,357.0,3668892.0
2026-01-16T00:00:00.000Z,43,27371.69230769231,0.0,6090024.692307692
2026-01-18T00:00:00.000Z,24,27272.88888888889,13.11111111111111,5504326.444444444
2026-01-15T00:00:00.000Z,9,27761.176470588234,139.64705882352942,4569353.529411765
2026-01-18T00:00:00.000Z,37,27151.5,17.2,5493767.8
2026-01-15T00:00:00.000Z,41,27542.555555555555,3.888888888888889,5881125.666666667
2026-01-17T00:00:00.000Z,20,27396.875,2.125,4267539.9375
2026-01-17T00:00:00.000Z,29,27380.88888888889,5.333333333333333,5252182.888888889
2026-01-16T00:00:00.000Z,9,27617.529411764706,0.0,5312192.117647059
2026-01-15T00:00:00.000Z,43,27489.076923076922,20.692307692307693,6056939.769230769
2026-01-18T00:00:00.000Z,8,27335.11111111111,0.0,4563820.222222222
2026-01-18T00:00:00.000Z,26,27210.1875,109.8125,6331968.8125
2026-01-15T00:00:00.000Z,10,27778.375,308.8125,3817713.8125
2026-01-15T00:00:00.000Z,15,27985.14285714286,292.64285714285717,4461965.928571428
2026-01-18T00:00:00.000Z,1,27238.25,2.125,5045975.75
2026-01-17T00:00:00.000Z,0,27338.0,0.0,5019621.666666667
2026-01-15T00:00:00.000Z,35,27623.733333333334,32.53333333333333,5770692.6
2026-01-16T00:00:00.000Z,12,27539.21052631579,0.0,5418028.421052632
2026-01-16T00:00:00.000Z,28,27822.17391304348,0.0,5588445.0869565215
2026-01-16T00:00:00.000Z,39,27460.61111111111,0.0,5761794.0
2026-01-17T00:00:00.000Z,41,27275.0,0.0,5780066.222222222
2026-01-16T00:00:00.000Z,11,27418.285714285714,0.0,5601907.714285715
2026-01-16T00:00:00.000Z,26,27610.1875,0.0,6105268.75
2026-01-17T00:00:00.000Z,25,27630.333333333332,12.666666666666666,5567046.666666667
2026-01-17T00:00:00.000Z,24,27420.777777777777,7.777777777777778,4991983.0
2026-01-18T00:00:00.000Z,34,27170.214285714286,105.5,6325240.571428572
2026-01-18T00:00:00.000Z,28,27311.043478260868,18.304347826086957,5825302.652173913
2026-01-17T00:00:00.000Z,5,27311.454545454544,0.0,5124364.0
2026-01-18T00:00:00.000Z,14,27430.0,20.0,4803487.0
2026-01-16T00:00:00.000Z,38,27417.0,0.0,5754310.0
2026-01-17T00:00:00.000Z,1,27346.875,0.125,4995494.875
2026-01-18T00:00:00.000Z,16,27330.0,18.77777777777778,5317520.666666667
2026-01-16T00:00:00.000Z,20,27797.0,0.0,5127586.6875
2026-01-16T00:00:00.000Z,1,27672.5,0.0,5445540.25
2026-01-15T00:00:00.000Z,14,28021.333333333332,295.0,4626333.0
2026-01-18T00:00:00.000Z,29,27248.333333333332,27.88888888888889,5658007.111111111
2026-01-18T00:00:00.000Z,19,27321.64285714286,0.0,4323251.571428572
2026-01-17T00:00:00.000Z,33,27488.333333333332,6.666666666666667,5600591.333333333
2026-01-16T00:00:00.000Z,22,27736.0,0.0,5474936.2727272725
2026-01-15T00:00:00.000Z,0,27817.0,149.0,5208537.0
2026-01-17T00:00:00.000Z,16,27471.666666666668,2.2222222222222223,4783413.333333333
2026-01-18T00:00:00.000Z,32,27125.272727272728,68.27272727272727,5829686.7272727275
2026-01-17T00:00:00.000Z,23,27422.0,0.6666666666666666,4750954.833333333
2026-01-16T00:00:00.000Z,29,27578.88888888889,0.0,5760358.222222222
2026-01-15T00:00:00.000Z,42,27516.7,1.8,5738724.15
2026-01-17T00:00:00.000Z,31,27226.333333333332,0.8888888888888888,5669649.222222222
2026-01-16T00:00:00.000Z,17,27825.0,0.0,5113390.0
2026-01-15T00:00:00.000Z,40,27587.444444444445,4.944444444444445,5727695.666666667
2026-01-18T00:00:00.000Z,3,27260.625,1.0,4527887.875
2026-01-15T00:00:00.000Z,13,27951.0,244.5,4887046.0
2026-01-16T00:00:00.000Z,41,27408.88888888889,0.0,5893997.111111111
2026-01-15T00:00:00.000Z,33,27733.333333333332,84.44444444444444,5566902.0
2026-01-17T00:00:00.000Z,42,27202.2,0.0,5979062.2
2026-01-18T00:00:00.000Z,13,27338.0,19.0,5219111.0
2026-01-18T00:00:00.000Z,35,27111.2,5.066666666666666,4899304.533333333
2026-01-17T00:00:00.000Z,21,27439.0,1.0,4738223.0
2026-01-17T00:00:00.000Z,37,27273.3,0.8,5482732.1
2026-01-18T00:00:00.000Z,10,27327.375,0.0,4497079.3125
2026-01-15T00:00:00.000Z,21,27971.0,217.0,4997994.0
2026-01-16T00:00:00.000Z,4,27712.25,0.0,5333810.5
2026-01-17T00:00:00.000Z,34,27361.428571428572,7.428571428571429,5702201.928571428
2026-01-18T00:00:00.000Z,31,27088.88888888889,45.22222222222222,5832083.222222222
2026-01-15T00:00:00.000Z,2,27785.8,94.8,5438476.0
2026-01-15T00:00:00.000Z,26,27718.375,71.5625,5714019.4375
2026-01-15T00:00:00.000Z,30,27624.272727272728,93.72727272727273,6027406.090909091
2026-01-15T00:00:00.000Z,28,27946.652173913044,124.95652173913044,5151677.695652174
2026-01-15T00:00:00.000Z,25,27917.666666666668,74.66666666666667,5368836.666666667
2026-01-15T00:00:00.000Z,20,27922.625,317.75,3931379.625
2026-01-16T00:00:00.000Z,3,27603.625,0.0,5582865.625
2026-01-16T00:00:00.000Z,33,27600.444444444445,0.0,5935143.888888889
2026-01-18T00:00:00.000Z,41,27122.11111111111,45.333333333333336,5458692.888888889
2026-01-18T00:00:00.000Z,20,27371.75,0.0,4115201.5
2026-01-17T00:00:00.000Z,7,27368.352941176472,0.35294117647058826,4688879.411764706
2026-01-16T00:00:00.000Z,16,27873.555555555555,0.0,5373972.222222222
2026-01-17T00:00:00.000Z,3,27290.25,0.0,5447417.75
2026-01-15T00:00:00.000Z,3,27740.625,60.5,5335234.25
2026-01-17T00:00:00.000Z,38,27124.0,0.0,5753062.0
2026-01-17T00:00:00.000Z,14,27507.0,2.0,4485291.333333333
2026-01-18T00:00:00.000Z,2,27265.8,1.0,4722453.4
2026-01-17T00:00:00.000Z,32,27307.545454545456,0.0,5605869.636363637
2026-01-16T00:00:00.000Z,7,27705.058823529413,0.0,5262156.470588235
2026-01-15T00:00:00.000Z,37,27657.6,47.0,5911454.7
2026-01-17T00:00:00.000Z,18,27387.0,1.0,4256012.0
2026-01-17T00:00:00.000Z,10,27291.5,0.0,4847535.0625
2026-01-15T00:00:00.000Z,22,27827.909090909092,165.1818181818182,5304234.181818182
2026-01-17T00:00:00.000Z,35,27181.066666666666,0.0,5633116.6
2026-01-18T00:00:00.000Z,38,27090.0,1.0,4795556.0
2026-01-15T00:00:00.000Z,36,27751.75,54.5,5644170.125
2026-01-18T00:00:00.000Z,30,27202.272727272728,72.45454545454545,6189819.363636363
2026-01-16T00:00:00.000Z,0,27665.333333333332,0.0,5426091.0
2026-01-16T00:00:00.000Z,27,27770.11111111111,0.0,5878211.888888889
2026-01-16T00:00:00.000Z,2,27642.2,0.0,5521000.2
2026-01-17T00:00:00.000Z,19,27320.285714285714,0.5,4446624.571428572
2026-01-15T00:00:00.000Z,18,27982.0,349.0,3520878.0
2026-01-16T00:00:00.000Z,32,27435.727272727272,0.0,5992502.090909091
2026-01-18T00:00:00.000Z,42,27084.0,25.25,5357083.1
2026-01-15T00:00:00.000Z,38,27634.0,4.0,5434170.0
2026-01-18T00:00:00.000Z,43,27016.153846153848,32.46153846153846,5363170.692307692
2026-01-16T00:00:00.000Z,21,27868.0,0.0,5362811.0
2026-01-18T00:00:00.000Z,21,27343.0,7.0,4968868.0
2026-01-18T00:00:00.000Z,36,27238.75,3.625,5145665.5
2026-01-15T00:00:00.000Z,31,27557.777777777777,38.0,6102539.444444444
2026-01-17T00:00:00.000Z,26,27455.9375,7.875,5733821.375
2026-01-16T00:00:00.000Z,24,27667.0,0.0,5537360.333333333
2026-01-17T00:00:00.000Z,22,27372.727272727272,2.090909090909091,4931881.363636363
2026-01-16T00:00:00.000Z,35,27485.8,0.0,5834963.6
2026-01-15T00:00:00.000Z,19,27819.285714285714,256.5,3917176.785714286
2026-01-15T00:00:00.000Z,39,27630.222222222223,18.11111111111111,5520851.166666667
2026-01-18T00:00:00.000Z,9,27322.470588235294,0.0,4668176.294117647
2026-01-18T00:00:00.000Z,17,27380.0,0.0,3894761.0
2026-01-16T00:00:00.000Z,37,27538.6,0.0,5903645.2
2026-01-16T00:00:00.000Z,23,27817.333333333332,0.0,5344460.833333333
2026-01-15T00:00:00.000Z,29,27712.555555555555,80.55555555555556,5702232.222222222
2026-01-18T00:00:00.000Z,27,27334.666666666668,108.77777777777777,6110427.0
2026-01-17T00:00:00.000Z,12,27232.684210526317,0.0,5409724.947368421
2026-01-17T00:00:00.000Z,11,27116.0,0.0,5587735.428571428
2026-01-18T00:00:00.000Z,11,27141.285714285714,1.0,4755544.285714285
2026-01-17T00:00:00.000Z,40,27186.277777777777,0.0,5934086.055555556
2026-01-15T00:00:00.000Z,16,27964.333333333332,239.88888888888889,4901820.888888889
2026-01-18T00:00:00.000Z,0,27278.333333333332,0.3333333333333333,4816959.333333333
2026-01-16T00:00:00.000Z,10,27637.8125,0.0,5124445.6875
2026-01-16T00:00:00.000Z,34,27468.214285714286,0.0,6180752.357142857
2026-01-17T00:00:00.000Z,27,27577.0,17.333333333333332,5477219.0
2026-01-15T00:00:00.000Z,5,27774.363636363636,117.72727272727273,5057063.454545454
2026-01-15T00:00:00.000Z,23,27936.166666666668,208.0,5002786.166666667
2026-01-15T00:00:00.000Z,34,27602.714285714286,64.42857142857143,5946457.785714285
2026-01-16T00:00:00.000Z,19,27697.071428571428,0.0,5161294.142857143
2026-01-17T00:00:00.000Z,13,27466.5,3.0,4734991.5
2026-01-15T00:00:00.000Z,4,27864.375,172.0,5030211.75
2026-01-16T00:00:00.000Z,42,27376.45,0.0,5935785.4
2026-01-18T00:00:00.000Z,15,27413.214285714286,5.285714285714286,4571629.071428572
2026-01-15T00:00:00.000Z,1,27797.625,138.0,5361791.875
2026-01-17T00:00:00.000Z,39,27168.0,0.0,5714784.777777778
2026-01-17T00:00:00.000Z,43,27122.53846153846,0.0,5876780.769230769
2026-01-15T00:00:00.000Z,32,27567.81818181818,14.909090909090908,5992559.363636363
2026-01-18T00:00:00.000Z,25,27343.333333333332,89.66666666666667,6191939.0
2026-01-16T00:00:00.000Z,18,27830.0,0.0,5048788.0
2026-01-18T00:00:00.000Z,23,27329.666666666668,4.666666666666667,4928948.666666667
2026-01-15T00:00:00.000Z,27,27877.0,85.11111111111111,5411936.333333333
2026-01-15T00:00:00.000Z,7,27848.235294117647,193.58823529411765,4486431.764705882
2026-01-17T00:00:00.000Z,8,27301.777777777777,0.0,4937326.222222222
2026-01-18T00:00:00.000Z,5,27299.18181818182,0.0,4665388.7272727275
2026-01-18T00:00:00.000Z,40,27071.222222222223,16.22222222222222,4951942.222222222
2026-01-15T00:00:00.000Z,8,27796.777777777777,171.55555555555554,4320167.111111111
2026-01-17T00:00:00.000Z,9,27274.941176470587,0.0,5251868.529411765
2026-01-15T00:00:00.000Z,11,27639.0,40.42857142857143,5197166.571428572
2026-01-17T00:00:00.000Z,17,27397.0,3.0,4163873.0
2026-01-16T00:00:00.000Z,8,27665.333333333332,0.0,5220092.444444444
2026-01-16T00:00:00.000Z,36,27649.5,0.0,5627856.5
2026-01-18T00:00:00.000Z,22,27237.18181818182,15.818181818181818,5266096.7272727275
2026-01-18T00:00:00.000Z,12,27284.263157894737,0.0,4703748.052631579
2026-01-15T00:00:00.000Z,24,27764.333333333332,103.66666666666667,5433492.666666667
2026-01-17T00:00:00.000Z,30,27329.727272727272,9.636363636363637,5655343.7272727275
2026-01-17T00:00:00.000Z,28,27541.608695652172,3.739130434782609,5096973.347826087
2026-01-17T00:00:00.000Z,15,27466.928571428572,1.5714285714285714,4490085.142857143
2026-01-17T00:00:00.000Z,4,27384.0,0.0,4863127.625
2026-01-16T00:00:00.000Z,13,27866.0,0.0,5337772.5
2026-01-18T00:00:00.000Z,18,27377.0,0.0,3633768.0
2026-01-16T00:00:00.000Z,30,27486.454545454544,0.0,6179047.181818182
2026-01-16T00:00:00.000Z,31,27418.11111111111,0.0,6116275.666666667
2026-01-18T00:00:00.000Z,7,27359.941176470587,0.0,4583486.94117647
2026-01-18T00:00:00.000Z,39,27109.277777777777,2.5,4682321.888888889
2026-01-16T00:00:00.000Z,15,27884.0,0.0,5221145.714285715
2026-01-18T00:00:00.000Z,4,27324.625,0.0,4777523.75
2026-01-17T00:00:00.000Z,36,27352.125,0.25,5238599.125
2026-01-16T00:00:00.000Z,14,27939.0,0.0,5137232.0
2026-01-16T00:00:00.000Z,5,27631.636363636364,0.0,5424829.454545454
2026-01-15T00:00:00.000Z,12,27728.947368421053,73.26315789473684,4877883.2105263155
2026-01-16T00:00:00.000Z,40,27428.055555555555,0.0,5940962.111111111
2026-01-16T00:00:00.000Z,25,27826.666666666668,0.0,5910989.333333333
2026-01-17T00:00:00.000Z,2,27323.4,0.0,5247794.4
2026-02-05T00:00:00.000Z,2,27407.2,0.2,8081905.4
2026-02-05T00:00:00.000Z,39,27270.055555555555,1.0,7851090.0
2026-02-07T00:00:00.000Z,2,27781.4,40.6,5413362.0
2026-02-07T00:00:00.000Z,19,27677.64285714286,95.78571428571429,2955394.6428571427
2026-02-07T00:00:00.000Z,37,27697.7,2.0,7257519.8
2026-02-07T00:00:00.000Z,21,27882.0,29.0,5612632.0
2026-02-07T00:00:00.000Z,39,27666.38888888889,75.5,5428993.166666667
2026-02-05T00:00:00.000Z,13,27507.0,0.0,7633527.0
2026-02-07T00:00:00.000Z,28,27829.304347826088,9.173913043478262,8022198.608695652
2026-02-04T00:00:00.000Z,12,27276.42105263158,0.0,5943277.052631579
2026-02-07T00:00:00.000Z,14,27922.666666666668,20.0,5830428.333333333
2026-02-05T00:00:00.000Z,42,27407.85,0.3,8166069.05
2026-02-06T00:00:00.000Z,28,27775.608695652172,234.82608695652175,2718521.1304347827
2026-02-04T00:00:00.000Z,19,27309.214285714286,0.0,6151659.214285715
2026-02-07T00:00:00.000Z,35,27661.266666666666,39.266666666666666,6208511.266666667
2026-02-06T00:00:00.000Z,41,27605.88888888889,201.44444444444446,2570236.888888889
2026-02-05T00:00:00.000Z,14,27573.333333333332,0.0,7460838.333333333
2026-02-05T00:00:00.000Z,15,27530.285714285714,0.0,7432657.357142857
2026-02-05T00:00:00.000Z,43,27239.0,0.3076923076923077,8539665.307692308
2026-02-05T00:00:00.000Z,3,27276.0,1.0,7938246.5
2026-02-05T00:00:00.000Z,31,27276.333333333332,1.0,8649276.111111112
2026-02-07T00:00:00.000Z,25,27834.666666666668,2.3333333333333335,8695936.666666666
2026-02-04T00:00:00.000Z,14,27486.0,0.0,5777174.666666667
2026-02-05T00:00:00.000Z,18,27466.0,0.0,6460522.0
2026-02-04T00:00:00.000Z,30,27196.363636363636,0.0,6445977.090909091
2026-02-05T00:00:00.000Z,4,27475.625,0.0,7887605.375
2026-02-07T00:00:00.000Z,18,27853.0,41.0,3354262.0
2026-02-06T00:00:00.000Z,11,27482.428571428572,42.42857142857143,6296082.571428572
2026-02-04T00:00:00.000Z,34,27212.0,0.0,6554045.428571428
2026-02-04T00:00:00.000Z,7,27414.352941176472,0.0,5880581.470588235
2026-02-05T00:00:00.000Z,27,27530.666666666668,0.1111111111111111,8099028.555555556
2026-02-06T00:00:00.000Z,30,27628.909090909092,236.0909090909091,3185264.0
2026-02-07T00:00:00.000Z,32,27666.363636363636,4.545454545454546,8052105.545454546
2026-02-05T00:00:00.000Z,8,27365.0,0.0,7066070.111111111
2026-02-04T00:00:00.000Z,0,27360.333333333332,0.0,5809128.333333333
2026-02-07T00:00:00.000Z,9,27702.58823529412,67.70588235294117,3062796.705882353
2026-02-07T00:00:00.000Z,31,27609.444444444445,2.3333333333333335,7891019.777777778
2026-02-04T00:00:00.000Z,28,27394.608695652172,0.043478260869565216,6274668.347826087
2026-02-05T00:00:00.000Z,0,27435.333333333332,0.0,7958160.0
2026-02-07T00:00:00.000Z,4,27852.625,49.5,4763547.375
2026-02-06T00:00:00.000Z,39,27556.166666666668,76.61111111111111,4948215.777777778
2026-02-07T00:00:00.000Z,26,27657.1875,2.1875,8901521.5625
2026-02-04T00:00:00.000Z,24,27328.0,0.0,6000926.0
2026-02-05T00:00:00.000Z,21,27499.0,0.0,7913609.0
2026-02-06T00:00:00.000Z,16,27697.666666666668,238.55555555555554,3432707.888888889
2026-02-05T00:00:00.000Z,35,27275.4,0.26666666666666666,8329186.266666667
2026-02-06T00:00:00.000Z,13,27690.5,261.5,3474052.5
2026-02-04T00:00:00.000Z,18,27447.0,1.0,5356573.0
2026-02-07T00:00:00.000Z,36,27793.75,2.75,6682094.25
2026-02-04T00:00:00.000Z,38,27225.0,0.0,5512976.0
2026-02-06T00:00:00.000Z,22,27622.545454545456,171.9090909090909,4055062.3636363638
2026-02-04T00:00:00.000Z,10,27345.1875,0.0,6140561.75
2026-02-04T00:00:00.000Z,27,27382.333333333332,0.0,6547589.444444444
2026-02-04T00:00:00.000Z,15,27476.928571428572,0.0,5772092.5
2026-02-05T00:00:00.000Z,1,27441.0,0.0,8076080.125
2026-02-06T00:00:00.000Z,9,27505.764705882353,52.64705882352941,6346913.294117647
2026-02-05T00:00:00.000Z,22,27431.0,0.0,8046226.0
2026-02-06T00:00:00.000Z,23,27682.5,125.0,4626085.833333333
2026-02-06T00:00:00.000Z,21,27687.0,136.0,4499657.0
2026-02-04T00:00:00.000Z,37,27248.0,0.0,6019092.8
2026-02-04T00:00:00.000Z,3,27266.25,0.0,5945635.625
2026-02-05T00:00:00.000Z,23,27489.0,0.0,7920921.5
2026-02-07T00:00:00.000Z,42,27689.4,36.7,6482821.55
2026-02-05T00:00:00.000Z,33,27488.666666666668,0.2222222222222222,8060120.666666667
2026-02-06T00:00:00.000Z,5,27593.18181818182,69.0909090909091,5648676.0
2026-02-06T00:00:00.000Z,1,27658.0,93.5,4555492.25
2026-02-07T00:00:00.000Z,12,27709.842105263157,45.05263157894737,3355187.0
2026-02-04T00:00:00.000Z,20,27430.5625,0.0625,5701675.6875
2026-02-04T00:00:00.000Z,21,27430.0,0.0,5949974.0
2026-02-06T00:00:00.000Z,12,27511.947368421053,37.578947368421055,6387877.631578947
2026-02-06T00:00:00.000Z,38,27586.0,63.0,5241068.0
2026-02-06T00:00:00.000Z,26,27733.25,381.125,3020999.75
2026-02-04T00:00:00.000Z,39,27199.5,0.0,5733745.888888889
2026-02-06T00:00:00.000Z,27,27807.11111111111,359.1111111111111,2767343.4444444445
2026-02-04T00:00:00.000Z,41,27257.555555555555,0.0,5279493.444444444
2026-02-06T00:00:00.000Z,7,27612.235294117647,70.70588235294117,5489232.882352941
2026-02-06T00:00:00.000Z,43,27545.384615384617,158.30769230769232,3257327.230769231
2026-02-06T00:00:00.000Z,2,27675.8,63.0,4928742.8
2026-02-06T00:00:00.000Z,42,27613.0,218.2,2878885.35
2026-02-06T00:00:00.000Z,36,27712.125,98.875,3735803.125
2026-02-05T00:00:00.000Z,30,27324.363636363636,0.09090909090909091,8589406.545454545
2026-02-06T00:00:00.000Z,29,27678.333333333332,204.11111111111111,3247499.111111111
2026-02-06T00:00:00.000Z,33,27803.444444444445,431.3333333333333,2939633.111111111
2026-02-07T00:00:00.000Z,30,27605.090909090908,2.1818181818181817,8427551.818181818
2026-02-07T00:00:00.000Z,5,27761.636363636364,54.18181818181818,4178352.4545454546
2026-02-07T00:00:00.000Z,24,27711.666666666668,2.3333333333333335,7382947.0
2026-02-06T00:00:00.000Z,35,27586.466666666667,89.73333333333333,4243723.666666667
2026-02-05T00:00:00.000Z,12,27270.894736842107,0.7368421052631579,6899630.52631579
2026-02-04T00:00:00.000Z,2,27332.2,0.0,5782277.4
2026-02-05T00:00:00.000Z,25,27560.666666666668,0.3333333333333333,8037834.333333333
2026-02-04T00:00:00.000Z,1,27345.875,0.0,5888406.875
2026-02-04T00:00:00.000Z,36,27351.5,0.0,5845244.5
2026-02-05T00:00:00.000Z,41,27360.88888888889,0.0,8401970.333333334
2026-02-05T00:00:00.000Z,20,27448.3125,0.125,7161412.875
2026-02-05T00:00:00.000Z,38,27320.0,1.0,7383253.0
2026-02-07T00:00:00.000Z,10,27695.875,65.25,2724760.4375
2026-02-05T00:00:00.000Z,29,27425.222222222223,0.3333333333333333,8299801.888888889
2026-02-04T00:00:00.000Z,5,27336.272727272728,0.0,5797788.363636363
2026-02-05T00:00:00.000Z,17,27453.0,0.0,6958942.0
2026-02-07T00:00:00.000Z,11,27652.85714285714,68.28571428571429,4250819.428571428
2026-02-05T00:00:00.000Z,26,27408.4375,0.375,8316587.25
2026-02-06T00:00:00.000Z,0,27664.666666666668,82.33333333333333,5035950.333333333
2026-02-05T00:00:00.000Z,9,27291.176470588234,0.0,6997224.588235294
2026-02-06T00:00:00.000Z,17,27581.0,126.0,4955964.0
2026-02-07T00:00:00.000Z,33,27695.666666666668,3.888888888888889,8860104.0
2026-02-04T00:00:00.000Z,17,27454.0,0.0,5664807.0
2026-02-07T00:00:00.000Z,16,27841.444444444445,12.222222222222221,6862824.888888889
2026-02-06T00:00:00.000Z,4,27688.625,90.5,5074094.75
2026-02-04T00:00:00.000Z,31,27171.222222222223,0.0,6106041.666666667
2026-02-06T00:00:00.000Z,18,27612.0,84.0,4623976.0
2026-02-04T00:00:00.000Z,43,27162.30769230769,0.0,5792496.461538462
2026-02-05T00:00:00.000Z,16,27506.444444444445,0.0,7658259.888888889
2026-02-04T00:00:00.000Z,40,27237.333333333332,0.0,5458050.833333333
2026-02-05T00:00:00.000Z,11,27227.571428571428,1.0,7115877.571428572
2026-02-05T00:00:00.000Z,28,27539.347826086956,0.0,7830927.869565218
2026-02-06T00:00:00.000Z,32,27640.090909090908,189.36363636363637,2820708.6363636362
2026-02-04T00:00:00.000Z,26,27262.3125,0.0,6808411.125
2026-02-06T00:00:00.000Z,24,27655.555555555555,289.44444444444446,3256007.777777778
2026-02-04T00:00:00.000Z,9,27325.0,0.0,6142656.470588235
2026-02-07T00:00:00.000Z,20,27807.8125,68.0625,3511839.4375
2026-02-06T00:00:00.000Z,19,27484.071428571428,227.78571428571428,5705842.785714285
2026-02-07T00:00:00.000Z,17,27809.0,64.0,3113647.0
2026-02-07T00:00:00.000Z,40,27689.166666666668,41.888888888888886,6183119.166666667
2026-02-07T00:00:00.000Z,0,27807.333333333332,44.0,5064688.333333333
2026-02-07T00:00:00.000Z,41,27686.88888888889,20.0,7337373.666666667
2026-02-06T00:00:00.000Z,25,27854.333333333332,373.3333333333333,2768579.0
2026-02-06T00:00:00.000Z,3,27562.75,52.875,5595099.25
2026-02-07T00:00:00.000Z,15,27899.428571428572,45.857142857142854,4856989.428571428
2026-02-06T00:00:00.000Z,10,27486.625,77.375,5846429.8125
2026-02-06T00:00:00.000Z,31,27597.777777777777,162.77777777777777,3268775.222222222
2026-02-04T00:00:00.000Z,8,27367.0,0.0,5997762.111111111
2026-02-07T00:00:00.000Z,1,27783.875,18.25,5924090.125
2026-02-04T00:00:00.000Z,35,27198.2,0.0,5879818.266666667
2026-02-05T00:00:00.000Z,19,27312.5,0.7857142857142857,7282730.071428572
2026-02-06T00:00:00.000Z,34,27675.214285714286,371.07142857142856,3074046.0
2026-02-06T00:00:00.000Z,8,27542.777777777777,67.44444444444444,5990930.333333333
2026-02-07T00:00:00.000Z,22,27754.636363636364,10.727272727272727,6573867.7272727275
2026-02-05T00:00:00.000Z,10,27358.0625,0.0,6387242.5
2026-02-07T00:00:00.000Z,7,27813.70588235294,101.11764705882354,3563356.294117647
2026-02-06T00:00:00.000Z,20,27588.125,121.9375,4892685.75
2026-02-07T00:00:00.000Z,29,27702.11111111111,1.7777777777777777,7667685.0
2026-02-06T00:00:00.000Z,40,27596.166666666668,138.38888888888889,3872488.888888889
2026-02-04T00:00:00.000Z,25,27421.333333333332,0.0,6656008.666666667
2026-02-05T00:00:00.000Z,34,27336.5,0.0,8530279.57142857
2026-02-07T00:00:00.000Z,34,27621.0,4.357142857142857,8921920.785714285
2026-02-04T00:00:00.000Z,33,27323.88888888889,0.0,6842399.666666667
2026-02-07T00:00:00.000Z,43,27606.30769230769,11.384615384615385,7155115.461538462
2026-02-04T00:00:00.000Z,16,27397.555555555555,0.0,6101438.333333333
2026-02-05T00:00:00.000Z,5,27368.909090909092,0.0,7749659.818181818
2026-02-04T00:00:00.000Z,13,27399.0,0.0,6027899.0
2026-02-07T00:00:00.000Z,27,27776.444444444445,2.7777777777777777,8582138.888888888
2026-02-05T00:00:00.000Z,7,27438.882352941175,0.0,7562960.588235294
2026-02-07T00:00:00.000Z,3,27704.125,76.25,4867275.0
2026-02-05T00:00:00.000Z,37,27356.9,0.4,8478379.6
2026-02-04T00:00:00.000Z,22,27327.909090909092,0.0,6046698.636363637
2026-02-06T00:00:00.000Z,15,27686.64285714286,124.21428571428571,4413769.071428572
2026-02-05T00:00:00.000Z,32,27332.090909090908,0.36363636363636365,8560298.727272727
2026-02-06T00:00:00.000Z,37,27642.3,124.7,3517338.6
2026-02-07T00:00:00.000Z,8,27740.555555555555,99.66666666666667,2959771.0
2026-02-04T00:00:00.000Z,29,27290.555555555555,0.0,6062544.777777778
2026-02-07T00:00:00.000Z,23,27869.333333333332,35.333333333333336,5432716.0
2026-02-05T00:00:00.000Z,36,27459.25,0.0,8234267.25
2026-02-04T00:00:00.000Z,42,27262.05,0.0,5051753.4
2026-02-04T00:00:00.000Z,23,27420.5,0.0,5915000.166666667
2026-02-04T00:00:00.000Z,11,27194.714285714286,0.0,5819950.714285715
2026-02-04T00:00:00.000Z,32,27228.636363636364,0.0,5755391.363636363
2026-02-07T00:00:00.000Z,13,27842.0,10.0,6712896.0
2026-02-05T00:00:00.000Z,40,27346.277777777777,0.6111111111111112,8041326.166666667
2026-02-04T00:00:00.000Z,4,27409.25,0.0,5784703.25
2026-02-05T00:00:00.000Z,24,27480.444444444445,0.0,8089198.444444444
2026-02-06T00:00:00.000Z,14,27744.0,200.0,3806781.3333333335
2026-02-07T00:00:00.000Z,38,27720.0,67.0,5013996.0
2026-03-24T00:00:00.000Z,12,28016.78947368421,0.0,1.729938263157895E7
2026-03-24T00:00:00.000Z,26,28036.125,0.0,1.8135479375E7
2026-03-26T00:00:00.000Z,23,27577.333333333332,426.3333333333333,1.3611870166666666E7
2026-03-24T00:00:00.000Z,8,28152.333333333332,0.0,1.6939619777777776E7
2026-03-25T00:00:00.000Z,27,27848.0,1018.2222222222222,8170142.666666667
2026-03-27T00:00:00.000Z,31,27141.555555555555,33.22222222222222,1.3476952777777778E7
2026-03-27T00:00:00.000Z,8,27402.666666666668,2.4444444444444446,1.4719095666666666E7
2026-03-26T00:00:00.000Z,16,27566.222222222223,618.5555555555555,1.3861112555555556E7
2026-03-24T00:00:00.000Z,34,27975.64285714286,0.0,1.824876242857143E7
2026-03-26T00:00:00.000Z,37,27303.8,661.8,1.50572717E7
2026-03-27T00:00:00.000Z,18,27598.0,3.0,1.3661621E7
2026-03-27T00:00:00.000Z,34,27197.0,45.857142857142854,1.291213192857143E7
2026-03-26T00:00:00.000Z,24,27310.555555555555,923.4444444444445,1.4586888444444444E7
2026-03-26T00:00:00.000Z,31,27251.444444444445,546.2222222222222,1.5050272777777778E7
2026-03-27T00:00:00.000Z,37,27196.3,28.6,1.33036199E7
2026-03-26T00:00:00.000Z,5,27534.727272727272,433.45454545454544,1.3158216909090908E7
2026-03-25T00:00:00.000Z,28,27863.869565217392,915.6086956521739,7384853.739130435
2026-03-27T00:00:00.000Z,28,27438.782608695652,11.73913043478261,1.3855112130434783E7
2026-03-26T00:00:00.000Z,12,27467.105263157893,323.57894736842104,1.3234379105263159E7
2026-03-26T00:00:00.000Z,29,27286.777777777777,742.1111111111111,1.4977394444444444E7
2026-03-26T00:00:00.000Z,33,27421.222222222223,664.5555555555555,1.2255151777777778E7
2026-03-24T00:00:00.000Z,25,28231.666666666668,0.0,1.7889863333333332E7
2026-03-25T00:00:00.000Z,39,27796.61111111111,449.94444444444446,1.0286363277777778E7
2026-03-26T00:00:00.000Z,34,27321.0,631.7857142857143,1.283503157142857E7
2026-03-26T00:00:00.000Z,0,27559.0,433.3333333333333,1.3365562666666666E7
2026-03-26T00:00:00.000Z,32,27417.272727272728,478.3636363636364,1.3530640909090908E7
2026-03-25T00:00:00.000Z,43,27702.23076923077,546.2307692307693,1.0592012153846154E7
2026-03-24T00:00:00.000Z,24,27977.11111111111,0.0,1.7564604444444444E7
2026-03-25T00:00:00.000Z,25,27914.666666666668,916.6666666666666,8113397.333333333
2026-03-25T00:00:00.000Z,17,27951.0,924.0,6711272.0
2026-03-26T00:00:00.000Z,26,27340.0,639.375,1.28530010625E7
2026-03-24T00:00:00.000Z,4,28207.625,0.0,1.74024565E7
2026-03-24T00:00:00.000Z,39,27944.055555555555,0.0,1.7675966333333332E7
2026-03-27T00:00:00.000Z,22,27313.090909090908,14.363636363636363,1.3606528636363637E7
2026-03-26T00:00:00.000Z,14,27702.0,537.0,1.3819810333333334E7
2026-03-26T00:00:00.000Z,7,27615.058823529413,218.47058823529412,1.3844429E7
2026-03-25T00:00:00.000Z,12,27804.57894736842,530.5263157894736,7767445.947368421
2026-03-25T00:00:00.000Z,38,27864.0,325.0,1.0838037E7
2026-03-26T00:00:00.000Z,30,27184.909090909092,674.8181818181819,1.4799283818181818E7
2026-03-25T00:00:00.000Z,23,27906.5,595.3333333333334,7335804.333333333
2026-03-27T00:00:00.000Z,3,27390.875,14.25,1.3200587625E7
2026-03-26T00:00:00.000Z,20,27650.1875,179.3125,1.43463158125E7
2026-03-26T00:00:00.000Z,27,27435.11111111111,697.1111111111111,1.3186182888888888E7
2026-03-26T00:00:00.000Z,22,27421.090909090908,703.0,1.3906060454545455E7
2026-03-25T00:00:00.000Z,21,27899.0,622.0,7341106.0
2026-03-27T00:00:00.000Z,36,27357.0,27.25,1.3114379E7
2026-03-24T00:00:00.000Z,7,28225.352941176472,0.0,1.7030897647058822E7
2026-03-24T00:00:00.000Z,9,28081.176470588234,0.0,1.716385E7
2026-03-24T00:00:00.000Z,42,27908.95,0.0,1.78982899E7
2026-03-25T00:00:00.000Z,4,27945.25,503.5,7290591.0
2026-03-25T00:00:00.000Z,24,27703.0,926.0,8134368.666666667
2026-03-24T00:00:00.000Z,14,28353.0,0.0,1.6939498666666668E7
2026-03-27T00:00:00.000Z,4,27507.375,6.0,1.3587595375E7
2026-03-26T00:00:00.000Z,1,27503.75,573.625,1.358491175E7
2026-03-25T00:00:00.000Z,30,27646.272727272728,810.0909090909091,9171482.636363637
2026-03-24T00:00:00.000Z,22,28071.18181818182,0.0,1.7342954545454547E7
2026-03-24T00:00:00.000Z,36,28022.125,0.0,1.776440075E7
2026-03-27T00:00:00.000Z,17,27529.0,3.0,1.3681897E7
2026-03-27T00:00:00.000Z,41,27417.222222222223,94.44444444444444,1.3292873777777778E7
2026-03-25T00:00:00.000Z,16,27865.222222222223,947.3333333333334,7061559.0
2026-03-26T00:00:00.000Z,13,27555.0,660.5,1.40056125E7
2026-03-24T00:00:00.000Z,21,28254.0,0.0,1.7243238E7
2026-03-25T00:00:00.000Z,11,27819.714285714286,342.7142857142857,9456630.142857144
2026-03-25T00:00:00.000Z,5,27873.909090909092,529.9090909090909,7363168.7272727275
2026-03-27T00:00:00.000Z,42,27271.5,144.2,1.337088655E7
2026-03-25T00:00:00.000Z,20,27944.375,792.8125,6666860.375
2026-03-24T00:00:00.000Z,32,27948.272727272728,0.0,1.8120650727272727E7
2026-03-26T00:00:00.000Z,8,27543.444444444445,227.66666666666666,1.3953338333333334E7
2026-03-24T00:00:00.000Z,23,28239.5,0.0,1.7279763333333332E7
2026-03-26T00:00:00.000Z,17,27652.0,177.0,1.458402E7
2026-03-24T00:00:00.000Z,10,28195.8125,0.0,1.64075015E7
2026-03-24T00:00:00.000Z,20,28295.6875,0.0,1.64559816875E7
2026-03-24T00:00:00.000Z,2,28080.0,0.0,1.76376928E7
2026-03-27T00:00:00.000Z,16,27446.333333333332,7.666666666666667,1.4202604222222222E7
2026-03-25T00:00:00.000Z,7,27913.058823529413,643.5294117647059,6457459.705882353
2026-03-27T00:00:00.000Z,5,27440.454545454544,6.636363636363637,1.3699401909090908E7
2026-03-26T00:00:00.000Z,9,27490.470588235294,313.7647058823529,1.3657692235294119E7
2026-03-27T00:00:00.000Z,10,27393.3125,1.5,1.47789579375E7
2026-03-27T00:00:00.000Z,23,27464.833333333332,6.0,1.3756218E7
2026-03-24T00:00:00.000Z,0,28140.666666666668,0.0,1.7386278E7
2026-03-26T00:00:00.000Z,36,27460.75,692.875,1.4695271875E7
2026-03-24T00:00:00.000Z,18,28353.0,0.0,1.6021635E7
2026-03-27T00:00:00.000Z,13,27430.0,10.0,1.416627E7
2026-03-26T00:00:00.000Z,38,27475.0,223.0,1.3259745E7
2026-03-24T00:00:00.000Z,13,28218.5,0.0,1.7168455E7
2026-03-25T00:00:00.000Z,15,27987.285714285714,692.0,7059335.0
2026-03-25T00:00:00.000Z,40,27790.055555555555,490.8333333333333,1.1642889555555556E7
2026-03-25T00:00:00.000Z,36,27843.5,561.375,8925779.875
2026-03-25T00:00:00.000Z,35,27742.533333333333,516.2666666666667,9589164.533333333
2026-03-27T00:00:00.000Z,39,27330.11111111111,26.166666666666668,1.3100139333333334E7
2026-03-24T00:00:00.000Z,16,28233.333333333332,0.0,1.7195611333333332E7
2026-03-27T00:00:00.000Z,15,27552.428571428572,3.7142857142857144,1.40752285E7
2026-03-25T00:00:00.000Z,22,27759.0,804.5454545454545,7821054.909090909
2026-03-25T00:00:00.000Z,3,27832.25,536.375,8693875.25
2026-03-26T00:00:00.000Z,25,27531.333333333332,616.6666666666666,1.2761002666666666E7
2026-03-26T00:00:00.000Z,2,27528.4,536.6,1.35199966E7
2026-03-25T00:00:00.000Z,2,27898.0,466.2,8533437.6
2026-03-26T00:00:00.000Z,39,27413.277777777777,384.5,1.3970396277777778E7
2026-03-25T00:00:00.000Z,13,27854.0,961.5,7133079.0
2026-03-27T00:00:00.000Z,30,27074.0,27.90909090909091,1.3893736090909092E7
2026-03-26T00:00:00.000Z,28,27507.043478260868,631.9565217391304,1.3481209173913043E7
2026-03-24T00:00:00.000Z,11,27961.714285714286,0.0,1.7344114E7
2026-03-25T00:00:00.000Z,1,27852.25,549.125,8079005.75
2026-03-25T00:00:00.000Z,37,27722.0,583.2,9237421.1
2026-03-25T00:00:00.000Z,41,27855.0,553.6666666666666,1.1556192111111112E7
2026-03-24T00:00:00.000Z,43,27859.30769230769,0.0,1.8101189692307692E7
2026-03-24T00:00:00.000Z,19,28197.214285714286,0.0,1.6441153357142856E7
2026-03-27T00:00:00.000Z,0,27460.0,9.0,1.3336570333333334E7
2026-03-26T00:00:00.000Z,15,27690.64285714286,315.2142857142857,1.4121070642857144E7
2026-03-25T00:00:00.000Z,8,27849.444444444445,596.2222222222222,6264930.333333333
2026-03-24T00:00:00.000Z,17,28314.0,0.0,1.6199761E7
2026-03-26T00:00:00.000Z,42,27348.7,810.4,1.188721375E7
2026-03-25T00:00:00.000Z,0,27904.333333333332,482.0,7752485.333333333
2026-03-24T00:00:00.000Z,29,27945.666666666668,0.0,1.7795148888888888E7
2026-03-27T00:00:00.000Z,21,27452.0,6.0,1.3817479E7
2026-03-25T00:00:00.000Z,32,27800.363636363636,486.3636363636364,1.0725922181818182E7
2026-03-27T00:00:00.000Z,12,27367.473684210527,5.526315789473684,1.4278215157894736E7
2026-03-24T00:00:00.000Z,35,27907.8,0.0,1.7893101333333332E7
2026-03-27T00:00:00.000Z,20,27523.5625,2.5,1.3844106125E7
2026-03-25T00:00:00.000Z,29,27723.444444444445,739.2222222222222,8981366.333333334
2026-03-27T00:00:00.000Z,19,27424.571428571428,1.8571428571428572,1.4177665E7
2026-03-24T00:00:00.000Z,3,28018.375,0.0,1.76241615E7
2026-03-27T00:00:00.000Z,14,27566.333333333332,6.0,1.3999694333333334E7
2026-03-26T00:00:00.000Z,43,27302.0,501.7692307692308,1.498615776923077E7
2026-03-27T00:00:00.000Z,7,27477.176470588234,2.1176470588235294,1.4228714529411765E7
2026-03-25T00:00:00.000Z,19,27832.785714285714,905.7142857142857,6141096.928571428
2026-03-25T00:00:00.000Z,18,28025.0,575.0,7473178.0
2026-03-24T00:00:00.000Z,40,27918.777777777777,0.0,1.7918153888888888E7
2026-03-26T00:00:00.000Z,19,27544.214285714286,179.71428571428572,1.4311890714285715E7
2026-03-26T00:00:00.000Z,41,27472.555555555555,636.8888888888889,1.2564986E7
2026-03-24T00:00:00.000Z,38,27982.0,0.0,1.743683E7
2026-03-25T00:00:00.000Z,34,27723.928571428572,818.9285714285714,9688612.714285715
2026-03-24T00:00:00.000Z,31,27843.666666666668,0.0,1.8135827555555556E7
2026-03-27T00:00:00.000Z,29,27198.777777777777,26.333333333333332,1.3747280888888888E7
2026-03-27T00:00:00.000Z,38,27380.0,29.0,1.325183E7
2026-03-27T00:00:00.000Z,33,27336.0,52.666666666666664,1.2603024333333334E7
2026-03-26T00:00:00.000Z,18,27731.0,105.0,1.4837883E7
2026-03-27T00:00:00.000Z,11,27348.0,13.0,1.3773119142857144E7
2026-03-27T00:00:00.000Z,25,27444.666666666668,20.0,1.3241448E7
2026-03-25T00:00:00.000Z,26,27744.25,885.1875,8885336.125
2026-03-27T00:00:00.000Z,24,27244.666666666668,27.333333333333332,1.3674515333333334E7
2026-03-26T00:00:00.000Z,3,27465.5,524.625,1.3411663875E7
2026-03-25T00:00:00.000Z,33,27813.444444444445,914.3333333333334,8937661.777777778
2026-03-26T00:00:00.000Z,40,27383.5,376.3888888888889,1.3917054055555556E7
2026-03-24T00:00:00.000Z,37,27902.2,0.0,1.79474664E7
2026-03-24T00:00:00.000Z,28,28193.043478260868,0.0,1.7517124E7
2026-03-25T00:00:00.000Z,10,27861.9375,617.9375,6193375.5
2026-03-24T00:00:00.000Z,27,28177.11111111111,0.0,1.7884502444444444E7
2026-03-26T00:00:00.000Z,11,27448.285714285714,275.0,1.2884328142857144E7
2026-03-24T00:00:00.000Z,33,28094.11111111111,0.0,1.8135102222222224E7
2026-03-25T00:00:00.000Z,42,27788.3,652.35,1.240768425E7
2026-03-27T00:00:00.000Z,35,27257.0,29.333333333333332,1.2948020066666666E7
2026-03-25T00:00:00.000Z,14,27990.0,834.0,6998297.333333333
2026-03-27T00:00:00.000Z,32,27335.909090909092,57.63636363636363,1.3217950363636363E7
2026-03-27T00:00:00.000Z,9,27375.941176470587,4.117647058823529,1.4754261235294119E7
2026-03-24T00:00:00.000Z,1,28086.5,0.0,1.7471502E7
2026-03-27T00:00:00.000Z,40,27284.944444444445,58.833333333333336,1.3052410333333334E7
2026-03-24T00:00:00.000Z,15,28338.5,0.0,1.686475042857143E7
2026-03-27T00:00:00.000Z,1,27401.75,12.25,1.328649675E7
2026-03-26T00:00:00.000Z,4,27613.25,385.5,1.3323173125E7
2026-03-26T00:00:00.000Z,35,27347.533333333333,567.0666666666667,1.4842810733333332E7
2026-03-25T00:00:00.000Z,9,27804.117647058825,613.1176470588235,6709036.176470588
2026-03-26T00:00:00.000Z,10,27548.875,167.5625,1.4385138875E7
2026-03-24T00:00:00.000Z,5,28096.363636363636,0.0,1.7430812E7
2026-03-27T00:00:00.000Z,26,27222.0625,29.9375,1.31078029375E7
2026-03-27T00:00:00.000Z,2,27447.0,15.0,1.29483688E7
2026-03-25T00:00:00.000Z,31,27677.0,556.6666666666666,9929909.222222222
2026-03-24T00:00:00.000Z,30,27912.636363636364,0.0,1.8078761454545453E7
2026-03-26T00:00:00.000Z,21,27566.0,444.0,1.3701642E7
2026-03-24T00:00:00.000Z,41,27977.0,0.0,1.7903710666666668E7
2026-03-27T00:00:00.000Z,27,27348.777777777777,27.333333333333332,1.3290789E7
2026-03-27T00:00:00.000Z,43,27191.923076923078,39.69230769230769,1.3218587E7
2026-05-31T00:00:00.000Z,5,29254.0,245.54545454545453,1.7750050545454547E7
2026-06-02T00:00:00.000Z,43,28816.23076923077,1122.923076923077,1.8838281384615384E7
2026-06-01T00:00:00.000Z,43,28912.923076923078,100.76923076923077,1.7992287384615384E7
2026-06-01T00:00:00.000Z,5,29086.0,40.0,2.0508975636363637E7
2026-06-03T00:00:00.000Z,43,28621.0,263.0769230769231,2.0122773692307692E7
2026-06-03T00:00:00.000Z,5,28805.090909090908,193.27272727272728,1.921650309090909E7
2026-05-31T00:00:00.000Z,43,29145.384615384617,809.6923076923077,2.1408057076923076E7
2026-06-02T00:00:00.000Z,5,29021.636363636364,725.5454545454545,1.6901936E7
2026-02-08T00:00:00.000Z,23,27569.833333333332,5.0,4673416.166666667
2026-02-11T00:00:00.000Z,42,27870.6,1056.55,3525356.6
2026-02-09T00:00:00.000Z,39,27325.722222222223,12.444444444444445,3768719.3333333335
2026-02-09T00:00:00.000Z,29,27465.666666666668,1.5555555555555556,6188715.222222222
2026-02-09T00:00:00.000Z,20,27540.6875,1.625,5078218.4375
2026-02-11T00:00:00.000Z,33,28064.333333333332,1838.888888888889,1930816.888888889
2026-02-08T00:00:00.000Z,36,27543.5,4.5,5341972.25
2026-02-10T00:00:00.000Z,38,27473.0,150.0,4404974.0
2026-02-08T00:00:00.000Z,34,27447.785714285714,0.14285714285714285,7790532.428571428
2026-02-11T00:00:00.000Z,8,28054.0,1803.2222222222222,994434.4444444445
2026-02-08T00:00:00.000Z,20,27569.0,4.0,3422343.1875
2026-02-09T00:00:00.000Z,28,27557.0,0.08695652173913043,6925978.0
2026-02-11T00:00:00.000Z,34,27929.14285714286,1825.5,2295689.4285714286
2026-02-10T00:00:00.000Z,29,27672.0,650.2222222222222,4126514.4444444445
2026-02-10T00:00:00.000Z,17,27802.0,243.0,1963832.0
2026-02-08T00:00:00.000Z,30,27402.909090909092,0.8181818181818182,7541508.454545454
2026-02-09T00:00:00.000Z,11,27320.285714285714,8.142857142857142,3670744.0
2026-02-10T00:00:00.000Z,4,27811.375,225.0,3279815.0
2026-02-08T00:00:00.000Z,39,27489.666666666668,12.222222222222221,4806484.388888889
2026-02-10T00:00:00.000Z,13,27863.0,556.5,2345681.0
2026-02-09T00:00:00.000Z,25,27585.333333333332,0.3333333333333333,7290413.333333333
2026-02-08T00:00:00.000Z,21,27570.0,4.0,4862908.0
2026-02-11T00:00:00.000Z,7,28126.176470588234,1991.6470588235295,1027472.5882352941
2026-02-11T00:00:00.000Z,32,27917.81818181818,1307.2727272727273,2538568.8181818184
2026-02-08T00:00:00.000Z,11,27465.85714285714,10.714285714285714,4751951.0
2026-02-09T00:00:00.000Z,38,27351.0,3.0,3810864.0
2026-02-11T00:00:00.000Z,30,27879.727272727272,1720.8181818181818,2300113.909090909
2026-02-10T00:00:00.000Z,14,27933.0,432.0,2269817.3333333335
2026-02-10T00:00:00.000Z,37,27632.0,481.8,4190884.5
2026-02-11T00:00:00.000Z,29,27959.444444444445,1696.7777777777778,2096873.5555555555
2026-02-09T00:00:00.000Z,18,27550.0,1.0,4675432.0
2026-02-09T00:00:00.000Z,12,27407.526315789473,6.368421052631579,3382881.5263157897
2026-02-10T00:00:00.000Z,22,27752.090909090908,493.72727272727275,3288344.909090909
2026-02-08T00:00:00.000Z,40,27529.444444444445,5.166666666666667,5311779.166666667
2026-02-09T00:00:00.000Z,17,27553.0,2.0,5077886.0
2026-02-11T00:00:00.000Z,37,27958.1,1450.7,2129529.7
2026-02-11T00:00:00.000Z,14,28205.0,2310.0,1268944.3333333333
2026-02-11T00:00:00.000Z,27,28091.88888888889,2050.0,2095636.111111111
2026-02-08T00:00:00.000Z,16,27537.555555555555,2.3333333333333335,6785504.555555556
2026-02-11T00:00:00.000Z,15,28208.0,2118.6428571428573,1343813.642857143
2026-02-11T00:00:00.000Z,5,28069.81818181818,1960.6363636363637,1452452.1818181819
2026-02-08T00:00:00.000Z,10,27533.0,5.5,3723121.5
2026-02-09T00:00:00.000Z,40,27354.333333333332,4.333333333333333,4311922.277777778
2026-02-08T00:00:00.000Z,12,27523.736842105263,10.0,4340675.263157895
2026-02-11T00:00:00.000Z,19,28025.0,1934.142857142857,894196.7857142857
2026-02-10T00:00:00.000Z,25,27930.0,1063.3333333333333,3910416.3333333335
2026-02-08T00:00:00.000Z,17,27583.0,3.0,3153372.0
2026-02-09T00:00:00.000Z,32,27408.0,0.36363636363636365,6180540.636363637
2026-02-11T00:00:00.000Z,22,28010.363636363636,2317.6363636363635,1763808.5454545454
2026-02-08T00:00:00.000Z,5,27552.636363636364,4.0,4119381.8181818184
2026-02-10T00:00:00.000Z,33,27815.88888888889,1316.4444444444443,4654313.666666667
2026-02-09T00:00:00.000Z,1,27481.25,2.0,5075974.375
2026-02-09T00:00:00.000Z,30,27388.18181818182,1.0909090909090908,6852127.545454546
2026-02-11T00:00:00.000Z,2,28081.8,1715.6,1926093.4
2026-02-10T00:00:00.000Z,21,27865.0,408.0,2946184.0
2026-02-10T00:00:00.000Z,36,27741.75,417.375,3918700.25
2026-02-09T00:00:00.000Z,5,27480.090909090908,2.272727272727273,4174089.8181818184
2026-02-09T00:00:00.000Z,27,27551.0,0.1111111111111111,7145785.111111111
2026-02-08T00:00:00.000Z,7,27599.470588235294,5.411764705882353,3643572.8235294116
2026-02-09T00:00:00.000Z,31,27358.0,3.111111111111111,5988661.888888889
2026-02-10T00:00:00.000Z,39,27482.277777777777,194.27777777777777,4282587.666666667
2026-02-08T00:00:00.000Z,25,27595.0,0.6666666666666666,8615732.0
2026-02-09T00:00:00.000Z,3,27384.25,13.875,3686660.25
2026-02-09T00:00:00.000Z,37,27420.3,4.1,5437472.2
2026-02-11T00:00:00.000Z,28,28125.391304347828,1927.0434782608695,1649891.4782608696
2026-02-10T00:00:00.000Z,23,27845.5,366.0,3031577.1666666665
2026-02-09T00:00:00.000Z,22,27449.81818181818,1.4545454545454546,5779493.818181818
2026-02-11T00:00:00.000Z,12,27965.105263157893,1770.578947368421,2011196.8421052631
2026-02-11T00:00:00.000Z,40,27899.277777777777,980.6111111111111,3730703.722222222
2026-02-10T00:00:00.000Z,35,27565.933333333334,291.73333333333335,4172474.2666666666
2026-02-11T00:00:00.000Z,11,27914.85714285714,1326.5714285714287,3241265.285714286
2026-02-08T00:00:00.000Z,22,27452.090909090908,5.090909090909091,5747028.909090909
2026-02-10T00:00:00.000Z,15,27883.5,325.42857142857144,2387380.9285714286
2026-02-10T00:00:00.000Z,31,27520.555555555555,515.0,4630372.777777778
2026-02-10T00:00:00.000Z,7,27775.235294117647,191.88235294117646,2746951.529411765
2026-02-11T00:00:00.000Z,4,28150.25,1990.5,1358476.875
2026-02-09T00:00:00.000Z,21,27566.0,1.0,5495981.0
2026-02-10T00:00:00.000Z,43,27475.846153846152,353.61538461538464,4574437.0
2026-02-11T00:00:00.000Z,0,28107.0,1910.0,1646115.6666666667
2026-02-08T00:00:00.000Z,33,27521.666666666668,0.0,7732709.888888889
2026-02-10T00:00:00.000Z,27,27866.555555555555,1073.7777777777778,3954642.777777778
2026-02-10T00:00:00.000Z,26,27737.9375,1108.5,4584101.625
2026-02-09T00:00:00.000Z,10,27492.0,4.875,4103566.1875
2026-02-09T00:00:00.000Z,36,27508.0,4.25,4981496.25
2026-02-11T00:00:00.000Z,35,27936.333333333332,1231.0666666666666,2369067.466666667
2026-02-11T00:00:00.000Z,26,28006.375,1851.9375,2286380.3125
2026-02-10T00:00:00.000Z,9,27643.823529411766,74.3529411764706,3470848.3529411764
2026-02-11T00:00:00.000Z,38,27935.0,1048.0,4018659.0
2026-02-09T00:00:00.000Z,7,27554.470588235294,2.5294117647058822,4790204.705882353
2026-02-11T00:00:00.000Z,36,28045.125,1547.25,1945545.0
2026-02-09T00:00:00.000Z,43,27347.923076923078,5.846153846153846,4911096.230769231
2026-02-08T00:00:00.000Z,1,27500.625,5.125,4869978.0
2026-02-11T00:00:00.000Z,17,28152.0,2229.0,1009659.0
2026-02-11T00:00:00.000Z,41,27888.777777777777,1101.3333333333333,2743801.888888889
2026-02-10T00:00:00.000Z,41,27507.555555555555,167.66666666666666,5018314.222222222
2026-02-09T00:00:00.000Z,41,27437.777777777777,0.7777777777777778,5589932.777777778
2026-02-11T00:00:00.000Z,39,27911.833333333332,1137.888888888889,3212784.222222222
2026-02-09T00:00:00.000Z,42,27398.8,1.15,5384782.75
2026-02-08T00:00:00.000Z,13,27541.0,2.5,6535925.0
2026-02-10T00:00:00.000Z,8,27717.777777777777,147.33333333333334,2991537.222222222
2026-02-10T00:00:00.000Z,24,27720.777777777777,752.1111111111111,3514751.0
2026-02-08T00:00:00.000Z,32,27504.909090909092,1.2727272727272727,7190697.545454546
2026-02-09T00:00:00.000Z,34,27428.214285714286,1.7142857142857142,7088850.357142857
2026-02-08T00:00:00.000Z,8,27568.222222222223,4.888888888888889,3843663.222222222
2026-02-11T00:00:00.000Z,21,28163.0,2085.0,1513063.0
2026-02-09T00:00:00.000Z,26,27462.25,0.75,7326757.875
2026-02-08T00:00:00.000Z,26,27458.75,0.125,8199249.625
2026-02-08T00:00:00.000Z,2,27563.4,6.6,4410415.2
2026-02-09T00:00:00.000Z,23,27560.833333333332,1.3333333333333333,5327104.833333333
2026-02-11T00:00:00.000Z,13,28128.5,2601.0,1395128.5
2026-02-09T00:00:00.000Z,0,27513.0,3.0,4583041.333333333
2026-02-10T00:00:00.000Z,20,27791.5,243.25,2109135.25
2026-02-08T00:00:00.000Z,18,27604.0,2.0,3091944.0
2026-02-11T00:00:00.000Z,24,27951.555555555555,2143.6666666666665,1748229.5555555555
2026-02-09T00:00:00.000Z,35,27363.666666666668,12.466666666666667,4128308.8666666667
2026-02-08T00:00:00.000Z,9,27536.117647058825,6.470588235294118,4219168.235294118
2026-02-09T00:00:00.000Z,14,27597.333333333332,0.0,5690690.333333333
2026-02-08T00:00:00.000Z,4,27597.75,5.5,4119191.0
2026-02-09T00:00:00.000Z,16,27515.333333333332,0.2222222222222222,6348201.0
2026-02-08T00:00:00.000Z,3,27516.0,10.125,4647467.75
2026-02-10T00:00:00.000Z,5,27699.18181818182,159.72727272727272,3504216.090909091
2026-02-08T00:00:00.000Z,38,27529.0,11.0,4619104.0
2026-02-10T00:00:00.000Z,11,27437.571428571428,62.142857142857146,4306804.0
2026-02-10T00:00:00.000Z,34,27595.428571428572,1112.0,4933333.357142857
2026-02-09T00:00:00.000Z,2,27474.8,7.2,4103254.4
2026-02-11T00:00:00.000Z,43,27853.0,1099.3076923076924,2612429.6153846155
2026-02-08T00:00:00.000Z,15,27616.285714285714,3.4285714285714284,4490956.642857143
2026-02-11T00:00:00.000Z,20,28142.5625,2129.25,1030044.5
2026-02-10T00:00:00.000Z,19,27674.571428571428,205.85714285714286,2366713.4285714286
2026-02-09T00:00:00.000Z,15,27590.928571428572,0.42857142857142855,5420110.0
2026-02-11T00:00:00.000Z,3,27999.0,1531.75,2097231.125
2026-02-08T00:00:00.000Z,0,27561.666666666668,5.666666666666667,4273404.0
2026-02-11T00:00:00.000Z,1,28056.875,2006.5,1789718.0
2026-02-08T00:00:00.000Z,43,27466.76923076923,6.0,5984884.230769231
2026-02-08T00:00:00.000Z,31,27442.222222222223,2.4444444444444446,6714350.777777778
2026-02-09T00:00:00.000Z,33,27543.666666666668,0.0,7312933.333333333
2026-02-08T00:00:00.000Z,41,27529.333333333332,2.0,6893704.333333333
2026-02-09T00:00:00.000Z,9,27460.058823529413,6.176470588235294,3751199.0
2026-02-10T00:00:00.000Z,28,27895.695652173912,755.2608695652174,2874275.304347826
2026-02-09T00:00:00.000Z,13,27509.5,0.5,6198971.0
2026-02-08T00:00:00.000Z,29,27480.0,1.4444444444444444,6684797.555555556
2026-02-09T00:00:00.000Z,8,27507.555555555555,2.6666666666666665,4206744.888888889
2026-02-09T00:00:00.000Z,24,27483.444444444445,1.2222222222222223,6149418.666666667
2026-02-10T00:00:00.000Z,12,27553.947368421053,55.578947368421055,3804559.4210526315
2026-02-10T00:00:00.000Z,16,27874.222222222223,560.0,2325232.3333333335
2026-02-11T00:00:00.000Z,31,27883.0,1347.5555555555557,2447952.4444444445
2026-02-11T00:00:00.000Z,25,28158.0,1826.0,2208220.0
2026-02-11T00:00:00.000Z,18,28207.0,1809.0,1305314.0
2026-02-10T00:00:00.000Z,0,27762.666666666668,198.0,3560284.6666666665
2026-02-10T00:00:00.000Z,32,27519.272727272728,376.54545454545456,4896507.7272727275
2026-02-09T00:00:00.000Z,19,27435.64285714286,4.285714285714286,4918245.857142857
2026-02-09T00:00:00.000Z,4,27563.625,1.5,4689346.875
2026-02-10T00:00:00.000Z,18,27824.0,210.0,2029347.0
2026-02-10T00:00:00.000Z,1,27753.625,288.75,3677445.25
2026-02-08T00:00:00.000Z,24,27466.666666666668,2.2222222222222223,6591301.888888889
2026-02-10T00:00:00.000Z,2,27718.4,139.6,3897630.0
2026-02-10T00:00:00.000Z,3,27579.625,125.0,3953208.25
2026-02-08T00:00:00.000Z,42,27537.8,1.45,6392118.6
2026-02-08T00:00:00.000Z,14,27628.333333333332,3.0,5495281.0
2026-02-11T00:00:00.000Z,23,28150.833333333332,2059.0,1477777.5
2026-02-08T00:00:00.000Z,28,27549.478260869564,1.1304347826086956,8090012.826086956
2026-02-10T00:00:00.000Z,40,27471.38888888889,171.72222222222223,4619814.055555556
2026-02-08T00:00:00.000Z,27,27557.777777777777,0.8888888888888888,8341415.444444444
2026-02-11T00:00:00.000Z,16,28135.11111111111,2557.6666666666665,1417775.111111111
2026-02-10T00:00:00.000Z,10,27690.4375,110.3125,2946807.75
2026-02-08T00:00:00.000Z,19,27473.714285714286,8.857142857142858,3535006.785714286
2026-02-10T00:00:00.000Z,30,27581.0,794.7272727272727,4566756.090909091
2026-02-11T00:00:00.000Z,9,27990.352941176472,1830.3529411764705,1286814.2352941176
2026-02-10T00:00:00.000Z,42,27487.85,81.75,5039279.75
2026-02-08T00:00:00.000Z,35,27480.333333333332,9.4,4967155.6
2026-02-08T00:00:00.000Z,37,27471.2,4.0,5955780.3
2026-02-11T00:00:00.000Z,10,28034.875,1698.0,975206.4375
2026-06-04T00:00:00.000Z,1,28836.5,165.25,1.47427605E7
2026-06-04T00:00:00.000Z,10,28891.6875,210.4375,1.3407136875E7
2026-06-04T00:00:00.000Z,13,28826.0,190.0,1.2977647E7
2026-06-05T00:00:00.000Z,1,28698.0,128.875,2.2157851E7
2026-06-06T00:00:00.000Z,0,29039.333333333332,68.33333333333333,2.0803407333333332E7
2026-06-05T00:00:00.000Z,43,28577.53846153846,213.53846153846155,2.216549046153846E7
2026-06-07T00:00:00.000Z,38,29050.0,9.0,2.106144E7
2026-06-05T00:00:00.000Z,3,28627.0,188.5,2.1915448E7
2026-06-06T00:00:00.000Z,26,28864.25,5.6875,2.0577803875E7
2026-06-05T00:00:00.000Z,21,28744.0,122.0,2.2399E7
2026-06-05T00:00:00.000Z,19,28708.928571428572,230.21428571428572,2.218982757142857E7
2026-06-07T00:00:00.000Z,34,28894.0,14.785714285714286,2.216663714285714E7
2026-06-05T00:00:00.000Z,15,28882.571428571428,78.5,2.2301957E7
2026-06-07T00:00:00.000Z,35,28900.666666666668,4.0,2.3914317333333332E7
2026-06-04T00:00:00.000Z,37,28637.5,254.1,1.54284695E7
2026-06-05T00:00:00.000Z,28,28703.695652173912,133.8695652173913,2.189873043478261E7
2026-06-04T00:00:00.000Z,4,28952.0,174.5,1.3936927625E7
2026-06-06T00:00:00.000Z,10,29019.1875,36.125,2.1136589E7
2026-06-06T00:00:00.000Z,29,28868.333333333332,24.0,2.1041634444444444E7
2026-06-06T00:00:00.000Z,42,28905.95,2.05,2.21011955E7
2026-06-06T00:00:00.000Z,39,28930.11111111111,11.166666666666666,2.2772279666666668E7
2026-06-06T00:00:00.000Z,32,28997.363636363636,2.6363636363636362,2.1930076363636363E7
2026-06-04T00:00:00.000Z,38,28826.0,572.0,1.7168756E7
2026-06-07T00:00:00.000Z,24,28849.11111111111,9.444444444444445,2.643523E7
2026-06-07T00:00:00.000Z,25,29061.333333333332,7.0,2.5431829333333332E7
2026-06-06T00:00:00.000Z,30,28775.0,21.818181818181817,2.1083955818181816E7
2026-06-06T00:00:00.000Z,8,29029.88888888889,65.44444444444444,2.1311737777777776E7
2026-06-05T00:00:00.000Z,13,28727.5,164.5,2.2066521E7
2026-06-06T00:00:00.000Z,25,29045.0,5.0,2.080497E7
2026-06-07T00:00:00.000Z,42,28970.8,34.9,1.84925404E7
2026-06-05T00:00:00.000Z,36,28693.375,141.125,2.21439805E7
2026-06-05T00:00:00.000Z,27,28677.777777777777,84.88888888888889,2.1830879333333332E7
2026-06-07T00:00:00.000Z,14,29142.666666666668,1.0,2.7007004666666668E7
2026-06-06T00:00:00.000Z,31,28848.555555555555,11.666666666666666,2.1613577555555556E7
2026-06-06T00:00:00.000Z,43,28881.23076923077,13.615384615384615,2.2048689692307692E7
2026-06-04T00:00:00.000Z,17,28929.0,302.0,1.1078111E7
2026-06-04T00:00:00.000Z,29,28638.88888888889,245.44444444444446,1.5399699666666666E7
2026-06-04T00:00:00.000Z,9,28843.117647058825,303.4117647058824,1.433226011764706E7
2026-06-06T00:00:00.000Z,28,28996.521739130436,12.565217391304348,2.0223831739130434E7
2026-06-04T00:00:00.000Z,43,28627.846153846152,456.0769230769231,1.6165872692307692E7
2026-06-07T00:00:00.000Z,4,29058.375,0.0,2.6949571E7
2026-06-07T00:00:00.000Z,33,28933.333333333332,4.444444444444445,2.2270109333333332E7
2026-06-05T00:00:00.000Z,0,28739.666666666668,142.33333333333334,2.208735E7
2026-06-06T00:00:00.000Z,1,28986.75,53.875,2.06624205E7
2026-06-07T00:00:00.000Z,17,29035.0,1.0,2.6717286E7
2026-06-07T00:00:00.000Z,31,28884.0,10.11111111111111,2.3946245555555556E7
2026-06-04T00:00:00.000Z,22,28729.454545454544,177.8181818181818,1.4197024727272727E7
2026-06-07T00:00:00.000Z,12,28912.736842105263,3.5789473684210527,2.444788157894737E7
2026-06-06T00:00:00.000Z,24,28848.333333333332,32.55555555555556,2.0449694222222224E7
2026-06-05T00:00:00.000Z,33,28634.0,57.77777777777778,2.1033532444444444E7
2026-06-07T00:00:00.000Z,20,29047.125,0.5625,2.6740911125E7
2026-06-04T00:00:00.000Z,8,28892.88888888889,202.44444444444446,1.3611082222222222E7
2026-06-04T00:00:00.000Z,30,28521.18181818182,276.27272727272725,1.4991379E7
2026-06-06T00:00:00.000Z,9,28975.352941176472,76.70588235294117,2.165790917647059E7
2026-06-06T00:00:00.000Z,14,29156.333333333332,34.0,1.9523965333333332E7
2026-06-06T00:00:00.000Z,13,29001.0,29.5,1.9532657E7
2026-06-06T00:00:00.000Z,4,29089.875,90.0,2.070119425E7
2026-06-06T00:00:00.000Z,2,29011.6,29.0,2.12989008E7
2026-06-07T00:00:00.000Z,43,28933.0,28.384615384615383,2.2188772E7
2026-06-05T00:00:00.000Z,22,28610.909090909092,174.0909090909091,2.207605690909091E7
2026-06-04T00:00:00.000Z,41,28779.555555555555,714.1111111111111,1.6861077555555556E7
2026-06-06T00:00:00.000Z,35,28872.6,21.333333333333332,2.18978568E7
2026-06-05T00:00:00.000Z,35,28553.733333333334,201.13333333333333,2.2234104533333335E7
2026-06-04T00:00:00.000Z,16,28847.777777777777,176.66666666666666,1.2830800555555556E7
2026-06-04T00:00:00.000Z,21,28891.0,131.0,1.3588036E7
2026-06-07T00:00:00.000Z,3,28944.5,1.375,2.4699653E7
2026-06-07T00:00:00.000Z,40,29018.833333333332,31.77777777777778,2.0288998444444444E7
2026-06-05T00:00:00.000Z,18,28931.0,65.0,2.2142236E7
2026-06-07T00:00:00.000Z,16,28983.11111111111,3.5555555555555554,2.6894523777777776E7
2026-06-05T00:00:00.000Z,5,28720.545454545456,175.36363636363637,2.1949983818181816E7
2026-06-04T00:00:00.000Z,18,28994.0,261.0,1.0917639E7
2026-06-07T00:00:00.000Z,28,28988.869565217392,11.73913043478261,2.6374681826086957E7
2026-06-05T00:00:00.000Z,2,28697.2,125.6,2.20730504E7
2026-06-05T00:00:00.000Z,34,28552.0,83.0,2.162078214285714E7
2026-06-06T00:00:00.000Z,22,28899.18181818182,50.0,2.0117720545454547E7
2026-06-06T00:00:00.000Z,37,28863.7,20.9,2.11983508E7
2026-06-06T00:00:00.000Z,41,29038.88888888889,2.7777777777777777,2.1843488E7
2026-06-04T00:00:00.000Z,15,28982.64285714286,130.57142857142858,1.2544735857142856E7
2026-06-06T00:00:00.000Z,36,28985.0,27.125,2.121597275E7
2026-06-06T00:00:00.000Z,18,29149.0,28.0,1.942614E7
2026-06-05T00:00:00.000Z,30,28466.272727272728,181.45454545454547,2.1735442181818184E7
2026-06-07T00:00:00.000Z,0,29015.0,0.3333333333333333,2.6450298E7
2026-06-04T00:00:00.000Z,12,28811.105263157893,421.94736842105266,1.497416247368421E7
2026-06-04T00:00:00.000Z,26,28609.375,232.625,1.30554484375E7
2026-06-04T00:00:00.000Z,39,28750.0,482.5,1.6342131777777778E7
2026-06-07T00:00:00.000Z,11,28937.285714285714,3.0,2.2743086E7
2026-06-06T00:00:00.000Z,33,28951.777777777777,6.555555555555555,1.9908583111111112E7
2026-06-07T00:00:00.000Z,1,28976.25,0.75,2.67922315E7
2026-06-04T00:00:00.000Z,19,28836.714285714286,260.0,1.220230342857143E7
2026-06-04T00:00:00.000Z,25,28825.666666666668,186.66666666666666,1.2351466666666666E7
2026-06-07T00:00:00.000Z,8,28973.444444444445,0.2222222222222222,2.6209081333333332E7
2026-06-05T00:00:00.000Z,25,28745.666666666668,59.333333333333336,2.1905956666666668E7
2026-06-04T00:00:00.000Z,42,28656.55,868.75,1.782160035E7
2026-06-07T00:00:00.000Z,21,29016.0,0.0,2.7220676E7
2026-06-05T00:00:00.000Z,24,28554.88888888889,185.77777777777777,2.1786026E7
2026-06-05T00:00:00.000Z,32,28700.909090909092,154.36363636363637,2.2055699818181816E7
2026-06-07T00:00:00.000Z,15,29115.285714285714,0.21428571428571427,2.7008943285714287E7
2026-06-07T00:00:00.000Z,23,29025.666666666668,0.0,2.7184210666666668E7
2026-06-06T00:00:00.000Z,40,28949.555555555555,4.833333333333333,2.2916125666666668E7
2026-06-05T00:00:00.000Z,26,28551.6875,68.75,2.15667865E7
2026-06-04T00:00:00.000Z,7,28933.529411764706,175.76470588235293,1.3004613647058824E7
2026-06-07T00:00:00.000Z,10,28980.1875,6.625,2.592519275E7
2026-06-04T00:00:00.000Z,24,28646.444444444445,222.44444444444446,1.4617137555555556E7
2026-06-07T00:00:00.000Z,41,29119.666666666668,42.0,1.9769128444444444E7
2026-06-05T00:00:00.000Z,38,28668.0,221.0,2.1790384E7
2026-06-06T00:00:00.000Z,27,28980.11111111111,8.777777777777779,2.0759022E7
2026-06-07T00:00:00.000Z,26,28869.875,9.375,2.368518925E7
2026-06-07T00:00:00.000Z,30,28789.090909090908,12.636363636363637,2.494257490909091E7
2026-06-04T00:00:00.000Z,28,28820.17391304348,180.8695652173913,1.2824767043478262E7
2026-06-05T00:00:00.000Z,23,28759.0,138.66666666666666,2.2366533666666668E7
2026-06-04T00:00:00.000Z,40,28729.555555555555,667.0,1.73080205E7
2026-06-05T00:00:00.000Z,40,28634.166666666668,262.22222222222223,2.2254861111111112E7
2026-06-04T00:00:00.000Z,36,28794.375,226.75,1.5437879125E7
2026-06-07T00:00:00.000Z,18,29115.0,1.0,2.682984E7
2026-06-06T00:00:00.000Z,20,29093.9375,37.25,2.002760575E7
2026-06-06T00:00:00.000Z,21,29035.0,72.0,2.014976E7
2026-06-06T00:00:00.000Z,38,28981.0,9.0,2.3200284E7
2026-06-05T00:00:00.000Z,12,28624.63157894737,208.26315789473685,2.168858263157895E7
2026-06-07T00:00:00.000Z,9,28921.176470588234,11.0,2.566287705882353E7
2026-06-06T00:00:00.000Z,7,29071.176470588234,60.1764705882353,2.0844732352941178E7
2026-06-06T00:00:00.000Z,5,29035.909090909092,112.72727272727273,2.1157818E7
2026-06-05T00:00:00.000Z,10,28691.75,151.8125,2.2180518625E7
2026-06-05T00:00:00.000Z,4,28796.875,156.5,2.21990165E7
2026-06-07T00:00:00.000Z,7,29021.58823529412,0.0,2.668067823529412E7
2026-06-05T00:00:00.000Z,42,28598.95,258.4,2.14476502E7
2026-06-04T00:00:00.000Z,3,28795.75,322.875,1.510145975E7
2026-06-06T00:00:00.000Z,12,28935.78947368421,82.63157894736842,2.234110063157895E7
2026-06-07T00:00:00.000Z,2,29001.0,1.0,2.57142148E7
2026-06-07T00:00:00.000Z,32,29062.0,20.181818181818183,2.2148402181818184E7
2026-06-05T00:00:00.000Z,37,28558.2,149.7,2.18777148E7
2026-06-04T00:00:00.000Z,27,28753.777777777777,208.66666666666666,1.2783405222222222E7
2026-06-06T00:00:00.000Z,16,29013.222222222223,26.88888888888889,1.9575619555555556E7
2026-06-07T00:00:00.000Z,5,28989.454545454544,0.0,2.6318498E7
2026-06-05T00:00:00.000Z,8,28694.666666666668,173.44444444444446,2.2295342E7
2026-06-05T00:00:00.000Z,17,28852.0,116.0,2.2200086E7
2026-06-04T00:00:00.000Z,14,28999.0,146.0,1.2875151E7
2026-06-04T00:00:00.000Z,34,28578.0,332.5,1.4371301285714285E7
2026-06-05T00:00:00.000Z,11,28610.714285714286,236.28571428571428,2.144770285714286E7
2026-06-07T00:00:00.000Z,39,28977.444444444445,8.333333333333334,2.2246305888888888E7
2026-06-07T00:00:00.000Z,22,28886.0,1.8181818181818181,2.6763076363636363E7
2026-06-05T00:00:00.000Z,29,28565.444444444445,164.88888888888889,2.1811146444444444E7
2026-06-06T00:00:00.000Z,23,29046.833333333332,79.33333333333333,2.0278559333333332E7
2026-06-06T00:00:00.000Z,17,29105.0,30.0,2.0024916E7
2026-06-05T00:00:00.000Z,31,28538.444444444445,144.66666666666666,2.1920937555555556E7
2026-06-06T00:00:00.000Z,34,28863.0,8.5,2.068973285714286E7
2026-06-06T00:00:00.000Z,19,29007.14285714286,61.142857142857146,2.078951185714286E7
2026-06-07T00:00:00.000Z,13,28970.0,2.5,2.6911545E7
2026-06-07T00:00:00.000Z,19,28956.5,0.7857142857142857,2.6282273714285713E7
2026-06-07T00:00:00.000Z,37,28894.8,4.8,2.49403468E7
2026-06-04T00:00:00.000Z,23,28904.166666666668,142.0,1.3695874833333334E7
2026-06-05T00:00:00.000Z,39,28610.88888888889,220.22222222222223,2.2124800888888888E7
2026-06-06T00:00:00.000Z,3,28956.125,39.375,2.20181045E7
2026-06-04T00:00:00.000Z,5,28892.454545454544,221.27272727272728,1.4178733818181818E7
2026-06-04T00:00:00.000Z,11,28799.14285714286,472.2857142857143,1.6182089142857144E7
2026-06-06T00:00:00.000Z,11,28923.428571428572,32.42857142857143,2.298724685714286E7
2026-06-05T00:00:00.000Z,14,28900.0,131.0,2.2166511333333332E7
2026-06-04T00:00:00.000Z,33,28689.444444444445,246.0,1.2584402666666666E7
2026-06-05T00:00:00.000Z,20,28841.125,108.125,2.2187692125E7
2026-06-05T00:00:00.000Z,16,28738.0,159.33333333333334,2.2091354888888888E7
2026-06-05T00:00:00.000Z,9,28645.529411764706,180.7058823529412,2.2086092470588237E7
2026-06-04T00:00:00.000Z,0,28899.0,183.66666666666666,1.4306851E7
2026-06-04T00:00:00.000Z,35,28675.533333333333,320.1333333333333,1.55191524E7
2026-06-07T00:00:00.000Z,29,28882.777777777777,9.444444444444445,2.5599778222222224E7
2026-06-04T00:00:00.000Z,2,28863.8,219.2,1.49394796E7
2026-06-04T00:00:00.000Z,20,28932.9375,226.3125,1.15660781875E7
2026-06-05T00:00:00.000Z,7,28777.529411764706,161.23529411764707,2.232420917647059E7
2026-06-05T00:00:00.000Z,41,28758.0,206.77777777777777,2.1751056666666668E7
2026-06-07T00:00:00.000Z,27,28994.555555555555,6.777777777777778,2.5425885777777776E7
2026-06-04T00:00:00.000Z,31,28580.333333333332,295.55555555555554,1.597058E7
2026-06-07T00:00:00.000Z,36,29011.625,2.125,2.5612624E7
2026-06-06T00:00:00.000Z,15,29133.071428571428,38.857142857142854,1.984927814285714E7
2026-06-04T00:00:00.000Z,32,28703.272727272728,415.1818181818182,1.6603092818181818E7
2026-03-08T00:00:00.000Z,3,27983.125,0.0,1.4025769E7
2026-03-08T00:00:00.000Z,11,27868.0,0.0,1.3885380285714285E7
2026-03-10T00:00:00.000Z,31,28049.88888888889,313.55555555555554,1.2095037111111112E7
2026-03-08T00:00:00.000Z,7,28091.0,0.0,1.3724805588235294E7
2026-03-08T00:00:00.000Z,5,28008.909090909092,0.0,1.3812397818181818E7
2026-03-10T00:00:00.000Z,32,28120.454545454544,184.0,1.2443212363636363E7
2026-03-10T00:00:00.000Z,41,28135.555555555555,243.11111111111111,1.3437128888888888E7
2026-03-09T00:00:00.000Z,27,28203.222222222223,187.66666666666666,1.3082647888888888E7
2026-03-11T00:00:00.000Z,8,28225.666666666668,833.1111111111111,1.0351996111111112E7
2026-03-10T00:00:00.000Z,12,28203.57894736842,121.84210526315789,1.2432517368421054E7
2026-03-09T00:00:00.000Z,36,28083.5,222.5,1.2154513625E7
2026-03-11T00:00:00.000Z,22,28121.727272727272,1073.1818181818182,9861127.272727273
2026-03-09T00:00:00.000Z,23,28208.666666666668,19.333333333333332,1.3246367833333334E7
2026-03-10T00:00:00.000Z,15,28393.571428571428,270.7857142857143,1.2515223785714285E7
2026-03-09T00:00:00.000Z,1,28095.5,37.0,1.272894E7
2026-03-11T00:00:00.000Z,29,28106.777777777777,970.3333333333334,1.0926095444444444E7
2026-03-08T00:00:00.000Z,24,27989.222222222223,0.0,1.4045131666666666E7
2026-03-11T00:00:00.000Z,40,28127.38888888889,449.0,1.2601556833333334E7
2026-03-08T00:00:00.000Z,17,28123.0,0.0,1.3649935E7
2026-03-09T00:00:00.000Z,38,27954.0,109.0,1.2460056E7
2026-03-08T00:00:00.000Z,13,28111.5,0.0,1.3859062E7
2026-03-11T00:00:00.000Z,25,28266.0,1192.3333333333333,9603285.0
2026-03-10T00:00:00.000Z,39,28125.944444444445,178.55555555555554,1.3174428444444444E7
2026-03-09T00:00:00.000Z,17,28201.0,0.0,1.3424953E7
2026-03-09T00:00:00.000Z,8,28099.0,0.3333333333333333,1.3265622888888888E7
2026-03-09T00:00:00.000Z,29,28023.11111111111,368.8888888888889,1.2101436222222222E7
2026-03-11T00:00:00.000Z,35,28116.533333333333,741.8666666666667,1.1539466666666666E7
2026-03-08T00:00:00.000Z,0,28049.333333333332,0.0,1.3815044E7
2026-03-09T00:00:00.000Z,26,28094.625,182.875,1.2909060875E7
2026-03-08T00:00:00.000Z,26,28083.75,2.4375,1.35027604375E7
2026-03-08T00:00:00.000Z,31,27941.88888888889,0.0,1.4420031555555556E7
2026-03-11T00:00:00.000Z,3,28205.375,878.5,1.1554563875E7
2026-03-09T00:00:00.000Z,3,28045.375,29.625,1.254332375E7
2026-03-11T00:00:00.000Z,28,28228.17391304348,1135.0,9742785.43478261
2026-03-08T00:00:00.000Z,33,28123.555555555555,4.555555555555555,1.2794259888888888E7
2026-03-08T00:00:00.000Z,28,28131.130434782608,0.13043478260869565,1.3944308956521738E7
2026-03-08T00:00:00.000Z,39,27916.944444444445,0.0,1.4289232055555556E7
2026-03-08T00:00:00.000Z,38,27896.0,0.0,1.418475E7
2026-03-08T00:00:00.000Z,2,28024.0,0.0,1.40019644E7
2026-03-09T00:00:00.000Z,31,27931.0,435.8888888888889,1.2038829111111112E7
2026-03-10T00:00:00.000Z,1,28213.5,452.0,1.197464525E7
2026-03-11T00:00:00.000Z,31,28054.555555555555,760.6666666666666,1.1633953888888888E7
2026-03-10T00:00:00.000Z,5,28244.81818181818,234.27272727272728,1.2158626545454545E7
2026-03-09T00:00:00.000Z,43,27921.923076923078,350.46153846153845,1.2276273307692308E7
2026-03-11T00:00:00.000Z,15,28302.85714285714,879.6428571428571,8822027.785714285
2026-03-11T00:00:00.000Z,10,28228.75,745.25,1.04090456875E7
2026-03-08T00:00:00.000Z,16,28117.555555555555,0.0,1.3870434222222222E7
2026-03-09T00:00:00.000Z,19,28141.35714285714,0.0,1.3563609857142856E7
2026-03-09T00:00:00.000Z,14,28306.0,45.0,1.3262162666666666E7
2026-03-09T00:00:00.000Z,16,28230.555555555555,38.0,1.3449975777777778E7
2026-03-10T00:00:00.000Z,35,28118.933333333334,239.8,1.25719086E7
2026-03-08T00:00:00.000Z,21,28148.0,0.0,1.3822649E7
2026-03-11T00:00:00.000Z,20,28242.875,840.4375,8438739.875
2026-03-11T00:00:00.000Z,5,28231.636363636364,902.9090909090909,1.0508405636363637E7
2026-03-10T00:00:00.000Z,26,28144.6875,216.3125,1.08185911875E7
2026-03-10T00:00:00.000Z,20,28355.75,192.25,1.2699756125E7
2026-03-10T00:00:00.000Z,4,28302.625,355.5,1.215226175E7
2026-03-08T00:00:00.000Z,27,28184.777777777777,2.6666666666666665,1.3831412222222222E7
2026-03-08T00:00:00.000Z,40,27896.055555555555,0.0,1.4595244611111112E7
2026-03-11T00:00:00.000Z,16,28226.222222222223,1091.0,9395945.666666666
2026-03-11T00:00:00.000Z,30,28033.0,1093.7272727272727,1.1013196181818182E7
2026-03-10T00:00:00.000Z,13,28294.0,404.5,1.2269533E7
2026-03-11T00:00:00.000Z,17,28243.0,866.0,8201153.0
2026-03-09T00:00:00.000Z,28,28218.478260869564,98.47826086956522,1.3245744217391305E7
2026-03-10T00:00:00.000Z,40,28109.722222222223,120.05555555555556,1.3925576055555556E7
2026-03-08T00:00:00.000Z,29,28004.444444444445,0.0,1.4196075888888888E7
2026-03-11T00:00:00.000Z,39,28135.5,629.0555555555555,1.2272474833333334E7
2026-03-10T00:00:00.000Z,42,28129.45,179.3,1.42317955E7
2026-03-11T00:00:00.000Z,4,28288.75,917.5,9787758.25
2026-03-09T00:00:00.000Z,24,28038.666666666668,188.55555555555554,1.2392205444444444E7
2026-03-11T00:00:00.000Z,2,28252.4,801.2,1.07451034E7
2026-03-09T00:00:00.000Z,34,28062.571428571428,228.57142857142858,1.2459837214285715E7
2026-03-10T00:00:00.000Z,11,28143.14285714286,114.14285714285714,1.2880317857142856E7
2026-03-08T00:00:00.000Z,12,27952.0,0.0,1.3630546E7
2026-03-10T00:00:00.000Z,38,28142.0,61.0,1.3494347E7
2026-03-10T00:00:00.000Z,23,28314.666666666668,456.0,1.2293391666666666E7
2026-03-09T00:00:00.000Z,7,28171.58823529412,0.0,1.339856988235294E7
2026-03-10T00:00:00.000Z,22,28182.363636363636,552.5454545454545,1.2088492636363637E7
2026-03-09T00:00:00.000Z,9,28076.470588235294,3.3529411764705883,1.294005394117647E7
2026-03-10T00:00:00.000Z,10,28266.125,231.625,1.27611405625E7
2026-03-08T00:00:00.000Z,9,27994.352941176472,0.0,1.3549082235294119E7
2026-03-09T00:00:00.000Z,37,27985.4,341.5,1.20882725E7
2026-03-11T00:00:00.000Z,33,28185.444444444445,1216.111111111111,9683864.111111112
2026-03-11T00:00:00.000Z,23,28257.833333333332,1074.3333333333333,9407775.5
2026-03-10T00:00:00.000Z,33,28186.555555555555,193.55555555555554,1.0040715E7
2026-03-10T00:00:00.000Z,7,28309.647058823528,220.41176470588235,1.2548720235294119E7
2026-03-08T00:00:00.000Z,10,27993.625,0.0,1.3331046375E7
2026-03-09T00:00:00.000Z,30,27978.81818181818,449.6363636363636,1.2290776181818182E7
2026-03-11T00:00:00.000Z,7,28260.0,841.3529411764706,9467901.88235294
2026-03-11T00:00:00.000Z,26,28123.0625,1176.125,1.0061747375E7
2026-03-10T00:00:00.000Z,2,28256.2,256.0,1.2127216E7
2026-03-09T00:00:00.000Z,4,28173.5,11.5,1.30557485E7
2026-03-10T00:00:00.000Z,37,28108.8,395.6,1.20357906E7
2026-03-08T00:00:00.000Z,34,28077.071428571428,2.142857142857143,1.3329042214285715E7
2026-03-08T00:00:00.000Z,41,28001.444444444445,0.0,1.4088060444444444E7
2026-03-08T00:00:00.000Z,25,28227.333333333332,2.0,1.3775735666666666E7
2026-03-09T00:00:00.000Z,0,28127.666666666668,18.0,1.2847822333333334E7
2026-03-11T00:00:00.000Z,11,28165.571428571428,598.7142857142857,1.2531583285714285E7
2026-03-09T00:00:00.000Z,41,28057.0,61.666666666666664,1.2661588444444444E7
2026-03-08T00:00:00.000Z,32,28038.454545454544,0.0,1.4076267272727273E7
2026-03-11T00:00:00.000Z,34,28097.214285714286,1126.0714285714287,1.0643806357142856E7
2026-03-11T00:00:00.000Z,42,28132.75,365.35,1.256597055E7
2026-03-11T00:00:00.000Z,41,28147.555555555555,433.44444444444446,1.2211045333333334E7
2026-03-08T00:00:00.000Z,43,27919.23076923077,0.0,1.4542501615384616E7
2026-03-10T00:00:00.000Z,17,28385.0,185.0,1.2822354E7
2026-03-09T00:00:00.000Z,32,28031.272727272728,240.54545454545453,1.2261425454545455E7
2026-03-10T00:00:00.000Z,18,28388.0,108.0,1.2525458E7
2026-03-10T00:00:00.000Z,9,28231.58823529412,194.41176470588235,1.2390174529411765E7
2026-03-10T00:00:00.000Z,25,28293.0,198.0,1.0955655E7
2026-03-08T00:00:00.000Z,42,27916.3,0.0,1.43893267E7
2026-03-08T00:00:00.000Z,36,28049.0,0.0,1.4215215875E7
2026-03-09T00:00:00.000Z,18,28218.0,0.0,1.30008E7
2026-03-09T00:00:00.000Z,39,27948.666666666668,154.77777777777777,1.2486062833333334E7
2026-03-10T00:00:00.000Z,19,28277.64285714286,325.5,1.2874006357142856E7
2026-03-10T00:00:00.000Z,0,28262.0,321.6666666666667,1.2100025E7
2026-03-10T00:00:00.000Z,28,28265.434782608696,333.7826086956522,1.1597243826086957E7
2026-03-11T00:00:00.000Z,9,28188.176470588234,876.2941176470588,1.118592794117647E7
2026-03-11T00:00:00.000Z,12,28184.36842105263,779.0526315789474,1.190590452631579E7
2026-03-11T00:00:00.000Z,13,28219.0,1072.5,9408841.5
2026-03-08T00:00:00.000Z,8,28026.333333333332,0.0,1.3554085E7
2026-03-08T00:00:00.000Z,22,28015.090909090908,0.0,1.3887800363636363E7
2026-03-09T00:00:00.000Z,10,28074.0625,0.0,1.33245441875E7
2026-03-11T00:00:00.000Z,18,28276.0,783.0,7704813.0
2026-03-11T00:00:00.000Z,32,28128.454545454544,608.0,1.1858698E7
2026-03-10T00:00:00.000Z,3,28220.5,259.125,1.237444175E7
2026-03-09T00:00:00.000Z,11,27969.571428571428,33.42857142857143,1.2421934714285715E7
2026-03-11T00:00:00.000Z,37,28109.1,804.3,1.11873212E7
2026-03-10T00:00:00.000Z,36,28205.875,387.0,1.198485025E7
2026-03-09T00:00:00.000Z,35,27971.933333333334,243.46666666666667,1.2288741866666667E7
2026-03-10T00:00:00.000Z,21,28331.0,452.0,1.2344674E7
2026-03-08T00:00:00.000Z,18,28207.0,0.0,1.358751E7
2026-03-09T00:00:00.000Z,15,28274.214285714286,21.285714285714285,1.338085342857143E7
2026-03-08T00:00:00.000Z,4,28102.5,0.0,1.381378575E7
2026-03-09T00:00:00.000Z,40,27953.722222222223,237.5,1.2622455833333334E7
2026-03-11T00:00:00.000Z,19,28176.14285714286,853.5,9331078.5
2026-03-08T00:00:00.000Z,14,28217.0,0.0,1.3653082E7
2026-03-09T00:00:00.000Z,33,28156.0,179.11111111111111,1.2650778E7
2026-03-08T00:00:00.000Z,1,28017.625,0.0,1.38881195E7
2026-03-10T00:00:00.000Z,8,28271.0,257.44444444444446,1.2561506777777778E7
2026-03-09T00:00:00.000Z,22,28095.18181818182,63.72727272727273,1.2917352545454545E7
2026-03-10T00:00:00.000Z,34,28116.428571428572,229.0,1.1053741357142856E7
2026-03-09T00:00:00.000Z,12,28054.473684210527,12.578947368421053,1.2536026263157895E7
2026-03-09T00:00:00.000Z,25,28248.333333333332,109.0,1.3351804666666666E7
2026-03-08T00:00:00.000Z,19,28048.071428571428,0.0,1.35599565E7
2026-03-11T00:00:00.000Z,36,28202.25,809.125,1.0844958E7
2026-03-08T00:00:00.000Z,37,27973.5,0.0,1.44064824E7
2026-03-11T00:00:00.000Z,0,28252.333333333332,868.6666666666666,1.0063749666666666E7
2026-03-11T00:00:00.000Z,24,28080.222222222223,1145.111111111111,1.0365047777777778E7
2026-03-09T00:00:00.000Z,13,28221.0,50.5,1.33280275E7
2026-03-09T00:00:00.000Z,42,28009.9,34.3,1.27567063E7
2026-03-10T00:00:00.000Z,16,28297.88888888889,379.77777777777777,1.2260472888888888E7
2026-03-08T00:00:00.000Z,30,28000.363636363636,0.5454545454545454,1.4224345090909092E7
2026-03-08T00:00:00.000Z,20,28112.125,0.0,1.3672177875E7
2026-03-08T00:00:00.000Z,35,27952.0,0.0,1.4389524066666666E7
2026-03-10T00:00:00.000Z,14,28395.0,404.0,1.2280745666666666E7
2026-03-10T00:00:00.000Z,43,28048.46153846154,194.92307692307693,1.2957644384615384E7
2026-03-09T00:00:00.000Z,20,28204.75,2.8125,1.3411441875E7
2026-03-09T00:00:00.000Z,21,28232.0,19.0,1.3303301E7
2026-03-11T00:00:00.000Z,38,28172.0,479.0,1.2678764E7
2026-03-11T00:00:00.000Z,43,28056.923076923078,638.8461538461538,1.202719023076923E7
2026-03-11T00:00:00.000Z,1,28195.875,885.375,1.0086600625E7
2026-03-10T00:00:00.000Z,27,28253.444444444445,279.1111111111111,1.1018525888888888E7
2026-03-11T00:00:00.000Z,14,28313.333333333332,1007.0,9037811.0
2026-03-10T00:00:00.000Z,24,28116.777777777777,577.1111111111111,1.1641121333333334E7
2026-03-08T00:00:00.000Z,23,28135.0,0.0,1.3815275666666666E7
2026-03-11T00:00:00.000Z,27,28214.555555555555,1258.5555555555557,9815882.555555556
2026-03-10T00:00:00.000Z,30,28065.636363636364,600.8181818181819,1.1546588181818182E7
2026-03-08T00:00:00.000Z,15,28172.714285714286,0.0,1.3759950285714285E7
2026-03-11T00:00:00.000Z,21,28258.0,1127.0,9323046.0
2026-03-09T00:00:00.000Z,5,28101.727272727272,3.0,1.2914897090909092E7
2026-03-09T00:00:00.000Z,2,28107.6,29.6,1.25587318E7
2026-03-10T00:00:00.000Z,29,28122.222222222223,582.7777777777778,1.1652066888888888E7
2026-03-05T00:00:00.000Z,10,27946.0625,0.0,1.316047875E7
2026-03-07T00:00:00.000Z,38,27908.0,0.0,1.4220787E7
2026-03-05T00:00:00.000Z,16,28045.11111111111,0.0,1.36802E7
2026-03-07T00:00:00.000Z,19,28120.64285714286,0.0,1.366466892857143E7
2026-03-07T00:00:00.000Z,10,28052.8125,0.0,1.3536348625E7
2026-03-06T00:00:00.000Z,39,27891.722222222223,0.0,1.3763843055555556E7
2026-03-05T00:00:00.000Z,33,27999.444444444445,0.0,1.4099783666666666E7
2026-03-06T00:00:00.000Z,35,27957.8,0.0,1.36260538E7
2026-03-07T00:00:00.000Z,12,28004.526315789473,0.0,1.392350247368421E7
2026-03-06T00:00:00.000Z,29,28037.222222222223,0.0,1.3122720111111112E7
2026-03-05T00:00:00.000Z,9,27943.941176470587,0.0,1.331030494117647E7
2026-03-06T00:00:00.000Z,2,28041.8,0.0,1.3530521E7
2026-03-06T00:00:00.000Z,37,28001.8,0.0,1.34067241E7
2026-03-04T00:00:00.000Z,24,27832.444444444445,0.0,1.3319164444444444E7
2026-03-05T00:00:00.000Z,34,27891.35714285714,0.0,1.4318754785714285E7
2026-03-04T00:00:00.000Z,5,27926.090909090908,0.0,1.2920483454545455E7
2026-03-07T00:00:00.000Z,20,28151.625,0.0,1.367127875E7
2026-03-06T00:00:00.000Z,8,28031.444444444445,0.0,1.3296811E7
2026-03-04T00:00:00.000Z,10,27949.75,0.0,1.2495388125E7
2026-03-06T00:00:00.000Z,27,28150.666666666668,0.0,1.2883798111111112E7
2026-03-05T00:00:00.000Z,32,27691.636363636364,0.0,1.4207096272727273E7
2026-03-07T00:00:00.000Z,34,28020.928571428572,0.0,1.42456275E7
2026-03-05T00:00:00.000Z,0,27951.666666666668,0.0,1.3579058E7
2026-03-07T00:00:00.000Z,17,28159.0,0.0,1.3657564E7
2026-03-04T00:00:00.000Z,19,28017.35714285714,0.0,1.2589646357142856E7
2026-03-04T00:00:00.000Z,16,28023.88888888889,0.0,1.3217081222222222E7
2026-03-06T00:00:00.000Z,0,28057.0,0.0,1.3395020333333334E7
2026-03-05T00:00:00.000Z,2,27882.8,0.0,1.35542396E7
2026-03-04T00:00:00.000Z,38,27721.0,0.0,1.2391992E7
2026-03-05T00:00:00.000Z,13,28036.5,0.0,1.3661412E7
2026-03-06T00:00:00.000Z,42,27887.9,0.0,1.4042663E7
2026-03-05T00:00:00.000Z,17,28129.0,0.0,1.3340835E7
2026-03-05T00:00:00.000Z,31,27647.0,0.0,1.4237050111111112E7
2026-03-05T00:00:00.000Z,11,27726.285714285714,0.0,1.3384554714285715E7
2026-03-04T00:00:00.000Z,37,27757.6,0.0,1.34059451E7
2026-03-06T00:00:00.000Z,43,27889.076923076922,0.0,1.3706348846153846E7
2026-03-05T00:00:00.000Z,42,27674.3,0.0,1.38500707E7
2026-03-04T00:00:00.000Z,23,28060.833333333332,0.0,1.3098404166666666E7
2026-03-06T00:00:00.000Z,21,28137.0,0.0,1.3284961E7
2026-03-07T00:00:00.000Z,1,28090.5,0.0,1.3634601375E7
2026-03-06T00:00:00.000Z,12,27944.21052631579,0.0,1.3548998315789474E7
2026-03-04T00:00:00.000Z,35,27747.8,0.0,1.2986992933333334E7
2026-03-06T00:00:00.000Z,22,28032.18181818182,0.0,1.3189278545454545E7
2026-03-04T00:00:00.000Z,32,27712.363636363636,0.0,1.3679667E7
2026-03-07T00:00:00.000Z,39,27933.055555555555,0.0,1.4209673777777778E7
2026-03-04T00:00:00.000Z,39,27737.88888888889,0.0,1.2631880055555556E7
2026-03-05T00:00:00.000Z,35,27728.333333333332,0.0,1.3569075466666667E7
2026-03-06T00:00:00.000Z,19,28032.928571428572,0.0,1.3171802142857144E7
2026-03-04T00:00:00.000Z,33,27926.11111111111,0.0,1.3897601444444444E7
2026-03-04T00:00:00.000Z,41,27718.88888888889,0.0,1.3374415333333334E7
2026-03-07T00:00:00.000Z,11,27898.428571428572,0.0,1.4088889142857144E7
2026-03-06T00:00:00.000Z,33,28095.555555555555,0.0,1.3034904E7
2026-03-05T00:00:00.000Z,39,27695.555555555555,0.0,1.3395777388888888E7
2026-03-04T00:00:00.000Z,26,27875.5625,0.0,1.39456808125E7
2026-03-06T00:00:00.000Z,34,28020.5,0.0,1.3243254857142856E7
2026-03-07T00:00:00.000Z,4,28165.5,0.0,1.37496875E7
2026-03-06T00:00:00.000Z,32,27933.454545454544,0.0,1.3505912727272727E7
2026-03-06T00:00:00.000Z,28,28085.869565217392,0.0,1.287849E7
2026-03-07T00:00:00.000Z,8,28100.11111111111,0.0,1.3734785777777778E7
2026-03-07T00:00:00.000Z,16,28137.0,0.0,1.3736206444444444E7
2026-03-07T00:00:00.000Z,42,27892.75,0.0,1.459115115E7
2026-03-06T00:00:00.000Z,18,28099.0,0.0,1.2845618E7
2026-03-06T00:00:00.000Z,41,27919.88888888889,0.0,1.3729466E7
2026-03-07T00:00:00.000Z,23,28207.5,0.0,1.3710946E7
2026-03-06T00:00:00.000Z,17,28082.0,0.0,1.3049457E7
2026-03-06T00:00:00.000Z,1,28045.625,0.0,1.3325226125E7
2026-03-06T00:00:00.000Z,30,27990.545454545456,0.0,1.3225921363636363E7
2026-03-07T00:00:00.000Z,2,28049.8,0.0,1.38291954E7
2026-03-07T00:00:00.000Z,35,27956.0,0.0,1.4039891133333333E7
2026-03-04T00:00:00.000Z,27,28023.222222222223,0.0,1.3724738333333334E7
2026-03-05T00:00:00.000Z,37,27734.1,0.0,1.3999383E7
2026-03-06T00:00:00.000Z,15,28143.071428571428,0.0,1.3122015785714285E7
2026-03-06T00:00:00.000Z,31,27924.333333333332,0.0,1.3469008777777778E7
2026-03-05T00:00:00.000Z,36,27848.625,0.0,1.374746675E7
2026-03-05T00:00:00.000Z,26,27940.6875,0.0,1.42268233125E7
2026-03-07T00:00:00.000Z,30,27967.636363636364,0.0,1.3952281272727273E7
2026-03-07T00:00:00.000Z,25,28179.0,0.0,1.4175806666666666E7
2026-03-07T00:00:00.000Z,31,27912.666666666668,0.0,1.4005145888888888E7
2026-03-04T00:00:00.000Z,43,27655.384615384617,0.0,1.3285514692307692E7
2026-03-07T00:00:00.000Z,7,28165.941176470587,0.0,1.3785009529411765E7
2026-03-07T00:00:00.000Z,32,27938.636363636364,0.0,1.4104797E7
2026-03-07T00:00:00.000Z,28,28095.869565217392,0.0,1.381309143478261E7
2026-03-05T00:00:00.000Z,4,28027.0,0.0,1.3663785625E7
2026-03-04T00:00:00.000Z,0,27952.333333333332,0.0,1.2978609333333334E7
2026-03-06T00:00:00.000Z,20,28077.625,0.0,1.30908915625E7
2026-03-04T00:00:00.000Z,21,28081.0,0.0,1.3113138E7
2026-03-04T00:00:00.000Z,12,27865.157894736843,0.0,1.217415294736842E7
2026-03-06T00:00:00.000Z,16,28089.666666666668,0.0,1.3061481111111112E7
2026-03-05T00:00:00.000Z,43,27627.53846153846,0.0,1.3835602615384616E7
2026-03-04T00:00:00.000Z,15,28101.428571428572,0.0,1.2930141857142856E7
2026-03-06T00:00:00.000Z,3,27996.875,0.0,1.3650631875E7
2026-03-07T00:00:00.000Z,18,28208.0,0.0,1.3545169E7
2026-03-05T00:00:00.000Z,41,27705.0,0.0,1.3818119333333334E7
2026-03-04T00:00:00.000Z,25,28078.333333333332,0.0,1.3777995333333334E7
2026-03-05T00:00:00.000Z,15,28137.071428571428,0.0,1.3533141E7
2026-03-05T00:00:00.000Z,29,27816.11111111111,0.0,1.4026995111111112E7
2026-03-05T00:00:00.000Z,40,27627.833333333332,0.0,1.3637222277777778E7
2026-03-07T00:00:00.000Z,14,28231.333333333332,0.0,1.3549842E7
2026-03-04T00:00:00.000Z,1,27908.0,0.0,1.313077375E7
2026-03-04T00:00:00.000Z,11,27760.428571428572,0.0,1.215368757142857E7
2026-03-07T00:00:00.000Z,36,28108.25,0.0,1.3696171125E7
2026-03-04T00:00:00.000Z,9,27916.941176470587,0.0,1.255040011764706E7
2026-03-04T00:00:00.000Z,3,27871.375,0.0,1.27213575E7
2026-03-07T00:00:00.000Z,27,28147.777777777777,0.0,1.4059747333333334E7
2026-03-04T00:00:00.000Z,31,27660.0,0.0,1.3650844111111112E7
2026-03-07T00:00:00.000Z,3,28037.125,0.0,1.4000243125E7
2026-03-05T00:00:00.000Z,24,27880.11111111111,0.0,1.3854177777777778E7
2026-03-04T00:00:00.000Z,29,27788.555555555555,0.0,1.3465554222222222E7
2026-03-05T00:00:00.000Z,38,27668.0,0.0,1.3430058E7
2026-03-05T00:00:00.000Z,18,28112.0,0.0,1.3237783E7
2026-03-05T00:00:00.000Z,12,27873.684210526317,0.0,1.329612647368421E7
2026-03-06T00:00:00.000Z,9,28010.176470588234,0.0,1.3396478E7
2026-03-06T00:00:00.000Z,25,28172.0,0.0,1.2893128E7
2026-03-07T00:00:00.000Z,43,27875.384615384617,0.0,1.423141723076923E7
2026-03-04T00:00:00.000Z,20,28051.5,0.0,1.269086E7
2026-03-05T00:00:00.000Z,21,28099.0,0.0,1.3689845E7
2026-03-06T00:00:00.000Z,24,28026.666666666668,0.0,1.3004221888888888E7
2026-03-05T00:00:00.000Z,7,28065.764705882353,0.0,1.3545306176470589E7
2026-03-07T00:00:00.000Z,22,28094.090909090908,0.0,1.3614067181818182E7
2026-03-07T00:00:00.000Z,15,28200.85714285714,0.0,1.369448807142857E7
2026-03-04T00:00:00.000Z,17,28058.0,0.0,1.2595285E7
2026-03-06T00:00:00.000Z,40,27856.222222222223,0.0,1.3970812055555556E7
2026-03-05T00:00:00.000Z,25,28105.666666666668,0.0,1.4018791E7
2026-03-04T00:00:00.000Z,30,27740.272727272728,0.0,1.3813389090909092E7
2026-03-04T00:00:00.000Z,7,28018.823529411766,0.0,1.2846501588235294E7
2026-03-06T00:00:00.000Z,10,27979.75,0.0,1.31327396875E7
2026-03-06T00:00:00.000Z,26,28038.375,0.0,1.31085848125E7
2026-03-04T00:00:00.000Z,22,27907.0,0.0,1.3186032181818182E7
2026-03-07T00:00:00.000Z,13,28149.0,0.0,1.36899385E7
2026-03-06T00:00:00.000Z,38,27839.0,0.0,1.3783191E7
2026-03-07T00:00:00.000Z,5,28071.0,0.0,1.3839595545454545E7
2026-03-06T00:00:00.000Z,36,28086.0,0.0,1.33150025E7
2026-03-04T00:00:00.000Z,14,28124.333333333332,0.0,1.294359E7
2026-03-07T00:00:00.000Z,33,28066.88888888889,0.0,1.4323721555555556E7
2026-03-04T00:00:00.000Z,42,27680.3,0.0,1.33153056E7
2026-03-06T00:00:00.000Z,23,28128.166666666668,0.0,1.3311567666666666E7
2026-03-07T00:00:00.000Z,40,27867.777777777777,0.0,1.4504203E7
2026-03-04T00:00:00.000Z,18,28082.0,0.0,1.2560259E7
2026-03-07T00:00:00.000Z,0,28099.333333333332,0.0,1.3706969333333334E7
2026-03-04T00:00:00.000Z,13,28017.0,0.0,1.31788715E7
2026-03-04T00:00:00.000Z,40,27675.555555555555,0.0,1.2969904666666666E7
2026-03-07T00:00:00.000Z,41,27933.222222222223,0.0,1.4317220444444444E7
2026-03-06T00:00:00.000Z,7,28091.29411764706,0.0,1.334004194117647E7
2026-03-04T00:00:00.000Z,8,27957.555555555555,0.0,1.2677278666666666E7
2026-03-05T00:00:00.000Z,27,28077.0,0.0,1.4029261E7
2026-03-05T00:00:00.000Z,5,27949.636363636364,0.0,1.3556189363636363E7
2026-03-07T00:00:00.000Z,9,28065.70588235294,0.0,1.381718394117647E7
2026-03-05T00:00:00.000Z,20,28106.125,0.0,1.3401569625E7
2026-03-05T00:00:00.000Z,1,27886.875,0.0,1.370336925E7
2026-03-04T00:00:00.000Z,28,27997.217391304348,0.0,1.3446659913043479E7
2026-03-04T00:00:00.000Z,4,28018.25,0.0,1.3040802875E7
2026-03-06T00:00:00.000Z,14,28182.0,0.0,1.2979024333333334E7
2026-03-07T00:00:00.000Z,29,28033.222222222223,0.0,1.3661008888888888E7
2026-03-06T00:00:00.000Z,5,28018.909090909092,0.0,1.3513234363636363E7
2026-03-05T00:00:00.000Z,8,27985.0,0.0,1.3363201666666666E7
2026-03-05T00:00:00.000Z,30,27817.090909090908,0.0,1.4335857545454545E7
2026-03-07T00:00:00.000Z,37,28009.6,0.0,1.38526938E7
2026-03-04T00:00:00.000Z,34,27828.0,0.0,1.3954025357142856E7
2026-03-06T00:00:00.000Z,11,27814.85714285714,0.0,1.3727083285714285E7
2026-03-05T00:00:00.000Z,23,28074.0,0.0,1.3686554666666666E7
2026-03-05T00:00:00.000Z,28,28031.260869565216,0.0,1.3824953913043479E7
2026-03-07T00:00:00.000Z,26,28028.4375,0.0,1.42985409375E7
2026-03-05T00:00:00.000Z,14,28140.333333333332,0.0,1.3465414666666666E7
2026-03-04T00:00:00.000Z,2,27898.0,0.0,1.29699984E7
2026-03-07T00:00:00.000Z,24,28046.0,0.0,1.3539289333333334E7
2026-03-06T00:00:00.000Z,13,28101.0,0.0,1.305666E7
2026-03-07T00:00:00.000Z,21,28219.0,0.0,1.3712838E7
2026-03-04T00:00:00.000Z,36,27875.75,0.0,1.3161852625E7
2026-03-05T00:00:00.000Z,19,28015.35714285714,0.0,1.3326546642857144E7
2026-03-06T00:00:00.000Z,4,28104.5,0.0,1.3420987125E7
2026-03-05T00:00:00.000Z,22,27904.909090909092,0.0,1.3720773454545455E7
2026-03-05T00:00:00.000Z,3,27860.125,0.0,1.3382411875E7
2026-04-02T00:00:00.000Z,5,27833.909090909092,0.0,1.944008290909091E7
2026-04-04T00:00:00.000Z,43,28115.53846153846,178.30769230769232,8119803.230769231
2026-04-01T00:00:00.000Z,43,27404.846153846152,143.76923076923077,1.6268285846153846E7
2026-04-01T00:00:00.000Z,5,27702.363636363636,254.0,1.5505535818181818E7
2026-04-03T00:00:00.000Z,5,28135.545454545456,21.90909090909091,1.4063988454545455E7
2026-04-03T00:00:00.000Z,43,27953.923076923078,0.0,1.6135596153846154E7
2026-04-02T00:00:00.000Z,43,27615.153846153848,0.0,1.7454207846153848E7
2026-04-04T00:00:00.000Z,5,28282.727272727272,235.36363636363637,3533057.727272727
2026-02-22T00:00:00.000Z,27,28141.666666666668,529.1111111111111,3842753.888888889
2026-02-20T00:00:00.000Z,8,27467.0,88.88888888888889,8641193.555555556
2026-02-20T00:00:00.000Z,22,27551.454545454544,81.9090909090909,5163722.636363637
2026-02-22T00:00:00.000Z,39,28024.666666666668,726.7777777777778,3526713.722222222
2026-02-22T00:00:00.000Z,37,28039.1,516.2,4204497.1
2026-02-23T00:00:00.000Z,4,28252.25,426.0,3877595.75
2026-02-20T00:00:00.000Z,32,27573.090909090908,271.6363636363636,4049325.3636363638
2026-02-23T00:00:00.000Z,43,28021.0,360.3076923076923,3322354.6153846155
2026-02-23T00:00:00.000Z,26,28111.0,563.4375,3121058.8125
2026-02-20T00:00:00.000Z,33,27710.0,221.33333333333334,4918079.666666667
2026-02-20T00:00:00.000Z,19,27413.14285714286,79.57142857142857,8761310.785714285
2026-02-20T00:00:00.000Z,15,27705.0,73.78571428571429,6067540.071428572
2026-02-20T00:00:00.000Z,43,27429.76923076923,197.6153846153846,5006887.923076923
2026-02-21T00:00:00.000Z,15,28125.071428571428,1101.9285714285713,1019302.8571428572
2026-02-22T00:00:00.000Z,17,28270.0,2037.0,1253514.0
2026-02-22T00:00:00.000Z,42,27973.6,209.3,6147592.55
2026-02-21T00:00:00.000Z,33,27938.444444444445,667.6666666666666,1899872.111111111
2026-02-23T00:00:00.000Z,22,28088.090909090908,486.90909090909093,4059910.090909091
2026-02-20T00:00:00.000Z,35,27481.666666666668,137.13333333333333,5605783.066666666
2026-02-23T00:00:00.000Z,10,28168.875,294.1875,4770820.4375
2026-02-23T00:00:00.000Z,20,28265.25,328.6875,4538611.5
2026-02-22T00:00:00.000Z,25,28214.666666666668,514.6666666666666,3723821.0
2026-02-23T00:00:00.000Z,41,28111.777777777777,502.55555555555554,3830435.777777778
2026-02-20T00:00:00.000Z,20,27608.125,85.6875,7100109.625
2026-02-20T00:00:00.000Z,5,27577.727272727272,103.72727272727273,6699367.909090909
2026-02-21T00:00:00.000Z,17,28081.0,1023.0,1196084.0
2026-02-23T00:00:00.000Z,34,28085.214285714286,555.1428571428571,3522564.214285714
2026-02-20T00:00:00.000Z,18,27672.0,141.0,6452002.0
2026-02-21T00:00:00.000Z,37,27810.3,814.7,1641581.4
2026-02-20T00:00:00.000Z,29,27538.666666666668,104.66666666666667,4664425.777777778
2026-02-23T00:00:00.000Z,11,28092.714285714286,593.5714285714286,4084698.1428571427
2026-02-20T00:00:00.000Z,26,27622.75,156.3125,4918703.0
2026-02-20T00:00:00.000Z,41,27538.0,425.8888888888889,4148526.5555555555
2026-02-23T00:00:00.000Z,29,28057.444444444445,425.55555555555554,3383486.5555555555
2026-02-23T00:00:00.000Z,31,28025.88888888889,279.55555555555554,3494568.111111111
2026-02-20T00:00:00.000Z,27,27682.11111111111,124.11111111111111,4712494.555555556
2026-02-20T00:00:00.000Z,42,27441.4,452.15,4687899.55
2026-02-20T00:00:00.000Z,3,27524.25,142.5,6312319.75
2026-02-22T00:00:00.000Z,12,28098.684210526317,1159.9473684210527,2128522.5789473685
2026-02-23T00:00:00.000Z,25,28246.666666666668,494.6666666666667,3012025.0
2026-02-23T00:00:00.000Z,24,28024.0,641.4444444444445,3379807.777777778
2026-02-20T00:00:00.000Z,9,27385.29411764706,109.88235294117646,8758078.88235294
2026-02-20T00:00:00.000Z,40,27435.61111111111,224.5,5772030.722222222
2026-02-22T00:00:00.000Z,21,28240.0,901.0,2258700.0
2026-02-23T00:00:00.000Z,9,28109.70588235294,579.5294117647059,4085888.2352941176
2026-02-22T00:00:00.000Z,9,28110.176470588234,1265.1764705882354,1711154.1176470588
2026-02-22T00:00:00.000Z,38,28046.0,697.0,3364965.0
2026-02-23T00:00:00.000Z,16,28215.555555555555,586.7777777777778,4186040.3333333335
2026-02-20T00:00:00.000Z,37,27516.7,118.4,4850900.2
2026-02-21T00:00:00.000Z,39,27779.0,1007.0,1841093.8333333333
2026-02-22T00:00:00.000Z,40,27991.944444444445,430.94444444444446,4526548.111111111
2026-02-23T00:00:00.000Z,0,28217.0,398.6666666666667,3872349.6666666665
2026-02-23T00:00:00.000Z,42,28062.5,726.0,4088209.85
2026-02-20T00:00:00.000Z,39,27443.333333333332,181.33333333333334,6369016.333333333
2026-02-22T00:00:00.000Z,28,28189.130434782608,1027.0434782608695,2547553.7391304346
2026-02-20T00:00:00.000Z,28,27680.043478260868,87.17391304347827,4232181.956521739
2026-02-20T00:00:00.000Z,25,27750.0,115.66666666666667,4729632.666666667
2026-02-22T00:00:00.000Z,11,28059.0,877.4285714285714,2825866.714285714
2026-02-21T00:00:00.000Z,12,27848.78947368421,988.4736842105264,2368801.3684210526
2026-02-21T00:00:00.000Z,27,27974.11111111111,903.8888888888889,1534387.2222222222
2026-02-22T00:00:00.000Z,20,28253.0625,1736.375,1355175.4375
2026-02-23T00:00:00.000Z,19,28148.571428571428,402.7142857142857,4442449.428571428
2026-02-23T00:00:00.000Z,35,28076.466666666667,431.1333333333333,3278787.3333333335
2026-02-23T00:00:00.000Z,28,28211.347826086956,434.7826086956522,3355380.347826087
2026-02-22T00:00:00.000Z,5,28178.090909090908,1298.2727272727273,2274014.8181818184
2026-02-21T00:00:00.000Z,14,28118.333333333332,1191.0,896434.6666666666
2026-02-23T00:00:00.000Z,33,28179.666666666668,705.3333333333334,2794954.888888889
2026-02-21T00:00:00.000Z,28,28019.043478260868,867.5652173913044,1160249.4782608696
2026-02-22T00:00:00.000Z,29,28025.11111111111,540.7777777777778,4302562.555555556
2026-02-22T00:00:00.000Z,26,28045.8125,309.6875,5633267.375
2026-02-20T00:00:00.000Z,30,27477.81818181818,111.27272727272727,4795596.0
2026-02-22T00:00:00.000Z,10,28176.25,1217.5,1307760.5625
2026-02-20T00:00:00.000Z,31,27476.222222222223,133.66666666666666,4643849.111111111
2026-02-22T00:00:00.000Z,16,28202.88888888889,1219.0,1990256.3333333333
2026-02-22T00:00:00.000Z,31,27967.444444444445,352.8888888888889,5487217.777777778
2026-02-21T00:00:00.000Z,19,27939.928571428572,1015.0714285714286,2171917.3571428573
2026-02-23T00:00:00.000Z,18,28347.0,152.0,5162790.0
2026-02-21T00:00:00.000Z,42,27714.1,1276.05,1907443.8
2026-02-21T00:00:00.000Z,38,27788.0,971.0,2137322.0
2026-02-20T00:00:00.000Z,24,27527.666666666668,108.33333333333333,4577586.666666667
2026-02-23T00:00:00.000Z,17,28280.0,306.0,4724948.0
2026-02-23T00:00:00.000Z,36,28159.25,292.375,3297493.375
2026-02-22T00:00:00.000Z,41,27978.88888888889,223.11111111111111,6753289.888888889
2026-02-20T00:00:00.000Z,10,27349.75,71.9375,9805160.875
2026-02-21T00:00:00.000Z,22,27894.272727272728,1213.909090909091,1428607.8181818181
2026-02-22T00:00:00.000Z,13,28194.5,1185.0,2020354.5
2026-02-22T00:00:00.000Z,34,27969.214285714286,212.64285714285714,7278289.928571428
2026-02-21T00:00:00.000Z,5,27967.18181818182,1242.1818181818182,1506294.5454545454
2026-02-22T00:00:00.000Z,2,28183.0,886.2,2984702.8
2026-02-22T00:00:00.000Z,0,28202.333333333332,979.6666666666666,2594594.0
2026-02-22T00:00:00.000Z,36,28131.375,626.625,3573133.5
2026-02-20T00:00:00.000Z,7,27604.941176470587,80.70588235294117,7556104.0
2026-02-22T00:00:00.000Z,14,28278.333333333332,999.0,1808374.0
2026-02-22T00:00:00.000Z,33,28087.777777777777,259.0,6672867.888888889
2026-02-21T00:00:00.000Z,0,27997.666666666668,1084.6666666666667,1370049.3333333333
2026-02-20T00:00:00.000Z,17,27608.0,90.0,7301086.0
2026-02-20T00:00:00.000Z,12,27351.263157894737,142.57894736842104,8403738.842105264
2026-02-21T00:00:00.000Z,1,27944.625,1059.75,1469099.75
2026-02-21T00:00:00.000Z,31,27733.88888888889,678.7777777777778,2042335.5555555555
2026-02-20T00:00:00.000Z,36,27613.375,116.5,4983840.5
2026-02-23T00:00:00.000Z,13,28206.5,625.5,4206735.0
2026-02-21T00:00:00.000Z,8,27961.555555555555,1083.0,2507330.0
2026-02-23T00:00:00.000Z,5,28186.18181818182,611.1818181818181,3815920.6363636362
2026-02-23T00:00:00.000Z,40,28063.444444444445,555.3333333333334,3840994.111111111
2026-02-21T00:00:00.000Z,40,27740.666666666668,945.4444444444445,1928636.888888889
2026-02-21T00:00:00.000Z,9,27886.470588235294,1080.4117647058824,2715691.588235294
2026-02-23T00:00:00.000Z,3,28150.75,620.125,3541325.0
2026-02-22T00:00:00.000Z,35,28036.733333333334,651.8,3746259.066666667
2026-02-22T00:00:00.000Z,18,28335.0,1325.0,1314190.0
2026-02-21T00:00:00.000Z,32,27802.545454545456,735.0909090909091,2083801.0
2026-02-20T00:00:00.000Z,4,27668.125,75.5,6270546.25
2026-02-20T00:00:00.000Z,38,27447.0,206.0,6828035.0
2026-02-21T00:00:00.000Z,20,28068.5,1054.5,1111617.4375
2026-02-21T00:00:00.000Z,24,27820.88888888889,1226.3333333333333,1455009.4444444445
2026-02-21T00:00:00.000Z,36,27915.875,909.0,1448664.0
2026-02-23T00:00:00.000Z,27,28176.444444444445,644.6666666666666,2942335.222222222
2026-02-22T00:00:00.000Z,1,28143.0,865.375,2944724.25
2026-02-22T00:00:00.000Z,32,28006.454545454544,215.0909090909091,6809000.909090909
2026-02-23T00:00:00.000Z,30,27983.090909090908,457.27272727272725,3364110.3636363638
2026-02-23T00:00:00.000Z,14,28288.666666666668,521.0,4279833.0
2026-02-21T00:00:00.000Z,13,28029.5,1248.5,1034798.0
2026-02-21T00:00:00.000Z,30,27727.0,833.6363636363636,2037273.2727272727
2026-02-20T00:00:00.000Z,11,27371.714285714286,178.0,7617293.142857143
2026-02-21T00:00:00.000Z,29,27813.222222222223,902.0,1836386.7777777778
2026-02-23T00:00:00.000Z,12,28107.0,614.0,3848965.736842105
2026-02-23T00:00:00.000Z,21,28244.0,406.0,4267389.0
2026-02-21T00:00:00.000Z,34,27796.214285714286,784.7857142857143,2123637.785714286
2026-02-21T00:00:00.000Z,16,28039.555555555555,1199.0,1045379.8888888889
2026-02-22T00:00:00.000Z,24,28010.777777777777,842.6666666666666,3270478.6666666665
2026-02-20T00:00:00.000Z,2,27627.8,106.2,5744861.8
2026-02-20T00:00:00.000Z,34,27601.428571428572,197.71428571428572,4724458.214285715
2026-02-23T00:00:00.000Z,38,28109.0,551.0,4147474.0
2026-02-22T00:00:00.000Z,19,28149.071428571428,1619.7857142857142,1332170.7857142857
2026-02-22T00:00:00.000Z,8,28171.0,1286.3333333333333,1468960.4444444445
2026-02-22T00:00:00.000Z,23,28232.166666666668,917.3333333333334,2270907.1666666665
2026-02-22T00:00:00.000Z,30,27931.909090909092,378.8181818181818,5116960.818181818
2026-02-23T00:00:00.000Z,7,28232.70588235294,493.1764705882353,4076253.294117647
2026-02-21T00:00:00.000Z,25,28053.333333333332,741.0,1569489.0
2026-02-23T00:00:00.000Z,32,28116.363636363636,324.8181818181818,3811472.6363636362
2026-02-20T00:00:00.000Z,21,27662.0,62.0,5809260.0
2026-02-22T00:00:00.000Z,22,28080.81818181818,956.4545454545455,2810521.727272727
2026-02-23T00:00:00.000Z,37,28075.0,292.4,3280601.7
2026-02-22T00:00:00.000Z,3,28125.375,974.5,2891890.0
2026-02-21T00:00:00.000Z,18,28162.0,727.0,1134432.0
2026-02-21T00:00:00.000Z,10,27958.875,782.625,3798208.875
2026-02-21T00:00:00.000Z,7,28033.823529411766,1199.4117647058824,1450268.9411764706
2026-02-21T00:00:00.000Z,4,28046.125,1096.5,1216029.125
2026-02-20T00:00:00.000Z,1,27607.375,83.5,5535096.25
2026-02-21T00:00:00.000Z,21,28054.0,1214.0,1159582.0
2026-02-20T00:00:00.000Z,16,27651.333333333332,75.77777777777777,4649187.777777778
2026-02-20T00:00:00.000Z,14,27733.0,63.0,5111502.0
2026-02-21T00:00:00.000Z,41,27793.555555555555,980.2222222222222,1868179.4444444445
2026-02-22T00:00:00.000Z,15,28296.35714285714,1217.9285714285713,1778470.5714285714
2026-02-22T00:00:00.000Z,4,28245.5,1039.5,2241818.625
2026-02-22T00:00:00.000Z,7,28228.941176470587,1394.7058823529412,1618640.294117647
2026-02-22T00:00:00.000Z,43,27951.76923076923,383.61538461538464,5162613.923076923
2026-02-21T00:00:00.000Z,11,27794.285714285714,974.5714285714286,2235490.4285714286
2026-02-21T00:00:00.000Z,43,27719.30769230769,778.6923076923077,1784907.076923077
2026-02-21T00:00:00.000Z,2,27966.4,1101.0,1339154.8
2026-02-21T00:00:00.000Z,35,27800.8,935.0,1528163.2666666666
2026-02-23T00:00:00.000Z,39,28075.944444444445,549.7777777777778,3726986.0
2026-02-23T00:00:00.000Z,1,28158.625,306.25,3919044.625
2026-02-20T00:00:00.000Z,23,27659.166666666668,63.666666666666664,5918755.5
2026-02-21T00:00:00.000Z,23,28044.166666666668,1167.0,1178392.6666666667
2026-02-23T00:00:00.000Z,23,28236.166666666668,401.0,4176838.8333333335
2026-02-23T00:00:00.000Z,2,28213.0,396.0,3601565.6
2026-02-23T00:00:00.000Z,8,28169.444444444445,448.6666666666667,4212367.0
2026-02-23T00:00:00.000Z,15,28312.5,352.7857142857143,4526503.071428572
2026-02-21T00:00:00.000Z,26,27878.0625,736.75,1952718.8125
2026-02-21T00:00:00.000Z,3,27892.125,1202.875,1493237.375
2026-02-20T00:00:00.000Z,13,27643.0,82.0,4662425.5
2026-02-20T00:00:00.000Z,0,27632.666666666668,83.33333333333333,6112270.0
2026-03-22T00:00:00.000Z,5,27949.909090909092,0.0,1.7123366363636363E7
2026-03-21T00:00:00.000Z,5,27969.454545454544,201.0909090909091,1.3662797272727273E7
2026-03-20T00:00:00.000Z,5,28005.090909090908,0.0,1.6937654E7
2026-03-20T00:00:00.000Z,43,27709.615384615383,0.0,1.7686205076923076E7
2026-03-21T00:00:00.000Z,43,27751.30769230769,177.53846153846155,1.4953379307692308E7
2026-03-23T00:00:00.000Z,5,27954.090909090908,1.6363636363636365,1.2874113363636363E7
2026-03-22T00:00:00.000Z,43,27719.76923076923,36.84615384615385,1.651439023076923E7
2026-03-23T00:00:00.000Z,43,27700.384615384617,50.23076923076923,1.4042524153846154E7
2026-01-14T00:00:00.000Z,5,27847.545454545456,28.818181818181817,2988656.909090909
2026-01-11T00:00:00.000Z,5,26916.727272727272,16.727272727272727,5383447.363636363
2026-01-11T00:00:00.000Z,43,26872.615384615383,40.15384615384615,5205508.384615385
2026-01-12T00:00:00.000Z,5,27497.636363636364,344.3636363636364,748354.5454545454
2026-01-12T00:00:00.000Z,43,27319.30769230769,214.53846153846155,2424236.230769231
2026-01-13T00:00:00.000Z,5,27698.636363636364,7.818181818181818,3325646.6363636362
2026-01-14T00:00:00.000Z,43,27484.0,0.0,5131580.307692308
2026-01-13T00:00:00.000Z,43,27467.23076923077,0.0,4645548.538461538
2026-02-12T00:00:00.000Z,33,27973.88888888889,1793.4444444444443,1991017.7777777778
2026-02-15T00:00:00.000Z,16,27440.88888888889,679.7777777777778,6247453.666666667
2026-02-14T00:00:00.000Z,32,27554.272727272728,544.9090909090909,3987032.090909091
2026-02-13T00:00:00.000Z,9,27794.470588235294,464.2352941176471,4240413.529411765
2026-02-15T00:00:00.000Z,32,27328.272727272728,703.4545454545455,6308744.0
2026-02-14T00:00:00.000Z,12,27469.684210526317,389.2105263157895,2036495.4210526317
2026-02-15T00:00:00.000Z,12,27237.894736842107,428.10526315789474,6888419.368421053
2026-02-13T00:00:00.000Z,34,27773.5,190.92857142857142,5207293.714285715
2026-02-14T00:00:00.000Z,28,27563.956521739132,537.5652173913044,3039204.1304347827
2026-02-15T00:00:00.000Z,20,27393.3125,513.6875,5890940.625
2026-02-14T00:00:00.000Z,27,27584.333333333332,551.0,2630933.5555555555
2026-02-14T00:00:00.000Z,17,27520.0,246.0,1907348.0
2026-02-14T00:00:00.000Z,0,27544.333333333332,509.6666666666667,2089152.0
2026-02-13T00:00:00.000Z,42,27775.6,92.15,6161192.8
2026-02-15T00:00:00.000Z,23,27439.0,575.3333333333334,6207656.833333333
2026-02-15T00:00:00.000Z,25,27543.666666666668,684.6666666666666,6089340.666666667
2026-02-12T00:00:00.000Z,13,28029.0,1638.5,2770656.5
2026-02-15T00:00:00.000Z,22,27330.81818181818,687.0,6317800.545454546
2026-02-12T00:00:00.000Z,15,28122.714285714286,1014.7857142857143,2544196.9285714286
2026-02-14T00:00:00.000Z,1,27482.625,636.5,2443068.625
2026-02-14T00:00:00.000Z,10,27448.75,151.1875,2614461.0
2026-02-15T00:00:00.000Z,3,27324.25,469.875,6013383.25
2026-02-15T00:00:00.000Z,29,27317.555555555555,728.6666666666666,6390422.0
2026-02-14T00:00:00.000Z,4,27577.25,488.5,1936590.375
2026-02-13T00:00:00.000Z,2,27887.4,174.2,5041488.6
2026-02-12T00:00:00.000Z,2,27996.0,1418.2,3496974.0
2026-02-12T00:00:00.000Z,22,27913.18181818182,1771.090909090909,3200560.1818181816
2026-02-14T00:00:00.000Z,29,27445.0,520.8888888888889,3443254.6666666665
2026-02-13T00:00:00.000Z,20,27917.6875,331.75,3960843.1875
2026-02-15T00:00:00.000Z,4,27456.25,512.5,6251337.25
2026-02-13T00:00:00.000Z,22,27787.727272727272,243.45454545454547,4981507.545454546
2026-02-15T00:00:00.000Z,40,27202.0,483.05555555555554,5953824.555555556
2026-02-12T00:00:00.000Z,19,27956.071428571428,1240.2142857142858,2261699.3571428573
2026-02-13T00:00:00.000Z,5,27862.81818181818,302.6363636363636,4556526.636363637
2026-02-14T00:00:00.000Z,3,27504.0,488.25,2046690.625
2026-02-13T00:00:00.000Z,1,27845.875,188.375,5031364.125
2026-02-13T00:00:00.000Z,13,27895.5,288.5,4505258.0
2026-02-14T00:00:00.000Z,16,27515.555555555555,556.5555555555555,3041210.5555555555
2026-02-14T00:00:00.000Z,24,27405.666666666668,590.0,3133555.0
2026-02-13T00:00:00.000Z,10,27829.25,480.1875,3767937.25
2026-02-14T00:00:00.000Z,22,27402.636363636364,685.9090909090909,2900325.3636363638
2026-02-12T00:00:00.000Z,26,27913.75,1894.625,2311953.5
2026-02-13T00:00:00.000Z,17,27924.0,362.0,3933075.0
2026-02-15T00:00:00.000Z,27,27476.555555555555,742.0,6057530.111111111
2026-02-15T00:00:00.000Z,8,27303.555555555555,406.6666666666667,7397511.444444444
2026-02-13T00:00:00.000Z,7,27912.176470588234,360.0,4159651.0
2026-02-13T00:00:00.000Z,16,27898.222222222223,281.44444444444446,4543419.888888889
2026-02-13T00:00:00.000Z,0,27895.666666666668,217.0,4788208.666666667
2026-02-15T00:00:00.000Z,33,27483.666666666668,737.4444444444445,6190554.555555556
2026-02-15T00:00:00.000Z,28,27470.304347826088,617.6086956521739,6203108.0869565215
2026-02-12T00:00:00.000Z,7,28049.529411764706,1147.3529411764705,2671128.588235294
2026-02-13T00:00:00.000Z,32,27803.090909090908,74.63636363636364,5905934.454545454
2026-02-12T00:00:00.000Z,4,28067.125,1292.0,3132395.25
2026-02-14T00:00:00.000Z,21,27512.0,632.0,2403110.0
2026-02-13T00:00:00.000Z,41,27808.11111111111,46.55555555555556,5973355.777777778
2026-02-12T00:00:00.000Z,9,27928.41176470588,1229.5294117647059,3722082.2352941176
2026-02-13T00:00:00.000Z,4,27932.625,244.0,4566911.625
2026-02-15T00:00:00.000Z,17,27384.0,542.0,5775964.0
2026-02-12T00:00:00.000Z,8,27988.88888888889,1142.0,3154056.777777778
2026-02-15T00:00:00.000Z,36,27395.25,627.875,6118532.125
2026-02-15T00:00:00.000Z,30,27256.0,791.6363636363636,6471224.7272727275
2026-02-12T00:00:00.000Z,14,28112.666666666668,1252.0,2677322.3333333335
2026-02-13T00:00:00.000Z,38,27788.0,75.0,5672930.0
2026-02-14T00:00:00.000Z,19,27432.5,214.85714285714286,2317269.0714285714
2026-02-14T00:00:00.000Z,9,27463.176470588234,275.8235294117647,2319076.411764706
2026-02-14T00:00:00.000Z,11,27440.428571428572,484.57142857142856,2270330.5714285714
2026-02-13T00:00:00.000Z,19,27809.14285714286,591.1428571428571,3925772.6428571427
2026-02-15T00:00:00.000Z,15,27482.214285714286,529.2142857142857,5999465.571428572
2026-02-15T00:00:00.000Z,39,27226.666666666668,470.6111111111111,5904649.944444444
2026-02-14T00:00:00.000Z,26,27521.375,504.5625,2865310.4375
2026-02-14T00:00:00.000Z,20,27523.9375,298.25,1935254.8125
2026-02-14T00:00:00.000Z,2,27553.4,540.6,2078089.0
2026-02-13T00:00:00.000Z,26,27813.8125,190.75,5132596.5
2026-02-15T00:00:00.000Z,26,27400.1875,750.5625,6239570.9375
2026-02-13T00:00:00.000Z,8,27847.88888888889,457.77777777777777,3992304.888888889
2026-02-14T00:00:00.000Z,15,27578.5,471.35714285714283,2269868.285714286
2026-02-12T00:00:00.000Z,28,28030.08695652174,1877.9130434782608,2362412.086956522
2026-02-15T00:00:00.000Z,38,27236.0,427.0,5938814.0
2026-02-13T00:00:00.000Z,35,27764.266666666666,79.2,5535071.733333333
2026-02-13T00:00:00.000Z,25,27955.0,120.0,5146966.0
2026-02-15T00:00:00.000Z,43,27204.53846153846,594.4615384615385,6147015.769230769
2026-02-12T00:00:00.000Z,10,27982.6875,1086.1875,3189743.5
2026-02-15T00:00:00.000Z,21,27439.0,580.0,6194030.0
2026-02-12T00:00:00.000Z,43,27738.384615384617,1445.8461538461538,3226221.153846154
2026-02-13T00:00:00.000Z,43,27714.923076923078,60.30769230769231,5950671.769230769
2026-02-12T00:00:00.000Z,37,27851.1,1823.3,3081581.6
2026-02-13T00:00:00.000Z,23,27917.0,217.33333333333334,4607887.0
2026-02-12T00:00:00.000Z,23,28058.5,1314.3333333333333,3040061.0
2026-02-12T00:00:00.000Z,3,27916.625,1451.0,3601810.25
2026-02-12T00:00:00.000Z,41,27798.222222222223,1148.111111111111,3231134.888888889
2026-02-12T00:00:00.000Z,17,28075.0,1090.0,1703573.0
2026-02-14T00:00:00.000Z,41,27561.11111111111,618.0,3919164.888888889
2026-02-15T00:00:00.000Z,31,27244.555555555555,664.3333333333334,6459240.555555556
2026-02-14T00:00:00.000Z,14,27587.0,592.0,2533218.3333333335
2026-02-12T00:00:00.000Z,21,28067.0,1312.0,3014318.0
2026-02-13T00:00:00.000Z,39,27754.944444444445,96.27777777777777,5546201.166666667
2026-02-14T00:00:00.000Z,37,27433.8,533.6,3354781.5
2026-02-14T00:00:00.000Z,40,27450.11111111111,522.0555555555555,3545566.388888889
2026-02-12T00:00:00.000Z,34,27831.14285714286,1848.7857142857142,2319665.785714286
2026-02-13T00:00:00.000Z,24,27754.444444444445,212.44444444444446,5234194.222222222
2026-02-12T00:00:00.000Z,29,27858.333333333332,2124.777777777778,2866063.111111111
2026-02-14T00:00:00.000Z,23,27521.833333333332,604.3333333333334,2302803.8333333335
2026-02-15T00:00:00.000Z,18,27445.0,582.0,5412518.0
2026-02-15T00:00:00.000Z,41,27312.88888888889,645.8888888888889,6187358.555555556
2026-02-15T00:00:00.000Z,37,27292.5,649.1,6301373.3
2026-02-13T00:00:00.000Z,3,27810.125,217.5,4978137.75
2026-02-15T00:00:00.000Z,19,27274.714285714286,490.7142857142857,6797034.0
2026-02-13T00:00:00.000Z,18,27984.0,237.0,3924097.0
2026-02-12T00:00:00.000Z,32,27818.272727272728,1373.5454545454545,2951681.272727273
2026-02-14T00:00:00.000Z,13,27505.0,562.5,3005313.5
2026-02-12T00:00:00.000Z,1,27971.25,1549.5,3384022.75
2026-02-13T00:00:00.000Z,31,27730.88888888889,83.66666666666667,5975271.555555556
2026-02-13T00:00:00.000Z,28,27897.956521739132,171.7391304347826,4946209.478260869
2026-02-15T00:00:00.000Z,14,27526.666666666668,635.0,5993778.666666667
2026-02-13T00:00:00.000Z,21,27923.0,212.0,4608061.0
2026-02-15T00:00:00.000Z,5,27375.090909090908,426.54545454545456,6446575.2727272725
2026-02-15T00:00:00.000Z,24,27310.777777777777,762.3333333333334,6279134.444444444
2026-02-15T00:00:00.000Z,0,27419.666666666668,508.3333333333333,6201287.0
2026-02-12T00:00:00.000Z,42,27764.55,1299.65,3428233.9
2026-02-14T00:00:00.000Z,42,27482.8,598.95,3724017.25
2026-02-12T00:00:00.000Z,0,28022.333333333332,1329.3333333333333,3328724.6666666665
2026-02-12T00:00:00.000Z,31,27774.88888888889,1694.3333333333333,3030283.0
2026-02-15T00:00:00.000Z,13,27431.0,711.5,6210166.0
2026-02-13T00:00:00.000Z,15,27976.85714285714,227.28571428571428,4210604.5
2026-02-12T00:00:00.000Z,11,27831.0,1131.142857142857,4081748.8571428573
2026-02-12T00:00:00.000Z,27,28001.444444444445,2135.222222222222,2175927.777777778
2026-02-12T00:00:00.000Z,20,28065.4375,1038.875,1967116.25
2026-02-13T00:00:00.000Z,33,27862.88888888889,240.66666666666666,4590907.111111111
2026-02-12T00:00:00.000Z,39,27807.61111111111,1324.2777777777778,3691418.4444444445
2026-02-14T00:00:00.000Z,31,27428.777777777777,455.77777777777777,3868089.111111111
2026-02-14T00:00:00.000Z,34,27520.071428571428,605.2857142857143,3231533.5
2026-02-13T00:00:00.000Z,37,27778.8,80.9,5693830.1
2026-02-15T00:00:00.000Z,35,27265.2,563.2,5953540.333333333
2026-02-15T00:00:00.000Z,42,27230.8,533.55,6230221.4
2026-02-14T00:00:00.000Z,39,27442.277777777777,483.8888888888889,2859232.1666666665
2026-02-12T00:00:00.000Z,12,27893.947368421053,1135.3684210526317,3975108.789473684
2026-02-14T00:00:00.000Z,8,27490.11111111111,206.55555555555554,2358821.6666666665
2026-02-15T00:00:00.000Z,34,27353.14285714286,781.0714285714286,6200350.714285715
2026-02-12T00:00:00.000Z,5,27993.272727272728,1342.6363636363637,3388466.6363636362
2026-02-14T00:00:00.000Z,7,27547.176470588234,263.11764705882354,2088225.294117647
2026-02-14T00:00:00.000Z,5,27538.636363636364,399.3636363636364,1876415.0909090908
2026-02-14T00:00:00.000Z,25,27635.0,574.3333333333334,2587631.0
2026-02-13T00:00:00.000Z,40,27758.055555555555,68.33333333333333,6001187.166666667
2026-02-13T00:00:00.000Z,36,27861.25,88.625,5411497.25
2026-02-12T00:00:00.000Z,18,28132.0,842.0,1929448.0
2026-02-15T00:00:00.000Z,2,27415.2,498.4,5986502.6
2026-02-14T00:00:00.000Z,33,27572.555555555555,540.7777777777778,2543217.0
2026-02-15T00:00:00.000Z,7,27390.764705882353,507.5882352941176,6552247.176470588
2026-02-14T00:00:00.000Z,18,27563.0,292.0,1808621.0
2026-02-13T00:00:00.000Z,12,27770.157894736843,404.2631578947368,4679865.0
2026-02-14T00:00:00.000Z,43,27429.46153846154,486.46153846153845,3764223.769230769
2026-02-14T00:00:00.000Z,38,27470.0,511.0,2867718.0
2026-02-12T00:00:00.000Z,16,28037.222222222223,1599.111111111111,2743979.4444444445
2026-02-15T00:00:00.000Z,11,27212.0,388.2857142857143,6262316.857142857
2026-02-12T00:00:00.000Z,30,27780.272727272728,2133.0,2677007.727272727
2026-02-12T00:00:00.000Z,38,27829.0,1110.0,3876318.0
2026-02-15T00:00:00.000Z,1,27386.875,578.875,6255124.375
2026-02-13T00:00:00.000Z,29,27779.11111111111,132.22222222222223,5615503.333333333
2026-02-13T00:00:00.000Z,27,27896.11111111111,139.33333333333334,5152301.555555556
2026-02-13T00:00:00.000Z,30,27703.727272727272,153.63636363636363,5721045.7272727275
2026-02-12T00:00:00.000Z,35,27827.133333333335,1554.8666666666666,3406606.3333333335
2026-02-15T00:00:00.000Z,10,27260.875,396.875,8078570.5
2026-02-12T00:00:00.000Z,40,27781.222222222223,1278.9444444444443,3554252.277777778
2026-02-14T00:00:00.000Z,35,27437.133333333335,491.53333333333336,2932049.8
2026-02-12T00:00:00.000Z,36,27945.625,1800.0,3144146.0
2026-02-14T00:00:00.000Z,30,27405.81818181818,502.54545454545456,3502940.727272727
2026-02-14T00:00:00.000Z,36,27510.0,592.625,2945590.5
2026-02-13T00:00:00.000Z,14,27976.333333333332,268.0,4233088.0
2026-02-12T00:00:00.000Z,24,27850.88888888889,2402.1111111111113,2788608.4444444445
2026-02-15T00:00:00.000Z,9,27251.70588235294,391.94117647058823,7537252.176470588
2026-02-12T00:00:00.000Z,25,28070.333333333332,1867.0,2229943.3333333335
2026-02-13T00:00:00.000Z,11,27736.85714285714,214.42857142857142,5268532.0
2026-02-03T00:00:00.000Z,0,27352.0,173.33333333333334,3527982.0
2026-02-01T00:00:00.000Z,18,27613.0,72.0,4852568.0
2026-02-01T00:00:00.000Z,22,27479.545454545456,11.090909090909092,5638079.7272727275
2026-02-01T00:00:00.000Z,28,27618.043478260868,8.782608695652174,6480353.173913044
2026-02-01T00:00:00.000Z,0,27508.333333333332,3.3333333333333335,5061223.0
2026-01-31T00:00:00.000Z,4,27521.125,0.5,6956783.25
2026-02-01T00:00:00.000Z,10,27433.625,19.3125,3470791.9375
2026-02-01T00:00:00.000Z,33,27535.555555555555,1.2222222222222223,7251145.555555556
2026-02-03T00:00:00.000Z,12,27215.157894736843,179.26315789473685,4442280.0
2026-02-01T00:00:00.000Z,40,27310.722222222223,4.388888888888889,5670523.722222222
2026-02-02T00:00:00.000Z,35,27248.333333333332,343.6666666666667,6557769.666666667
2026-02-02T00:00:00.000Z,22,27427.636363636364,194.8181818181818,6197060.7272727275
2026-02-03T00:00:00.000Z,20,27366.4375,573.6875,2031883.5
2026-02-03T00:00:00.000Z,5,27295.0,174.8181818181818,3415009.0
2026-02-01T00:00:00.000Z,42,27315.25,2.6,5911150.25
2026-02-02T00:00:00.000Z,13,27546.0,125.0,5864055.5
2026-02-02T00:00:00.000Z,5,27341.909090909092,138.27272727272728,6332272.909090909
2026-01-31T00:00:00.000Z,25,27617.0,28.0,7167318.333333333
2026-02-02T00:00:00.000Z,8,27322.444444444445,53.77777777777778,5745710.0
2026-02-03T00:00:00.000Z,8,27290.11111111111,223.55555555555554,2818843.0
2026-02-02T00:00:00.000Z,37,27373.9,418.7,6167417.1
2026-01-31T00:00:00.000Z,23,27538.0,0.0,6761388.333333333
2026-02-02T00:00:00.000Z,7,27414.058823529413,122.6470588235294,5813209.05882353
2026-02-01T00:00:00.000Z,11,27299.428571428572,7.857142857142857,5266320.285714285
2026-02-02T00:00:00.000Z,10,27280.875,18.75,5604640.5
2026-02-03T00:00:00.000Z,11,27167.428571428572,111.57142857142857,5522538.0
2026-02-01T00:00:00.000Z,12,27358.473684210527,19.0,4676994.157894737
2026-02-02T00:00:00.000Z,11,27146.85714285714,147.42857142857142,6536689.285714285
2026-02-02T00:00:00.000Z,27,27655.0,633.5555555555555,4740673.0
2026-02-01T00:00:00.000Z,14,27663.0,10.0,5621731.666666667
2026-01-31T00:00:00.000Z,11,27255.85714285714,1.7142857142857142,7029667.714285715
2026-02-03T00:00:00.000Z,30,27393.727272727272,269.72727272727275,4662220.181818182
2026-02-03T00:00:00.000Z,25,27636.0,254.33333333333334,3437499.6666666665
2026-02-02T00:00:00.000Z,3,27232.375,180.125,6777847.125
2026-02-03T00:00:00.000Z,19,27264.428571428572,460.7142857142857,2606508.5
2026-02-03T00:00:00.000Z,33,27579.444444444445,209.44444444444446,4147204.3333333335
2026-02-02T00:00:00.000Z,33,27633.11111111111,629.5555555555555,4687249.777777778
2026-02-01T00:00:00.000Z,32,27348.18181818182,0.0,6126368.909090909
2026-02-02T00:00:00.000Z,34,27482.214285714286,552.7857142857143,5723086.428571428
2026-02-02T00:00:00.000Z,9,27245.0,53.64705882352941,6029758.05882353
2026-02-03T00:00:00.000Z,36,27432.75,173.875,4395403.0
2026-01-31T00:00:00.000Z,24,27410.11111111111,0.0,6514480.555555556
2026-02-01T00:00:00.000Z,21,27605.0,7.0,5451014.0
2026-02-01T00:00:00.000Z,3,27347.875,2.875,5687991.625
2026-01-31T00:00:00.000Z,10,27378.6875,3.0625,6505169.1875
2026-01-31T00:00:00.000Z,0,27466.0,0.3333333333333333,6964167.666666667
2026-02-03T00:00:00.000Z,18,27381.0,646.0,1562544.0
2026-01-31T00:00:00.000Z,27,27567.444444444445,18.666666666666668,7063937.777777778
2026-02-01T00:00:00.000Z,7,27543.235294117647,4.235294117647059,4518513.352941177
2026-02-01T00:00:00.000Z,37,27293.6,4.7,5688352.8
2026-02-02T00:00:00.000Z,19,27304.64285714286,82.92857142857143,5679863.571428572
2026-02-02T00:00:00.000Z,24,27473.666666666668,345.8888888888889,5674267.555555556
2026-01-31T00:00:00.000Z,40,27302.38888888889,1.1111111111111112,6949083.5
2026-01-31T00:00:00.000Z,19,27398.64285714286,3.0,6768120.785714285
2026-01-31T00:00:00.000Z,41,27341.333333333332,1.6666666666666667,6939355.222222222
2026-02-03T00:00:00.000Z,42,27395.4,22.65,6898569.15
2026-02-02T00:00:00.000Z,1,27410.25,170.25,6334650.75
2026-02-02T00:00:00.000Z,39,27188.055555555555,253.27777777777777,6644384.555555556
2026-02-01T00:00:00.000Z,43,27193.846153846152,3.4615384615384617,5910846.538461538
2026-01-31T00:00:00.000Z,13,27530.5,2.5,6346892.0
2026-02-01T00:00:00.000Z,17,27587.0,36.0,4735480.0
2026-02-02T00:00:00.000Z,43,27290.153846153848,329.0,6520594.846153846
2026-02-01T00:00:00.000Z,9,27402.41176470588,19.235294117647058,4223187.764705882
2026-02-03T00:00:00.000Z,28,27550.91304347826,290.30434782608694,2867307.782608696
2026-02-01T00:00:00.000Z,34,27380.85714285714,1.0,7070974.642857143
2026-01-31T00:00:00.000Z,14,27608.0,0.0,6189627.666666667
2026-02-02T00:00:00.000Z,32,27423.0,422.1818181818182,6370183.2727272725
2026-02-02T00:00:00.000Z,41,27399.333333333332,102.11111111111111,6729008.0
2026-01-31T00:00:00.000Z,20,27544.125,3.5625,5949385.8125
2026-02-03T00:00:00.000Z,29,27422.333333333332,223.22222222222223,4287131.444444444
2026-02-01T00:00:00.000Z,38,27341.0,5.0,5369806.0
2026-02-02T00:00:00.000Z,40,27285.777777777777,194.11111111111111,6645531.055555556
2026-02-02T00:00:00.000Z,23,27483.666666666668,238.0,6187949.833333333
2026-02-01T00:00:00.000Z,30,27307.090909090908,1.0909090909090908,6483183.0
2026-02-03T00:00:00.000Z,43,27323.384615384617,192.76923076923077,5972870.384615385
2026-02-01T00:00:00.000Z,24,27440.222222222223,6.444444444444445,5756404.555555556
2026-01-31T00:00:00.000Z,16,27548.88888888889,6.333333333333333,6440782.444444444
2026-02-03T00:00:00.000Z,3,27254.625,163.25,4830968.5
2026-01-31T00:00:00.000Z,21,27550.0,0.0,6697366.0
2026-01-31T00:00:00.000Z,37,27302.9,1.0,6644567.4
2026-02-02T00:00:00.000Z,12,27208.526315789473,83.26315789473684,6235789.421052632
2026-01-31T00:00:00.000Z,34,27394.571428571428,1.0714285714285714,7348241.571428572
2026-02-01T00:00:00.000Z,26,27475.75,0.625,7136520.9375
2026-01-31T00:00:00.000Z,29,27373.777777777777,0.5555555555555556,6541389.0
2026-01-31T00:00:00.000Z,43,27208.23076923077,1.8461538461538463,6820200.0
2026-02-01T00:00:00.000Z,31,27225.444444444445,1.8888888888888888,6041042.222222222
2026-02-03T00:00:00.000Z,4,27381.5,206.0,3101251.0
2026-02-01T00:00:00.000Z,39,27291.166666666668,4.277777777777778,5631331.944444444
2026-02-01T00:00:00.000Z,20,27566.3125,22.5625,4864141.8125
2026-01-31T00:00:00.000Z,5,27423.090909090908,1.6363636363636365,7170991.7272727275
2026-01-31T00:00:00.000Z,2,27413.0,0.2,6996767.8
2026-02-03T00:00:00.000Z,9,27255.882352941175,190.94117647058823,3495718.7647058824
2026-02-02T00:00:00.000Z,2,27358.6,199.0,6578470.6
2026-02-01T00:00:00.000Z,25,27646.333333333332,0.6666666666666666,6983187.333333333
2026-02-02T00:00:00.000Z,4,27452.75,185.5,6244120.375
2026-02-01T00:00:00.000Z,15,27633.714285714286,10.357142857142858,5399668.428571428
2026-02-03T00:00:00.000Z,26,27514.25,222.5,4260218.3125
2026-02-03T00:00:00.000Z,37,27373.0,200.6,4780647.6
2026-02-03T00:00:00.000Z,41,27436.222222222223,49.44444444444444,6404148.222222222
2026-02-03T00:00:00.000Z,1,27367.0,165.5,3602044.125
2026-02-03T00:00:00.000Z,7,27334.647058823528,323.8235294117647,2607511.588235294
2026-02-03T00:00:00.000Z,14,27524.0,426.0,2269395.0
2026-02-03T00:00:00.000Z,31,27364.11111111111,210.66666666666666,5316029.666666667
2026-01-31T00:00:00.000Z,35,27245.333333333332,1.0,6896780.866666666
2026-01-31T00:00:00.000Z,17,27569.0,4.0,5670542.0
2026-02-03T00:00:00.000Z,10,27264.4375,262.75,2934726.875
2026-02-01T00:00:00.000Z,16,27606.333333333332,14.88888888888889,6117964.333333333
2026-02-02T00:00:00.000Z,42,27357.95,55.1,6898976.95
2026-02-01T00:00:00.000Z,23,27591.5,6.666666666666667,5312477.166666667
2026-02-02T00:00:00.000Z,20,27454.5625,142.125,5253960.125
2026-02-03T00:00:00.000Z,32,27458.454545454544,137.8181818181818,5772775.090909091
2026-01-31T00:00:00.000Z,36,27399.125,0.75,6539537.375
2026-02-03T00:00:00.000Z,15,27454.35714285714,492.7142857142857,2241409.0714285714
2026-01-31T00:00:00.000Z,30,27330.909090909092,0.8181818181818182,6966458.090909091
2026-02-02T00:00:00.000Z,31,27353.0,565.7777777777778,6194067.222222222
2026-02-03T00:00:00.000Z,22,27375.454545454544,257.90909090909093,3329382.727272727
2026-01-31T00:00:00.000Z,26,27453.0,7.125,7345844.5625
2026-01-31T00:00:00.000Z,18,27598.0,16.0,4790346.0
2026-02-02T00:00:00.000Z,28,27655.217391304348,293.7391304347826,5259171.695652174
2026-01-31T00:00:00.000Z,3,27310.375,1.0,7281488.875
2026-01-31T00:00:00.000Z,39,27248.61111111111,1.1111111111111112,7052106.777777778
2026-01-31T00:00:00.000Z,38,27280.0,1.0,6950394.0
2026-02-02T00:00:00.000Z,25,27706.0,542.0,4604893.0
2026-01-31T00:00:00.000Z,22,27427.81818181818,0.0,6678972.7272727275
2026-01-31T00:00:00.000Z,42,27332.5,2.05,7095165.65
2026-02-03T00:00:00.000Z,16,27473.666666666668,376.0,2475265.6666666665
2026-02-01T00:00:00.000Z,41,27360.0,1.5555555555555556,6100125.444444444
2026-02-01T00:00:00.000Z,27,27586.777777777777,0.8888888888888888,6820317.111111111
2026-01-31T00:00:00.000Z,1,27440.375,0.0,6796833.875
2026-02-03T00:00:00.000Z,27,27591.333333333332,259.6666666666667,3547922.222222222
2026-02-03T00:00:00.000Z,17,27381.0,637.0,1901154.0
2026-02-01T00:00:00.000Z,13,27594.0,12.5,6005474.0
2026-01-31T00:00:00.000Z,31,27257.666666666668,1.5555555555555556,6734380.777777778
2026-02-03T00:00:00.000Z,39,27241.88888888889,118.72222222222223,5880497.388888889
2026-02-01T00:00:00.000Z,36,27407.5,5.875,5371088.0
2026-01-31T00:00:00.000Z,32,27357.363636363636,2.0,6770880.909090909
2026-02-02T00:00:00.000Z,38,27207.0,226.0,6507736.0
2026-02-01T00:00:00.000Z,19,27429.714285714286,10.357142857142858,4363329.5
2026-02-02T00:00:00.000Z,26,27563.5625,609.75,4995455.625
2026-02-03T00:00:00.000Z,13,27463.0,376.0,2487184.0
2026-01-31T00:00:00.000Z,8,27430.0,2.3333333333333335,6957710.888888889
2026-02-02T00:00:00.000Z,0,27402.666666666668,191.66666666666666,6364742.0
2026-01-31T00:00:00.000Z,9,27356.117647058825,1.1764705882352942,7083219.764705882
2026-02-02T00:00:00.000Z,18,27496.0,130.0,4492866.0
2026-02-02T00:00:00.000Z,14,27593.333333333332,133.0,5738211.333333333
2026-02-02T00:00:00.000Z,29,27454.333333333332,531.4444444444445,5752484.333333333
2026-01-31T00:00:00.000Z,28,27587.521739130436,17.73913043478261,6691688.652173913
2026-02-01T00:00:00.000Z,2,27452.0,1.8,5311770.2
2026-02-03T00:00:00.000Z,40,27336.11111111111,75.77777777777777,6556619.277777778
2026-02-03T00:00:00.000Z,24,27404.777777777777,228.55555555555554,3550420.222222222
2026-02-03T00:00:00.000Z,23,27413.333333333332,315.0,2921288.1666666665
2026-02-03T00:00:00.000Z,35,27281.0,161.13333333333333,5313645.6
2026-02-01T00:00:00.000Z,1,27483.75,6.125,5236680.625
2026-02-02T00:00:00.000Z,17,27468.0,149.0,5037594.0
2026-01-31T00:00:00.000Z,7,27517.882352941175,1.1176470588235294,6893042.235294118
2026-02-01T00:00:00.000Z,29,27367.333333333332,3.3333333333333335,5851993.666666667
2026-01-31T00:00:00.000Z,15,27598.071428571428,1.7857142857142858,6125395.5
2026-02-03T00:00:00.000Z,2,27356.6,120.4,4270791.6
2026-01-31T00:00:00.000Z,12,27319.684210526317,1.5263157894736843,6951981.631578947
2026-02-01T00:00:00.000Z,8,27473.777777777777,7.333333333333333,3869039.111111111
2026-02-03T00:00:00.000Z,21,27431.0,352.0,2862572.0
2026-02-03T00:00:00.000Z,38,27271.0,95.0,6168256.0
2026-02-02T00:00:00.000Z,36,27439.125,287.75,6140695.625
2026-02-03T00:00:00.000Z,34,27487.785714285714,194.21428571428572,5040653.571428572
2026-02-01T00:00:00.000Z,35,27257.333333333332,2.6666666666666665,5620810.533333333
2026-02-01T00:00:00.000Z,5,27459.636363636364,1.3636363636363635,4873238.363636363
2026-02-02T00:00:00.000Z,15,27537.928571428572,149.64285714285714,5589941.571428572
2026-02-02T00:00:00.000Z,16,27564.88888888889,135.77777777777777,5871127.111111111
2026-01-31T00:00:00.000Z,33,27482.666666666668,3.888888888888889,7310384.222222222
2026-02-02T00:00:00.000Z,21,27499.0,254.0,6163604.0
2026-02-02T00:00:00.000Z,30,27410.18181818182,696.0909090909091,5774460.090909091
2026-02-01T00:00:00.000Z,4,27564.875,4.0,4909910.5
2026-03-14T00:00:00.000Z,7,27855.470588235294,643.5294117647059,5508872.588235294
2026-03-15T00:00:00.000Z,25,27708.0,133.66666666666666,8478400.333333334
2026-03-14T00:00:00.000Z,18,27893.0,390.0,6384736.0
2026-03-13T00:00:00.000Z,21,28301.0,0.0,1.4073029E7
2026-03-12T00:00:00.000Z,22,27860.636363636364,42.45454545454545,1.0790394545454545E7
2026-03-13T00:00:00.000Z,4,28284.0,0.0,1.45867995E7
2026-03-12T00:00:00.000Z,33,27908.777777777777,77.0,1.2576542777777778E7
2026-03-13T00:00:00.000Z,30,28023.18181818182,0.0,1.5264875272727273E7
2026-03-12T00:00:00.000Z,35,27867.066666666666,158.86666666666667,1.0734532933333334E7
2026-03-13T00:00:00.000Z,11,28008.714285714286,0.0,1.528821442857143E7
2026-03-15T00:00:00.000Z,35,27508.866666666665,161.53333333333333,7651094.933333334
2026-03-12T00:00:00.000Z,40,27804.777777777777,320.1666666666667,1.0264914611111112E7
2026-03-13T00:00:00.000Z,27,28285.666666666668,1.8888888888888888,1.4690294555555556E7
2026-03-13T00:00:00.000Z,9,28155.117647058825,0.0,1.4835735235294119E7
2026-03-14T00:00:00.000Z,25,27710.333333333332,1414.0,4583370.0
2026-03-15T00:00:00.000Z,21,27681.0,170.0,8117271.0
2026-03-15T00:00:00.000Z,28,27661.521739130436,133.1304347826087,8172518.0869565215
2026-03-13T00:00:00.000Z,14,28386.333333333332,4.0,1.3419416E7
2026-03-12T00:00:00.000Z,18,28003.0,1.0,1.1437444E7
2026-03-14T00:00:00.000Z,27,27654.555555555555,1475.7777777777778,4448997.888888889
2026-03-12T00:00:00.000Z,31,27764.88888888889,159.11111111111111,1.1643737333333334E7
2026-03-14T00:00:00.000Z,38,27690.0,419.0,5580824.0
2026-03-13T00:00:00.000Z,28,28293.347826086956,7.217391304347826,1.4211778391304348E7
2026-03-12T00:00:00.000Z,29,27822.555555555555,92.66666666666667,1.1563710222222222E7
2026-03-12T00:00:00.000Z,32,27855.18181818182,289.72727272727275,1.1066218636363637E7
2026-03-12T00:00:00.000Z,1,27942.125,42.875,1.102134775E7
2026-03-15T00:00:00.000Z,10,27702.875,88.625,6911285.9375
2026-03-15T00:00:00.000Z,24,27505.11111111111,226.66666666666666,8431304.777777778
2026-03-15T00:00:00.000Z,36,27612.75,204.75,8168299.875
2026-03-14T00:00:00.000Z,26,27532.6875,1532.25,4087347.6875
2026-03-15T00:00:00.000Z,4,27736.625,138.0,7745005.5
2026-03-12T00:00:00.000Z,30,27754.18181818182,111.27272727272727,1.1895885363636363E7
2026-03-13T00:00:00.000Z,20,28272.0,27.125,1.27282104375E7
2026-03-15T00:00:00.000Z,38,27569.0,40.0,6576326.0
2026-03-15T00:00:00.000Z,18,27836.0,46.0,6912622.0
2026-03-13T00:00:00.000Z,37,28069.0,0.0,1.52505082E7
2026-03-14T00:00:00.000Z,3,27715.125,614.25,4516514.0
2026-03-14T00:00:00.000Z,29,27551.666666666668,1358.0,4676370.333333333
2026-03-14T00:00:00.000Z,34,27491.14285714286,1613.5,3483509.285714286
2026-03-12T00:00:00.000Z,7,27957.941176470587,19.764705882352942,1.0625746823529411E7
2026-03-12T00:00:00.000Z,37,27830.1,118.7,1.1430377E7
2026-03-13T00:00:00.000Z,31,27955.11111111111,0.0,1.5552403444444444E7
2026-03-14T00:00:00.000Z,17,27845.0,554.0,6684137.0
2026-03-12T00:00:00.000Z,17,27950.0,1.0,1.1132136E7
2026-03-15T00:00:00.000Z,26,27537.1875,180.9375,8886674.0625
2026-03-14T00:00:00.000Z,41,27615.11111111111,1227.0,3518896.222222222
2026-03-12T00:00:00.000Z,13,27960.0,29.0,1.00673415E7
2026-03-15T00:00:00.000Z,15,27792.571428571428,122.57142857142857,7559979.0
2026-03-12T00:00:00.000Z,5,27970.0,52.81818181818182,1.0291906272727273E7
2026-03-15T00:00:00.000Z,34,27500.285714285714,250.0,9184937.92857143
2026-03-13T00:00:00.000Z,7,28252.58823529412,1.9411764705882353,1.4163360235294119E7
2026-03-12T00:00:00.000Z,43,27789.69230769231,263.7692307692308,1.0831421076923076E7
2026-03-15T00:00:00.000Z,5,27680.18181818182,110.45454545454545,7286646.2727272725
2026-03-14T00:00:00.000Z,8,27825.777777777777,553.5555555555555,4874235.333333333
2026-03-12T00:00:00.000Z,4,28034.875,29.5,1.072567E7
2026-03-13T00:00:00.000Z,22,28168.272727272728,0.36363636363636365,1.4292753454545455E7
2026-03-12T00:00:00.000Z,15,28016.0,9.5,1.075716242857143E7
2026-03-14T00:00:00.000Z,12,27746.36842105263,418.89473684210526,4955748.105263158
2026-03-12T00:00:00.000Z,27,27942.444444444445,61.22222222222222,1.1619356777777778E7
2026-03-15T00:00:00.000Z,40,27488.222222222223,93.72222222222223,7270617.888888889
2026-03-13T00:00:00.000Z,10,28212.5,3.3125,1.3926918E7
2026-03-13T00:00:00.000Z,41,27961.11111111111,0.0,1.5884677222222222E7
2026-03-14T00:00:00.000Z,9,27779.352941176472,490.1764705882353,4609364.117647059
2026-03-14T00:00:00.000Z,28,27687.695652173912,1227.695652173913,5066682.0869565215
2026-03-14T00:00:00.000Z,35,27589.4,828.5333333333333,4442017.4
2026-03-14T00:00:00.000Z,2,27770.6,762.8,4589307.2
2026-03-14T00:00:00.000Z,42,27557.25,1021.1,4323882.85
2026-03-13T00:00:00.000Z,29,28095.0,0.0,1.4981293E7
2026-03-14T00:00:00.000Z,19,27782.928571428572,564.2142857142857,6133426.071428572
2026-03-15T00:00:00.000Z,13,27677.5,165.0,8018395.0
2026-03-15T00:00:00.000Z,27,27647.777777777777,157.66666666666666,8486380.222222222
2026-03-15T00:00:00.000Z,14,27801.0,163.0,7803833.0
2026-03-15T00:00:00.000Z,2,27669.0,147.6,7743866.2
2026-03-14T00:00:00.000Z,43,27510.69230769231,1035.6923076923076,4091887.6153846155
2026-03-12T00:00:00.000Z,19,27889.571428571428,23.857142857142858,1.0599240642857144E7
2026-03-13T00:00:00.000Z,2,28224.4,0.0,1.50211988E7
2026-03-15T00:00:00.000Z,31,27447.11111111111,240.11111111111111,8643606.111111112
2026-03-15T00:00:00.000Z,30,27415.090909090908,216.54545454545453,8950954.272727273
2026-03-14T00:00:00.000Z,32,27569.454545454544,1345.3636363636363,3662355.0
2026-03-13T00:00:00.000Z,38,27983.0,0.0,1.5487407E7
2026-03-13T00:00:00.000Z,25,28334.333333333332,3.0,1.4623027E7
2026-03-15T00:00:00.000Z,41,27596.777777777777,233.55555555555554,8634716.222222222
2026-03-13T00:00:00.000Z,16,28300.88888888889,13.0,1.3680462555555556E7
2026-03-13T00:00:00.000Z,43,27921.923076923078,0.0,1.5734925384615384E7
2026-03-12T00:00:00.000Z,26,27849.625,89.75,1.217124925E7
2026-03-13T00:00:00.000Z,33,28205.777777777777,0.2222222222222222,1.5002611111111112E7
2026-03-13T00:00:00.000Z,5,28195.909090909092,0.0,1.4856968272727273E7
2026-03-15T00:00:00.000Z,43,27454.76923076923,195.46153846153845,8100287.307692308
2026-03-12T00:00:00.000Z,42,27800.55,503.3,9610986.45
2026-03-13T00:00:00.000Z,15,28347.35714285714,9.857142857142858,1.3264867857142856E7
2026-03-13T00:00:00.000Z,1,28203.875,0.0,1.463664975E7
2026-03-15T00:00:00.000Z,19,27675.071428571428,112.92857142857143,6940603.0
2026-03-12T00:00:00.000Z,11,27868.714285714286,133.0,9792278.285714285
2026-03-12T00:00:00.000Z,12,27907.157894736843,82.36842105263158,9789728.47368421
2026-03-15T00:00:00.000Z,12,27636.473684210527,77.89473684210526,6556863.105263158
2026-03-14T00:00:00.000Z,11,27694.285714285714,378.2857142857143,5561120.285714285
2026-03-15T00:00:00.000Z,1,27625.625,179.0,8300406.375
2026-03-14T00:00:00.000Z,5,27799.636363636364,689.7272727272727,4649191.818181818
2026-03-13T00:00:00.000Z,32,27968.0,0.0,1.5775432636363637E7
2026-03-12T00:00:00.000Z,25,27990.0,47.0,1.1648805E7
2026-03-15T00:00:00.000Z,22,27550.0,207.36363636363637,8391038.545454545
2026-03-15T00:00:00.000Z,9,27650.647058823528,103.3529411764706,6505742.823529412
2026-03-12T00:00:00.000Z,0,28002.333333333332,47.0,1.0727439333333334E7
2026-03-13T00:00:00.000Z,8,28210.88888888889,0.4444444444444444,1.4434074444444444E7
2026-03-12T00:00:00.000Z,36,27946.375,101.0,1.1205467E7
2026-03-15T00:00:00.000Z,29,27501.777777777777,223.77777777777777,8656295.888888888
2026-03-12T00:00:00.000Z,34,27856.571428571428,176.14285714285714,1.2068390142857144E7
2026-03-15T00:00:00.000Z,37,27492.7,217.0,8299103.6
2026-03-12T00:00:00.000Z,39,27855.055555555555,192.5,1.0146696277777778E7
2026-03-15T00:00:00.000Z,33,27609.0,205.55555555555554,8866186.555555556
2026-03-14T00:00:00.000Z,4,27847.375,797.5,5070994.375
2026-03-14T00:00:00.000Z,16,27720.222222222223,987.3333333333334,5741297.777777778
2026-03-14T00:00:00.000Z,36,27685.375,1036.25,4579198.5
2026-03-13T00:00:00.000Z,19,28189.0,12.428571428571429,1.3442289857142856E7
2026-03-13T00:00:00.000Z,12,28102.473684210527,0.0,1.507630447368421E7
2026-03-13T00:00:00.000Z,3,28139.125,0.0,1.5210615E7
2026-03-15T00:00:00.000Z,42,27511.25,188.95,8246125.1
2026-03-15T00:00:00.000Z,8,27693.0,98.11111111111111,6738697.111111111
2026-03-12T00:00:00.000Z,21,27990.0,22.0,1.0803123E7
2026-03-12T00:00:00.000Z,3,27937.75,126.375,9929177.875
2026-03-12T00:00:00.000Z,41,27885.222222222223,456.6666666666667,9908825.888888888
2026-03-14T00:00:00.000Z,24,27548.11111111111,1387.888888888889,4911276.222222222
2026-03-15T00:00:00.000Z,3,27620.375,92.125,7147457.5
2026-03-13T00:00:00.000Z,42,27923.9,0.0,1.610200085E7
2026-03-14T00:00:00.000Z,22,27617.18181818182,1065.5454545454545,5485044.363636363
2026-03-13T00:00:00.000Z,39,28005.833333333332,0.0,1.5495211722222222E7
2026-03-12T00:00:00.000Z,20,27947.8125,6.0,1.0966795E7
2026-03-14T00:00:00.000Z,39,27634.444444444445,558.2777777777778,5005524.0
2026-03-13T00:00:00.000Z,26,28141.75,1.0,1.5077947625E7
2026-03-14T00:00:00.000Z,13,27713.0,994.0,5704743.0
2026-03-14T00:00:00.000Z,37,27554.1,1140.3,4401603.0
2026-03-14T00:00:00.000Z,15,27867.0,659.7142857142857,6134008.0
2026-03-12T00:00:00.000Z,8,27914.444444444445,26.0,1.0261358333333334E7
2026-03-13T00:00:00.000Z,36,28190.375,0.0,1.5011374E7
2026-03-14T00:00:00.000Z,14,27852.333333333332,863.0,5780908.0
2026-03-14T00:00:00.000Z,31,27480.88888888889,1269.6666666666667,4199214.0
2026-03-12T00:00:00.000Z,10,27897.4375,22.625,1.0607425125E7
2026-03-15T00:00:00.000Z,20,27760.375,94.4375,7038396.375
2026-03-13T00:00:00.000Z,34,28036.428571428572,0.0,1.5470944E7
2026-03-14T00:00:00.000Z,23,27788.5,856.3333333333334,5651707.166666667
2026-03-15T00:00:00.000Z,23,27691.0,163.0,8068339.5
2026-03-13T00:00:00.000Z,24,28123.444444444445,0.0,1.4595371444444444E7
2026-03-12T00:00:00.000Z,23,27994.166666666668,22.666666666666668,1.0817017666666666E7
2026-03-13T00:00:00.000Z,40,27929.222222222223,0.0,1.5891809777777778E7
2026-03-14T00:00:00.000Z,20,27842.5625,559.875,6365274.5625
2026-03-15T00:00:00.000Z,16,27683.777777777777,153.77777777777777,8033193.777777778
2026-03-13T00:00:00.000Z,18,28329.0,78.0,1.129575E7
2026-03-14T00:00:00.000Z,10,27842.25,433.9375,5230999.5625
2026-03-13T00:00:00.000Z,0,28241.666666666668,0.0,1.4653426E7
2026-03-13T00:00:00.000Z,35,28062.533333333333,0.0,1.53918092E7
2026-03-15T00:00:00.000Z,0,27688.333333333332,144.66666666666666,7822815.333333333
2026-03-15T00:00:00.000Z,39,27534.222222222223,70.22222222222223,6983296.888888889
2026-03-12T00:00:00.000Z,24,27821.777777777777,68.55555555555556,1.107202E7
2026-03-12T00:00:00.000Z,38,27872.0,210.0,1.010802E7
2026-03-13T00:00:00.000Z,17,28281.0,44.0,1.222403E7
2026-03-13T00:00:00.000Z,13,28292.0,13.5,1.36344625E7
2026-03-14T00:00:00.000Z,33,27594.222222222223,1609.7777777777778,3617179.4444444445
2026-03-12T00:00:00.000Z,14,28059.666666666668,20.0,1.0182182666666666E7
2026-03-15T00:00:00.000Z,11,27585.85714285714,41.42857142857143,6679611.857142857
2026-03-12T00:00:00.000Z,9,27896.235294117647,53.88235294117647,1.0008669705882354E7
2026-03-14T00:00:00.000Z,21,27776.0,864.0,5795094.0
2026-03-14T00:00:00.000Z,0,27796.666666666668,794.0,5005743.0
2026-03-15T00:00:00.000Z,7,27739.529411764706,109.76470588235294,7111530.05882353
2026-03-14T00:00:00.000Z,40,27594.61111111111,681.1111111111111,4920409.277777778
2026-03-12T00:00:00.000Z,16,27963.444444444445,25.0,1.0027475888888888E7
2026-03-14T00:00:00.000Z,1,27721.125,923.0,5150103.0
2026-03-12T00:00:00.000Z,2,28007.8,90.2,1.06258526E7
2026-03-15T00:00:00.000Z,17,27771.0,82.0,6931600.0
2026-03-15T00:00:00.000Z,32,27563.090909090908,266.3636363636364,8940420.272727273
2026-03-14T00:00:00.000Z,30,27462.18181818182,1489.8181818181818,4381375.2727272725
2026-03-13T00:00:00.000Z,23,28289.666666666668,0.0,1.41966805E7
2026-03-12T00:00:00.000Z,28,27946.739130434784,34.65217391304348,1.0495130130434783E7
2026-05-08T00:00:00.000Z,5,28509.545454545456,0.0,1.5783744545454545E7
2026-05-10T00:00:00.000Z,5,28914.363636363636,520.1818181818181,2.0100038E7
2026-05-09T00:00:00.000Z,43,28667.76923076923,36.30769230769231,2.4068529384615384E7
2026-05-07T00:00:00.000Z,5,28215.636363636364,545.0,1.1514236727272727E7
2026-05-07T00:00:00.000Z,43,28194.615384615383,314.9230769230769,1.579116676923077E7
2026-05-08T00:00:00.000Z,43,28456.384615384617,43.0,2.1253813692307692E7
2026-05-10T00:00:00.000Z,43,28646.846153846152,310.2307692307692,1.8591555692307692E7
2026-05-09T00:00:00.000Z,5,28812.0,82.72727272727273,2.0554824545454547E7
2026-05-14T00:00:00.000Z,5,28126.454545454544,375.8181818181818,2.140072890909091E7
2026-05-14T00:00:00.000Z,43,27930.846153846152,402.15384615384613,1.714510953846154E7
2026-05-11T00:00:00.000Z,43,28205.076923076922,1794.6923076923076,1.2333007846153846E7
2026-05-13T00:00:00.000Z,43,28101.23076923077,412.15384615384613,1.7296999230769232E7
2026-05-13T00:00:00.000Z,5,28229.18181818182,555.1818181818181,1.7509155454545453E7
2026-05-12T00:00:00.000Z,5,27974.727272727272,144.27272727272728,2.2170468E7
2026-05-12T00:00:00.000Z,43,27827.615384615383,265.0,2.1547587846153848E7
2026-05-11T00:00:00.000Z,5,28328.18181818182,1192.6363636363637,1.1881022272727273E7
2026-05-01T00:00:00.000Z,5,28701.0,0.0,2.5802472363636363E7
2026-04-30T00:00:00.000Z,43,28148.76923076923,0.0,2.6748966307692308E7
2026-05-01T00:00:00.000Z,43,28402.0,0.0,2.6340477076923076E7
2026-04-29T00:00:00.000Z,5,28536.636363636364,0.0,2.5438742545454547E7
2026-05-02T00:00:00.000Z,5,28927.363636363636,0.0,2.5489711272727273E7
2026-04-29T00:00:00.000Z,43,28416.076923076922,0.0,2.4571097384615384E7
2026-05-02T00:00:00.000Z,43,28738.53846153846,0.0,2.5814708153846152E7
2026-04-30T00:00:00.000Z,5,28371.272727272728,0.0,2.6214434181818184E7
2026-01-07T00:00:00.000Z,5,26827.454545454544,43.45454545454545,4992700.2727272725
2026-01-10T00:00:00.000Z,43,27145.615384615383,612.3076923076923,2617670.846153846
2026-01-09T00:00:00.000Z,43,27522.23076923077,490.3076923076923,3789912.769230769
2026-01-10T00:00:00.000Z,5,27255.909090909092,698.5454545454545,1924444.9090909092
2026-01-07T00:00:00.000Z,43,26555.0,60.15384615384615,5460195.0
2026-01-08T00:00:00.000Z,5,27368.545454545456,696.4545454545455,3060717.3636363638
2026-01-09T00:00:00.000Z,5,27711.363636363636,699.0909090909091,3560936.4545454546
2026-01-08T00:00:00.000Z,43,27177.384615384617,734.8461538461538,3002115.3846153845
2026-05-03T00:00:00.000Z,5,28964.090909090908,9.818181818181818,2.116305890909091E7
2026-05-05T00:00:00.000Z,43,28384.69230769231,380.38461538461536,1.058834623076923E7
2026-05-03T00:00:00.000Z,43,28788.0,85.15384615384616,2.2156538153846152E7
2026-05-05T00:00:00.000Z,5,28650.272727272728,594.0,1.0151970909090908E7
2026-05-04T00:00:00.000Z,43,28658.53846153846,39.07692307692308,1.809626246153846E7
2026-05-06T00:00:00.000Z,43,28218.153846153848,1335.3846153846155,8429716.692307692
2026-05-04T00:00:00.000Z,5,28917.81818181818,29.90909090909091,1.8781430363636363E7
2026-05-06T00:00:00.000Z,5,28493.090909090908,746.0,1.2694205545454545E7
2026-06-08T00:00:00.000Z,5,29162.81818181818,94.63636363636364,2.1120426363636363E7
2026-06-10T00:00:00.000Z,5,28549.909090909092,263.6363636363636,1.3508150636363637E7
2026-06-09T00:00:00.000Z,5,28774.272727272728,323.27272727272725,1.5081270454545455E7
2026-06-10T00:00:00.000Z,43,28305.46153846154,1023.9230769230769,9777454.384615384
2026-06-09T00:00:00.000Z,43,28597.46153846154,783.9230769230769,9385993.461538462
2026-06-08T00:00:00.000Z,43,29012.69230769231,307.6923076923077,2.215227153846154E7
2026-04-21T00:00:00.000Z,5,27937.727272727272,96.63636363636364,1.4194076909090908E7
2026-04-23T00:00:00.000Z,43,28152.30769230769,0.0,2.5389300615384616E7
2026-04-22T00:00:00.000Z,5,28155.454545454544,0.0,2.4603818181818184E7
2026-04-21T00:00:00.000Z,43,27844.615384615383,97.84615384615384,1.8320635230769232E7
2026-04-24T00:00:00.000Z,5,28415.727272727272,0.0,2.516452109090909E7
2026-04-23T00:00:00.000Z,5,28323.81818181818,0.0,2.492056509090909E7
2026-04-24T00:00:00.000Z,43,28266.076923076922,0.0,2.5533639230769232E7
2026-04-22T00:00:00.000Z,43,27985.0,0.0,2.5139173076923076E7
2026-05-30T00:00:00.000Z,43,29317.846153846152,33.53846153846154,2.392151953846154E7
2026-05-28T00:00:00.000Z,43,29134.23076923077,1.0,2.7699001230769232E7
2026-05-30T00:00:00.000Z,5,29424.18181818182,104.45454545454545,2.1926168727272727E7
2026-05-28T00:00:00.000Z,5,29176.0,0.0,2.793465490909091E7
2026-05-27T00:00:00.000Z,5,29557.454545454544,0.0,2.3286004545454547E7
2026-05-29T00:00:00.000Z,5,29353.18181818182,0.0,2.8188657818181816E7
2026-05-27T00:00:00.000Z,43,29394.53846153846,27.76923076923077,2.2241862923076924E7
2026-05-29T00:00:00.000Z,43,29148.846153846152,0.0,2.8672147230769232E7
2026-04-08T00:00:00.000Z,43,28271.076923076922,0.0,2.2018936E7
2026-04-08T00:00:00.000Z,5,28314.727272727272,0.0,2.1682239454545453E7
2026-04-09T00:00:00.000Z,43,28328.0,0.0,2.1541006153846152E7
2026-04-10T00:00:00.000Z,5,28187.454545454544,367.54545454545456,7833653.909090909
2026-04-10T00:00:00.000Z,43,28087.076923076922,511.6923076923077,6373459.461538462
2026-04-12T00:00:00.000Z,43,27932.615384615383,768.0,5405890.769230769
2026-04-11T00:00:00.000Z,5,28613.454545454544,255.72727272727272,2.0316615272727273E7
2026-04-12T00:00:00.000Z,5,28031.81818181818,820.5454545454545,5445930.909090909
2026-04-11T00:00:00.000Z,43,28472.23076923077,162.07692307692307,1.972769646153846E7
2026-04-09T00:00:00.000Z,5,28367.636363636364,18.545454545454547,2.036752490909091E7
2026-04-28T00:00:00.000Z,5,28752.18181818182,0.0,2.3226027818181816E7
2026-04-27T00:00:00.000Z,43,28415.23076923077,0.0,2.5081855076923076E7
2026-04-27T00:00:00.000Z,5,28490.0,0.0,2.437406E7
2026-04-26T00:00:00.000Z,5,28399.090909090908,0.0,2.4004441818181816E7
2026-04-25T00:00:00.000Z,5,28463.0,0.0,2.5045704363636363E7
2026-04-26T00:00:00.000Z,43,28322.076923076922,0.0,2.3915722E7
2026-04-25T00:00:00.000Z,43,28389.076923076922,0.0,2.5260184307692308E7
2026-04-28T00:00:00.000Z,43,28565.53846153846,0.0,2.0014643230769232E7
2026-04-14T00:00:00.000Z,43,27906.846153846152,159.46153846153845,5620601.923076923
2026-04-14T00:00:00.000Z,5,28091.090909090908,67.81818181818181,5906939.090909091
2026-04-15T00:00:00.000Z,5,28309.272727272728,12.727272727272727,1.0104416090909092E7
2026-04-13T00:00:00.000Z,5,28107.727272727272,162.36363636363637,5280665.545454546
2026-04-16T00:00:00.000Z,5,28506.909090909092,3.0,1.5506460090909092E7
2026-04-13T00:00:00.000Z,43,27943.153846153848,358.3076923076923,5643535.923076923
2026-04-15T00:00:00.000Z,43,28058.153846153848,38.0,9677409.23076923
2026-04-16T00:00:00.000Z,43,28291.53846153846,9.538461538461538,1.565992676923077E7
2026-04-19T00:00:00.000Z,43,28207.46153846154,521.2307692307693,1.6314850307692308E7
2026-04-18T00:00:00.000Z,43,28549.615384615383,61.53846153846154,1.9671528E7
2026-04-17T00:00:00.000Z,5,28609.454545454544,0.0,1.816777090909091E7
2026-04-18T00:00:00.000Z,5,28742.18181818182,9.636363636363637,1.7377338545454547E7
2026-04-20T00:00:00.000Z,43,28004.69230769231,36.84615384615385,1.7706726769230768E7
2026-04-19T00:00:00.000Z,5,28232.727272727272,175.9090909090909,1.6491457E7
2026-04-17T00:00:00.000Z,43,28386.76923076923,0.0,2.1508857076923076E7
2026-04-20T00:00:00.000Z,5,28054.454545454544,25.818181818181817,1.8042879272727273E7
2026-06-03T00:00:00.000Z,19,28818.785714285714,251.71428571428572,1.9222989E7
2026-06-03T00:00:00.000Z,1,28785.5,247.625,1.81811045E7
2026-06-01T00:00:00.000Z,12,29008.63157894737,44.10526315789474,2.1366948315789472E7
2026-05-31T00:00:00.000Z,2,29232.8,363.2,1.83526744E7
2026-06-03T00:00:00.000Z,10,28828.8125,162.75,1.9676726125E7
2026-06-01T00:00:00.000Z,8,29061.777777777777,55.888888888888886,2.0291562444444444E7
2026-06-02T00:00:00.000Z,2,28993.4,675.4,1.75421036E7
2026-06-02T00:00:00.000Z,10,29025.25,572.0625,1.7543209E7
2026-06-03T00:00:00.000Z,18,29045.0,119.0,1.985515E7
2026-06-03T00:00:00.000Z,8,28813.555555555555,141.44444444444446,1.9390861333333332E7
2026-06-01T00:00:00.000Z,30,28839.18181818182,42.36363636363637,1.6349282545454545E7
2026-06-03T00:00:00.000Z,0,28827.333333333332,245.0,1.8691266E7
2026-06-03T00:00:00.000Z,41,28775.0,344.6666666666667,1.9953434222222224E7
2026-06-03T00:00:00.000Z,30,28548.363636363636,340.0,1.789523E7
2026-06-02T00:00:00.000Z,32,28928.636363636364,832.7272727272727,1.836610090909091E7
2026-06-01T00:00:00.000Z,14,29246.666666666668,16.0,1.979529E7
2026-06-02T00:00:00.000Z,24,28770.555555555555,1183.7777777777778,1.6984531111111112E7
2026-06-02T00:00:00.000Z,35,28832.733333333334,1031.4,1.8501546666666668E7
2026-06-01T00:00:00.000Z,23,29117.666666666668,28.333333333333332,1.9924327666666668E7
2026-06-01T00:00:00.000Z,28,29088.478260869564,11.347826086956522,1.8483424304347824E7
2026-05-31T00:00:00.000Z,23,29309.5,316.3333333333333,1.8654947666666668E7
2026-05-31T00:00:00.000Z,28,29274.739130434784,349.39130434782606,1.9436261391304348E7
2026-05-31T00:00:00.000Z,13,29284.0,271.0,1.8883348E7
2026-06-02T00:00:00.000Z,1,28949.5,609.5,1.749766425E7
2026-06-03T00:00:00.000Z,11,28714.0,132.42857142857142,2.1457477714285713E7
2026-06-02T00:00:00.000Z,42,28858.1,740.55,1.84752973E7
2026-06-03T00:00:00.000Z,16,28861.777777777777,276.8888888888889,1.6853360333333332E7
2026-06-02T00:00:00.000Z,0,29014.666666666668,672.6666666666666,1.7427466E7
2026-06-03T00:00:00.000Z,25,28879.333333333332,243.0,1.7889094666666668E7
2026-06-02T00:00:00.000Z,21,28978.0,812.0,1.7904376E7
2026-06-02T00:00:00.000Z,20,29034.125,825.875,1.7974449125E7
2026-06-02T00:00:00.000Z,13,28911.0,846.0,1.7282475E7
2026-06-02T00:00:00.000Z,27,28884.777777777777,1343.0,1.6441459333333334E7
2026-06-01T00:00:00.000Z,4,29145.25,35.0,2.005836725E7
2026-06-02T00:00:00.000Z,12,28963.315789473683,825.4736842105264,1.7292556157894738E7
2026-06-01T00:00:00.000Z,20,29155.5,39.125,1.8837481375E7
2026-06-03T00:00:00.000Z,42,28603.4,590.9,2.0452201E7
2026-06-01T00:00:00.000Z,0,29091.666666666668,37.0,1.9996406E7
2026-06-01T00:00:00.000Z,3,28995.75,67.625,2.102076825E7
2026-05-31T00:00:00.000Z,4,29318.375,331.5,1.815005375E7
2026-06-03T00:00:00.000Z,15,28976.5,194.14285714285714,1.855233242857143E7
2026-06-01T00:00:00.000Z,22,28971.545454545456,26.90909090909091,1.9230782363636363E7
2026-05-31T00:00:00.000Z,20,29329.3125,406.375,1.8891109125E7
2026-05-31T00:00:00.000Z,17,29341.0,389.0,1.8983334E7
2026-05-31T00:00:00.000Z,18,29401.0,296.0,1.889286E7
2026-06-02T00:00:00.000Z,29,28794.666666666668,1263.4444444444443,1.7256006666666668E7
2026-06-01T00:00:00.000Z,32,29078.18181818182,120.18181818181819,1.7552659454545453E7
2026-05-31T00:00:00.000Z,3,29177.25,457.125,1.833872525E7
2026-05-31T00:00:00.000Z,36,29216.625,389.125,1.954503075E7
2026-06-02T00:00:00.000Z,41,28977.444444444445,909.8888888888889,1.8501987666666668E7
2026-06-02T00:00:00.000Z,14,29079.666666666668,662.0,1.7559207333333332E7
2026-06-01T00:00:00.000Z,41,29097.777777777777,187.33333333333334,1.8581994222222224E7
2026-06-01T00:00:00.000Z,11,28988.714285714286,50.142857142857146,2.1624744E7
2026-06-01T00:00:00.000Z,35,28901.6,85.73333333333333,1.9178933066666666E7
2026-06-02T00:00:00.000Z,38,28991.0,550.0,1.9386788E7
2026-05-31T00:00:00.000Z,24,29086.222222222223,525.0,1.9354326666666668E7
2026-06-02T00:00:00.000Z,18,29076.0,748.0,1.7347082E7
2026-06-01T00:00:00.000Z,29,28923.11111111111,32.888888888888886,1.6814099666666668E7
2026-06-01T00:00:00.000Z,2,29055.4,45.8,2.01720752E7
2026-06-01T00:00:00.000Z,42,28924.9,280.55,1.94892281E7
2026-06-01T00:00:00.000Z,39,28964.555555555555,77.38888888888889,2.0713154222222224E7
2026-06-01T00:00:00.000Z,36,29030.375,54.5,1.81464575E7
2026-06-01T00:00:00.000Z,18,29237.0,27.0,1.799193E7
2026-06-01T00:00:00.000Z,40,28970.5,121.61111111111111,2.0034366111111112E7
2026-06-01T00:00:00.000Z,10,29043.125,45.5625,1.99511385E7
2026-06-03T00:00:00.000Z,7,28870.764705882353,242.23529411764707,1.889754705882353E7
2026-06-03T00:00:00.000Z,33,28733.777777777777,244.88888888888889,1.8043052E7
2026-05-31T00:00:00.000Z,22,29152.18181818182,370.8181818181818,1.8831344E7
2026-05-31T00:00:00.000Z,16,29299.222222222223,240.44444444444446,1.8897098E7
2026-06-02T00:00:00.000Z,19,28973.714285714286,830.0,1.799474E7
2026-06-02T00:00:00.000Z,36,28931.75,847.375,1.78367335E7
2026-06-03T00:00:00.000Z,29,28646.444444444445,265.77777777777777,1.7864645777777776E7
2026-06-02T00:00:00.000Z,7,29046.117647058825,701.4705882352941,1.775853776470588E7
2026-06-03T00:00:00.000Z,39,28693.777777777777,189.0,2.1744597333333332E7
2026-06-02T00:00:00.000Z,37,28801.7,989.0,1.76252754E7
2026-06-03T00:00:00.000Z,26,28655.375,255.75,1.807962675E7
2026-05-31T00:00:00.000Z,15,29400.785714285714,280.7857142857143,1.9010928714285713E7
2026-06-03T00:00:00.000Z,31,28591.777777777777,184.88888888888889,1.8735182666666668E7
2026-05-31T00:00:00.000Z,32,29276.272727272728,587.9090909090909,2.2158209818181816E7
2026-06-03T00:00:00.000Z,24,28648.0,343.0,1.7149815222222224E7
2026-06-03T00:00:00.000Z,23,28852.0,289.0,1.8023E7
2026-05-31T00:00:00.000Z,42,29192.6,1212.3,2.29206327E7
2026-05-31T00:00:00.000Z,11,29166.285714285714,406.85714285714283,1.8667898285714287E7
2026-05-31T00:00:00.000Z,35,29114.733333333334,540.5333333333333,1.96976932E7
2026-06-03T00:00:00.000Z,40,28685.777777777777,290.27777777777777,2.1906749666666668E7
2026-06-02T00:00:00.000Z,17,29040.0,970.0,1.806391E7
2026-06-01T00:00:00.000Z,1,29045.125,28.0,1.953109175E7
2026-06-03T00:00:00.000Z,4,28878.5,279.0,1.844863575E7
2026-05-31T00:00:00.000Z,7,29277.529411764706,526.5294117647059,1.8471974E7
2026-06-03T00:00:00.000Z,12,28721.63157894737,121.84210526315789,2.043468494736842E7
2026-05-31T00:00:00.000Z,12,29174.63157894737,299.42105263157896,1.8100191684210528E7
2026-05-31T00:00:00.000Z,27,29238.777777777777,469.44444444444446,2.0052194444444444E7
2026-06-02T00:00:00.000Z,25,28951.666666666668,1123.0,1.6451157333333334E7
2026-06-01T00:00:00.000Z,31,28903.0,66.44444444444444,1.6727930333333334E7
2026-05-31T00:00:00.000Z,40,29206.88888888889,1125.8333333333333,2.1533386888888888E7
2026-05-31T00:00:00.000Z,33,29164.555555555555,500.22222222222223,2.0099130444444444E7
2026-06-02T00:00:00.000Z,16,28927.0,812.1111111111111,1.7256353777777776E7
2026-06-02T00:00:00.000Z,39,28914.666666666668,791.5555555555555,1.9122149333333332E7
2026-06-02T00:00:00.000Z,33,28842.666666666668,1389.6666666666667,1.6820026111111112E7
2026-06-01T00:00:00.000Z,24,28905.222222222223,31.22222222222222,1.7538855555555556E7
2026-06-03T00:00:00.000Z,22,28708.545454545456,308.54545454545456,1.7412632363636363E7
2026-06-03T00:00:00.000Z,13,28840.0,296.5,1.6938896E7
2026-05-31T00:00:00.000Z,21,29314.0,275.0,1.878575E7
2026-06-03T00:00:00.000Z,20,28939.25,222.6875,1.9168000375E7
2026-06-03T00:00:00.000Z,38,28763.0,149.0,2.2207012E7
2026-06-02T00:00:00.000Z,23,28996.333333333332,794.6666666666666,1.7816655E7
2026-06-01T00:00:00.000Z,37,28911.5,53.8,1.71777953E7
2026-05-31T00:00:00.000Z,37,29118.0,445.1,1.99065122E7
2026-06-03T00:00:00.000Z,32,28724.363636363636,220.1818181818182,1.9171675818181816E7
2026-05-31T00:00:00.000Z,41,29304.555555555555,1020.0,2.2898669555555556E7
2026-06-03T00:00:00.000Z,2,28795.8,184.2,1.94704008E7
2026-06-03T00:00:00.000Z,37,28629.8,182.8,1.84557072E7
2026-06-02T00:00:00.000Z,28,28913.869565217392,891.2173913043479,1.6623459782608695E7
2026-06-03T00:00:00.000Z,28,28852.130434782608,228.1304347826087,1.6780575173913043E7
2026-06-02T00:00:00.000Z,26,28766.5625,1328.125,1.68397594375E7
2026-06-02T00:00:00.000Z,34,28773.785714285714,1540.5714285714287,1.7574243785714287E7
2026-06-03T00:00:00.000Z,14,28997.0,232.0,1.7492741333333332E7
2026-06-03T00:00:00.000Z,35,28634.0,194.13333333333333,2.0263222933333334E7
2026-06-01T00:00:00.000Z,7,29115.41176470588,42.94117647058823,1.976187682352941E7
2026-05-31T00:00:00.000Z,19,29177.35714285714,770.2142857142857,1.862060842857143E7
2026-06-01T00:00:00.000Z,16,29110.555555555555,13.88888888888889,1.9819310888888888E7
2026-05-31T00:00:00.000Z,9,29166.0,570.1176470588235,1.793592388235294E7
2026-06-02T00:00:00.000Z,15,29065.5,633.2142857142857,1.790729157142857E7
2026-06-03T00:00:00.000Z,3,28720.125,195.0,2.0632254E7
2026-06-01T00:00:00.000Z,19,29041.5,74.07142857142857,1.9494335E7
2026-06-03T00:00:00.000Z,27,28801.88888888889,279.8888888888889,1.7780893555555556E7
2026-06-02T00:00:00.000Z,9,28983.70588235294,687.7647058823529,1.690763788235294E7
2026-06-02T00:00:00.000Z,30,28690.545454545456,1657.1818181818182,1.7042043636363637E7
2026-06-01T00:00:00.000Z,15,29215.35714285714,24.928571428571427,1.941603485714286E7
2026-05-31T00:00:00.000Z,0,29267.0,338.3333333333333,1.8200922666666668E7
2026-06-01T00:00:00.000Z,33,29053.11111111111,2.888888888888889,1.6875598555555556E7
2026-06-01T00:00:00.000Z,27,29078.666666666668,5.333333333333333,1.7217018E7
2026-05-31T00:00:00.000Z,10,29161.9375,892.375,1.8304613375E7
2026-06-01T00:00:00.000Z,34,28968.285714285714,74.0,1.722722157142857E7
2026-05-31T00:00:00.000Z,30,29036.363636363636,707.0,2.042819290909091E7
2026-06-02T00:00:00.000Z,22,28835.545454545456,829.0,1.7507171272727273E7
2026-06-01T00:00:00.000Z,25,29162.666666666668,2.0,1.7580984666666668E7
2026-05-31T00:00:00.000Z,31,29126.444444444445,499.55555555555554,2.0880889555555556E7
2026-06-02T00:00:00.000Z,8,29025.0,564.0,1.7207895777777776E7
2026-06-02T00:00:00.000Z,40,28918.055555555555,700.1666666666666,1.9818874111111112E7
2026-05-31T00:00:00.000Z,25,29309.333333333332,413.6666666666667,2.0073536666666668E7
2026-05-31T00:00:00.000Z,1,29212.5,356.875,1.85649135E7
2026-06-03T00:00:00.000Z,9,28750.0,135.64705882352942,1.976805E7
2026-05-31T00:00:00.000Z,29,29121.444444444445,529.8888888888889,2.0059877777777776E7
2026-06-01T00:00:00.000Z,9,29014.176470588234,62.1764705882353,2.0825716352941178E7
2026-06-02T00:00:00.000Z,3,28943.5,956.125,1.759153575E7
2026-06-03T00:00:00.000Z,17,28957.0,231.0,1.9500908E7
2026-06-01T00:00:00.000Z,13,29096.0,16.0,1.9675981E7
2026-06-01T00:00:00.000Z,21,29113.0,24.0,1.9906082E7
2026-06-03T00:00:00.000Z,21,28846.0,268.0,1.794417E7
2026-05-31T00:00:00.000Z,38,29210.0,764.0,1.9799552E7
2026-06-03T00:00:00.000Z,36,28770.0,177.875,1.867276125E7
2026-06-02T00:00:00.000Z,31,28780.555555555555,1051.4444444444443,1.7900264666666668E7
2026-05-31T00:00:00.000Z,39,29159.055555555555,739.2777777777778,1.9793105222222224E7
2026-06-01T00:00:00.000Z,26,28975.8125,28.125,1.70171421875E7
2026-06-01T00:00:00.000Z,38,29024.0,60.0,2.1051174E7
2026-06-03T00:00:00.000Z,34,28624.0,348.5,1.8418715714285713E7
2026-05-31T00:00:00.000Z,8,29198.777777777777,737.5555555555555,1.8115618444444444E7
2026-06-02T00:00:00.000Z,4,29062.125,699.5,1.738219575E7
2026-05-31T00:00:00.000Z,14,29430.666666666668,207.0,1.8795714E7
2026-05-31T00:00:00.000Z,26,29115.125,553.0625,2.0315969E7
2026-06-01T00:00:00.000Z,17,29165.0,39.0,1.8588314E7
2026-05-31T00:00:00.000Z,34,29124.85714285714,749.4285714285714,2.0928737E7
2026-06-02T00:00:00.000Z,11,28954.428571428572,859.7142857142857,1.817104057142857E7
2026-04-01T00:00:00.000Z,4,27798.75,207.5,1.5801228875E7
2026-04-01T00:00:00.000Z,36,27582.625,263.75,1.5885861125E7
2026-04-02T00:00:00.000Z,17,28034.0,0.0,1.9311602E7
2026-04-01T00:00:00.000Z,19,27672.571428571428,76.42857142857143,1.4391264E7
2026-04-02T00:00:00.000Z,30,27546.363636363636,0.0,1.892407290909091E7
2026-04-03T00:00:00.000Z,32,28047.909090909092,0.0,1.6802144181818184E7
2026-04-02T00:00:00.000Z,22,27795.727272727272,0.0,1.9546028545454547E7
2026-04-03T00:00:00.000Z,14,28322.666666666668,24.0,1.1678726666666666E7
2026-04-01T00:00:00.000Z,1,27694.25,260.875,1.5869078375E7
2026-04-03T00:00:00.000Z,26,28044.375,3.5,1.60135714375E7
2026-04-01T00:00:00.000Z,35,27483.133333333335,235.8,1.6486620266666668E7
2026-04-03T00:00:00.000Z,38,28068.0,0.0,1.5386129E7
2026-04-02T00:00:00.000Z,3,27784.0,0.0,1.86227485E7
2026-04-04T00:00:00.000Z,35,28176.6,148.33333333333334,6067650.4
2026-04-04T00:00:00.000Z,40,28148.055555555555,214.0,7620723.388888889
2026-04-02T00:00:00.000Z,40,27662.777777777777,0.0,1.6596627277777778E7
2026-04-03T00:00:00.000Z,30,27889.81818181818,3.0,1.5491426909090908E7
2026-04-01T00:00:00.000Z,41,27665.11111111111,110.44444444444444,1.5867272555555556E7
2026-04-02T00:00:00.000Z,0,27892.666666666668,0.0,1.9425885333333332E7
2026-04-02T00:00:00.000Z,28,27905.217391304348,0.0,1.9594424347826086E7
2026-04-04T00:00:00.000Z,34,28206.928571428572,120.5,9201797.5
2026-04-01T00:00:00.000Z,11,27569.571428571428,121.0,1.579912542857143E7
2026-04-01T00:00:00.000Z,26,27537.375,100.4375,1.59214063125E7
2026-04-02T00:00:00.000Z,16,27941.222222222223,0.0,1.9771653111111112E7
2026-04-03T00:00:00.000Z,18,28364.0,12.0,1.2660223E7
2026-04-01T00:00:00.000Z,28,27679.739130434784,149.04347826086956,1.565123943478261E7
2026-04-03T00:00:00.000Z,41,28106.222222222223,0.0,1.6694559444444444E7
2026-04-01T00:00:00.000Z,25,27746.0,129.33333333333334,1.6289091333333334E7
2026-04-01T00:00:00.000Z,32,27562.727272727272,116.72727272727273,1.5246342363636363E7
2026-04-01T00:00:00.000Z,9,27607.352941176472,166.88235294117646,1.3727977235294119E7
2026-04-02T00:00:00.000Z,39,27700.666666666668,0.0,1.7692079777777776E7
2026-04-02T00:00:00.000Z,20,28004.625,0.0,1.95124725E7
2026-04-03T00:00:00.000Z,19,28171.5,30.071428571428573,1.2389475285714285E7
2026-04-04T00:00:00.000Z,39,28182.88888888889,185.94444444444446,5768760.777777778
2026-04-02T00:00:00.000Z,33,27823.555555555555,0.3333333333333333,1.8293543777777776E7
2026-04-01T00:00:00.000Z,27,27657.11111111111,145.77777777777777,1.6068911666666666E7
2026-04-03T00:00:00.000Z,13,28200.0,25.0,1.14680425E7
2026-04-04T00:00:00.000Z,18,28518.0,164.0,4090328.0
2026-04-04T00:00:00.000Z,2,28318.4,122.0,4866166.8
2026-04-04T00:00:00.000Z,26,28200.1875,139.5,8017595.5
2026-04-03T00:00:00.000Z,39,28037.055555555555,0.2222222222222222,1.5452013722222222E7
2026-04-03T00:00:00.000Z,23,28226.333333333332,22.333333333333332,1.2983474833333334E7
2026-04-01T00:00:00.000Z,15,27836.5,127.07142857142857,1.5650393714285715E7
2026-04-02T00:00:00.000Z,25,27936.333333333332,0.0,1.9331875333333332E7
2026-04-04T00:00:00.000Z,23,28356.166666666668,98.0,4249918.166666667
2026-04-01T00:00:00.000Z,31,27328.11111111111,118.66666666666667,1.5580806777777778E7
2026-04-03T00:00:00.000Z,42,28029.55,0.0,1.696820575E7
2026-04-04T00:00:00.000Z,42,28124.9,170.8,9798836.95
2026-04-01T00:00:00.000Z,29,27409.222222222223,183.0,1.5565000222222222E7
2026-04-02T00:00:00.000Z,15,28020.714285714286,0.0,1.972781114285714E7
2026-04-03T00:00:00.000Z,34,27999.64285714286,1.6428571428571428,1.752421292857143E7
2026-04-04T00:00:00.000Z,41,28214.666666666668,168.55555555555554,1.0100235666666666E7
2026-04-01T00:00:00.000Z,12,27597.42105263158,172.47368421052633,1.4667972631578946E7
2026-04-02T00:00:00.000Z,27,27867.11111111111,0.0,1.9250029333333332E7
2026-04-04T00:00:00.000Z,8,28300.11111111111,116.0,2625651.111111111
2026-04-01T00:00:00.000Z,16,27756.0,130.33333333333334,1.5430724333333334E7
2026-04-04T00:00:00.000Z,4,28368.0,144.5,3865510.5
2026-04-04T00:00:00.000Z,13,28319.5,175.5,4325268.0
2026-04-03T00:00:00.000Z,40,28014.944444444445,0.0,1.6433116444444444E7
2026-04-01T00:00:00.000Z,40,27531.444444444445,159.83333333333334,1.6596404222222222E7
2026-04-01T00:00:00.000Z,17,27752.0,89.0,1.5371556E7
2026-04-02T00:00:00.000Z,37,27646.9,0.0,1.87969928E7
2026-04-03T00:00:00.000Z,36,28124.75,3.75,1.4518325E7
2026-04-02T00:00:00.000Z,10,27892.6875,0.0,1.9590232E7
2026-04-04T00:00:00.000Z,21,28358.0,89.0,4318579.0
2026-04-04T00:00:00.000Z,24,28158.333333333332,113.22222222222223,6256917.777777778
2026-04-04T00:00:00.000Z,30,28099.636363636364,124.36363636363636,8178365.090909091
2026-04-03T00:00:00.000Z,16,28206.88888888889,25.444444444444443,1.1396973444444444E7
2026-04-01T00:00:00.000Z,20,27761.0625,105.75,1.540070525E7
2026-04-01T00:00:00.000Z,38,27606.0,123.0,1.6260415E7
2026-04-02T00:00:00.000Z,9,27784.764705882353,0.0,1.935767917647059E7
2026-04-04T00:00:00.000Z,27,28301.777777777777,170.55555555555554,7015742.444444444
2026-04-03T00:00:00.000Z,25,28234.333333333332,6.666666666666667,1.4196651666666666E7
2026-04-03T00:00:00.000Z,7,28220.058823529413,26.823529411764707,1.3245159823529411E7
2026-04-01T00:00:00.000Z,8,27647.666666666668,120.0,1.3726808111111112E7
2026-04-04T00:00:00.000Z,17,28437.0,363.0,3454524.0
2026-04-01T00:00:00.000Z,21,27781.0,179.0,1.5897691E7
2026-04-03T00:00:00.000Z,2,28157.6,12.0,1.45545E7
2026-04-02T00:00:00.000Z,23,27928.333333333332,0.0,1.9857431E7
2026-04-01T00:00:00.000Z,22,27627.909090909092,233.8181818181818,1.5597444727272727E7
2026-04-02T00:00:00.000Z,8,27856.0,0.0,1.9718541555555556E7
2026-04-04T00:00:00.000Z,28,28313.217391304348,270.17391304347825,5486907.043478261
2026-04-04T00:00:00.000Z,9,28240.058823529413,126.23529411764706,2660696.0588235296
2026-04-01T00:00:00.000Z,18,27845.0,57.0,1.5391502E7
2026-04-02T00:00:00.000Z,31,27578.88888888889,0.0,1.8161962222222224E7
2026-04-03T00:00:00.000Z,17,28293.0,30.0,1.2183717E7
2026-04-02T00:00:00.000Z,7,27931.29411764706,0.0,1.987761905882353E7
2026-04-01T00:00:00.000Z,33,27615.222222222223,132.55555555555554,1.5514400333333334E7
2026-04-04T00:00:00.000Z,0,28327.666666666668,131.66666666666666,4350702.666666667
2026-04-03T00:00:00.000Z,22,28087.545454545456,23.09090909090909,1.2842570363636363E7
2026-04-02T00:00:00.000Z,4,27942.625,0.0,1.97512545E7
2026-04-03T00:00:00.000Z,31,27919.444444444445,0.4444444444444444,1.5920605333333334E7
2026-04-01T00:00:00.000Z,42,27556.75,189.55,1.61708915E7
2026-04-01T00:00:00.000Z,0,27744.333333333332,224.66666666666666,1.5903404333333334E7
2026-04-03T00:00:00.000Z,10,28178.375,24.75,1.269509675E7
2026-04-03T00:00:00.000Z,33,28128.444444444445,2.5555555555555554,1.6944894888888888E7
2026-04-03T00:00:00.000Z,3,28099.0,8.25,1.467108475E7
2026-04-01T00:00:00.000Z,2,27715.2,259.6,1.63020742E7
2026-04-04T00:00:00.000Z,36,28289.125,92.375,6302906.5
2026-04-03T00:00:00.000Z,8,28154.333333333332,22.77777777777778,1.3488134222222222E7
2026-04-02T00:00:00.000Z,24,27723.88888888889,0.0,1.9348770222222224E7
2026-04-02T00:00:00.000Z,2,27867.0,0.0,1.9043992E7
2026-04-04T00:00:00.000Z,1,28290.125,82.125,5183118.75
2026-04-02T00:00:00.000Z,38,27693.0,0.0,1.7088688E7
2026-04-01T00:00:00.000Z,39,27569.722222222223,168.0,1.6492472055555556E7
2026-04-03T00:00:00.000Z,21,28227.0,23.0,1.2763347E7
2026-04-01T00:00:00.000Z,24,27497.0,282.22222222222223,1.5407736666666666E7
2026-04-04T00:00:00.000Z,37,28171.5,104.4,6992422.2
2026-04-03T00:00:00.000Z,0,28180.0,17.666666666666668,1.3918085666666666E7
2026-04-01T00:00:00.000Z,23,27786.333333333332,187.0,1.5890203166666666E7
2026-04-01T00:00:00.000Z,37,27398.2,203.0,1.57717746E7
2026-04-04T00:00:00.000Z,12,28214.0,133.26315789473685,3071265.263157895
2026-04-03T00:00:00.000Z,35,28004.866666666665,1.4,1.53151522E7
2026-04-01T00:00:00.000Z,30,27320.18181818182,119.18181818181819,1.5786438909090908E7
2026-04-04T00:00:00.000Z,25,28354.666666666668,151.66666666666666,6908323.333333333
2026-04-01T00:00:00.000Z,7,27736.764705882353,126.76470588235294,1.506905411764706E7
2026-04-04T00:00:00.000Z,32,28206.909090909092,132.54545454545453,9865691.181818182
2026-04-03T00:00:00.000Z,9,28095.41176470588,17.647058823529413,1.3960222352941176E7
2026-04-03T00:00:00.000Z,1,28143.875,16.75,1.3776739375E7
2026-04-03T00:00:00.000Z,15,28311.285714285714,23.0,1.2286474642857144E7
2026-04-01T00:00:00.000Z,34,27506.64285714286,91.21428571428571,1.541232707142857E7
2026-04-03T00:00:00.000Z,27,28173.666666666668,6.666666666666667,1.4309473111111112E7
2026-04-01T00:00:00.000Z,14,27893.333333333332,109.0,1.5414861666666666E7
2026-04-04T00:00:00.000Z,15,28438.571428571428,196.92857142857142,3888268.4285714286
2026-04-03T00:00:00.000Z,4,28229.375,20.5,1.3658395375E7
2026-04-04T00:00:00.000Z,3,28244.875,171.375,4391440.625
2026-04-01T00:00:00.000Z,13,27748.5,148.5,1.53563665E7
2026-04-03T00:00:00.000Z,28,28173.217391304348,12.173913043478262,1.223180443478261E7
2026-04-02T00:00:00.000Z,12,27732.78947368421,0.0,1.8681802E7
2026-04-02T00:00:00.000Z,11,27667.428571428572,0.0,1.779071457142857E7
2026-04-01T00:00:00.000Z,10,27652.875,48.0625,1.2785986875E7
2026-04-04T00:00:00.000Z,19,28305.85714285714,176.78571428571428,2912526.0714285714
2026-04-02T00:00:00.000Z,26,27723.875,0.0,1.8702485125E7
2026-04-02T00:00:00.000Z,34,27674.785714285714,0.5714285714285714,1.779618492857143E7
2026-04-04T00:00:00.000Z,11,28184.428571428572,148.14285714285714,4375462.571428572
2026-04-03T00:00:00.000Z,24,28021.88888888889,11.444444444444445,1.3280624777777778E7
2026-04-03T00:00:00.000Z,37,27989.3,1.9,1.49233821E7
2026-04-04T00:00:00.000Z,10,28322.75,76.8125,2979293.75
2026-04-02T00:00:00.000Z,21,27921.0,0.0,1.9871702E7
2026-04-04T00:00:00.000Z,29,28171.555555555555,105.33333333333333,7486953.666666667
2026-04-02T00:00:00.000Z,18,28118.0,0.0,1.8748888E7
2026-04-02T00:00:00.000Z,35,27687.6,0.0,1.8503975733333334E7
2026-04-03T00:00:00.000Z,20,28273.625,27.875,1.23116486875E7
2026-04-02T00:00:00.000Z,14,28046.333333333332,0.0,1.967243E7
2026-04-02T00:00:00.000Z,13,27934.0,0.0,1.9719276E7
2026-04-02T00:00:00.000Z,1,27855.125,0.0,1.9478053E7
2026-04-02T00:00:00.000Z,32,27742.454545454544,0.0,1.6631999727272727E7
2026-04-04T00:00:00.000Z,31,28116.333333333332,121.66666666666667,8420334.111111112
2026-04-03T00:00:00.000Z,12,28064.57894736842,11.368421052631579,1.3955096842105264E7
2026-04-04T00:00:00.000Z,14,28445.333333333332,101.0,4011253.6666666665
2026-04-04T00:00:00.000Z,7,28350.647058823528,180.47058823529412,2934265.529411765
2026-04-02T00:00:00.000Z,29,27661.11111111111,0.0,1.8952102666666668E7
2026-04-04T00:00:00.000Z,16,28328.666666666668,207.22222222222223,4287715.555555556
2026-04-03T00:00:00.000Z,29,27991.88888888889,4.111111111111111,1.4590399555555556E7
2026-04-04T00:00:00.000Z,20,28408.3125,309.4375,3359376.875
2026-04-02T00:00:00.000Z,36,27803.875,0.0,1.903495925E7
2026-04-02T00:00:00.000Z,42,27704.7,0.55,1.453487765E7
2026-04-01T00:00:00.000Z,3,27645.625,235.0,1.6282732625E7
2026-04-03T00:00:00.000Z,11,28035.85714285714,1.4285714285714286,1.4418994714285715E7
2026-04-02T00:00:00.000Z,19,27934.071428571428,0.0,1.968322614285714E7
2026-04-02T00:00:00.000Z,41,27805.0,0.2222222222222222,1.5178246222222222E7
2026-04-04T00:00:00.000Z,38,28210.0,199.0,5768956.0
2026-04-04T00:00:00.000Z,33,28278.777777777777,148.44444444444446,8188990.333333333
2026-04-04T00:00:00.000Z,22,28221.272727272728,88.0909090909091,5212513.181818182
2026-03-20T00:00:00.000Z,25,28058.666666666668,0.0,1.7489200666666668E7
2026-03-21T00:00:00.000Z,32,27870.363636363636,187.1818181818182,1.5364452E7
2026-03-20T00:00:00.000Z,35,27781.666666666668,0.0,1.7365386533333335E7
2026-03-21T00:00:00.000Z,23,28035.0,83.33333333333333,1.2903389666666666E7
2026-03-21T00:00:00.000Z,25,28120.333333333332,205.0,1.4016809333333334E7
2026-03-21T00:00:00.000Z,3,27890.375,292.875,1.428099925E7
2026-03-23T00:00:00.000Z,11,27812.714285714286,0.7142857142857143,1.3096724857142856E7
2026-03-23T00:00:00.000Z,17,28168.0,5.0,1.4440807E7
2026-03-20T00:00:00.000Z,36,27978.5,0.0,1.722833225E7
2026-03-20T00:00:00.000Z,23,28110.166666666668,0.0,1.6861707E7
2026-03-20T00:00:00.000Z,17,28136.0,0.0,1.6492251E7
2026-03-21T00:00:00.000Z,16,28027.777777777777,78.44444444444444,1.3406393111111112E7
2026-03-20T00:00:00.000Z,32,27816.363636363636,0.0,1.7746338727272727E7
2026-03-22T00:00:00.000Z,31,27729.11111111111,37.55555555555556,1.5793480666666666E7
2026-03-20T00:00:00.000Z,4,28108.375,0.0,1.691976925E7
2026-03-23T00:00:00.000Z,36,27833.875,24.875,1.3270272E7
2026-03-23T00:00:00.000Z,39,27764.222222222223,10.444444444444445,1.3440536333333334E7
2026-03-22T00:00:00.000Z,16,27983.777777777777,8.333333333333334,1.5195472111111112E7
2026-03-20T00:00:00.000Z,13,28021.0,0.0,1.6876486E7
2026-03-20T00:00:00.000Z,34,27835.071428571428,0.0,1.779805442857143E7
2026-03-21T00:00:00.000Z,36,27937.375,135.75,1.3606599E7
2026-03-22T00:00:00.000Z,17,28118.0,0.0,1.671132E7
2026-03-22T00:00:00.000Z,27,27992.666666666668,87.22222222222223,1.4119984E7
2026-03-22T00:00:00.000Z,32,27828.727272727272,26.636363636363637,1.6154500545454545E7
2026-03-20T00:00:00.000Z,30,27747.272727272728,0.0,1.764658090909091E7
2026-03-21T00:00:00.000Z,39,27791.444444444445,180.05555555555554,1.4511381944444444E7
2026-03-22T00:00:00.000Z,35,27774.2,13.066666666666666,1.6640606266666668E7
2026-03-21T00:00:00.000Z,7,28075.058823529413,77.23529411764706,1.3256275588235294E7
2026-03-20T00:00:00.000Z,40,27731.61111111111,0.0,1.7647328222222224E7
2026-03-23T00:00:00.000Z,13,27965.0,15.0,1.414664E7
2026-03-21T00:00:00.000Z,35,27786.666666666668,244.2,1.42181962E7
2026-03-20T00:00:00.000Z,14,28119.666666666668,0.0,1.6660614E7
2026-03-23T00:00:00.000Z,12,27887.894736842107,0.5263157894736842,1.3178186842105264E7
2026-03-21T00:00:00.000Z,11,27825.571428571428,159.14285714285714,1.420881242857143E7
2026-03-22T00:00:00.000Z,11,27819.571428571428,0.0,1.740396342857143E7
2026-03-20T00:00:00.000Z,28,27979.782608695652,0.0,1.7149297304347824E7
2026-03-22T00:00:00.000Z,18,28134.0,0.0,1.645003E7
2026-03-21T00:00:00.000Z,4,28043.5,114.0,1.3045141125E7
2026-03-20T00:00:00.000Z,3,27902.625,0.0,1.708713375E7
2026-03-20T00:00:00.000Z,37,27828.4,0.0,1.74592174E7
2026-03-23T00:00:00.000Z,27,27907.555555555555,49.666666666666664,1.4792262222222222E7
2026-03-21T00:00:00.000Z,19,28001.928571428572,139.35714285714286,1.320393757142857E7
2026-03-23T00:00:00.000Z,37,27723.2,27.8,1.34993279E7
2026-03-22T00:00:00.000Z,29,27813.0,49.22222222222222,1.5212983E7
2026-03-23T00:00:00.000Z,38,27759.0,6.0,1.3473879E7
2026-03-21T00:00:00.000Z,2,27931.4,226.4,1.35211168E7
2026-03-23T00:00:00.000Z,23,27973.5,11.0,1.3559536E7
2026-03-22T00:00:00.000Z,40,27720.61111111111,12.11111111111111,1.7196091611111112E7
2026-03-22T00:00:00.000Z,15,28096.285714285714,0.0,1.6262110285714285E7
2026-03-23T00:00:00.000Z,40,27718.055555555555,37.94444444444444,1.4159291888888888E7
2026-03-23T00:00:00.000Z,34,27773.785714285714,222.5,1.4204709285714285E7
2026-03-21T00:00:00.000Z,42,27782.5,85.95,1.5311821E7
2026-03-21T00:00:00.000Z,29,27868.777777777777,133.44444444444446,1.3961441333333334E7
2026-03-20T00:00:00.000Z,22,27965.0,0.0,1.6895773636363637E7
2026-03-21T00:00:00.000Z,38,27806.0,68.0,1.4274738E7
2026-03-20T00:00:00.000Z,20,28114.8125,0.0,1.6555233E7
2026-03-23T00:00:00.000Z,29,27744.777777777777,45.111111111111114,1.3684132444444444E7
2026-03-22T00:00:00.000Z,12,27899.684210526317,0.0,1.723885694736842E7
2026-03-22T00:00:00.000Z,37,27773.3,26.8,1.58392315E7
2026-03-21T00:00:00.000Z,37,27829.3,151.9,1.40205944E7
2026-03-20T00:00:00.000Z,19,28072.071428571428,0.0,1.6461072714285715E7
2026-03-23T00:00:00.000Z,28,27914.0,22.91304347826087,1.4502201695652174E7
2026-03-23T00:00:00.000Z,31,27686.88888888889,50.44444444444444,1.3897255E7
2026-03-22T00:00:00.000Z,2,27911.8,0.0,1.68202E7
2026-03-21T00:00:00.000Z,0,27980.0,145.33333333333334,1.3125169E7
2026-03-22T00:00:00.000Z,38,27796.0,0.0,1.7282894E7
2026-03-21T00:00:00.000Z,34,27892.928571428572,232.14285714285714,1.5074814714285715E7
2026-03-22T00:00:00.000Z,21,28002.0,0.0,1.6297042E7
2026-03-21T00:00:00.000Z,1,27941.25,111.125,1.3042512125E7
2026-03-20T00:00:00.000Z,9,28000.58823529412,0.0,1.6665811E7
2026-03-21T00:00:00.000Z,14,28122.666666666668,75.0,1.3070124666666666E7
2026-03-22T00:00:00.000Z,23,28005.833333333332,0.0,1.6416773666666666E7
2026-03-22T00:00:00.000Z,30,27764.545454545456,61.54545454545455,1.5038284363636363E7
2026-03-21T00:00:00.000Z,24,27872.666666666668,120.22222222222223,1.3463657222222222E7
2026-03-21T00:00:00.000Z,20,28121.4375,95.5625,1.29875340625E7
2026-03-20T00:00:00.000Z,39,27802.444444444445,0.0,1.7259732222222224E7
2026-03-22T00:00:00.000Z,9,27950.470588235294,0.0,1.705940423529412E7
2026-03-23T00:00:00.000Z,3,27880.875,2.625,1.2824873875E7
2026-03-20T00:00:00.000Z,42,27749.95,0.0,1.77573425E7
2026-03-20T00:00:00.000Z,29,27832.666666666668,0.0,1.7336258E7
2026-03-22T00:00:00.000Z,0,27959.666666666668,0.0,1.6721670333333334E7
2026-03-20T00:00:00.000Z,10,28047.125,0.6875,1.61826685E7
2026-03-23T00:00:00.000Z,35,27742.733333333334,15.4,1.3347094733333332E7
2026-03-22T00:00:00.000Z,13,27979.5,9.0,1.5299134E7
2026-03-20T00:00:00.000Z,18,28151.0,0.0,1.6391141E7
2026-03-21T00:00:00.000Z,31,27777.11111111111,193.33333333333334,1.4715089888888888E7
2026-03-22T00:00:00.000Z,1,27896.125,0.0,1.630759875E7
2026-03-23T00:00:00.000Z,24,27750.444444444445,51.55555555555556,1.3585686555555556E7
2026-03-22T00:00:00.000Z,14,28088.666666666668,0.0,1.565566E7
2026-03-23T00:00:00.000Z,4,27997.0,7.0,1.3100285E7
2026-03-22T00:00:00.000Z,7,28066.58823529412,0.0,1.703578729411765E7
2026-03-21T00:00:00.000Z,15,28138.428571428572,83.28571428571429,1.310990507142857E7
2026-03-22T00:00:00.000Z,33,27982.11111111111,126.66666666666667,1.4256753111111112E7
2026-03-22T00:00:00.000Z,36,27883.0,14.0,1.5968946875E7
2026-03-20T00:00:00.000Z,24,27873.555555555555,0.0,1.7104803333333332E7
2026-03-20T00:00:00.000Z,41,27849.555555555555,0.0,1.7670750888888888E7
2026-03-20T00:00:00.000Z,8,28051.88888888889,0.0,1.6591254E7
2026-03-21T00:00:00.000Z,10,27962.9375,166.4375,1.35950884375E7
2026-03-21T00:00:00.000Z,27,28057.222222222223,262.55555555555554,1.4005148E7
2026-03-20T00:00:00.000Z,2,27954.2,0.0,1.70752504E7
2026-03-20T00:00:00.000Z,16,28018.11111111111,0.0,1.6899457444444444E7
2026-03-20T00:00:00.000Z,1,28018.75,0.0,1.694214725E7
2026-03-20T00:00:00.000Z,12,27965.263157894737,0.0,1.6718552368421054E7
2026-03-21T00:00:00.000Z,13,28023.5,75.5,1.33801025E7
2026-03-23T00:00:00.000Z,32,27802.727272727272,107.72727272727273,1.4362122090909092E7
2026-03-23T00:00:00.000Z,18,28136.0,3.0,1.487153E7
2026-03-23T00:00:00.000Z,42,27734.7,66.3,1.45307875E7
2026-03-22T00:00:00.000Z,26,27897.5,104.4375,1.44710175E7
2026-03-22T00:00:00.000Z,10,28032.0625,0.0,1.657176725E7
2026-03-22T00:00:00.000Z,24,27820.666666666668,52.22222222222222,1.5037794333333334E7
2026-03-23T00:00:00.000Z,0,27933.0,5.333333333333333,1.3010497E7
2026-03-22T00:00:00.000Z,22,27848.090909090908,5.2727272727272725,1.5751458272727273E7
2026-03-21T00:00:00.000Z,21,28035.0,81.0,1.2911247E7
2026-03-21T00:00:00.000Z,30,27812.727272727272,159.0,1.4422299454545455E7
2026-03-23T00:00:00.000Z,15,28127.214285714286,5.785714285714286,1.41808495E7
2026-03-23T00:00:00.000Z,21,27973.0,10.0,1.3708741E7
2026-03-21T00:00:00.000Z,26,27932.125,229.3125,1.46052888125E7
2026-03-23T00:00:00.000Z,9,27940.235294117647,0.35294117647058826,1.3512752294117646E7
2026-03-22T00:00:00.000Z,34,27864.5,60.57142857142857,1.501995957142857E7
2026-03-23T00:00:00.000Z,19,28062.64285714286,1.2142857142857142,1.392953892857143E7
2026-03-22T00:00:00.000Z,39,27777.61111111111,2.2777777777777777,1.7130897888888888E7
2026-03-20T00:00:00.000Z,31,27707.11111111111,0.0,1.7692388E7
2026-03-22T00:00:00.000Z,20,28092.0625,0.0,1.66580645625E7
2026-03-21T00:00:00.000Z,17,28147.0,85.0,1.2980705E7
2026-03-21T00:00:00.000Z,22,27897.909090909092,96.72727272727273,1.3103235272727273E7
2026-03-22T00:00:00.000Z,8,28014.666666666668,0.0,1.7043872444444444E7
2026-03-21T00:00:00.000Z,41,27880.88888888889,120.0,1.5599562222222222E7
2026-03-20T00:00:00.000Z,11,27851.14285714286,0.0,1.687794914285714E7
2026-03-23T00:00:00.000Z,14,28103.666666666668,3.0,1.3998018666666666E7
2026-03-22T00:00:00.000Z,19,28035.571428571428,0.0,1.6873705785714287E7
2026-03-20T00:00:00.000Z,38,27832.0,0.0,1.7136064E7
2026-03-22T00:00:00.000Z,4,28023.25,0.0,1.6833547375E7
2026-03-20T00:00:00.000Z,15,28128.0,0.0,1.670343807142857E7
2026-03-20T00:00:00.000Z,33,27915.0,0.0,1.7717630666666668E7
2026-03-23T00:00:00.000Z,8,28002.333333333332,0.0,1.3607021555555556E7
2026-03-23T00:00:00.000Z,25,27965.333333333332,37.0,1.5021632666666666E7
2026-03-22T00:00:00.000Z,25,28037.666666666668,89.66666666666667,1.4026985333333334E7
2026-03-21T00:00:00.000Z,40,27756.11111111111,86.5,1.48968265E7
2026-03-20T00:00:00.000Z,27,28012.333333333332,0.0,1.7474553111111112E7
2026-03-23T00:00:00.000Z,7,28087.058823529413,1.7647058823529411,1.350373805882353E7
2026-03-22T00:00:00.000Z,42,27767.65,33.05,1.73003991E7
2026-03-23T00:00:00.000Z,16,27969.333333333332,10.222222222222221,1.4239418222222222E7
2026-03-23T00:00:00.000Z,10,28008.25,0.0,1.413988825E7
2026-03-23T00:00:00.000Z,2,27888.8,2.2,1.28925696E7
2026-03-22T00:00:00.000Z,28,27967.695652173912,44.08695652173913,1.428569052173913E7
2026-03-20T00:00:00.000Z,21,28106.0,0.0,1.6850966E7
2026-03-21T00:00:00.000Z,8,27986.0,125.11111111111111,1.3855574111111112E7
2026-03-20T00:00:00.000Z,7,28115.117647058825,0.0,1.6737979823529411E7
2026-03-23T00:00:00.000Z,26,27793.625,101.25,1.45084724375E7
2026-03-20T00:00:00.000Z,0,28032.0,0.0,1.6878131333333332E7
2026-03-21T00:00:00.000Z,9,27921.176470588234,224.8235294117647,1.4290503470588235E7
2026-03-21T00:00:00.000Z,33,27980.222222222223,237.88888888888889,1.4793244333333334E7
2026-03-23T00:00:00.000Z,1,27856.0,16.0,1.316087975E7
2026-03-23T00:00:00.000Z,41,27835.777777777777,98.22222222222223,1.4595446777777778E7
2026-03-22T00:00:00.000Z,41,27847.555555555555,30.666666666666668,1.6867474777777776E7
2026-03-21T00:00:00.000Z,18,28180.0,92.0,1.3176793E7
2026-03-20T00:00:00.000Z,26,27868.1875,0.0,1.7711994875E7
2026-03-23T00:00:00.000Z,20,28138.875,5.375,1.4217056125E7
2026-03-22T00:00:00.000Z,3,27874.75,0.0,1.714145E7
2026-03-23T00:00:00.000Z,22,27815.727272727272,22.363636363636363,1.3576085727272727E7
2026-03-21T00:00:00.000Z,28,28033.521739130436,114.91304347826087,1.3680880173913043E7
2026-03-21T00:00:00.000Z,12,27893.947368421053,270.4736842105263,1.4158129789473685E7
2026-03-23T00:00:00.000Z,30,27684.454545454544,96.72727272727273,1.4119916363636363E7
2026-03-23T00:00:00.000Z,33,27868.333333333332,80.66666666666667,1.3829970666666666E7
2026-01-11T00:00:00.000Z,37,26922.3,25.3,5366575.0
2026-01-14T00:00:00.000Z,11,27691.85714285714,0.7142857142857143,4743271.857142857
2026-01-11T00:00:00.000Z,16,27084.0,14.333333333333334,4997900.444444444
2026-01-11T00:00:00.000Z,24,26943.333333333332,21.444444444444443,5110677.666666667
2026-01-11T00:00:00.000Z,25,27231.666666666668,51.666666666666664,4078343.3333333335
2026-01-14T00:00:00.000Z,32,27481.454545454544,0.0,5322939.181818182
2026-01-11T00:00:00.000Z,22,26931.909090909092,13.727272727272727,5325752.909090909
2026-01-11T00:00:00.000Z,26,27095.625,40.6875,4644189.625
2026-01-11T00:00:00.000Z,14,27135.333333333332,10.0,4985518.0
2026-01-12T00:00:00.000Z,14,27688.333333333332,127.0,687169.6666666666
2026-01-12T00:00:00.000Z,16,27630.222222222223,208.22222222222223,877636.1111111111
2026-01-12T00:00:00.000Z,27,27653.0,244.11111111111111,1343586.111111111
2026-01-13T00:00:00.000Z,17,27835.0,453.0,2389466.0
2026-01-14T00:00:00.000Z,16,28048.555555555555,60.44444444444444,2115978.3333333335
2026-01-14T00:00:00.000Z,3,27824.875,1.0,4270547.375
2026-01-14T00:00:00.000Z,26,27724.0625,0.1875,4980020.9375
2026-01-12T00:00:00.000Z,39,27392.222222222223,208.05555555555554,1880878.388888889
2026-01-11T00:00:00.000Z,32,27120.0,54.54545454545455,5071090.545454546
2026-01-12T00:00:00.000Z,40,27383.61111111111,197.16666666666666,2303355.222222222
2026-01-11T00:00:00.000Z,1,27035.625,20.875,5245154.5
2026-01-14T00:00:00.000Z,2,27898.8,3.4,3685667.4
2026-01-14T00:00:00.000Z,40,27543.833333333332,0.0,4962623.888888889
2026-01-14T00:00:00.000Z,41,27454.88888888889,0.0,5172970.555555556
2026-01-14T00:00:00.000Z,20,27945.25,153.4375,1440791.8125
2026-01-13T00:00:00.000Z,1,27776.25,0.0,4118220.625
2026-01-14T00:00:00.000Z,34,27573.14285714286,0.0,5485363.571428572
2026-01-13T00:00:00.000Z,2,27786.6,0.0,4117921.6
2026-01-13T00:00:00.000Z,37,27626.7,0.0,4581913.4
2026-01-13T00:00:00.000Z,41,27477.555555555555,0.0,4403246.333333333
2026-01-11T00:00:00.000Z,17,26994.0,1.0,5232754.0
2026-01-14T00:00:00.000Z,21,28044.0,33.0,2130032.0
2026-01-14T00:00:00.000Z,27,27929.666666666668,0.7777777777777778,4277579.888888889
2026-01-13T00:00:00.000Z,38,27566.0,0.0,4132061.0
2026-01-12T00:00:00.000Z,22,27546.0,153.27272727272728,1245037.5454545454
2026-01-12T00:00:00.000Z,42,27354.1,201.7,2399476.65
2026-01-14T00:00:00.000Z,22,27898.727272727272,30.727272727272727,2781480.5454545454
2026-01-14T00:00:00.000Z,29,27709.777777777777,1.7777777777777777,4438843.222222222
2026-01-11T00:00:00.000Z,2,27017.6,38.0,5241463.0
2026-01-14T00:00:00.000Z,18,28006.0,145.0,1686402.0
2026-01-11T00:00:00.000Z,0,27059.333333333332,21.333333333333332,5263503.666666667
2026-01-11T00:00:00.000Z,23,27053.166666666668,9.0,5243339.666666667
2026-01-14T00:00:00.000Z,23,28008.833333333332,33.0,2179110.0
2026-01-12T00:00:00.000Z,19,27404.571428571428,393.14285714285717,607674.3571428572
2026-01-12T00:00:00.000Z,36,27593.25,182.375,1506797.625
2026-01-12T00:00:00.000Z,15,27627.35714285714,199.71428571428572,670954.5
2026-01-12T00:00:00.000Z,2,27593.6,283.8,1245091.6
2026-01-13T00:00:00.000Z,19,27715.785714285714,260.07142857142856,2066953.2857142857
2026-01-13T00:00:00.000Z,13,27930.5,2.0,4212818.0
2026-01-13T00:00:00.000Z,32,27492.363636363636,0.0,4449272.545454546
2026-01-11T00:00:00.000Z,20,27011.125,2.4375,5156571.5
2026-01-13T00:00:00.000Z,42,27429.5,0.0,4556204.2
2026-01-12T00:00:00.000Z,29,27519.666666666668,173.22222222222223,1647650.2222222222
2026-01-13T00:00:00.000Z,27,27834.444444444445,0.0,4617530.666666667
2026-01-11T00:00:00.000Z,9,26693.823529411766,3.5294117647058822,5560859.647058823
2026-01-11T00:00:00.000Z,31,26904.0,23.77777777777778,5465302.444444444
2026-01-11T00:00:00.000Z,27,27147.88888888889,41.666666666666664,4226656.555555556
2026-01-12T00:00:00.000Z,18,27575.0,268.0,524636.0
2026-01-12T00:00:00.000Z,31,27379.444444444445,124.0,2168307.0
2026-01-14T00:00:00.000Z,25,27973.666666666668,1.0,4179363.0
2026-01-12T00:00:00.000Z,12,27361.842105263157,338.2631578947368,863335.0
2026-01-11T00:00:00.000Z,19,26779.428571428572,0.42857142857142855,5385969.928571428
2026-01-11T00:00:00.000Z,13,27062.0,14.0,5074881.0
2026-01-14T00:00:00.000Z,37,27697.3,0.6,4513963.2
2026-01-11T00:00:00.000Z,11,26660.714285714286,13.857142857142858,5444048.0
2026-01-14T00:00:00.000Z,30,27615.727272727272,0.0,5165074.909090909
2026-01-13T00:00:00.000Z,15,27937.714285714286,64.71428571428571,3410509.3571428573
2026-01-13T00:00:00.000Z,24,27686.0,0.0,4562654.0
2026-01-14T00:00:00.000Z,12,27765.0,21.842105263157894,3666032.5789473685
2026-01-12T00:00:00.000Z,11,27340.0,218.71428571428572,1235463.857142857
2026-01-12T00:00:00.000Z,37,27488.2,156.5,1817158.1
2026-01-13T00:00:00.000Z,3,27712.875,0.375,3945552.25
2026-01-13T00:00:00.000Z,7,27756.470588235294,91.47058823529412,2666835.1764705884
2026-01-11T00:00:00.000Z,42,26948.7,174.2,4609639.45
2026-01-11T00:00:00.000Z,34,27030.35714285714,30.857142857142858,5188221.5
2026-01-13T00:00:00.000Z,10,27693.375,217.0,1575962.875
2026-01-11T00:00:00.000Z,3,26736.5,28.75,5492275.875
2026-01-12T00:00:00.000Z,7,27504.70588235294,325.70588235294116,526264.2941176471
2026-01-13T00:00:00.000Z,18,27872.0,295.0,2678811.0
2026-01-13T00:00:00.000Z,20,27821.0,275.0,2623515.5625
2026-01-11T00:00:00.000Z,36,27030.0,28.0,5161854.75
2026-01-13T00:00:00.000Z,40,27506.222222222223,0.0,4553279.166666667
2026-01-14T00:00:00.000Z,36,27831.25,1.875,3937949.375
2026-01-12T00:00:00.000Z,8,27434.11111111111,355.3333333333333,501252.0
2026-01-11T00:00:00.000Z,40,26947.666666666668,69.88888888888889,4715270.555555556
2026-01-11T00:00:00.000Z,35,26846.466666666667,37.2,5289883.8
2026-01-14T00:00:00.000Z,0,27909.333333333332,20.666666666666668,2905892.6666666665
2026-01-14T00:00:00.000Z,4,27944.125,29.0,2455110.25
2026-01-14T00:00:00.000Z,1,27889.75,16.875,3026921.0
2026-01-13T00:00:00.000Z,9,27674.41176470588,114.41176470588235,2202604.411764706
2026-01-13T00:00:00.000Z,0,27781.0,1.3333333333333333,3804129.0
2026-01-13T00:00:00.000Z,25,27861.333333333332,0.0,4660606.666666667
2026-01-14T00:00:00.000Z,42,27440.25,0.0,5131231.2
2026-01-13T00:00:00.000Z,29,27640.444444444445,0.0,4580600.666666667
2026-01-14T00:00:00.000Z,19,27837.714285714286,197.0,1416797.642857143
2026-01-13T00:00:00.000Z,4,27809.875,2.0,3541868.625
2026-01-14T00:00:00.000Z,39,27655.88888888889,0.1111111111111111,4747213.5
2026-01-12T00:00:00.000Z,20,27512.875,370.125,498572.5625
2026-01-14T00:00:00.000Z,31,27526.777777777777,0.0,5200572.888888889
2026-01-14T00:00:00.000Z,14,28111.666666666668,38.0,1747088.6666666667
2026-01-11T00:00:00.000Z,30,26912.545454545456,15.454545454545455,5333930.090909091
2026-01-12T00:00:00.000Z,13,27622.5,211.0,882472.0
2026-01-13T00:00:00.000Z,36,27740.0,0.0,4367348.375
2026-01-11T00:00:00.000Z,41,27114.444444444445,113.0,4709622.777777778
2026-01-14T00:00:00.000Z,7,27886.58823529412,92.58823529411765,1744489.1176470588
2026-01-13T00:00:00.000Z,16,27948.555555555555,2.0,4227315.222222222
2026-01-12T00:00:00.000Z,32,27362.363636363636,175.9090909090909,2196387.5454545454
2026-01-13T00:00:00.000Z,12,27648.63157894737,55.578947368421055,2613333.3157894737
2026-01-11T00:00:00.000Z,8,26862.0,1.2222222222222223,5351602.222222222
2026-01-12T00:00:00.000Z,10,27413.6875,445.1875,631427.875
2026-01-13T00:00:00.000Z,21,27935.0,0.0,3899454.0
2026-01-14T00:00:00.000Z,9,27781.882352941175,67.82352941176471,2578999.411764706
2026-01-13T00:00:00.000Z,34,27475.0,0.0,4830129.214285715
2026-01-11T00:00:00.000Z,12,26616.684210526317,5.7368421052631575,5659391.2105263155
2026-01-12T00:00:00.000Z,24,27538.777777777777,249.55555555555554,1305913.888888889
2026-01-13T00:00:00.000Z,35,27630.733333333334,0.0,4468078.4
2026-01-14T00:00:00.000Z,38,27647.0,0.0,4860626.0
2026-01-12T00:00:00.000Z,21,27626.0,114.0,927150.0
2026-01-12T00:00:00.000Z,34,27409.0,126.78571428571429,2060516.642857143
2026-01-13T00:00:00.000Z,8,27701.88888888889,126.88888888888889,2069918.888888889
2026-01-14T00:00:00.000Z,28,28002.782608695652,35.91304347826087,3130224.695652174
2026-01-12T00:00:00.000Z,25,27678.333333333332,227.66666666666666,1355027.6666666667
2026-01-12T00:00:00.000Z,0,27580.666666666668,260.6666666666667,989568.3333333334
2026-01-13T00:00:00.000Z,31,27494.555555555555,0.0,4679719.111111111
2026-01-12T00:00:00.000Z,38,27401.0,156.0,1728899.0
2026-01-12T00:00:00.000Z,26,27498.5,133.75,1715712.1875
2026-01-11T00:00:00.000Z,21,27047.0,10.0,5242248.0
2026-01-13T00:00:00.000Z,22,27808.0,0.09090909090909091,4310990.909090909
2026-01-11T00:00:00.000Z,28,27176.17391304348,30.782608695652176,4418517.347826087
2026-01-12T00:00:00.000Z,35,27447.0,226.86666666666667,1956176.2666666666
2026-01-12T00:00:00.000Z,17,27506.0,472.0,523535.0
2026-01-13T00:00:00.000Z,33,27600.555555555555,0.0,4726526.111111111
2026-01-11T00:00:00.000Z,15,27120.85714285714,6.785714285714286,5080965.5
2026-01-12T00:00:00.000Z,3,27472.0,280.875,1354139.125
2026-01-12T00:00:00.000Z,41,27318.333333333332,258.6666666666667,2414242.777777778
2026-01-11T00:00:00.000Z,29,26957.555555555555,19.77777777777778,5205205.444444444
2026-01-12T00:00:00.000Z,9,27387.764705882353,342.29411764705884,667201.8823529412
2026-01-12T00:00:00.000Z,28,27665.782608695652,252.7826086956522,993415.8260869565
2026-01-12T00:00:00.000Z,4,27600.375,251.5,723067.125
2026-01-14T00:00:00.000Z,13,28032.5,51.5,2135043.0
2026-01-13T00:00:00.000Z,30,27550.545454545456,0.0,4920865.7272727275
2026-01-14T00:00:00.000Z,10,27812.625,151.0,1644348.625
2026-01-12T00:00:00.000Z,1,27581.0,207.0,1122357.375
2026-01-13T00:00:00.000Z,14,28012.333333333332,1.0,3790910.0
2026-01-13T00:00:00.000Z,26,27615.5625,0.0,4814104.75
2026-01-11T00:00:00.000Z,39,26819.777777777777,39.166666666666664,5089909.722222222
2026-01-14T00:00:00.000Z,17,27957.0,220.0,1401874.0
2026-01-14T00:00:00.000Z,35,27701.466666666667,0.8666666666666667,4532862.266666667
2026-01-12T00:00:00.000Z,23,27613.666666666668,140.33333333333334,883954.0
2026-01-14T00:00:00.000Z,8,27825.333333333332,114.22222222222223,1899203.3333333333
2026-01-14T00:00:00.000Z,33,27707.555555555555,0.0,5096907.777777778
2026-01-12T00:00:00.000Z,33,27523.444444444445,111.44444444444444,1599257.6666666667
2026-01-11T00:00:00.000Z,7,27024.176470588234,2.3529411764705883,5272939.94117647
2026-01-13T00:00:00.000Z,23,27895.833333333332,0.0,3814262.1666666665
2026-01-11T00:00:00.000Z,10,26843.3125,0.0,5206761.9375
2026-01-11T00:00:00.000Z,4,27090.5,12.5,5243268.75
2026-01-13T00:00:00.000Z,11,27553.14285714286,2.142857142857143,3575045.0
2026-01-13T00:00:00.000Z,39,27587.444444444445,0.1111111111111111,4256730.666666667
2026-01-11T00:00:00.000Z,18,27079.0,0.0,5093226.0
2026-01-12T00:00:00.000Z,30,27442.636363636364,158.8181818181818,1952849.7272727273
2026-01-11T00:00:00.000Z,33,27129.444444444445,47.333333333333336,4712468.111111111
2026-01-14T00:00:00.000Z,15,28055.35714285714,59.07142857142857,1724460.0
2026-01-13T00:00:00.000Z,28,27902.82608695652,0.6086956521739131,4473022.434782608
2026-01-11T00:00:00.000Z,38,26900.0,46.0,4879948.0
2026-01-14T00:00:00.000Z,24,27779.666666666668,9.777777777777779,3655946.777777778
2026-05-07T00:00:00.000Z,39,28200.333333333332,398.3333333333333,1.5019770388888888E7
2026-05-07T00:00:00.000Z,18,28416.0,93.0,7975740.0
2026-05-08T00:00:00.000Z,13,28543.5,38.0,1.8876909E7
2026-05-07T00:00:00.000Z,11,28165.714285714286,388.42857142857144,1.4205828285714285E7
2026-05-09T00:00:00.000Z,26,28711.625,34.3125,2.53528605E7
2026-05-09T00:00:00.000Z,32,28793.545454545456,16.272727272727273,2.4849444E7
2026-05-08T00:00:00.000Z,22,28432.090909090908,65.45454545454545,1.8405844363636363E7
2026-05-07T00:00:00.000Z,42,28289.55,234.6,1.66090156E7
2026-05-09T00:00:00.000Z,33,28792.555555555555,7.222222222222222,2.5107840222222224E7
2026-05-09T00:00:00.000Z,16,28805.222222222223,13.333333333333334,2.4388877111111112E7
2026-05-08T00:00:00.000Z,23,28551.333333333332,47.666666666666664,1.6877171666666668E7
2026-05-09T00:00:00.000Z,34,28718.85714285714,70.71428571428571,2.5059061285714287E7
2026-05-07T00:00:00.000Z,13,28259.0,599.0,1.23102795E7
2026-05-10T00:00:00.000Z,25,28796.0,741.3333333333334,1.6551809666666666E7
2026-05-09T00:00:00.000Z,41,28852.777777777777,13.11111111111111,2.5130828444444444E7
2026-05-08T00:00:00.000Z,26,28507.125,186.75,2.210448E7
2026-05-09T00:00:00.000Z,20,28868.5,18.25,2.1179443E7
2026-05-09T00:00:00.000Z,30,28621.363636363636,100.54545454545455,2.4497289272727273E7
2026-05-09T00:00:00.000Z,22,28697.909090909092,71.0,2.2886374181818184E7
2026-05-10T00:00:00.000Z,40,28730.055555555555,318.77777777777777,2.0205791777777776E7
2026-05-10T00:00:00.000Z,35,28684.8,488.26666666666665,1.9233656666666668E7
2026-05-09T00:00:00.000Z,1,28768.25,99.0,2.1867623E7
2026-05-10T00:00:00.000Z,36,28793.125,491.875,1.87613585E7
2026-05-07T00:00:00.000Z,36,28280.625,423.0,1.428899875E7
2026-05-07T00:00:00.000Z,31,28161.444444444445,285.0,1.6168155666666666E7
2026-05-10T00:00:00.000Z,33,28675.222222222223,602.2222222222222,1.4934534222222222E7
2026-05-07T00:00:00.000Z,40,28243.5,390.5,1.58424745E7
2026-05-09T00:00:00.000Z,37,28671.7,51.8,2.3250562E7
2026-05-07T00:00:00.000Z,2,28257.8,553.2,1.32087878E7
2026-05-10T00:00:00.000Z,22,28739.727272727272,677.3636363636364,1.9601111818181816E7
2026-05-08T00:00:00.000Z,37,28422.7,44.5,2.03089096E7
2026-05-09T00:00:00.000Z,14,28908.333333333332,16.0,2.3213381333333332E7
2026-05-10T00:00:00.000Z,2,28852.4,551.4,1.97256056E7
2026-05-07T00:00:00.000Z,16,28270.0,607.0,1.2546437222222222E7
2026-05-08T00:00:00.000Z,8,28460.0,0.6666666666666666,1.5638438E7
2026-05-08T00:00:00.000Z,9,28418.29411764706,1.2352941176470589,1.5823727647058824E7
2026-05-08T00:00:00.000Z,33,28595.88888888889,243.44444444444446,2.1641031555555556E7
2026-05-10T00:00:00.000Z,1,28825.375,546.625,1.9771591E7
2026-05-10T00:00:00.000Z,24,28670.222222222223,746.2222222222222,1.8021334222222224E7
2026-05-09T00:00:00.000Z,9,28733.823529411766,50.1764705882353,2.0584510588235293E7
2026-05-09T00:00:00.000Z,19,28761.071428571428,30.785714285714285,2.0525198714285713E7
2026-05-08T00:00:00.000Z,27,28608.88888888889,165.22222222222223,2.1995897555555556E7
2026-05-08T00:00:00.000Z,0,28529.666666666668,19.0,1.6404645333333334E7
2026-05-10T00:00:00.000Z,10,28928.125,534.4375,2.1083067125E7
2026-05-09T00:00:00.000Z,15,28903.071428571428,16.5,2.2232141714285713E7
2026-05-10T00:00:00.000Z,17,29036.0,684.0,2.1951524E7
2026-05-09T00:00:00.000Z,31,28639.666666666668,35.77777777777778,2.3979848222222224E7
2026-05-10T00:00:00.000Z,32,28722.454545454544,225.0909090909091,1.7399707636363637E7
2026-05-10T00:00:00.000Z,9,28891.882352941175,602.4117647058823,2.0402697647058822E7
2026-05-09T00:00:00.000Z,21,28830.0,60.0,2.226714E7
2026-05-07T00:00:00.000Z,20,28322.1875,232.3125,8123294.0
2026-05-10T00:00:00.000Z,7,28986.58823529412,568.5294117647059,2.115949905882353E7
2026-05-08T00:00:00.000Z,1,28492.875,39.875,1.751048025E7
2026-05-07T00:00:00.000Z,19,28209.571428571428,341.57142857142856,7287949.5
2026-05-10T00:00:00.000Z,0,28893.333333333332,538.3333333333334,2.0126404666666668E7
2026-05-10T00:00:00.000Z,12,28854.947368421053,537.1578947368421,2.048105642105263E7
2026-05-07T00:00:00.000Z,30,28128.0,409.0,1.6531523454545455E7
2026-05-10T00:00:00.000Z,16,28847.666666666668,859.1111111111111,1.9743873333333332E7
2026-05-08T00:00:00.000Z,15,28631.64285714286,13.5,1.655561442857143E7
2026-05-09T00:00:00.000Z,7,28855.0,63.588235294117645,2.051774811764706E7
2026-05-07T00:00:00.000Z,25,28374.666666666668,218.0,1.7290262666666668E7
2026-05-09T00:00:00.000Z,13,28796.5,16.0,2.4171336E7
2026-05-08T00:00:00.000Z,16,28558.666666666668,32.77777777777778,1.9054923111111112E7
2026-05-07T00:00:00.000Z,26,28232.875,236.4375,1.7151421625E7
2026-05-09T00:00:00.000Z,17,28878.0,14.0,2.1099984E7
2026-05-07T00:00:00.000Z,7,28278.470588235294,460.05882352941177,8956627.588235294
2026-05-10T00:00:00.000Z,13,28838.5,817.0,1.9807039E7
2026-05-09T00:00:00.000Z,12,28731.105263157893,54.578947368421055,2.1302249789473683E7
2026-05-08T00:00:00.000Z,42,28545.75,14.6,2.19255679E7
2026-05-09T00:00:00.000Z,28,28815.130434782608,10.478260869565217,2.5485470173913043E7
2026-05-09T00:00:00.000Z,42,28747.2,14.05,2.50939462E7
2026-05-07T00:00:00.000Z,3,28181.0,423.375,1.4020635875E7
2026-05-07T00:00:00.000Z,34,28268.5,341.42857142857144,1.695259814285714E7
2026-05-08T00:00:00.000Z,17,28591.0,11.0,1.4888039E7
2026-05-07T00:00:00.000Z,35,28148.6,361.8,1.4575404866666667E7
2026-05-07T00:00:00.000Z,0,28261.0,624.0,1.1740986666666666E7
2026-05-10T00:00:00.000Z,19,28924.64285714286,641.4285714285714,2.153773714285714E7
2026-05-08T00:00:00.000Z,12,28409.473684210527,2.210526315789474,1.5789113E7
2026-05-07T00:00:00.000Z,22,28157.454545454544,675.6363636363636,1.2638194727272727E7
2026-05-10T00:00:00.000Z,31,28600.11111111111,346.6666666666667,1.7322875111111112E7
2026-05-10T00:00:00.000Z,37,28658.0,452.9,1.80137568E7
2026-05-09T00:00:00.000Z,35,28675.666666666668,53.46666666666667,2.2636216E7
2026-05-08T00:00:00.000Z,34,28529.785714285714,228.78571428571428,2.2545932285714287E7
2026-05-07T00:00:00.000Z,41,28433.555555555555,281.77777777777777,1.6645479111111112E7
2026-05-09T00:00:00.000Z,36,28787.25,62.375,2.282573775E7
2026-05-10T00:00:00.000Z,3,28829.0,528.25,1.978401875E7
2026-05-09T00:00:00.000Z,23,28834.833333333332,87.0,2.1972976333333332E7
2026-05-10T00:00:00.000Z,21,28898.0,667.0,2.074113E7
2026-05-08T00:00:00.000Z,29,28460.88888888889,80.66666666666667,2.1138101333333332E7
2026-05-07T00:00:00.000Z,12,28148.894736842107,424.2105263157895,1.2124097421052631E7
2026-05-09T00:00:00.000Z,0,28815.0,100.66666666666667,2.1110802E7
2026-05-09T00:00:00.000Z,25,28877.333333333332,4.0,2.5860510666666668E7
2026-05-07T00:00:00.000Z,28,28299.434782608696,457.95652173913044,1.5376155782608695E7
2026-05-09T00:00:00.000Z,11,28725.571428571428,32.285714285714285,2.220830285714286E7
2026-05-08T00:00:00.000Z,18,28621.0,6.0,1.484179E7
2026-05-07T00:00:00.000Z,14,28391.333333333332,573.0,1.1200260666666666E7
2026-05-10T00:00:00.000Z,14,28979.333333333332,717.0,2.0455192666666668E7
2026-05-08T00:00:00.000Z,3,28472.375,4.375,1.662362475E7
2026-05-10T00:00:00.000Z,26,28615.3125,627.9375,1.58194215E7
2026-05-08T00:00:00.000Z,7,28553.764705882353,0.8823529411764706,1.5467073352941176E7
2026-05-07T00:00:00.000Z,9,28169.58823529412,443.0,1.0222694705882354E7
2026-05-08T00:00:00.000Z,31,28433.88888888889,57.666666666666664,2.1820377333333332E7
2026-05-09T00:00:00.000Z,3,28776.75,61.75,2.14982505E7
2026-05-09T00:00:00.000Z,39,28726.444444444445,35.05555555555556,2.2943775888888888E7
2026-05-07T00:00:00.000Z,38,28253.0,440.0,1.502073E7
2026-05-07T00:00:00.000Z,21,28251.0,656.0,1.1103803E7
2026-05-10T00:00:00.000Z,27,28749.0,944.8888888888889,1.6505775777777778E7
2026-05-08T00:00:00.000Z,38,28485.0,7.0,1.8009796E7
2026-05-10T00:00:00.000Z,34,28621.285714285714,680.3571428571429,1.5633061142857144E7
2026-05-07T00:00:00.000Z,32,28358.545454545456,274.09090909090907,1.6922597272727273E7
2026-05-10T00:00:00.000Z,42,28719.7,295.9,1.99669189E7
2026-05-07T00:00:00.000Z,15,28362.35714285714,386.92857142857144,1.0074963214285715E7
2026-05-08T00:00:00.000Z,2,28519.4,4.0,1.6903284E7
2026-05-07T00:00:00.000Z,17,28333.0,147.0,7483062.0
2026-05-09T00:00:00.000Z,38,28762.0,10.0,2.3304276E7
2026-05-08T00:00:00.000Z,19,28461.0,12.928571428571429,1.52206135E7
2026-05-07T00:00:00.000Z,33,28341.222222222223,180.22222222222223,1.6906097555555556E7
2026-05-09T00:00:00.000Z,40,28728.0,17.27777777777778,2.4384488777777776E7
2026-05-08T00:00:00.000Z,35,28413.4,25.666666666666668,1.8763473066666666E7
2026-05-10T00:00:00.000Z,30,28562.272727272728,880.3636363636364,1.6648900363636363E7
2026-05-09T00:00:00.000Z,29,28695.444444444445,55.111111111111114,2.3798703111111112E7
2026-05-07T00:00:00.000Z,4,28299.75,648.0,1.1000188375E7
2026-05-09T00:00:00.000Z,8,28765.666666666668,44.333333333333336,2.0171291333333332E7
2026-05-07T00:00:00.000Z,24,28159.0,519.1111111111111,1.4630251222222222E7
2026-05-08T00:00:00.000Z,20,28583.3125,7.25,1.52077444375E7
2026-05-09T00:00:00.000Z,4,28863.0,119.5,2.105275025E7
2026-05-07T00:00:00.000Z,8,28211.777777777777,462.44444444444446,8576960.888888888
2026-05-10T00:00:00.000Z,15,29006.714285714286,592.7857142857143,2.1190194E7
2026-05-09T00:00:00.000Z,2,28802.4,63.2,2.14806952E7
2026-05-09T00:00:00.000Z,18,28894.0,4.0,2.1226124E7
2026-05-08T00:00:00.000Z,28,28587.521739130436,45.130434782608695,2.115134513043478E7
2026-05-08T00:00:00.000Z,39,28451.38888888889,11.833333333333334,1.8216524777777776E7
2026-05-10T00:00:00.000Z,29,28663.0,652.8888888888889,1.7501938333333332E7
2026-05-08T00:00:00.000Z,30,28408.909090909092,165.8181818181818,2.209292709090909E7
2026-05-10T00:00:00.000Z,4,28954.875,529.0,2.04382205E7
2026-05-10T00:00:00.000Z,11,28804.714285714286,428.2857142857143,2.056220714285714E7
2026-05-09T00:00:00.000Z,10,28705.0,16.5625,2.0274386125E7
2026-05-08T00:00:00.000Z,10,28412.8125,2.3125,1.5336647875E7
2026-05-07T00:00:00.000Z,1,28239.625,649.875,1.2580506875E7
2026-05-09T00:00:00.000Z,24,28693.222222222223,33.0,2.3757922666666668E7
2026-05-07T00:00:00.000Z,27,28321.11111111111,232.66666666666666,1.7059529777777776E7
2026-05-10T00:00:00.000Z,18,29053.0,599.0,2.1671122E7
2026-05-07T00:00:00.000Z,29,28188.222222222223,398.1111111111111,1.5660633888888888E7
2026-05-10T00:00:00.000Z,38,28798.0,339.0,2.0535172E7
2026-05-08T00:00:00.000Z,40,28496.38888888889,18.333333333333332,2.0299984E7
2026-05-10T00:00:00.000Z,20,29010.25,607.8125,2.1689340625E7
2026-05-08T00:00:00.000Z,11,28413.714285714286,1.7142857142857142,1.6471756E7
2026-05-09T00:00:00.000Z,27,28832.88888888889,8.0,2.5607646888888888E7
2026-05-10T00:00:00.000Z,39,28749.0,420.94444444444446,2.0093110777777776E7
2026-05-08T00:00:00.000Z,24,28434.444444444445,76.11111111111111,2.0302497333333332E7
2026-05-08T00:00:00.000Z,41,28671.88888888889,13.666666666666666,2.2800645111111112E7
2026-05-08T00:00:00.000Z,25,28652.333333333332,121.66666666666667,2.2000712E7
2026-05-08T00:00:00.000Z,36,28523.625,33.5,1.935882825E7
2026-05-07T00:00:00.000Z,23,28263.833333333332,664.3333333333334,1.1060254166666666E7
2026-05-10T00:00:00.000Z,8,28938.666666666668,586.0,2.0771139111111112E7
2026-05-10T00:00:00.000Z,23,28909.333333333332,622.6666666666666,2.0685839333333332E7
2026-05-08T00:00:00.000Z,32,28612.727272727272,38.90909090909091,2.308504909090909E7
2026-05-10T00:00:00.000Z,28,28796.17391304348,916.1739130434783,1.7837713347826086E7
2026-05-08T00:00:00.000Z,4,28575.375,26.5,1.6151555375E7
2026-05-07T00:00:00.000Z,10,28215.0625,435.8125,6983009.3125
2026-05-07T00:00:00.000Z,37,28162.3,355.7,1.49352288E7
2026-05-10T00:00:00.000Z,41,28803.777777777777,230.33333333333334,1.8652861555555556E7
2026-05-08T00:00:00.000Z,21,28545.0,45.0,1.7085554E7
2026-05-08T00:00:00.000Z,14,28661.333333333332,27.0,1.7705556666666668E7
2026-05-14T00:00:00.000Z,14,28245.666666666668,643.0,1.9433722666666668E7
2026-05-13T00:00:00.000Z,20,28294.6875,467.875,1.4225773E7
2026-05-14T00:00:00.000Z,20,28180.0,555.625,1.7806155875E7
2026-05-13T00:00:00.000Z,18,28381.0,317.0,1.3498243E7
2026-05-13T00:00:00.000Z,38,28230.0,387.0,1.7866274E7
2026-05-11T00:00:00.000Z,38,28362.0,1111.0,1.3379643E7
2026-05-14T00:00:00.000Z,17,28189.0,670.0,1.7321328E7
2026-05-12T00:00:00.000Z,3,27880.75,136.375,2.22633365E7
2026-05-13T00:00:00.000Z,14,28357.666666666668,579.0,1.5418718666666666E7
2026-05-14T00:00:00.000Z,4,28182.5,526.5,2.07729615E7
2026-05-13T00:00:00.000Z,29,28057.666666666668,735.6666666666666,1.7576079111111112E7
2026-05-13T00:00:00.000Z,9,28172.647058823528,524.9411764705883,1.811037811764706E7
2026-05-14T00:00:00.000Z,36,28090.5,385.625,1.952931525E7
2026-05-11T00:00:00.000Z,7,28362.41176470588,1073.4705882352941,1.1503022176470589E7
2026-05-12T00:00:00.000Z,17,28142.0,156.0,2.0933882E7
2026-05-11T00:00:00.000Z,22,28193.454545454544,1791.6363636363637,1.1464814636363637E7
2026-05-12T00:00:00.000Z,21,27999.0,168.0,2.1617286E7
2026-05-13T00:00:00.000Z,12,28163.78947368421,497.7894736842105,1.8650578E7
2026-05-11T00:00:00.000Z,26,28178.625,1991.625,1.07284090625E7
2026-05-12T00:00:00.000Z,31,27776.88888888889,221.44444444444446,2.1536551777777776E7
2026-05-11T00:00:00.000Z,39,28285.333333333332,1497.5,1.3093228833333334E7
2026-05-11T00:00:00.000Z,29,28169.777777777777,1997.888888888889,1.1150406333333334E7
2026-05-12T00:00:00.000Z,9,27927.58823529412,164.11764705882354,2.217489494117647E7
2026-05-13T00:00:00.000Z,27,28185.88888888889,717.5555555555555,1.6554163777777778E7
2026-05-13T00:00:00.000Z,30,27974.636363636364,793.0,1.7463710727272727E7
2026-05-14T00:00:00.000Z,7,28150.470588235294,476.5882352941176,1.933056494117647E7
2026-05-12T00:00:00.000Z,39,27861.777777777777,157.72222222222223,2.2065474222222224E7
2026-05-12T00:00:00.000Z,34,27897.64285714286,483.7857142857143,2.183092657142857E7
2026-05-13T00:00:00.000Z,26,28083.25,621.6875,1.63523998125E7
2026-05-11T00:00:00.000Z,16,28298.88888888889,1688.2222222222222,1.040231E7
2026-05-11T00:00:00.000Z,32,28299.636363636364,1683.7272727272727,1.2403055818181818E7
2026-05-12T00:00:00.000Z,19,28011.0,152.28571428571428,2.125000657142857E7
2026-05-11T00:00:00.000Z,35,28204.933333333334,1801.9333333333334,1.24240928E7
2026-05-13T00:00:00.000Z,36,28193.625,519.875,1.746141925E7
2026-05-13T00:00:00.000Z,28,28205.695652173912,746.3913043478261,1.6302914608695652E7
2026-05-14T00:00:00.000Z,10,28095.625,443.625,1.9083141E7
2026-05-14T00:00:00.000Z,2,28141.4,249.0,2.10725972E7
2026-05-14T00:00:00.000Z,42,27970.9,464.7,1.659704985E7
2026-05-14T00:00:00.000Z,35,27972.6,258.06666666666666,1.9131506266666666E7
2026-05-11T00:00:00.000Z,2,28341.0,1388.2,1.22534592E7
2026-05-13T00:00:00.000Z,22,28088.18181818182,697.3636363636364,1.6644099E7
2026-05-12T00:00:00.000Z,23,28015.5,148.0,2.1721533666666668E7
2026-05-14T00:00:00.000Z,3,28081.75,277.375,2.148254875E7
2026-05-13T00:00:00.000Z,11,28175.714285714286,433.14285714285717,1.857629685714286E7
2026-05-11T00:00:00.000Z,41,28392.222222222223,1646.3333333333333,1.2448858444444444E7
2026-05-11T00:00:00.000Z,13,28286.0,1724.5,1.05055065E7
2026-05-14T00:00:00.000Z,24,27950.666666666668,602.3333333333334,1.9793744444444444E7
2026-05-14T00:00:00.000Z,34,27920.785714285714,843.1428571428571,1.6604753357142856E7
2026-05-11T00:00:00.000Z,36,28313.125,1782.875,1.1817202875E7
2026-05-11T00:00:00.000Z,12,28288.736842105263,1252.1052631578948,1.2575517789473685E7
2026-05-14T00:00:00.000Z,38,28148.0,163.0,2.080529E7
2026-05-13T00:00:00.000Z,23,28235.5,582.3333333333334,1.6381524833333334E7
2026-05-13T00:00:00.000Z,33,28193.222222222223,591.1111111111111,1.5778624111111112E7
2026-05-12T00:00:00.000Z,28,27989.0,181.52173913043478,2.065598913043478E7
2026-05-12T00:00:00.000Z,2,27952.6,139.0,2.21498748E7
2026-05-11T00:00:00.000Z,40,28303.444444444445,1504.1666666666667,1.3256128444444444E7
2026-05-12T00:00:00.000Z,22,27855.727272727272,173.1818181818182,2.1361418E7
2026-05-11T00:00:00.000Z,42,28275.5,1698.8,1.24276082E7
2026-05-13T00:00:00.000Z,2,28236.8,492.6,1.7548332E7
2026-05-12T00:00:00.000Z,35,27797.333333333332,122.73333333333333,2.1915673466666665E7
2026-05-12T00:00:00.000Z,16,27994.444444444445,179.77777777777777,2.0592728666666668E7
2026-05-11T00:00:00.000Z,0,28344.333333333332,1263.3333333333333,1.2032131E7
2026-05-12T00:00:00.000Z,24,27800.222222222223,247.0,2.1291828E7
2026-05-11T00:00:00.000Z,33,28276.0,2145.6666666666665,1.0950835444444444E7
2026-05-14T00:00:00.000Z,8,28104.333333333332,397.77777777777777,2.0030508888888888E7
2026-05-14T00:00:00.000Z,19,28082.428571428572,707.3571428571429,1.803437185714286E7
2026-05-13T00:00:00.000Z,3,28176.25,488.125,1.788446175E7
2026-05-11T00:00:00.000Z,1,28299.875,1400.875,1.2017298625E7
2026-05-12T00:00:00.000Z,20,28125.9375,144.0,2.109430225E7
2026-05-13T00:00:00.000Z,17,28296.0,545.0,1.3686641E7
2026-05-14T00:00:00.000Z,15,28212.214285714286,492.57142857142856,1.8876374285714287E7
2026-05-14T00:00:00.000Z,25,28134.666666666668,394.0,1.958448E7
2026-05-11T00:00:00.000Z,8,28322.666666666668,964.2222222222222,1.1865584888888888E7
2026-05-14T00:00:00.000Z,41,28110.666666666668,518.6666666666666,1.6181683444444444E7
2026-05-12T00:00:00.000Z,10,28006.5625,89.9375,2.1553907875E7
2026-05-11T00:00:00.000Z,27,28277.333333333332,2094.1111111111113,9927665.222222222
2026-05-12T00:00:00.000Z,11,27853.14285714286,117.14285714285714,2.2131588285714287E7
2026-05-11T00:00:00.000Z,15,28406.071428571428,1019.3571428571429,1.1105837857142856E7
2026-05-11T00:00:00.000Z,4,28384.625,1226.0,1.184386925E7
2026-05-11T00:00:00.000Z,25,28344.0,1818.3333333333333,9849022.0
2026-05-14T00:00:00.000Z,30,27837.272727272728,728.2727272727273,1.871798690909091E7
2026-05-12T00:00:00.000Z,32,27972.727272727272,503.09090909090907,2.140906909090909E7
2026-05-13T00:00:00.000Z,1,28194.75,565.125,1.72997535E7
2026-05-12T00:00:00.000Z,14,28163.333333333332,183.0,2.0918485333333332E7
2026-05-12T00:00:00.000Z,8,27992.555555555555,124.0,2.1914370444444444E7
2026-05-14T00:00:00.000Z,18,28263.0,392.0,1.7513142E7
2026-05-13T00:00:00.000Z,19,28184.214285714286,593.4285714285714,1.494624407142857E7
2026-05-11T00:00:00.000Z,21,28302.0,1330.0,1.1688615E7
2026-05-14T00:00:00.000Z,23,28119.833333333332,659.3333333333334,2.0205319666666668E7
2026-05-13T00:00:00.000Z,10,28214.0,454.25,1.60090540625E7
2026-05-12T00:00:00.000Z,12,27880.57894736842,166.78947368421052,2.2171993157894738E7
2026-05-12T00:00:00.000Z,27,28007.88888888889,313.8888888888889,2.1453103333333332E7
2026-05-12T00:00:00.000Z,7,28062.823529411766,109.23529411764706,2.180844023529412E7
2026-05-11T00:00:00.000Z,19,28268.714285714286,920.0714285714286,1.0732928214285715E7
2026-05-12T00:00:00.000Z,38,27916.0,182.0,2.2001796E7
2026-05-11T00:00:00.000Z,18,28390.0,548.0,9767343.0
2026-05-11T00:00:00.000Z,10,28323.875,597.5,1.17189645625E7
2026-05-14T00:00:00.000Z,31,27874.0,484.44444444444446,1.7845308222222224E7
2026-05-13T00:00:00.000Z,7,28268.58823529412,530.6470588235294,1.6126482529411765E7
2026-05-11T00:00:00.000Z,28,28299.347826086956,1666.2173913043478,9677450.43478261
2026-05-12T00:00:00.000Z,30,27735.545454545456,295.8181818181818,2.156613290909091E7
2026-05-13T00:00:00.000Z,13,28191.0,707.5,1.56546865E7
2026-05-11T00:00:00.000Z,34,28197.85714285714,2045.857142857143,1.1888434214285715E7
2026-05-14T00:00:00.000Z,1,28099.875,474.375,2.079776775E7
2026-05-11T00:00:00.000Z,9,28294.41176470588,1003.0,1.2410184E7
2026-05-13T00:00:00.000Z,16,28208.444444444445,687.6666666666666,1.5679064222222222E7
2026-05-13T00:00:00.000Z,42,28187.3,179.45,1.78349932E7
2026-05-11T00:00:00.000Z,30,28080.0,2194.6363636363635,1.0923355363636363E7
2026-05-13T00:00:00.000Z,32,28229.363636363636,319.09090909090907,1.776472109090909E7
2026-05-12T00:00:00.000Z,0,27995.666666666668,122.0,2.1961762E7
2026-05-12T00:00:00.000Z,26,27920.5625,429.25,2.185122E7
2026-05-14T00:00:00.000Z,11,28106.714285714286,202.57142857142858,2.2458868E7
2026-05-11T00:00:00.000Z,14,28435.333333333332,1536.0,1.0939543666666666E7
2026-05-13T00:00:00.000Z,24,28042.222222222223,894.3333333333334,1.7113861555555556E7
2026-05-14T00:00:00.000Z,33,28022.333333333332,660.8888888888889,1.6359446222222222E7
2026-05-14T00:00:00.000Z,12,28075.947368421053,255.42105263157896,2.247160557894737E7
2026-05-13T00:00:00.000Z,25,28253.333333333332,660.0,1.6366550333333334E7
2026-05-14T00:00:00.000Z,32,28025.0,503.6363636363636,1.6978569181818184E7
2026-05-13T00:00:00.000Z,41,28327.88888888889,226.44444444444446,1.7518299555555556E7
2026-05-12T00:00:00.000Z,4,28055.625,115.0,2.20305165E7
2026-05-14T00:00:00.000Z,0,28142.666666666668,431.6666666666667,2.0771E7
2026-05-14T00:00:00.000Z,9,28077.176470588234,326.6470588235294,2.149405894117647E7
2026-05-13T00:00:00.000Z,35,28086.533333333333,493.06666666666666,1.7338266266666666E7
2026-05-13T00:00:00.000Z,4,28292.0,591.0,1.6956257375E7
2026-05-13T00:00:00.000Z,39,28161.277777777777,432.44444444444446,1.7645631111111112E7
2026-05-13T00:00:00.000Z,31,28039.11111111111,510.22222222222223,1.7615560666666668E7
2026-05-11T00:00:00.000Z,24,28156.88888888889,2103.5555555555557,1.0736796444444444E7
2026-05-14T00:00:00.000Z,21,28098.0,673.0,2.0049542E7
2026-05-12T00:00:00.000Z,1,27941.625,131.375,2.190598075E7
2026-05-14T00:00:00.000Z,22,27991.18181818182,653.7272727272727,2.0087123636363637E7
2026-05-11T00:00:00.000Z,17,28336.0,821.0,9884701.0
2026-05-12T00:00:00.000Z,33,28040.666666666668,445.22222222222223,2.2217801555555556E7
2026-05-11T00:00:00.000Z,37,28170.9,1857.6,1.1450954E7
2026-05-14T00:00:00.000Z,28,28096.82608695652,605.1739130434783,1.9696234E7
2026-05-14T00:00:00.000Z,26,27929.9375,598.8125,1.7921259375E7
2026-05-11T00:00:00.000Z,20,28350.1875,826.1875,1.0361218E7
2026-05-14T00:00:00.000Z,40,28028.944444444445,266.1666666666667,1.8074848666666668E7
2026-05-12T00:00:00.000Z,13,27976.5,200.5,2.0670702E7
2026-05-13T00:00:00.000Z,37,28050.9,537.6,1.73773642E7
2026-05-13T00:00:00.000Z,8,28211.0,480.55555555555554,1.6935025555555556E7
2026-05-14T00:00:00.000Z,16,28097.666666666668,654.1111111111111,1.9499814E7
2026-05-12T00:00:00.000Z,42,27864.95,747.2,2.13783321E7
2026-05-11T00:00:00.000Z,11,28301.85714285714,1135.4285714285713,1.291448842857143E7
2026-05-13T00:00:00.000Z,15,28334.35714285714,419.92857142857144,1.5094715714285715E7
2026-05-14T00:00:00.000Z,29,27937.88888888889,587.4444444444445,1.9172279777777776E7
2026-05-13T00:00:00.000Z,0,28247.333333333332,557.6666666666666,1.7113054666666668E7
2026-05-14T00:00:00.000Z,39,28061.38888888889,217.88888888888889,2.0068812555555556E7
2026-05-14T00:00:00.000Z,37,27924.6,432.6,1.87222118E7
2026-05-14T00:00:00.000Z,27,28068.666666666668,469.55555555555554,1.9532237333333332E7
2026-05-12T00:00:00.000Z,36,27922.5,123.125,2.181572875E7
2026-05-13T00:00:00.000Z,21,28217.0,562.0,1.6192123E7
2026-05-12T00:00:00.000Z,18,28233.0,104.0,2.0738344E7
2026-05-12T00:00:00.000Z,15,28144.64285714286,156.21428571428572,2.121813057142857E7
2026-05-12T00:00:00.000Z,25,28097.333333333332,322.3333333333333,2.1445483333333332E7
2026-05-12T00:00:00.000Z,29,27803.0,214.44444444444446,2.1510252222222224E7
2026-05-13T00:00:00.000Z,40,28181.88888888889,312.44444444444446,1.7436806111111112E7
2026-05-14T00:00:00.000Z,13,28081.5,630.0,1.9470286E7
2026-05-11T00:00:00.000Z,23,28322.666666666668,1318.3333333333333,1.1756456166666666E7
2026-05-11T00:00:00.000Z,31,28141.555555555555,1819.111111111111,1.172466E7
2026-05-12T00:00:00.000Z,41,28051.666666666668,681.4444444444445,2.1153921333333332E7
2026-05-13T00:00:00.000Z,34,28109.5,616.7142857142857,1.67491405E7
2026-05-11T00:00:00.000Z,3,28284.375,1587.125,1.2297909875E7
2026-05-12T00:00:00.000Z,37,27778.4,143.6,2.15908134E7
2026-05-12T00:00:00.000Z,40,27873.166666666668,317.72222222222223,2.1881766666666668E7
2026-05-02T00:00:00.000Z,7,29004.235294117647,0.0,2.5374348470588237E7
2026-05-02T00:00:00.000Z,0,28935.333333333332,0.0,2.515038E7
2026-05-01T00:00:00.000Z,27,28653.88888888889,0.0,2.6304298444444444E7
2026-04-30T00:00:00.000Z,4,28446.25,0.0,2.625194425E7
2026-05-02T00:00:00.000Z,25,29039.0,12.0,2.4439627333333332E7
2026-05-02T00:00:00.000Z,21,29029.0,0.0,2.4887428E7
2026-05-02T00:00:00.000Z,24,28852.444444444445,26.666666666666668,2.4821835555555556E7
2026-05-02T00:00:00.000Z,40,28777.333333333332,0.0,2.6086823222222224E7
2026-04-29T00:00:00.000Z,11,28393.0,0.0,2.4948806285714287E7
2026-05-01T00:00:00.000Z,33,28560.777777777777,0.0,2.6328259777777776E7
2026-05-02T00:00:00.000Z,18,29108.0,0.0,2.4399368E7
2026-04-29T00:00:00.000Z,37,28436.0,0.0,2.50970028E7
2026-05-01T00:00:00.000Z,22,28556.18181818182,0.0,2.5650058727272727E7
2026-05-01T00:00:00.000Z,34,28463.928571428572,0.0,2.639272985714286E7
2026-05-01T00:00:00.000Z,11,28523.0,0.0,2.558131542857143E7
2026-04-30T00:00:00.000Z,31,28174.11111111111,0.0,2.6642034E7
2026-04-29T00:00:00.000Z,4,28607.125,0.0,2.54606515E7
2026-04-30T00:00:00.000Z,8,28326.333333333332,0.0,2.6030776E7
2026-04-30T00:00:00.000Z,17,28510.0,0.0,2.597804E7
2026-04-30T00:00:00.000Z,19,28340.285714285714,0.0,2.591170785714286E7
2026-04-29T00:00:00.000Z,15,28683.928571428572,0.0,2.530858542857143E7
2026-04-29T00:00:00.000Z,3,28472.875,0.0,2.53480565E7
2026-05-02T00:00:00.000Z,37,28769.1,6.9,2.5340116E7
2026-05-02T00:00:00.000Z,20,29059.4375,0.0,2.48908695E7
2026-05-02T00:00:00.000Z,27,29001.555555555555,23.555555555555557,2.4577325777777776E7
2026-04-30T00:00:00.000Z,35,28168.266666666666,0.0,2.6459034533333335E7
2026-05-02T00:00:00.000Z,23,29018.5,0.0,2.4974129E7
2026-04-29T00:00:00.000Z,27,28729.222222222223,0.0,2.4924696444444444E7
2026-04-29T00:00:00.000Z,36,28535.875,0.0,2.52886255E7
2026-05-02T00:00:00.000Z,15,29097.285714285714,0.21428571428571427,2.474705457142857E7
2026-05-02T00:00:00.000Z,22,28885.545454545456,2.0,2.4664189272727273E7
2026-05-02T00:00:00.000Z,32,28848.272727272728,0.0,2.5673978727272727E7
2026-04-29T00:00:00.000Z,29,28487.333333333332,0.0,2.4946675555555556E7
2026-04-30T00:00:00.000Z,29,28246.11111111111,0.0,2.6319624888888888E7
2026-05-01T00:00:00.000Z,14,28826.666666666668,0.0,2.5627163333333332E7
2026-05-01T00:00:00.000Z,7,28757.529411764706,0.0,2.577678905882353E7
2026-05-01T00:00:00.000Z,38,28513.0,0.0,2.5743754E7
2026-05-02T00:00:00.000Z,29,28822.0,31.77777777777778,2.5074634222222224E7
2026-05-01T00:00:00.000Z,10,28608.5625,0.0,2.51772965E7
2026-05-02T00:00:00.000Z,30,28764.909090909092,50.36363636363637,2.5104644545454547E7
2026-04-29T00:00:00.000Z,26,28602.25,0.5,2.42405915E7
2026-04-30T00:00:00.000Z,32,28319.272727272728,0.0,2.682025909090909E7
2026-05-02T00:00:00.000Z,39,28766.777777777777,0.0,2.5777285777777776E7
2026-05-02T00:00:00.000Z,11,28771.14285714286,0.0,2.568090114285714E7
2026-05-01T00:00:00.000Z,8,28659.11111111111,0.0,2.5551032444444444E7
2026-05-01T00:00:00.000Z,0,28690.333333333332,0.0,2.5719436666666668E7
2026-05-02T00:00:00.000Z,35,28751.466666666667,0.0,2.5616724933333334E7
2026-05-01T00:00:00.000Z,18,28846.0,0.0,2.5476314E7
2026-05-01T00:00:00.000Z,3,28603.75,0.0,2.5880076E7
2026-04-30T00:00:00.000Z,22,28281.18181818182,0.0,2.5939554E7
2026-04-29T00:00:00.000Z,8,28453.555555555555,0.0,2.5417951555555556E7
2026-05-01T00:00:00.000Z,36,28560.125,0.0,2.6025959E7
2026-04-30T00:00:00.000Z,37,28183.0,0.0,2.6464288E7
2026-04-29T00:00:00.000Z,38,28442.0,0.0,2.4445176E7
2026-04-29T00:00:00.000Z,0,28565.0,0.0,2.5245863333333332E7
2026-04-30T00:00:00.000Z,27,28516.444444444445,0.0,2.6464828222222224E7
2026-05-02T00:00:00.000Z,26,28856.9375,18.9375,2.41569435E7
2026-04-29T00:00:00.000Z,14,28712.333333333332,0.0,2.5100895333333332E7
2026-04-29T00:00:00.000Z,30,28449.454545454544,0.18181818181818182,2.4729198181818184E7
2026-04-29T00:00:00.000Z,18,28681.0,0.0,2.5168934E7
2026-05-01T00:00:00.000Z,13,28678.5,0.0,2.5751261E7
2026-05-01T00:00:00.000Z,30,28398.272727272728,0.0,2.6279344727272727E7
2026-04-30T00:00:00.000Z,18,28541.0,0.0,2.5791908E7
2026-05-01T00:00:00.000Z,25,28699.333333333332,0.0,2.6304654666666668E7
2026-05-02T00:00:00.000Z,16,29030.333333333332,0.8888888888888888,2.4382338888888888E7
2026-04-29T00:00:00.000Z,20,28620.5,0.0,2.5366702125E7
2026-04-29T00:00:00.000Z,33,28687.555555555555,24.0,2.3722051777777776E7
2026-04-30T00:00:00.000Z,25,28569.666666666668,0.0,2.6425654666666668E7
2026-05-02T00:00:00.000Z,33,28926.11111111111,30.0,2.3180548222222224E7
2026-04-30T00:00:00.000Z,28,28495.739130434784,0.0,2.6172204E7
2026-05-02T00:00:00.000Z,2,28880.0,0.0,2.54018012E7
2026-05-01T00:00:00.000Z,4,28760.0,0.0,2.588917125E7
2026-04-30T00:00:00.000Z,1,28334.75,0.0,2.608136E7
2026-04-30T00:00:00.000Z,42,28172.7,0.0,2.6951777E7
2026-05-01T00:00:00.000Z,39,28493.11111111111,0.0,2.5928409666666668E7
2026-04-29T00:00:00.000Z,40,28416.722222222223,0.0,2.4147922777777776E7
2026-05-01T00:00:00.000Z,35,28467.666666666668,0.0,2.6066776933333334E7
2026-05-02T00:00:00.000Z,12,28847.473684210527,0.0,2.5672932210526317E7
2026-04-29T00:00:00.000Z,23,28589.5,0.0,2.5346477E7
2026-04-30T00:00:00.000Z,21,28426.0,0.0,2.6116116E7
2026-05-02T00:00:00.000Z,28,29000.347826086956,15.043478260869565,2.445351313043478E7
2026-04-29T00:00:00.000Z,21,28590.0,0.0,2.5318436E7
2026-05-02T00:00:00.000Z,1,28891.125,0.0,2.501410875E7
2026-04-30T00:00:00.000Z,13,28430.5,0.0,2.6021192E7
2026-04-30T00:00:00.000Z,39,28173.61111111111,0.0,2.6358926333333332E7
2026-04-30T00:00:00.000Z,33,28471.666666666668,0.0,2.6533227333333332E7
2026-04-29T00:00:00.000Z,34,28561.428571428572,21.0,2.332461385714286E7
2026-05-01T00:00:00.000Z,37,28426.3,0.0,2.61039438E7
2026-04-29T00:00:00.000Z,10,28404.5625,0.0,2.5173504875E7
2026-04-29T00:00:00.000Z,19,28450.928571428572,0.0,2.532714714285714E7
2026-04-29T00:00:00.000Z,1,28522.5,0.0,2.522399975E7
2026-04-30T00:00:00.000Z,36,28303.0,0.0,2.636753575E7
2026-05-02T00:00:00.000Z,13,29020.0,1.0,2.4426516E7
2026-04-29T00:00:00.000Z,9,28404.882352941175,0.0,2.540526094117647E7
2026-05-02T00:00:00.000Z,42,28791.05,0.0,2.60779347E7
2026-04-29T00:00:00.000Z,32,28568.363636363636,0.36363636363636365,2.3612544363636363E7
2026-04-30T00:00:00.000Z,15,28536.714285714286,0.0,2.6048051E7
2026-04-30T00:00:00.000Z,11,28178.14285714286,0.0,2.605467057142857E7
2026-05-01T00:00:00.000Z,15,28828.428571428572,0.0,2.5741372285714287E7
2026-04-30T00:00:00.000Z,9,28259.70588235294,0.0,2.6019996E7
2026-04-29T00:00:00.000Z,28,28700.956521739132,0.0,2.5102836260869566E7
2026-04-30T00:00:00.000Z,41,28331.88888888889,0.0,2.6776138444444444E7
2026-04-29T00:00:00.000Z,2,28554.2,0.0,2.53225128E7
2026-05-01T00:00:00.000Z,40,28441.11111111111,0.0,2.6357374333333332E7
2026-05-02T00:00:00.000Z,4,29001.75,0.0,2.529263875E7
2026-04-29T00:00:00.000Z,7,28564.235294117647,0.0,2.550999917647059E7
2026-04-29T00:00:00.000Z,12,28392.263157894737,0.0,2.535687294736842E7
2026-04-30T00:00:00.000Z,10,28296.9375,0.0,2.5678664E7
2026-04-30T00:00:00.000Z,24,28256.333333333332,0.0,2.6140220888888888E7
2026-05-02T00:00:00.000Z,19,28966.14285714286,0.0,2.520809814285714E7
2026-04-29T00:00:00.000Z,16,28632.777777777777,0.0,2.5158912888888888E7
2026-05-01T00:00:00.000Z,19,28683.928571428572,0.0,2.5474316714285713E7
2026-04-30T00:00:00.000Z,30,28208.545454545456,0.0,2.658733890909091E7
2026-04-30T00:00:00.000Z,40,28153.222222222223,0.0,2.6788169888888888E7
2026-04-29T00:00:00.000Z,42,28433.5,0.55,2.24472139E7
2026-04-30T00:00:00.000Z,23,28427.833333333332,0.0,2.6141412E7
2026-05-01T00:00:00.000Z,23,28750.166666666668,0.0,2.5826467333333332E7
2026-05-02T00:00:00.000Z,10,28883.0625,0.0,2.5292459E7
2026-04-30T00:00:00.000Z,26,28372.9375,0.0,2.65599805E7
2026-05-01T00:00:00.000Z,31,28368.222222222223,0.0,2.626236E7
2026-04-30T00:00:00.000Z,38,28207.0,0.0,2.619635E7
2026-04-29T00:00:00.000Z,17,28630.0,0.0,2.5362064E7
2026-05-01T00:00:00.000Z,20,28813.6875,0.0,2.5660216875E7
2026-05-01T00:00:00.000Z,16,28695.666666666668,0.0,2.5763829777777776E7
2026-05-02T00:00:00.000Z,38,28781.0,0.0,2.573638E7
2026-04-30T00:00:00.000Z,0,28389.333333333332,0.0,2.6074272666666668E7
2026-04-30T00:00:00.000Z,20,28491.875,0.0,2.6020493875E7
2026-05-02T00:00:00.000Z,31,28735.88888888889,8.0,2.5470746666666668E7
2026-05-01T00:00:00.000Z,26,28492.0625,0.0,2.6353058375E7
2026-05-01T00:00:00.000Z,24,28503.333333333332,0.0,2.5858936222222224E7
2026-04-30T00:00:00.000Z,14,28561.0,0.0,2.5908161333333332E7
2026-04-29T00:00:00.000Z,22,28468.0,0.0,2.5069175636363637E7
2026-04-29T00:00:00.000Z,41,28571.11111111111,9.555555555555555,2.2964042444444444E7
2026-04-30T00:00:00.000Z,3,28256.375,0.0,2.63030905E7
2026-05-01T00:00:00.000Z,12,28589.157894736843,0.0,2.5549660736842107E7
2026-05-01T00:00:00.000Z,28,28666.565217391304,0.0,2.5973466695652176E7
2026-04-30T00:00:00.000Z,12,28215.263157894737,0.0,2.605317705263158E7
2026-05-02T00:00:00.000Z,36,28873.5,2.125,2.5298303E7
2026-05-01T00:00:00.000Z,41,28536.11111111111,0.0,2.6373489111111112E7
2026-04-30T00:00:00.000Z,16,28458.11111111111,0.0,2.6022243555555556E7
2026-05-02T00:00:00.000Z,9,28888.117647058825,0.0,2.561187529411765E7
2026-05-02T00:00:00.000Z,34,28833.64285714286,17.5,2.4323053285714287E7
2026-04-29T00:00:00.000Z,31,28436.777777777777,0.2222222222222222,2.4609205333333332E7
2026-04-30T00:00:00.000Z,7,28427.882352941175,0.0,2.618926188235294E7
2026-05-02T00:00:00.000Z,8,28929.88888888889,0.0,2.5527529555555556E7
2026-05-02T00:00:00.000Z,3,28835.875,0.0,2.567407275E7
2026-04-30T00:00:00.000Z,2,28346.6,0.0,2.62653168E7
2026-05-01T00:00:00.000Z,2,28633.4,0.0,2.58955924E7
2026-05-02T00:00:00.000Z,41,28875.222222222223,0.0,2.5869595777777776E7
2026-04-29T00:00:00.000Z,39,28413.555555555555,0.0,2.4855726666666668E7
2026-05-01T00:00:00.000Z,9,28622.235294117647,0.0,2.551361270588235E7
2026-05-01T00:00:00.000Z,42,28434.5,0.0,2.65303441E7
2026-04-29T00:00:00.000Z,24,28473.777777777777,0.0,2.5126546222222224E7
2026-05-01T00:00:00.000Z,21,28752.0,0.0,2.581271E7
2026-05-02T00:00:00.000Z,14,29134.666666666668,1.0,2.4462156E7
2026-05-02T00:00:00.000Z,17,29090.0,0.0,2.4848462E7
2026-04-29T00:00:00.000Z,35,28416.466666666667,0.0,2.5227580933333334E7
2026-05-01T00:00:00.000Z,29,28465.222222222223,0.0,2.6011573555555556E7
2026-04-29T00:00:00.000Z,25,28782.0,0.0,2.4907192666666668E7
2026-05-01T00:00:00.000Z,1,28605.375,0.0,2.576370025E7
2026-05-01T00:00:00.000Z,32,28474.81818181818,0.0,2.6413642545454547E7
2026-04-30T00:00:00.000Z,34,28330.285714285714,0.0,2.667032042857143E7
2026-05-01T00:00:00.000Z,17,28844.0,0.0,2.5612344E7
2026-04-29T00:00:00.000Z,13,28606.5,0.0,2.5161E7
2026-01-08T00:00:00.000Z,8,27302.777777777777,648.1111111111111,2913699.5555555555
2026-01-09T00:00:00.000Z,34,27593.35714285714,1014.2857142857143,3341894.785714286
2026-01-10T00:00:00.000Z,20,27239.8125,681.8125,1864298.6875
2026-01-09T00:00:00.000Z,9,27618.235294117647,884.7647058823529,3406524.117647059
2026-01-07T00:00:00.000Z,41,26757.444444444445,67.44444444444444,5247342.111111111
2026-01-09T00:00:00.000Z,11,27620.285714285714,436.57142857142856,4626770.714285715
2026-01-08T00:00:00.000Z,17,27376.0,816.0,2336911.0
2026-01-07T00:00:00.000Z,7,26903.941176470587,47.64705882352941,4850115.647058823
2026-01-10T00:00:00.000Z,29,27180.222222222223,901.8888888888889,2425913.111111111
2026-01-08T00:00:00.000Z,41,27225.88888888889,812.7777777777778,2570494.222222222
2026-01-09T00:00:00.000Z,29,27597.555555555555,817.0,3249223.777777778
2026-01-07T00:00:00.000Z,14,26972.0,31.0,4888380.0
2026-01-07T00:00:00.000Z,38,26709.0,45.0,4532733.0
2026-01-09T00:00:00.000Z,16,27743.666666666668,872.4444444444445,3057587.222222222
2026-01-09T00:00:00.000Z,32,27604.272727272728,506.0,3377063.727272727
2026-01-07T00:00:00.000Z,8,26801.555555555555,43.55555555555556,4684908.777777778
2026-01-07T00:00:00.000Z,36,26770.0,47.125,5235280.625
2026-01-10T00:00:00.000Z,14,27339.333333333332,1007.0,1629916.0
2026-01-08T00:00:00.000Z,34,27319.64285714286,1127.2142857142858,2000297.9285714286
2026-01-10T00:00:00.000Z,39,27218.0,501.8888888888889,2397275.8333333335
2026-01-07T00:00:00.000Z,21,26896.0,29.0,5155506.0
2026-01-07T00:00:00.000Z,31,26540.88888888889,64.66666666666667,5545081.0
2026-01-08T00:00:00.000Z,28,27501.478260869564,884.4782608695652,1785554.0
2026-01-08T00:00:00.000Z,7,27372.764705882353,767.9411764705883,2674287.705882353
2026-01-07T00:00:00.000Z,34,26641.785714285714,101.14285714285714,5504017.428571428
2026-01-10T00:00:00.000Z,11,27209.0,571.7142857142857,2451660.8571428573
2026-01-08T00:00:00.000Z,14,27528.0,839.0,2278937.6666666665
2026-01-08T00:00:00.000Z,27,27493.88888888889,1027.5555555555557,1711958.4444444445
2026-01-10T00:00:00.000Z,38,27264.0,401.0,2361959.0
2026-01-08T00:00:00.000Z,29,27341.666666666668,818.5555555555555,2633336.0
2026-01-08T00:00:00.000Z,10,27271.3125,550.5625,2770426.875
2026-01-09T00:00:00.000Z,21,27763.0,884.0,3225707.0
2026-01-07T00:00:00.000Z,30,26492.909090909092,81.72727272727273,5656565.363636363
2026-01-10T00:00:00.000Z,40,27215.222222222223,563.2222222222222,2353222.722222222
2026-01-07T00:00:00.000Z,20,26902.875,46.0625,4650212.9375
2026-01-07T00:00:00.000Z,9,26664.29411764706,39.94117647058823,4737360.235294118
2026-01-07T00:00:00.000Z,1,26847.5,36.875,5214278.25
2026-01-08T00:00:00.000Z,11,27223.0,577.8571428571429,3569530.8571428573
2026-01-08T00:00:00.000Z,23,27440.166666666668,712.3333333333334,2676896.6666666665
2026-01-07T00:00:00.000Z,29,26582.555555555555,64.77777777777777,5356354.222222222
2026-01-09T00:00:00.000Z,4,27775.5,802.0,3324768.625
2026-01-07T00:00:00.000Z,2,26818.4,42.4,5203065.6
2026-01-07T00:00:00.000Z,40,26636.222222222223,54.94444444444444,5046396.944444444
2026-01-08T00:00:00.000Z,36,27424.0,684.875,2793550.0
2026-01-09T00:00:00.000Z,38,27625.0,314.0,4530170.0
2026-01-07T00:00:00.000Z,28,26871.304347826088,67.69565217391305,5062652.478260869
2026-01-07T00:00:00.000Z,35,26597.0,51.06666666666667,5366293.466666667
2026-01-08T00:00:00.000Z,22,27360.363636363636,770.0,2778443.6363636362
2026-01-10T00:00:00.000Z,24,27164.777777777777,1104.0,2107264.0
2026-01-09T00:00:00.000Z,19,27610.64285714286,1246.357142857143,2125718.1428571427
2026-01-10T00:00:00.000Z,30,27107.363636363636,1083.7272727272727,2539183.090909091
2026-01-07T00:00:00.000Z,11,26540.14285714286,36.42857142857143,4552448.142857143
2026-01-09T00:00:00.000Z,26,27652.0625,862.8125,3297146.125
2026-01-08T00:00:00.000Z,9,27252.117647058825,622.3529411764706,3431055.1764705884
2026-01-09T00:00:00.000Z,3,27698.25,515.25,4220854.25
2026-01-07T00:00:00.000Z,4,26947.375,36.5,5058016.5
2026-01-10T00:00:00.000Z,31,27131.222222222223,650.7777777777778,2793901.4444444445
2026-01-07T00:00:00.000Z,12,26534.473684210527,37.21052631578947,4635773.368421053
2026-01-07T00:00:00.000Z,18,26992.0,33.0,4354950.0
2026-01-07T00:00:00.000Z,37,26615.3,54.0,5447906.3
2026-01-08T00:00:00.000Z,3,27333.125,697.875,3371971.875
2026-01-08T00:00:00.000Z,38,27249.0,604.0,3350854.0
2026-01-10T00:00:00.000Z,4,27311.375,717.5,1787762.75
2026-01-10T00:00:00.000Z,3,27263.5,685.25,2249950.25
2026-01-09T00:00:00.000Z,18,27779.0,759.0,2188081.0
2026-01-09T00:00:00.000Z,41,27594.0,363.44444444444446,3726116.222222222
2026-01-10T00:00:00.000Z,0,27291.666666666668,674.3333333333334,1944348.0
2026-01-07T00:00:00.000Z,23,26910.0,30.666666666666668,5132332.0
2026-01-07T00:00:00.000Z,26,26717.5,91.0,5483570.625
2026-01-08T00:00:00.000Z,30,27263.18181818182,966.4545454545455,2599961.6363636362
2026-01-07T00:00:00.000Z,19,26777.5,51.57142857142857,4759293.5
2026-01-10T00:00:00.000Z,9,27150.58823529412,663.3529411764706,2036292.1764705882
2026-01-10T00:00:00.000Z,32,27249.727272727272,611.6363636363636,2414891.4545454546
2026-01-10T00:00:00.000Z,41,27286.444444444445,691.5555555555555,2138109.777777778
2026-01-10T00:00:00.000Z,35,27197.666666666668,581.3333333333334,2429592.3333333335
2026-01-09T00:00:00.000Z,15,27807.071428571428,823.2142857142857,2719671.0
2026-01-07T00:00:00.000Z,16,26867.444444444445,46.333333333333336,5046488.666666667
2026-01-09T00:00:00.000Z,25,27791.333333333332,747.0,3156291.3333333335
2026-01-08T00:00:00.000Z,4,27445.125,685.5,2791562.0
2026-01-09T00:00:00.000Z,2,27752.6,501.8,3951796.4
2026-01-08T00:00:00.000Z,16,27463.88888888889,903.1111111111111,2221277.111111111
2026-01-09T00:00:00.000Z,30,27518.18181818182,956.4545454545455,3441934.272727273
2026-01-07T00:00:00.000Z,22,26740.272727272728,38.45454545454545,5320207.636363637
2026-01-07T00:00:00.000Z,0,26889.333333333332,38.0,5146554.333333333
2026-01-08T00:00:00.000Z,0,27420.0,678.3333333333334,2942266.0
2026-01-10T00:00:00.000Z,7,27247.882352941175,704.4117647058823,1841762.8235294118
2026-01-09T00:00:00.000Z,39,27602.722222222223,406.3333333333333,4322501.888888889
2026-01-09T00:00:00.000Z,27,27722.222222222223,890.7777777777778,3116082.3333333335
2026-01-10T00:00:00.000Z,37,27191.9,646.4,2535622.9
2026-01-09T00:00:00.000Z,36,27700.125,580.875,3489637.625
2026-01-07T00:00:00.000Z,17,26883.0,50.0,4617582.0
2026-01-09T00:00:00.000Z,10,27614.9375,995.75,2431265.375
2026-01-08T00:00:00.000Z,1,27406.75,669.25,2869929.625
2026-01-08T00:00:00.000Z,15,27484.64285714286,803.0714285714286,2359289.6428571427
2026-01-08T00:00:00.000Z,33,27484.555555555555,1215.5555555555557,1647058.3333333333
2026-01-10T00:00:00.000Z,10,27124.1875,476.25,1914916.5625
2026-01-10T00:00:00.000Z,27,27297.11111111111,1245.6666666666667,1452849.4444444445
2026-01-07T00:00:00.000Z,42,26611.3,66.65,5187916.95
2026-01-08T00:00:00.000Z,40,27202.055555555555,669.7777777777778,3138918.0555555555
2026-01-07T00:00:00.000Z,24,26590.11111111111,62.77777777777778,5303828.444444444
2026-01-09T00:00:00.000Z,35,27611.666666666668,501.26666666666665,3954319.933333333
2026-01-09T00:00:00.000Z,33,27707.0,836.1111111111111,3049769.4444444445
2026-01-10T00:00:00.000Z,42,27213.95,915.55,2151730.0
2026-01-07T00:00:00.000Z,15,26973.0,34.92857142857143,4811761.142857143
2026-01-07T00:00:00.000Z,39,26608.055555555555,49.333333333333336,4967375.388888889
2026-01-08T00:00:00.000Z,18,27448.0,716.0,2247789.0
2026-01-10T00:00:00.000Z,25,27364.666666666668,1088.3333333333333,1345170.0
2026-01-08T00:00:00.000Z,25,27561.333333333332,958.6666666666666,1633255.0
2026-01-07T00:00:00.000Z,10,26796.3125,42.25,4501799.0625
2026-01-08T00:00:00.000Z,31,27245.333333333332,719.6666666666666,2870282.222222222
2026-01-10T00:00:00.000Z,16,27266.333333333332,1083.2222222222222,1659510.111111111
2026-01-07T00:00:00.000Z,27,26829.222222222223,86.44444444444444,5284067.222222222
2026-01-08T00:00:00.000Z,37,27325.3,697.7,2889624.7
2026-01-10T00:00:00.000Z,19,27115.214285714286,618.1428571428571,1994213.2142857143
2026-01-10T00:00:00.000Z,12,27181.263157894737,673.7368421052631,2175630.736842105
2026-01-07T00:00:00.000Z,32,26718.81818181818,69.27272727272727,5310921.7272727275
2026-01-09T00:00:00.000Z,12,27641.105263157893,712.578947368421,4083556.0
2026-01-09T00:00:00.000Z,1,27696.25,716.875,3584748.75
2026-01-10T00:00:00.000Z,15,27318.928571428572,823.7142857142857,1788581.7142857143
2026-01-10T00:00:00.000Z,36,27293.25,620.125,2225877.125
2026-01-09T00:00:00.000Z,28,27748.521739130436,717.0434782608696,2966912.695652174
2026-01-09T00:00:00.000Z,8,27647.11111111111,957.8888888888889,2721870.888888889
2026-01-10T00:00:00.000Z,26,27236.3125,1117.6875,1756677.8125
2026-01-08T00:00:00.000Z,39,27232.666666666668,658.7222222222222,3323752.8333333335
2026-01-10T00:00:00.000Z,13,27262.0,1058.0,1731633.5
2026-01-08T00:00:00.000Z,35,27276.133333333335,707.2666666666667,3165948.8
2026-01-10T00:00:00.000Z,1,27259.5,686.0,2008989.25
2026-01-10T00:00:00.000Z,8,27169.444444444445,611.3333333333334,1888562.7777777778
2026-01-10T00:00:00.000Z,17,27231.0,646.0,1993892.0
2026-01-10T00:00:00.000Z,21,27263.0,1047.0,1862566.0
2026-01-09T00:00:00.000Z,0,27746.666666666668,701.0,3583179.0
2026-01-10T00:00:00.000Z,34,27206.428571428572,1053.7857142857142,2069966.0
2026-01-08T00:00:00.000Z,26,27408.875,1108.0,1881331.375
2026-01-09T00:00:00.000Z,13,27734.0,931.0,3064428.0
2026-01-08T00:00:00.000Z,20,27385.4375,810.875,2310959.0
2026-01-09T00:00:00.000Z,37,27610.2,601.8,3517040.5
2026-01-08T00:00:00.000Z,13,27453.0,918.0,2293552.5
2026-01-09T00:00:00.000Z,40,27571.666666666668,338.1666666666667,4223096.555555556
2026-01-08T00:00:00.000Z,21,27448.0,722.0,2651908.0
2026-01-10T00:00:00.000Z,22,27183.545454545456,961.2727272727273,2094438.8181818181
2026-01-09T00:00:00.000Z,31,27539.444444444445,614.2222222222222,3479945.222222222
2026-01-10T00:00:00.000Z,23,27270.166666666668,953.6666666666666,1841358.6666666667
2026-01-10T00:00:00.000Z,18,27294.0,481.0,2012072.0
2026-01-09T00:00:00.000Z,14,27810.0,868.0,2897085.6666666665
2026-01-09T00:00:00.000Z,22,27632.636363636364,902.9090909090909,3423670.909090909
2026-01-09T00:00:00.000Z,20,27727.9375,1027.5625,2159300.8125
2026-01-09T00:00:00.000Z,24,27577.88888888889,983.5555555555555,3202987.6666666665
2026-01-09T00:00:00.000Z,42,27570.05,266.95,4137820.3
2026-01-10T00:00:00.000Z,2,27319.8,607.6,2023299.2
2026-01-09T00:00:00.000Z,7,27726.647058823528,1031.0,2625266.705882353
2026-01-08T00:00:00.000Z,42,27206.75,817.25,2820761.55
2026-01-08T00:00:00.000Z,19,27270.714285714286,743.0,2558675.0
2026-01-08T00:00:00.000Z,24,27338.777777777777,908.8888888888889,2525568.5555555555
2026-01-10T00:00:00.000Z,33,27290.555555555555,1140.0,1553596.888888889
2026-01-07T00:00:00.000Z,25,26928.666666666668,76.66666666666667,5289170.0
2026-01-10T00:00:00.000Z,28,27294.652173913044,1091.5217391304348,1405464.956521739
2026-01-07T00:00:00.000Z,3,26630.25,45.75,5144856.375
2026-01-07T00:00:00.000Z,13,26839.0,43.0,5051315.5
2026-01-08T00:00:00.000Z,12,27237.315789473683,595.0,3645989.5263157897
2026-01-07T00:00:00.000Z,33,26795.333333333332,96.44444444444444,5348312.0
2026-01-09T00:00:00.000Z,23,27757.833333333332,890.3333333333334,3231455.5
2026-01-08T00:00:00.000Z,2,27428.4,675.2,3080497.4
2026-01-08T00:00:00.000Z,32,27271.81818181818,782.6363636363636,2491753.1818181816
2026-01-09T00:00:00.000Z,17,27721.0,1189.0,1934775.0
2026-01-28T00:00:00.000Z,43,27327.384615384617,437.3076923076923,3616332.6923076925
2026-01-29T00:00:00.000Z,11,27249.0,481.42857142857144,3202686.285714286
2026-01-30T00:00:00.000Z,21,27492.0,57.0,6422786.0
2026-01-28T00:00:00.000Z,9,27410.764705882353,228.0,2799750.588235294
2026-01-27T00:00:00.000Z,39,27302.055555555555,62.111111111111114,5967039.888888889
2026-01-29T00:00:00.000Z,33,27454.555555555555,408.6666666666667,2815066.3333333335
2026-01-30T00:00:00.000Z,19,27324.64285714286,12.357142857142858,6574490.785714285
2026-01-27T00:00:00.000Z,19,27443.285714285714,325.64285714285717,5409509.214285715
2026-01-27T00:00:00.000Z,31,27297.222222222223,124.0,5500434.333333333
2026-01-29T00:00:00.000Z,14,27501.333333333332,407.0,1752282.0
2026-01-29T00:00:00.000Z,1,27371.625,324.375,2504606.125
2026-01-30T00:00:00.000Z,25,27509.0,195.33333333333334,4087091.3333333335
2026-01-30T00:00:00.000Z,2,27417.6,55.4,5770564.0
2026-01-28T00:00:00.000Z,42,27333.25,354.7,3599166.1
2026-01-27T00:00:00.000Z,15,27594.285714285714,422.0,4452208.142857143
2026-01-30T00:00:00.000Z,9,27295.941176470587,6.9411764705882355,6202408.05882353
2026-01-28T00:00:00.000Z,11,27338.428571428572,179.28571428571428,4646379.285714285
2026-01-27T00:00:00.000Z,41,27333.666666666668,13.222222222222221,5926690.777777778
2026-01-27T00:00:00.000Z,38,27290.0,8.0,6093474.0
2026-01-27T00:00:00.000Z,43,27275.076923076922,53.46153846153846,5768102.769230769
2026-01-29T00:00:00.000Z,15,27452.64285714286,401.42857142857144,1825886.9285714286
2026-01-28T00:00:00.000Z,40,27312.5,343.6111111111111,3834147.611111111
2026-01-29T00:00:00.000Z,35,27315.666666666668,373.6666666666667,3119111.4
2026-01-28T00:00:00.000Z,25,27603.0,1410.3333333333333,1276467.3333333333
2026-01-28T00:00:00.000Z,41,27407.88888888889,377.55555555555554,3396527.5555555555
2026-01-30T00:00:00.000Z,7,27443.529411764706,22.058823529411764,6386233.529411765
2026-01-28T00:00:00.000Z,26,27466.9375,1204.9375,1697290.5
2026-01-28T00:00:00.000Z,30,27427.454545454544,655.2727272727273,2765256.8181818184
2026-01-30T00:00:00.000Z,13,27443.5,67.5,6218285.0
2026-01-28T00:00:00.000Z,10,27413.3125,384.0625,1709201.375
2026-01-30T00:00:00.000Z,17,27477.0,33.0,5852293.0
2026-01-27T00:00:00.000Z,34,27322.571428571428,252.28571428571428,5044304.571428572
2026-01-28T00:00:00.000Z,33,27501.11111111111,1437.111111111111,1163160.0
2026-01-27T00:00:00.000Z,37,27357.6,184.6,5289251.6
2026-01-28T00:00:00.000Z,20,27524.125,562.375,1101459.6875
2026-01-28T00:00:00.000Z,12,27404.842105263157,175.10526315789474,3851419.210526316
2026-01-27T00:00:00.000Z,16,27536.555555555555,461.3333333333333,4436548.111111111
2026-01-29T00:00:00.000Z,40,27320.055555555555,392.1111111111111,2904278.5555555555
2026-01-28T00:00:00.000Z,14,27635.0,692.0,1315713.3333333333
2026-01-30T00:00:00.000Z,23,27485.166666666668,54.666666666666664,6383562.166666667
2026-01-29T00:00:00.000Z,20,27374.8125,460.6875,1676206.375
2026-01-29T00:00:00.000Z,43,27283.076923076922,298.0769230769231,3202961.3076923075
2026-01-29T00:00:00.000Z,30,27283.363636363636,207.72727272727272,3126823.272727273
2026-01-30T00:00:00.000Z,29,27288.222222222223,77.11111111111111,5261214.444444444
2026-01-27T00:00:00.000Z,36,27442.375,208.625,5060658.625
2026-01-30T00:00:00.000Z,12,27255.894736842107,9.368421052631579,5445558.421052632
2026-01-29T00:00:00.000Z,21,27411.0,398.0,2121424.0
2026-01-28T00:00:00.000Z,21,27549.0,526.0,2015902.0
2026-01-29T00:00:00.000Z,24,27323.0,232.22222222222223,2543993.777777778
2026-01-28T00:00:00.000Z,28,27586.217391304348,1092.391304347826,1282004.956521739
2026-01-29T00:00:00.000Z,17,27376.0,499.0,1635770.0
2026-01-29T00:00:00.000Z,9,27289.470588235294,623.2352941176471,2455976.705882353
2026-01-27T00:00:00.000Z,32,27336.636363636364,48.90909090909091,5580850.363636363
2026-01-28T00:00:00.000Z,19,27421.214285714286,408.64285714285717,1399507.2857142857
2026-01-27T00:00:00.000Z,11,27299.85714285714,84.42857142857143,5965217.285714285
2026-01-27T00:00:00.000Z,3,27405.25,201.25,5795036.125
2026-01-28T00:00:00.000Z,13,27576.0,755.0,1399872.0
2026-01-27T00:00:00.000Z,1,27441.375,288.75,4918702.125
2026-01-29T00:00:00.000Z,28,27444.782608695652,388.2608695652174,2022865.4347826086
2026-01-27T00:00:00.000Z,33,27431.444444444445,478.1111111111111,4270444.222222222
2026-01-29T00:00:00.000Z,37,27337.0,221.0,3049966.4
2026-01-30T00:00:00.000Z,20,27458.8125,34.0,5991781.75
2026-01-30T00:00:00.000Z,39,27234.0,68.33333333333333,5630047.388888889
2026-01-29T00:00:00.000Z,13,27433.5,370.5,1902277.5
2026-01-27T00:00:00.000Z,27,27518.444444444445,477.3333333333333,4780298.888888889
2026-01-27T00:00:00.000Z,25,27553.0,498.6666666666667,4733129.333333333
2026-01-28T00:00:00.000Z,22,27481.18181818182,548.0,2352180.0
2026-01-28T00:00:00.000Z,0,27507.666666666668,381.0,2865671.0
2026-01-28T00:00:00.000Z,23,27542.333333333332,489.3333333333333,2113922.0
2026-01-30T00:00:00.000Z,34,27301.5,220.92857142857142,3651870.9285714286
2026-01-27T00:00:00.000Z,5,27441.090909090908,291.27272727272725,5597139.454545454
2026-01-30T00:00:00.000Z,16,27451.444444444445,73.33333333333333,6196180.777777778
2026-01-28T00:00:00.000Z,35,27379.666666666668,387.53333333333336,3784219.6666666665
2026-01-28T00:00:00.000Z,38,27324.0,224.0,4381562.0
2026-01-30T00:00:00.000Z,27,27469.11111111111,182.0,4203228.666666667
2026-01-27T00:00:00.000Z,30,27328.363636363636,308.27272727272725,5340742.909090909
2026-01-27T00:00:00.000Z,42,27310.85,4.7,6175005.5
2026-01-27T00:00:00.000Z,40,27303.833333333332,9.055555555555555,6035185.722222222
2026-01-30T00:00:00.000Z,22,27363.18181818182,66.9090909090909,6274775.545454546
2026-01-29T00:00:00.000Z,36,27422.125,238.75,2811106.625
2026-01-27T00:00:00.000Z,2,27449.8,221.2,5257656.4
2026-01-30T00:00:00.000Z,40,27257.0,58.388888888888886,5769468.722222222
2026-01-27T00:00:00.000Z,20,27554.4375,408.375,4607245.0625
2026-01-29T00:00:00.000Z,19,27295.928571428572,526.9285714285714,1926898.0714285714
2026-01-30T00:00:00.000Z,37,27256.3,58.4,5486043.0
2026-01-28T00:00:00.000Z,8,27442.0,321.44444444444446,1936347.0
2026-01-29T00:00:00.000Z,0,27390.333333333332,446.3333333333333,2407102.6666666665
2026-01-28T00:00:00.000Z,32,27430.272727272728,441.54545454545456,3302073.0
2026-01-28T00:00:00.000Z,18,27557.0,801.0,854611.0
2026-01-29T00:00:00.000Z,4,27418.125,449.5,2158257.0
2026-01-27T00:00:00.000Z,23,27534.833333333332,356.6666666666667,4782396.833333333
2026-01-29T00:00:00.000Z,2,27403.0,460.4,2695109.6
2026-01-30T00:00:00.000Z,32,27263.363636363636,95.63636363636364,4494542.909090909
2026-01-29T00:00:00.000Z,16,27436.333333333332,402.1111111111111,1881988.111111111
2026-01-27T00:00:00.000Z,12,27366.526315789473,168.8421052631579,5772642.157894737
2026-01-29T00:00:00.000Z,34,27371.85714285714,277.42857142857144,2926952.5
2026-01-27T00:00:00.000Z,28,27528.91304347826,456.9130434782609,4573047.565217392
2026-01-29T00:00:00.000Z,23,27407.666666666668,396.6666666666667,2128658.6666666665
2026-01-29T00:00:00.000Z,8,27322.222222222223,615.8888888888889,2061297.6666666667
2026-01-29T00:00:00.000Z,22,27334.727272727272,296.3636363636364,2423996.6363636362
2026-01-29T00:00:00.000Z,27,27449.11111111111,359.8888888888889,2463461.6666666665
2026-01-27T00:00:00.000Z,22,27435.454545454544,356.1818181818182,4803775.636363637
2026-01-27T00:00:00.000Z,24,27413.11111111111,389.77777777777777,4781179.222222222
2026-01-29T00:00:00.000Z,5,27348.545454545456,578.8181818181819,2362004.3636363638
2026-01-28T00:00:00.000Z,37,27451.6,514.5,3238890.5
2026-01-28T00:00:00.000Z,31,27388.444444444445,521.0,3399173.4444444445
2026-01-30T00:00:00.000Z,4,27482.75,40.0,6195939.5
2026-01-27T00:00:00.000Z,10,27407.5625,269.375,5547045.6875
2026-01-30T00:00:00.000Z,35,27247.0,69.73333333333333,5546029.666666667
2026-01-28T00:00:00.000Z,29,27502.333333333332,592.2222222222222,2796004.777777778
2026-01-29T00:00:00.000Z,39,27297.333333333332,396.05555555555554,3059950.3333333335
2026-01-30T00:00:00.000Z,15,27519.571428571428,43.285714285714285,6125437.285714285
2026-01-27T00:00:00.000Z,35,27327.066666666666,121.13333333333334,5597887.933333334
2026-01-27T00:00:00.000Z,29,27395.11111111111,288.55555555555554,5063318.888888889
2026-01-29T00:00:00.000Z,3,27337.25,528.125,2926942.75
2026-01-29T00:00:00.000Z,26,27386.125,324.3125,2821965.75
2026-01-30T00:00:00.000Z,8,27349.555555555555,7.111111111111111,6436812.888888889
2026-01-27T00:00:00.000Z,4,27518.25,310.5,5021004.5
2026-01-29T00:00:00.000Z,10,27295.75,590.5,2261503.625
2026-01-28T00:00:00.000Z,4,27543.625,384.5,2486503.75
2026-01-28T00:00:00.000Z,2,27501.8,357.4,3528998.6
2026-01-30T00:00:00.000Z,5,27392.81818181818,25.545454545454547,6046915.636363637
2026-01-28T00:00:00.000Z,34,27408.5,722.5714285714286,2228252.3571428573
2026-01-27T00:00:00.000Z,21,27546.0,373.0,4733491.0
2026-01-29T00:00:00.000Z,42,27312.95,513.45,2737619.8
2026-01-30T00:00:00.000Z,38,27240.0,48.0,5800936.0
2026-01-30T00:00:00.000Z,41,27275.222222222223,87.11111111111111,4922251.333333333
2026-01-29T00:00:00.000Z,25,27496.0,346.3333333333333,2429957.6666666665
2026-01-29T00:00:00.000Z,41,27377.777777777777,365.44444444444446,2725604.3333333335
2026-01-30T00:00:00.000Z,1,27406.125,51.125,6083777.75
2026-01-30T00:00:00.000Z,30,27229.272727272728,111.63636363636364,4911744.454545454
2026-01-29T00:00:00.000Z,18,27411.0,440.0,1739472.0
2026-01-27T00:00:00.000Z,14,27617.666666666668,433.0,4289499.333333333
2026-01-28T00:00:00.000Z,16,27572.333333333332,818.7777777777778,1339510.3333333333
2026-01-30T00:00:00.000Z,33,27411.88888888889,286.22222222222223,3057617.222222222
2026-01-28T00:00:00.000Z,27,27568.444444444445,1247.888888888889,1428928.0
2026-01-30T00:00:00.000Z,11,27197.285714285714,20.857142857142858,5320920.571428572
2026-01-28T00:00:00.000Z,15,27599.785714285714,612.9285714285714,1374492.4285714286
2026-01-27T00:00:00.000Z,18,27601.0,459.0,4008538.0
2026-01-30T00:00:00.000Z,26,27363.4375,214.125,3794854.3125
2026-01-28T00:00:00.000Z,7,27508.176470588234,373.52941176470586,1760359.5882352942
2026-01-29T00:00:00.000Z,7,27372.58823529412,509.5882352941176,1891086.1764705882
2026-01-30T00:00:00.000Z,18,27506.0,50.0,5289094.0
2026-01-29T00:00:00.000Z,31,27286.88888888889,235.66666666666666,3245340.777777778
2026-01-28T00:00:00.000Z,5,27473.909090909092,312.90909090909093,3100264.5454545454
2026-01-28T00:00:00.000Z,36,27531.0,482.25,3095471.875
2026-01-27T00:00:00.000Z,17,27585.0,415.0,4617457.0
2026-01-28T00:00:00.000Z,1,27499.25,444.75,2830219.5
2026-01-28T00:00:00.000Z,39,27331.944444444445,274.55555555555554,4234218.611111111
2026-01-30T00:00:00.000Z,24,27307.777777777777,83.33333333333333,5635458.333333333
2026-01-27T00:00:00.000Z,0,27472.0,280.3333333333333,5102759.666666667
2026-01-28T00:00:00.000Z,3,27435.375,267.375,4209525.75
2026-01-30T00:00:00.000Z,42,27250.4,60.5,5775427.15
2026-01-29T00:00:00.000Z,29,27344.0,204.55555555555554,2920652.6666666665
2026-01-30T00:00:00.000Z,14,27544.0,52.0,6182504.333333333
2026-01-30T00:00:00.000Z,3,27322.25,56.875,5612347.25
2026-01-27T00:00:00.000Z,13,27532.5,457.5,4405418.5
2026-01-29T00:00:00.000Z,32,27366.81818181818,252.8181818181818,2886298.0
2026-01-30T00:00:00.000Z,43,27171.153846153848,68.6923076923077,5270798.461538462
2026-01-28T00:00:00.000Z,24,27506.333333333332,594.8888888888889,2295599.4444444445
2026-01-30T00:00:00.000Z,10,27286.5625,5.125,6486536.9375
2026-01-27T00:00:00.000Z,26,27400.0625,429.875,4835978.5
2026-01-27T00:00:00.000Z,9,27401.352941176472,244.0,5796929.0
2026-01-27T00:00:00.000Z,8,27441.555555555555,271.44444444444446,5723514.888888889
2026-01-27T00:00:00.000Z,7,27511.941176470587,328.29411764705884,5231299.94117647
2026-01-29T00:00:00.000Z,38,27307.0,389.0,3009384.0
2026-01-30T00:00:00.000Z,28,27445.869565217392,125.1304347826087,5216347.304347826
2026-01-30T00:00:00.000Z,31,27183.555555555555,73.88888888888889,5044074.0
2026-01-30T00:00:00.000Z,0,27440.0,44.666666666666664,6083963.333333333
2026-01-30T00:00:00.000Z,36,27368.375,52.125,5606644.375
2026-01-28T00:00:00.000Z,17,27527.0,594.0,936401.0
2026-01-29T00:00:00.000Z,12,27282.052631578947,576.6842105263158,2899150.5789473685
2026-05-05T00:00:00.000Z,4,28692.75,628.0,1.0184705875E7
2026-05-03T00:00:00.000Z,35,28814.533333333333,77.06666666666666,2.1732456933333334E7
2026-05-06T00:00:00.000Z,32,28283.727272727272,1390.090909090909,7860545.2727272725
2026-05-05T00:00:00.000Z,32,28460.18181818182,338.8181818181818,1.0633679545454545E7
2026-05-04T00:00:00.000Z,7,28947.882352941175,42.76470588235294,2.0255011411764707E7
2026-05-06T00:00:00.000Z,37,28209.1,1539.5,9244458.6
2026-05-05T00:00:00.000Z,14,28728.333333333332,647.0,1.0319748E7
2026-05-03T00:00:00.000Z,1,28909.375,48.625,2.03885885E7
2026-05-03T00:00:00.000Z,28,28913.521739130436,34.56521739130435,1.9998939826086957E7
2026-05-04T00:00:00.000Z,22,28707.909090909092,81.18181818181819,1.8955818727272727E7
2026-05-04T00:00:00.000Z,24,28644.333333333332,91.11111111111111,1.8260324888888888E7
2026-05-06T00:00:00.000Z,22,28344.454545454544,1221.4545454545455,1.3776844818181818E7
2026-05-05T00:00:00.000Z,16,28596.0,525.4444444444445,1.0017583666666666E7
2026-05-03T00:00:00.000Z,26,28721.1875,63.375,1.9317395E7
2026-05-04T00:00:00.000Z,10,28934.875,27.5,2.1311272875E7
2026-05-04T00:00:00.000Z,2,28865.8,47.4,1.79362076E7
2026-05-04T00:00:00.000Z,16,28797.444444444445,92.66666666666667,2.0084856E7
2026-05-03T00:00:00.000Z,17,29050.0,4.0,1.9565022E7
2026-05-05T00:00:00.000Z,34,28362.928571428572,464.14285714285717,9944553.357142856
2026-05-03T00:00:00.000Z,37,28780.2,104.0,2.04125138E7
2026-05-06T00:00:00.000Z,27,28346.222222222223,1675.888888888889,1.1771697777777778E7
2026-05-06T00:00:00.000Z,11,28398.14285714286,553.1428571428571,1.255113457142857E7
2026-05-04T00:00:00.000Z,19,28908.214285714286,56.785714285714285,2.1258347E7
2026-05-03T00:00:00.000Z,38,28941.0,0.0,2.3431784E7
2026-05-04T00:00:00.000Z,13,28791.0,97.0,1.992519E7
2026-05-04T00:00:00.000Z,21,28856.0,86.0,1.9621152E7
2026-05-04T00:00:00.000Z,36,28780.125,43.125,1.769095625E7
2026-05-04T00:00:00.000Z,31,28588.666666666668,62.666666666666664,1.7431492666666668E7
2026-05-06T00:00:00.000Z,1,28427.0,1114.0,1.2898650125E7
2026-05-05T00:00:00.000Z,35,28437.066666666666,519.7333333333333,1.0247286666666666E7
2026-05-06T00:00:00.000Z,21,28533.0,1148.0,1.5255838E7
2026-05-04T00:00:00.000Z,37,28646.6,51.5,1.74303656E7
2026-05-04T00:00:00.000Z,17,28958.0,63.0,2.008551E7
2026-05-04T00:00:00.000Z,4,28934.875,47.5,1.89424985E7
2026-05-06T00:00:00.000Z,29,28221.333333333332,1673.2222222222222,9955157.888888888
2026-05-03T00:00:00.000Z,32,28871.18181818182,3.909090909090909,2.1566791818181816E7
2026-05-03T00:00:00.000Z,34,28729.928571428572,91.07142857142857,1.9866112E7
2026-05-04T00:00:00.000Z,41,28809.88888888889,21.555555555555557,1.8741886222222224E7
2026-05-05T00:00:00.000Z,19,28702.35714285714,532.7857142857143,1.1008728E7
2026-05-05T00:00:00.000Z,2,28613.0,604.6,1.02071336E7
2026-05-03T00:00:00.000Z,19,28975.714285714286,9.5,2.0738045714285713E7
2026-05-04T00:00:00.000Z,42,28754.4,17.75,1.87888429E7
2026-05-05T00:00:00.000Z,41,28554.0,361.55555555555554,1.1826088333333334E7
2026-05-04T00:00:00.000Z,33,28591.777777777777,242.88888888888889,1.5966358333333334E7
2026-05-06T00:00:00.000Z,24,28244.333333333332,1592.7777777777778,1.1599109555555556E7
2026-05-04T00:00:00.000Z,12,28913.052631578947,10.526315789473685,1.934712905263158E7
2026-05-05T00:00:00.000Z,36,28533.25,529.125,9993690.125
2026-05-05T00:00:00.000Z,31,28327.444444444445,395.77777777777777,9867921.444444444
2026-05-06T00:00:00.000Z,2,28439.0,935.0,1.13188546E7
2026-05-03T00:00:00.000Z,16,28961.333333333332,13.333333333333334,2.0612913555555556E7
2026-05-03T00:00:00.000Z,12,28972.526315789473,1.9473684210526316,2.277911389473684E7
2026-05-05T00:00:00.000Z,39,28528.833333333332,407.6666666666667,1.1580285277777778E7
2026-05-03T00:00:00.000Z,33,28768.222222222223,73.11111111111111,1.8963546444444444E7
2026-05-04T00:00:00.000Z,26,28558.125,165.125,1.72881484375E7
2026-05-05T00:00:00.000Z,40,28498.055555555555,324.22222222222223,1.2229258944444444E7
2026-05-05T00:00:00.000Z,23,28640.0,677.6666666666666,1.0484211166666666E7
2026-05-03T00:00:00.000Z,30,28690.18181818182,136.45454545454547,1.9589312363636363E7
2026-05-03T00:00:00.000Z,13,28951.0,18.5,2.0575519E7
2026-05-04T00:00:00.000Z,9,28919.823529411766,20.11764705882353,1.9822861647058822E7
2026-05-06T00:00:00.000Z,36,28367.875,1400.875,1.0381773125E7
2026-05-03T00:00:00.000Z,25,28907.333333333332,40.333333333333336,1.9281072E7
2026-05-04T00:00:00.000Z,15,28934.14285714286,72.21428571428571,1.992428014285714E7
2026-05-03T00:00:00.000Z,18,29062.0,9.0,1.8727944E7
2026-05-06T00:00:00.000Z,0,28498.666666666668,968.0,1.2979363E7
2026-05-06T00:00:00.000Z,35,28253.933333333334,1226.4666666666667,9627856.866666667
2026-05-05T00:00:00.000Z,1,28571.375,622.375,1.03608075E7
2026-05-06T00:00:00.000Z,40,28319.166666666668,770.7777777777778,1.0620946944444444E7
2026-05-04T00:00:00.000Z,18,28957.0,80.0,1.8349514E7
2026-05-04T00:00:00.000Z,40,28759.944444444445,8.944444444444445,1.891746E7
2026-05-06T00:00:00.000Z,39,28332.055555555555,816.9444444444445,1.08443555E7
2026-05-04T00:00:00.000Z,27,28709.333333333332,146.66666666666666,1.8280752222222224E7
2026-05-05T00:00:00.000Z,15,28742.0,526.2857142857143,1.05972935E7
2026-05-05T00:00:00.000Z,37,28386.9,480.1,9693675.1
2026-05-05T00:00:00.000Z,10,28746.0625,519.875,1.15518816875E7
2026-05-03T00:00:00.000Z,36,28894.375,106.875,2.0582531E7
2026-05-06T00:00:00.000Z,16,28479.555555555555,1110.111111111111,1.5395826555555556E7
2026-05-06T00:00:00.000Z,4,28565.875,978.0,1.3697784E7
2026-05-03T00:00:00.000Z,23,29014.666666666668,14.666666666666666,2.0484889666666668E7
2026-05-04T00:00:00.000Z,8,28937.555555555555,36.666666666666664,2.0548977555555556E7
2026-05-06T00:00:00.000Z,28,28411.434782608696,1495.391304347826,1.3476513913043479E7
2026-05-06T00:00:00.000Z,33,28264.88888888889,1136.7777777777778,9428559.0
2026-05-03T00:00:00.000Z,42,28881.85,1.4,2.41337008E7
2026-05-03T00:00:00.000Z,11,28959.571428571428,2.7142857142857144,2.320165257142857E7
2026-05-04T00:00:00.000Z,39,28786.5,20.88888888888889,1.8749734666666668E7
2026-05-05T00:00:00.000Z,42,28469.15,307.65,1.29588412E7
2026-05-03T00:00:00.000Z,0,28971.666666666668,28.333333333333332,2.0653600666666668E7
2026-05-06T00:00:00.000Z,14,28641.666666666668,1031.0,1.5790476333333334E7
2026-05-06T00:00:00.000Z,9,28496.529411764706,627.1176470588235,1.4099952294117646E7
2026-05-04T00:00:00.000Z,30,28534.272727272728,93.81818181818181,1.7574166E7
2026-05-04T00:00:00.000Z,20,28936.9375,58.4375,2.0087262E7
2026-05-06T00:00:00.000Z,23,28539.833333333332,1131.3333333333333,1.4929195166666666E7
2026-05-03T00:00:00.000Z,4,29024.5,19.0,2.06428675E7
2026-05-05T00:00:00.000Z,3,28580.0,580.875,1.054144075E7
2026-05-03T00:00:00.000Z,27,28866.222222222223,68.11111111111111,1.9234453555555556E7
2026-05-06T00:00:00.000Z,13,28465.5,1103.0,1.52423015E7
2026-05-06T00:00:00.000Z,26,28195.75,1397.6875,1.02735256875E7
2026-05-05T00:00:00.000Z,20,28757.125,483.5,1.07129560625E7
2026-05-05T00:00:00.000Z,28,28563.82608695652,351.8695652173913,9310519.086956521
2026-05-03T00:00:00.000Z,3,28934.75,5.875,2.2117629E7
2026-05-05T00:00:00.000Z,30,28294.909090909092,581.7272727272727,9525909.727272727
2026-05-03T00:00:00.000Z,39,28887.666666666668,6.611111111111111,2.3008189333333332E7
2026-05-04T00:00:00.000Z,38,28826.0,3.0,1.8935092E7
2026-05-06T00:00:00.000Z,31,28142.88888888889,1633.4444444444443,8132998.666666667
2026-05-05T00:00:00.000Z,17,28791.0,498.0,1.0969582E7
2026-05-05T00:00:00.000Z,18,28823.0,529.0,1.0854193E7
2026-05-06T00:00:00.000Z,12,28436.894736842107,546.3157894736842,1.320464405263158E7
2026-05-06T00:00:00.000Z,41,28402.777777777777,928.1111111111111,8674261.0
2026-05-05T00:00:00.000Z,11,28610.714285714286,435.2857142857143,1.2394950714285715E7
2026-05-05T00:00:00.000Z,12,28644.42105263158,483.1578947368421,1.1513501263157895E7
2026-05-05T00:00:00.000Z,21,28627.0,689.0,1.0550773E7
2026-05-03T00:00:00.000Z,9,28959.117647058825,1.4705882352941178,2.216830870588235E7
2026-05-03T00:00:00.000Z,24,28787.666666666668,87.77777777777777,1.9822317777777776E7
2026-05-06T00:00:00.000Z,15,28656.785714285714,834.4285714285714,1.6111434714285715E7
2026-05-04T00:00:00.000Z,29,28637.444444444445,73.77777777777777,1.7664328E7
2026-05-04T00:00:00.000Z,32,28713.090909090908,50.90909090909091,1.803704490909091E7
2026-05-05T00:00:00.000Z,7,28726.647058823528,494.05882352941177,1.0421648235294119E7
2026-05-04T00:00:00.000Z,3,28856.375,34.0,1.842992225E7
2026-05-05T00:00:00.000Z,29,28391.666666666668,546.3333333333334,9830170.444444444
2026-05-06T00:00:00.000Z,20,28654.25,568.375,1.62692484375E7
2026-05-03T00:00:00.000Z,41,28939.0,7.333333333333333,2.3294084222222224E7
2026-05-03T00:00:00.000Z,21,29018.0,13.0,2.04683E7
2026-05-04T00:00:00.000Z,34,28567.428571428572,152.42857142857142,1.713816464285714E7
2026-05-04T00:00:00.000Z,28,28751.695652173912,80.91304347826087,1.9426364173913043E7
2026-05-04T00:00:00.000Z,25,28753.666666666668,136.66666666666666,1.8394499333333332E7
2026-05-03T00:00:00.000Z,2,28944.6,39.0,2.11154228E7
2026-05-03T00:00:00.000Z,40,28874.444444444445,11.444444444444445,2.3707921666666668E7
2026-05-05T00:00:00.000Z,13,28582.0,559.0,1.0066756E7
2026-05-03T00:00:00.000Z,22,28854.090909090908,43.27272727272727,2.0318083272727273E7
2026-05-04T00:00:00.000Z,35,28714.133333333335,44.266666666666666,1.7954133733333334E7
2026-05-03T00:00:00.000Z,15,29063.071428571428,5.571428571428571,2.0161803E7
2026-05-04T00:00:00.000Z,14,28928.0,102.0,1.9930990666666668E7
2026-05-04T00:00:00.000Z,1,28803.5,50.0,1.8326015E7
2026-05-04T00:00:00.000Z,0,28884.666666666668,48.333333333333336,1.8526446E7
2026-05-05T00:00:00.000Z,25,28595.666666666668,290.6666666666667,9305294.0
2026-05-03T00:00:00.000Z,14,29083.333333333332,12.0,2.0425593333333332E7
2026-05-06T00:00:00.000Z,25,28413.666666666668,1632.3333333333333,1.2436939333333334E7
2026-05-05T00:00:00.000Z,22,28477.727272727272,651.5454545454545,1.0315608272727273E7
2026-05-06T00:00:00.000Z,7,28615.0,815.6470588235294,1.5237604588235294E7
2026-05-03T00:00:00.000Z,10,28980.6875,0.6875,2.1565866E7
2026-05-06T00:00:00.000Z,17,28671.0,420.0,1.6533822E7
2026-05-05T00:00:00.000Z,27,28531.88888888889,373.55555555555554,9235140.444444444
2026-05-03T00:00:00.000Z,20,29030.4375,3.9375,1.9817622875E7
2026-05-03T00:00:00.000Z,7,29011.058823529413,1.7647058823529411,2.0782217529411763E7
2026-05-03T00:00:00.000Z,8,28975.555555555555,0.3333333333333333,2.1535922888888888E7
2026-05-06T00:00:00.000Z,18,28705.0,274.0,1.5897103E7
2026-05-04T00:00:00.000Z,11,28848.85714285714,9.714285714285714,1.9140316E7
2026-05-05T00:00:00.000Z,38,28609.0,312.0,1.2621836E7
2026-05-06T00:00:00.000Z,38,28402.0,564.0,1.1985666E7
2026-05-04T00:00:00.000Z,23,28870.166666666668,75.0,1.946664E7
2026-05-03T00:00:00.000Z,31,28741.333333333332,70.33333333333333,2.0543735333333332E7
2026-05-06T00:00:00.000Z,34,28169.5,1569.357142857143,8280788.642857143
2026-05-05T00:00:00.000Z,9,28664.058823529413,546.9411764705883,1.0885905470588235E7
2026-05-05T00:00:00.000Z,8,28708.11111111111,502.55555555555554,1.0691882555555556E7
2026-05-05T00:00:00.000Z,26,28393.25,385.8125,9688402.375
2026-05-06T00:00:00.000Z,10,28632.9375,620.0,1.6321395125E7
2026-05-06T00:00:00.000Z,42,28299.55,666.5,1.06453494E7
2026-05-05T00:00:00.000Z,24,28403.666666666668,607.0,9718254.222222222
2026-05-06T00:00:00.000Z,8,28576.11111111111,728.2222222222222,1.5123286666666666E7
2026-05-06T00:00:00.000Z,30,28119.363636363636,1776.6363636363637,9211642.636363637
2026-05-06T00:00:00.000Z,3,28384.25,855.25,1.0800359E7
2026-05-05T00:00:00.000Z,33,28463.0,400.0,1.0105435666666666E7
2026-05-03T00:00:00.000Z,29,28783.777777777777,106.77777777777777,1.9824479333333332E7
2026-05-06T00:00:00.000Z,19,28590.285714285714,713.0,1.6482388E7
2026-05-05T00:00:00.000Z,0,28640.0,620.3333333333334,1.0253765666666666E7
2026-06-09T00:00:00.000Z,30,28527.545454545456,463.90909090909093,1.3496815545454545E7
2026-06-08T00:00:00.000Z,18,29255.0,31.0,1.8806136E7
2026-06-09T00:00:00.000Z,29,28615.666666666668,457.0,1.4197795555555556E7
2026-06-09T00:00:00.000Z,37,28599.4,484.6,1.26659251E7
2026-06-08T00:00:00.000Z,30,28882.545454545456,546.1818181818181,1.9892410181818184E7
2026-06-10T00:00:00.000Z,24,28355.444444444445,759.4444444444445,1.3367978888888888E7
2026-06-08T00:00:00.000Z,12,29122.947368421053,72.89473684210526,2.177958757894737E7
2026-06-10T00:00:00.000Z,41,28492.0,1368.2222222222222,1.0285099222222222E7
2026-06-09T00:00:00.000Z,27,28758.0,321.0,1.5334648222222222E7
2026-06-10T00:00:00.000Z,39,28377.61111111111,950.8333333333334,1.1334092888888888E7
2026-06-10T00:00:00.000Z,1,28503.375,645.25,1.3249295625E7
2026-06-08T00:00:00.000Z,7,29179.117647058825,61.529411764705884,2.087306011764706E7
2026-06-08T00:00:00.000Z,16,29094.0,171.11111111111111,1.8833084E7
2026-06-10T00:00:00.000Z,4,28611.125,454.5,1.36369355E7
2026-06-09T00:00:00.000Z,12,28700.105263157893,336.2105263157895,1.3661794263157895E7
2026-06-09T00:00:00.000Z,31,28582.777777777777,585.6666666666666,1.1650295444444444E7
2026-06-08T00:00:00.000Z,33,29053.333333333332,525.5555555555555,1.8990050666666668E7
2026-06-08T00:00:00.000Z,1,29093.25,147.125,2.068862525E7
2026-06-10T00:00:00.000Z,42,28319.5,1621.4,9651677.4
2026-06-08T00:00:00.000Z,8,29165.333333333332,67.44444444444444,2.1236301555555556E7
2026-06-09T00:00:00.000Z,35,28614.0,591.9333333333333,1.12894362E7
2026-06-10T00:00:00.000Z,8,28552.11111111111,223.88888888888889,1.4795440666666666E7
2026-06-08T00:00:00.000Z,28,29100.91304347826,225.6086956521739,1.8628688347826086E7
2026-06-09T00:00:00.000Z,25,28831.333333333332,272.3333333333333,1.5700853333333334E7
2026-06-09T00:00:00.000Z,7,28810.117647058825,255.7058823529412,1.7333212352941178E7
2026-06-09T00:00:00.000Z,14,28879.333333333332,362.0,1.7353660666666668E7
2026-06-09T00:00:00.000Z,8,28770.11111111111,208.0,1.7151782111111112E7
2026-06-10T00:00:00.000Z,31,28274.88888888889,827.7777777777778,1.0905189111111112E7
2026-06-10T00:00:00.000Z,33,28485.444444444445,330.44444444444446,1.2992656555555556E7
2026-06-09T00:00:00.000Z,33,28715.777777777777,286.77777777777777,1.1645760666666666E7
2026-06-08T00:00:00.000Z,23,29141.0,141.33333333333334,2.0422190666666668E7
2026-06-09T00:00:00.000Z,1,28732.375,299.375,1.5345367125E7
2026-06-10T00:00:00.000Z,9,28501.882352941175,363.11764705882354,1.405015505882353E7
2026-06-10T00:00:00.000Z,35,28319.0,640.7333333333333,1.0552931666666666E7
2026-06-09T00:00:00.000Z,3,28710.5,484.0,1.2550921E7
2026-06-10T00:00:00.000Z,30,28250.0,829.5454545454545,1.2444198545454545E7
2026-06-08T00:00:00.000Z,25,29154.333333333332,299.0,1.8890916666666668E7
2026-06-10T00:00:00.000Z,28,28541.652173913044,656.0434782608696,1.5397093739130436E7
2026-06-09T00:00:00.000Z,19,28754.64285714286,235.92857142857142,1.828480685714286E7
2026-06-08T00:00:00.000Z,3,29106.25,157.125,2.172793025E7
2026-06-08T00:00:00.000Z,10,29162.0,81.5,2.1246371875E7
2026-06-09T00:00:00.000Z,2,28774.6,377.4,1.33986772E7
2026-06-08T00:00:00.000Z,15,29216.785714285714,81.35714285714286,1.9630230285714287E7
2026-06-10T00:00:00.000Z,7,28603.58823529412,188.23529411764707,1.4670677235294119E7
2026-06-08T00:00:00.000Z,31,28960.88888888889,415.22222222222223,2.0878556666666668E7
2026-06-09T00:00:00.000Z,28,28744.304347826088,349.5652173913044,1.6116603695652174E7
2026-06-10T00:00:00.000Z,23,28559.333333333332,625.0,1.4410115833333334E7
2026-06-10T00:00:00.000Z,0,28553.333333333332,484.6666666666667,1.3179276666666666E7
2026-06-10T00:00:00.000Z,37,28307.7,711.8,1.09178331E7
2026-06-08T00:00:00.000Z,17,29188.0,221.0,1.9742688E7
2026-06-09T00:00:00.000Z,34,28618.714285714286,477.7142857142857,1.0214246142857144E7
2026-06-10T00:00:00.000Z,17,28629.0,277.0,1.5199116E7
2026-06-10T00:00:00.000Z,11,28388.714285714286,866.0,1.268077842857143E7
2026-06-10T00:00:00.000Z,13,28523.0,591.0,1.54841755E7
2026-06-08T00:00:00.000Z,20,29181.5,132.9375,1.9820552875E7
2026-06-10T00:00:00.000Z,19,28534.714285714286,341.7142857142857,1.5642139214285715E7
2026-06-09T00:00:00.000Z,17,28847.0,194.0,1.9446524E7
2026-06-09T00:00:00.000Z,40,28651.444444444445,856.6666666666666,7505478.166666667
2026-06-09T00:00:00.000Z,36,28733.875,406.375,1.3462126875E7
2026-06-09T00:00:00.000Z,21,28749.0,347.0,1.6933286E7
2026-06-08T00:00:00.000Z,37,28977.2,292.4,2.05221786E7
2026-06-08T00:00:00.000Z,38,29180.0,98.0,2.3179644E7
2026-06-08T00:00:00.000Z,32,29120.727272727272,378.72727272727275,2.2104072181818184E7
2026-06-08T00:00:00.000Z,2,29141.2,150.4,2.1358662E7
2026-06-08T00:00:00.000Z,41,29206.666666666668,250.44444444444446,2.3328682444444444E7
2026-06-09T00:00:00.000Z,9,28729.941176470587,228.23529411764707,1.575918388235294E7
2026-06-10T00:00:00.000Z,40,28370.5,1289.7222222222222,1.0085225888888888E7
2026-06-09T00:00:00.000Z,10,28791.1875,170.5,1.8073684125E7
2026-06-09T00:00:00.000Z,38,28728.0,841.0,9041881.0
2026-06-08T00:00:00.000Z,11,29124.714285714286,110.85714285714286,2.238886285714286E7
2026-06-09T00:00:00.000Z,0,28785.666666666668,307.3333333333333,1.5097769E7
2026-06-10T00:00:00.000Z,14,28698.0,452.0,1.5335886333333334E7
2026-06-08T00:00:00.000Z,9,29135.823529411766,65.05882352941177,2.144839694117647E7
2026-06-10T00:00:00.000Z,21,28541.0,646.0,1.4642326E7
2026-06-08T00:00:00.000Z,4,29194.5,118.0,2.088982025E7
2026-06-08T00:00:00.000Z,0,29151.666666666668,128.33333333333334,2.0965436E7
2026-06-08T00:00:00.000Z,34,28981.214285714286,603.7142857142857,2.042178785714286E7
2026-06-10T00:00:00.000Z,15,28663.285714285714,434.07142857142856,1.5153786285714285E7
2026-06-10T00:00:00.000Z,3,28426.75,527.0,1.2501963E7
2026-06-08T00:00:00.000Z,22,28992.81818181818,204.8181818181818,1.9892273636363637E7
2026-06-09T00:00:00.000Z,32,28711.545454545456,612.5454545454545,9496780.818181818
2026-06-09T00:00:00.000Z,39,28670.777777777777,748.1111111111111,9956940.611111112
2026-06-08T00:00:00.000Z,29,28975.222222222223,392.8888888888889,1.9991470444444444E7
2026-06-08T00:00:00.000Z,42,29122.05,185.4,2.39474642E7
2026-06-09T00:00:00.000Z,11,28693.571428571428,599.5714285714286,1.1448238285714285E7
2026-06-09T00:00:00.000Z,24,28588.11111111111,466.6666666666667,1.5252677777777778E7
2026-06-09T00:00:00.000Z,20,28840.875,218.375,1.887723525E7
2026-06-10T00:00:00.000Z,27,28511.555555555555,493.3333333333333,1.4434224333333334E7
2026-06-08T00:00:00.000Z,21,29129.0,141.0,2.0252708E7
2026-06-09T00:00:00.000Z,22,28618.636363636364,414.90909090909093,1.5898469818181818E7
2026-06-09T00:00:00.000Z,42,28591.2,792.3,5670971.9
2026-06-08T00:00:00.000Z,19,29112.428571428572,196.5,2.0769416285714287E7
2026-06-08T00:00:00.000Z,35,29005.4,245.13333333333333,2.1721207333333332E7
2026-06-08T00:00:00.000Z,39,29098.833333333332,164.5,2.2718509555555556E7
2026-06-10T00:00:00.000Z,18,28688.0,289.0,1.4324372E7
2026-06-10T00:00:00.000Z,2,28508.8,534.8,1.21281292E7
2026-06-10T00:00:00.000Z,29,28338.88888888889,810.1111111111111,1.2403878222222222E7
2026-06-09T00:00:00.000Z,41,28748.222222222223,779.6666666666666,6947887.111111111
2026-06-10T00:00:00.000Z,10,28553.5625,307.875,1.54563785E7
2026-06-10T00:00:00.000Z,34,28368.35714285714,552.5714285714286,1.2329408285714285E7
2026-06-10T00:00:00.000Z,32,28430.545454545456,966.3636363636364,1.1160004545454545E7
2026-06-09T00:00:00.000Z,26,28634.1875,295.125,1.31003015625E7
2026-06-09T00:00:00.000Z,13,28713.0,401.5,1.6844715E7
2026-06-10T00:00:00.000Z,22,28409.090909090908,716.9090909090909,1.4051119909090908E7
2026-06-08T00:00:00.000Z,27,29087.666666666668,343.0,1.9009192222222224E7
2026-06-10T00:00:00.000Z,16,28545.0,586.1111111111111,1.5753104333333334E7
2026-06-10T00:00:00.000Z,25,28585.0,443.3333333333333,1.4887989E7
2026-06-08T00:00:00.000Z,24,28947.444444444445,293.77777777777777,1.9488462444444444E7
2026-06-08T00:00:00.000Z,14,29232.666666666668,148.0,1.9239604666666668E7
2026-06-10T00:00:00.000Z,38,28431.0,1235.0,1.1584436E7
2026-06-08T00:00:00.000Z,13,29078.0,173.5,1.8876682E7
2026-06-08T00:00:00.000Z,36,29100.0,206.0,2.07817165E7
2026-06-09T00:00:00.000Z,15,28868.64285714286,260.14285714285717,1.8274739E7
2026-06-10T00:00:00.000Z,26,28385.0,454.3125,1.3469447625E7
2026-06-09T00:00:00.000Z,18,28920.0,147.0,2.032407E7
2026-06-09T00:00:00.000Z,16,28728.0,389.77777777777777,1.6854510333333332E7
2026-06-09T00:00:00.000Z,4,28827.375,284.5,1.5815944875E7
2026-06-09T00:00:00.000Z,23,28767.166666666668,330.0,1.6697461833333334E7
2026-06-08T00:00:00.000Z,26,28972.625,433.9375,1.9311230375E7
2026-06-10T00:00:00.000Z,20,28626.125,302.625,1.50413681875E7
2026-06-10T00:00:00.000Z,12,28444.57894736842,505.10526315789474,1.3036771421052631E7
2026-06-10T00:00:00.000Z,36,28467.75,614.75,1.148609525E7
2026-06-08T00:00:00.000Z,40,29135.777777777777,175.27777777777777,2.3604873666666668E7
2026-04-21T00:00:00.000Z,26,28049.1875,15.0,1.9947392625E7
2026-04-22T00:00:00.000Z,29,28046.777777777777,0.0,2.4784456E7
2026-04-23T00:00:00.000Z,32,28278.272727272728,0.0,2.5443288727272727E7
2026-04-23T00:00:00.000Z,30,28157.090909090908,0.0,2.5282028727272727E7
2026-04-22T00:00:00.000Z,4,28242.25,0.0,2.463663775E7
2026-04-23T00:00:00.000Z,18,28503.0,0.0,2.4536884E7
2026-04-24T00:00:00.000Z,38,28289.0,0.0,2.505869E7
2026-04-21T00:00:00.000Z,20,28117.0,63.0625,1.37099175625E7
2026-04-21T00:00:00.000Z,7,28046.647058823528,78.11764705882354,1.3940387176470589E7
2026-04-23T00:00:00.000Z,28,28353.695652173912,0.0,2.491254504347826E7
2026-04-23T00:00:00.000Z,3,28268.875,0.0,2.496266E7
2026-04-23T00:00:00.000Z,29,28217.222222222223,0.0,2.5025013555555556E7
2026-04-23T00:00:00.000Z,10,28342.5,0.0,2.444212325E7
2026-04-23T00:00:00.000Z,25,28468.666666666668,0.0,2.5167188E7
2026-04-24T00:00:00.000Z,40,28247.38888888889,0.0,2.5590843222222224E7
2026-04-21T00:00:00.000Z,21,27964.0,78.0,1.4099963E7
2026-04-21T00:00:00.000Z,28,28085.304347826088,35.608695652173914,1.8153939782608695E7
2026-04-24T00:00:00.000Z,11,28264.285714285714,0.0,2.499298942857143E7
2026-04-24T00:00:00.000Z,34,28396.071428571428,0.0,2.550513242857143E7
2026-04-22T00:00:00.000Z,28,28241.782608695652,0.0,2.467763756521739E7
2026-04-22T00:00:00.000Z,33,28250.444444444445,0.0,2.5100793777777776E7
2026-04-23T00:00:00.000Z,15,28474.928571428572,0.0,2.4777385285714287E7
2026-04-21T00:00:00.000Z,32,28050.727272727272,37.54545454545455,1.9690305636363637E7
2026-04-22T00:00:00.000Z,9,28091.41176470588,0.0,2.436891423529412E7
2026-04-24T00:00:00.000Z,18,28524.0,0.0,2.4752166E7
2026-04-24T00:00:00.000Z,37,28331.9,0.0,2.52788616E7
2026-04-21T00:00:00.000Z,27,28146.666666666668,20.666666666666668,1.9706095333333332E7
2026-04-24T00:00:00.000Z,36,28438.5,0.0,2.52090495E7
2026-04-21T00:00:00.000Z,25,28207.333333333332,13.333333333333334,1.9950262666666668E7
2026-04-23T00:00:00.000Z,12,28241.526315789473,0.0,2.4740916736842107E7
2026-04-22T00:00:00.000Z,22,28070.636363636364,0.0,2.4384742727272727E7
2026-04-21T00:00:00.000Z,37,27815.5,77.2,1.70447567E7
2026-04-24T00:00:00.000Z,28,28430.478260869564,0.0,2.5096586782608695E7
2026-04-23T00:00:00.000Z,9,28264.70588235294,0.0,2.4735459411764707E7
2026-04-24T00:00:00.000Z,15,28526.14285714286,0.0,2.500479642857143E7
2026-04-21T00:00:00.000Z,40,27853.944444444445,90.83333333333333,1.7687472222222224E7
2026-04-24T00:00:00.000Z,1,28372.75,0.0,2.5010955E7
2026-04-23T00:00:00.000Z,35,28194.066666666666,0.0,2.5109586666666668E7
2026-04-23T00:00:00.000Z,38,28183.0,0.0,2.480151E7
2026-04-21T00:00:00.000Z,38,27864.0,205.0,1.6433353E7
2026-04-21T00:00:00.000Z,23,27974.833333333332,88.66666666666667,1.40445935E7
2026-04-21T00:00:00.000Z,8,27979.555555555555,80.44444444444444,1.4528713555555556E7
2026-04-23T00:00:00.000Z,13,28378.0,0.0,2.4771945E7
2026-04-22T00:00:00.000Z,12,28058.842105263157,0.0,2.439791536842105E7
2026-04-23T00:00:00.000Z,23,28385.666666666668,0.0,2.486568E7
2026-04-22T00:00:00.000Z,11,27991.571428571428,0.0,2.441882714285714E7
2026-04-22T00:00:00.000Z,8,28149.11111111111,0.0,2.4390060888888888E7
2026-04-21T00:00:00.000Z,0,27948.666666666668,125.66666666666667,1.4116847666666666E7
2026-04-21T00:00:00.000Z,41,28083.333333333332,29.444444444444443,1.9991776444444444E7
2026-04-23T00:00:00.000Z,19,28377.0,0.0,2.463561914285714E7
2026-04-24T00:00:00.000Z,31,28296.444444444445,0.0,2.5396536666666668E7
2026-04-22T00:00:00.000Z,37,27982.9,0.0,2.49028982E7
2026-04-22T00:00:00.000Z,25,28358.666666666668,0.0,2.4977519333333332E7
2026-04-21T00:00:00.000Z,17,28148.0,60.0,1.3810012E7
2026-04-24T00:00:00.000Z,9,28335.882352941175,0.0,2.4971194E7
2026-04-24T00:00:00.000Z,14,28567.666666666668,0.0,2.4876926E7
2026-04-22T00:00:00.000Z,41,28182.666666666668,0.0,2.5152199111111112E7
2026-04-24T00:00:00.000Z,4,28459.75,0.0,2.519295925E7
2026-04-21T00:00:00.000Z,11,27805.14285714286,251.71428571428572,1.6204275E7
2026-04-21T00:00:00.000Z,36,27910.0,91.375,1.6154059E7
2026-04-24T00:00:00.000Z,23,28437.166666666668,0.0,2.5091402666666668E7
2026-04-24T00:00:00.000Z,27,28460.222222222223,0.0,2.5360829111111112E7
2026-04-21T00:00:00.000Z,10,28010.6875,73.625,1.4982505375E7
2026-04-22T00:00:00.000Z,38,28005.0,0.0,2.455755E7
2026-04-22T00:00:00.000Z,34,28144.64285714286,0.0,2.5141638E7
2026-04-24T00:00:00.000Z,2,28413.4,0.0,2.51805308E7
2026-04-21T00:00:00.000Z,33,28147.666666666668,13.666666666666666,1.9949517777777776E7
2026-04-23T00:00:00.000Z,14,28506.333333333332,0.0,2.4646138666666668E7
2026-04-21T00:00:00.000Z,1,27896.375,90.625,1.4619668375E7
2026-04-23T00:00:00.000Z,1,28305.875,0.0,2.48033685E7
2026-04-24T00:00:00.000Z,22,28319.545454545456,0.0,2.4880238363636363E7
2026-04-24T00:00:00.000Z,10,28370.8125,0.0,2.4556534625E7
2026-04-22T00:00:00.000Z,16,28229.444444444445,0.0,2.4467102222222224E7
2026-04-23T00:00:00.000Z,27,28418.777777777777,0.0,2.5189321333333332E7
2026-04-23T00:00:00.000Z,34,28287.35714285714,0.0,2.5422894285714287E7
2026-04-23T00:00:00.000Z,2,28308.4,0.0,2.49473196E7
2026-04-21T00:00:00.000Z,14,28134.666666666668,90.0,1.4318175333333334E7
2026-04-21T00:00:00.000Z,34,28055.285714285714,15.285714285714286,1.973563214285714E7
2026-04-22T00:00:00.000Z,13,28215.5,0.0,2.445644E7
2026-04-21T00:00:00.000Z,39,27819.777777777777,260.22222222222223,1.6441115111111112E7
2026-04-22T00:00:00.000Z,15,28317.5,0.0,2.4432281285714287E7
2026-04-23T00:00:00.000Z,40,28137.38888888889,0.0,2.537963E7
2026-04-22T00:00:00.000Z,31,27987.666666666668,0.0,2.506061E7
2026-04-23T00:00:00.000Z,17,28453.0,0.0,2.4692242E7
2026-04-21T00:00:00.000Z,19,28020.428571428572,70.64285714285714,1.4477399357142856E7
2026-04-21T00:00:00.000Z,22,27845.454545454544,104.54545454545455,1.5055213090909092E7
2026-04-22T00:00:00.000Z,20,28279.6875,0.0,2.43766845E7
2026-04-24T00:00:00.000Z,19,28403.071428571428,0.0,2.478315557142857E7
2026-04-22T00:00:00.000Z,21,28226.0,0.0,2.4514442E7
2026-04-21T00:00:00.000Z,16,28027.666666666668,83.44444444444444,1.5592354E7
2026-04-23T00:00:00.000Z,31,28149.11111111111,0.0,2.5307336666666668E7
2026-04-24T00:00:00.000Z,29,28363.666666666668,0.0,2.5138325111111112E7
2026-04-24T00:00:00.000Z,41,28410.222222222223,0.0,2.5618447777777776E7
2026-04-22T00:00:00.000Z,40,27966.88888888889,0.0,2.5141065222222224E7
2026-04-24T00:00:00.000Z,20,28473.0,0.0,2.4932194625E7
2026-04-22T00:00:00.000Z,32,28155.454545454544,0.0,2.5169337636363637E7
2026-04-24T00:00:00.000Z,12,28327.526315789473,0.0,2.501375263157895E7
2026-04-24T00:00:00.000Z,3,28358.0,0.0,2.521875575E7
2026-04-22T00:00:00.000Z,23,28230.5,0.0,2.4537256666666668E7
2026-04-24T00:00:00.000Z,39,28280.833333333332,0.0,2.5215905333333332E7
2026-04-23T00:00:00.000Z,16,28380.0,0.0,2.4776353555555556E7
2026-04-21T00:00:00.000Z,4,28008.875,103.0,1.389371925E7
2026-04-24T00:00:00.000Z,21,28438.0,0.0,2.5069628E7
2026-04-24T00:00:00.000Z,32,28399.090909090908,0.0,2.5549181818181816E7
2026-04-22T00:00:00.000Z,2,28117.0,0.0,2.46619324E7
2026-04-22T00:00:00.000Z,0,28174.0,0.0,2.4478261333333332E7
2026-04-24T00:00:00.000Z,35,28315.133333333335,0.0,2.5300438133333333E7
2026-04-24T00:00:00.000Z,26,28354.4375,0.0,2.544085325E7
2026-04-22T00:00:00.000Z,24,28052.333333333332,0.0,2.4613389111111112E7
2026-04-21T00:00:00.000Z,15,28118.64285714286,67.21428571428571,1.3880664857142856E7
2026-04-24T00:00:00.000Z,13,28438.0,0.0,2.4985005E7
2026-04-24T00:00:00.000Z,8,28363.88888888889,0.0,2.4946945555555556E7
2026-04-23T00:00:00.000Z,36,28338.375,0.0,2.5051071E7
2026-04-21T00:00:00.000Z,3,27844.75,260.375,1.5349385875E7
2026-04-23T00:00:00.000Z,33,28370.88888888889,0.0,2.5375656444444444E7
2026-04-23T00:00:00.000Z,41,28294.222222222223,0.0,2.5444125777777776E7
2026-04-22T00:00:00.000Z,14,28344.0,0.0,2.4313025333333332E7
2026-04-21T00:00:00.000Z,13,28007.5,89.0,1.5314481E7
2026-04-21T00:00:00.000Z,24,27868.11111111111,73.0,1.6859943555555556E7
2026-04-22T00:00:00.000Z,35,27971.133333333335,0.0,2.4859206266666666E7
2026-04-22T00:00:00.000Z,42,28024.45,0.0,2.53187174E7
2026-04-22T00:00:00.000Z,19,28181.928571428572,0.0,2.427202914285714E7
2026-04-23T00:00:00.000Z,42,28148.1,0.0,2.56001462E7
2026-04-24T00:00:00.000Z,33,28434.0,0.0,2.5464583111111112E7
2026-04-23T00:00:00.000Z,20,28439.0,0.0,2.473856825E7
2026-04-22T00:00:00.000Z,17,28288.0,0.0,2.4323148E7
2026-04-21T00:00:00.000Z,31,27856.444444444445,61.55555555555556,1.8467446222222224E7
2026-04-22T00:00:00.000Z,39,27988.666666666668,0.0,2.4731068666666668E7
2026-04-21T00:00:00.000Z,9,27903.058823529413,134.23529411764707,1.5019013176470589E7
2026-04-22T00:00:00.000Z,7,28242.647058823528,0.0,2.455225E7
2026-04-22T00:00:00.000Z,3,28062.875,0.0,2.468330725E7
2026-04-23T00:00:00.000Z,22,28260.363636363636,0.0,2.468441890909091E7
2026-04-21T00:00:00.000Z,2,27908.0,181.0,1.46761538E7
2026-04-22T00:00:00.000Z,1,28115.375,0.0,2.4503187E7
2026-04-23T00:00:00.000Z,7,28379.058823529413,0.0,2.4899692470588237E7
2026-04-22T00:00:00.000Z,18,28335.0,0.0,2.415969E7
2026-04-21T00:00:00.000Z,35,27782.666666666668,230.93333333333334,1.6266535466666667E7
2026-04-21T00:00:00.000Z,18,28196.0,37.0,1.329201E7
2026-04-21T00:00:00.000Z,42,27925.4,22.8,1.91643237E7
2026-04-22T00:00:00.000Z,36,28093.75,0.0,2.4786788E7
2026-04-24T00:00:00.000Z,16,28440.555555555555,0.0,2.4990514E7
2026-04-24T00:00:00.000Z,42,28277.35,0.0,2.58000296E7
2026-04-23T00:00:00.000Z,4,28393.625,0.0,2.496197475E7
2026-04-23T00:00:00.000Z,37,28207.7,0.0,2.51556062E7
2026-04-23T00:00:00.000Z,26,28296.875,0.0,2.5316182875E7
2026-04-22T00:00:00.000Z,27,28301.555555555555,0.0,2.4994487555555556E7
2026-04-24T00:00:00.000Z,17,28479.0,0.0,2.4869086E7
2026-04-24T00:00:00.000Z,0,28417.333333333332,0.0,2.5015500666666668E7
2026-04-22T00:00:00.000Z,10,28140.1875,0.0,2.4042620375E7
2026-04-22T00:00:00.000Z,30,28019.454545454544,0.0,2.5052876727272727E7
2026-04-23T00:00:00.000Z,21,28384.0,0.0,2.484398E7
2026-04-23T00:00:00.000Z,24,28225.11111111111,0.0,2.4867049333333332E7
2026-04-23T00:00:00.000Z,39,28180.11111111111,0.0,2.4975966444444444E7
2026-04-24T00:00:00.000Z,24,28329.555555555555,0.0,2.5013798444444444E7
2026-04-24T00:00:00.000Z,30,28307.636363636364,0.0,2.5380991818181816E7
2026-04-21T00:00:00.000Z,29,27888.555555555555,46.666666666666664,1.7778673222222224E7
2026-04-24T00:00:00.000Z,7,28422.29411764706,0.0,2.510805270588235E7
2026-04-24T00:00:00.000Z,25,28493.0,0.0,2.5351119333333332E7
2026-04-23T00:00:00.000Z,0,28337.333333333332,0.0,2.4787077333333332E7
2026-04-23T00:00:00.000Z,11,28181.85714285714,0.0,2.4712800285714287E7
2026-04-23T00:00:00.000Z,8,28312.666666666668,0.0,2.4754717777777776E7
2026-04-21T00:00:00.000Z,30,27877.81818181818,29.09090909090909,1.8923258181818184E7
2026-04-22T00:00:00.000Z,26,28174.8125,0.0,2.5084653625E7
2026-04-21T00:00:00.000Z,12,27848.78947368421,174.52631578947367,1.5681198263157895E7
2026-01-03T00:00:00.000Z,23,27113.166666666668,107.0,3946837.0
2026-01-03T00:00:00.000Z,25,27017.333333333332,63.333333333333336,4653949.0
2026-01-05T00:00:00.000Z,5,26707.363636363636,12.272727272727273,4069538.727272727
2026-01-03T00:00:00.000Z,29,26785.222222222223,49.888888888888886,4854079.333333333
2026-01-04T00:00:00.000Z,9,26918.882352941175,38.11764705882353,3170662.470588235
2026-01-06T00:00:00.000Z,26,26571.75,42.75,4438854.5
2026-01-06T00:00:00.000Z,29,26450.88888888889,33.22222222222222,4161846.0
2026-01-05T00:00:00.000Z,39,26463.666666666668,4.777777777777778,4989537.611111111
2026-01-03T00:00:00.000Z,38,26955.0,11.0,4883108.0
2026-01-05T00:00:00.000Z,32,26551.0,5.0,5170610.909090909
2026-01-04T00:00:00.000Z,16,26932.333333333332,25.0,3627789.4444444445
2026-01-05T00:00:00.000Z,14,26729.0,5.0,3780492.3333333335
2026-01-03T00:00:00.000Z,0,27111.666666666668,88.33333333333333,4211703.0
2026-01-03T00:00:00.000Z,15,27188.714285714286,125.78571428571429,3399135.6428571427
2026-01-06T00:00:00.000Z,15,26955.785714285714,50.714285714285715,2918570.4285714286
2026-01-03T00:00:00.000Z,11,26944.714285714286,30.0,4623499.285714285
2026-01-05T00:00:00.000Z,38,26574.0,8.0,4636938.0
2026-01-04T00:00:00.000Z,5,27039.363636363636,23.363636363636363,3436846.727272727
2026-01-04T00:00:00.000Z,21,27030.0,13.0,3718832.0
2026-01-06T00:00:00.000Z,39,26576.61111111111,18.72222222222222,4522234.777777778
2026-01-06T00:00:00.000Z,37,26554.6,27.8,4297697.9
2026-01-03T00:00:00.000Z,26,26870.4375,39.8125,4948741.375
2026-01-03T00:00:00.000Z,22,26919.18181818182,96.27272727272727,4415203.909090909
2026-01-03T00:00:00.000Z,32,26919.363636363636,16.09090909090909,4490400.545454546
2026-01-04T00:00:00.000Z,18,27116.0,6.0,3477668.0
2026-01-05T00:00:00.000Z,29,26295.555555555555,3.7777777777777777,4911530.333333333
2026-01-06T00:00:00.000Z,21,26871.0,38.0,3393893.0
2026-01-04T00:00:00.000Z,19,26945.85714285714,21.214285714285715,3216123.5
2026-01-05T00:00:00.000Z,2,26635.6,10.0,4627159.2
2026-01-05T00:00:00.000Z,42,26385.0,8.05,5024879.8
2026-01-04T00:00:00.000Z,28,26924.608695652172,29.869565217391305,3689009.7391304346
2026-01-06T00:00:00.000Z,35,26588.733333333334,26.066666666666666,4386726.733333333
2026-01-06T00:00:00.000Z,31,26428.222222222223,29.88888888888889,4642621.333333333
2026-01-05T00:00:00.000Z,40,26457.722222222223,5.055555555555555,5220684.666666667
2026-01-04T00:00:00.000Z,29,26611.88888888889,13.222222222222221,4680853.888888889
2026-01-05T00:00:00.000Z,11,26458.714285714286,11.0,4359154.428571428
2026-01-03T00:00:00.000Z,17,27142.0,157.0,2858660.0
2026-01-04T00:00:00.000Z,20,27046.8125,13.3125,3310756.75
2026-01-05T00:00:00.000Z,19,26651.35714285714,12.642857142857142,3736394.5
2026-01-05T00:00:00.000Z,23,26747.666666666668,4.333333333333333,4042758.5
2026-01-06T00:00:00.000Z,34,26454.928571428572,32.357142857142854,4791804.5
2026-01-06T00:00:00.000Z,32,26561.090909090908,19.727272727272727,4738067.636363637
2026-01-03T00:00:00.000Z,10,27094.5,158.6875,2823426.75
2026-01-05T00:00:00.000Z,20,26783.75,14.125,3599904.875
2026-01-04T00:00:00.000Z,38,26834.0,2.0,4612880.0
2026-01-06T00:00:00.000Z,28,26765.652173913044,34.391304347826086,3471853.086956522
2026-01-06T00:00:00.000Z,16,26810.555555555555,47.0,3268157.6666666665
2026-01-04T00:00:00.000Z,17,27027.0,14.0,3389811.0
2026-01-04T00:00:00.000Z,15,27097.285714285714,12.928571428571429,3441562.6428571427
2026-01-06T00:00:00.000Z,17,26878.0,65.0,2661772.0
2026-01-04T00:00:00.000Z,10,27055.375,21.5,3046097.0
2026-01-04T00:00:00.000Z,4,27116.875,14.0,3507974.25
2026-01-06T00:00:00.000Z,7,26901.529411764706,46.64705882352941,2866754.1764705884
2026-01-05T00:00:00.000Z,31,26348.222222222223,3.888888888888889,5396024.555555556
2026-01-04T00:00:00.000Z,0,27050.0,13.333333333333334,3759985.0
2026-01-03T00:00:00.000Z,20,27147.3125,156.8125,2969905.5
2026-01-04T00:00:00.000Z,22,26799.545454545456,16.363636363636363,4102183.090909091
2026-01-05T00:00:00.000Z,30,26162.090909090908,3.6363636363636362,5343460.454545454
2026-01-06T00:00:00.000Z,13,26785.0,47.5,3288060.0
2026-01-04T00:00:00.000Z,3,26857.375,20.5,4133101.875
2026-01-06T00:00:00.000Z,33,26642.88888888889,60.22222222222222,4378160.222222222
2026-01-04T00:00:00.000Z,27,26797.88888888889,21.77777777777778,4228042.222222222
2026-01-06T00:00:00.000Z,38,26628.0,13.0,4634202.0
2026-01-04T00:00:00.000Z,35,26715.066666666666,5.466666666666667,4792282.133333334
2026-01-06T00:00:00.000Z,42,26501.6,13.3,5245735.15
2026-01-03T00:00:00.000Z,41,26973.222222222223,49.44444444444444,4274855.111111111
2026-01-04T00:00:00.000Z,2,26969.4,14.0,4093866.4
2026-01-04T00:00:00.000Z,25,26938.666666666668,23.333333333333332,4132254.3333333335
2026-01-04T00:00:00.000Z,11,26842.428571428572,14.857142857142858,4028085.714285714
2026-01-06T00:00:00.000Z,20,26898.1875,58.5625,2689961.5
2026-01-06T00:00:00.000Z,27,26718.333333333332,29.555555555555557,3986570.777777778
2026-01-03T00:00:00.000Z,7,27140.470588235294,160.7058823529412,3229219.0
2026-01-05T00:00:00.000Z,28,26611.782608695652,5.565217391304348,4286760.565217392
2026-01-03T00:00:00.000Z,12,26986.947368421053,73.15789473684211,4083388.0
2026-01-05T00:00:00.000Z,25,26698.333333333332,9.0,4912752.0
2026-01-06T00:00:00.000Z,12,26543.526315789473,26.842105263157894,3483413.3684210526
2026-01-06T00:00:00.000Z,11,26530.0,16.285714285714285,4174032.714285714
2026-01-04T00:00:00.000Z,32,26701.18181818182,2.3636363636363638,5275684.363636363
2026-01-05T00:00:00.000Z,13,26541.5,5.5,4001261.5
2026-01-05T00:00:00.000Z,26,26423.0,5.4375,5251501.6875
2026-01-04T00:00:00.000Z,42,26517.1,4.7,5504756.45
2026-01-06T00:00:00.000Z,24,26483.88888888889,32.666666666666664,3889493.3333333335
2026-01-03T00:00:00.000Z,1,27025.625,69.5,4433700.5
2026-01-06T00:00:00.000Z,0,26854.0,31.0,3524382.3333333335
2026-01-05T00:00:00.000Z,7,26828.352941176472,10.529411764705882,3701233.470588235
2026-01-03T00:00:00.000Z,33,26937.555555555555,40.111111111111114,4923152.111111111
2026-01-04T00:00:00.000Z,43,26599.615384615383,4.538461538461538,5322152.692307692
2026-01-05T00:00:00.000Z,41,26633.0,11.333333333333334,4969835.666666667
2026-01-03T00:00:00.000Z,27,26912.333333333332,74.44444444444444,4702855.888888889
2026-01-05T00:00:00.000Z,24,26240.88888888889,3.888888888888889,4615664.222222222
2026-01-04T00:00:00.000Z,14,27055.666666666668,18.0,3488184.6666666665
2026-01-05T00:00:00.000Z,9,26562.823529411766,10.823529411764707,3959786.1764705884
2026-01-03T00:00:00.000Z,5,27104.727272727272,150.8181818181818,3923806.272727273
2026-01-03T00:00:00.000Z,21,27101.0,104.0,3961490.0
2026-01-03T00:00:00.000Z,14,27169.666666666668,106.0,3602228.0
2026-01-04T00:00:00.000Z,31,26566.11111111111,6.666666666666667,5266956.444444444
2026-01-03T00:00:00.000Z,43,26793.46153846154,16.53846153846154,4990552.0
2026-01-03T00:00:00.000Z,19,27045.785714285714,191.5,2834067.6428571427
2026-01-05T00:00:00.000Z,3,26462.125,8.875,4741741.875
2026-01-03T00:00:00.000Z,9,27014.176470588234,150.8235294117647,3428032.8235294116
2026-01-03T00:00:00.000Z,13,27027.0,133.5,3874026.0
2026-01-06T00:00:00.000Z,40,26560.833333333332,14.11111111111111,5000842.444444444
2026-01-03T00:00:00.000Z,30,26678.636363636364,46.63636363636363,5152213.7272727275
2026-01-04T00:00:00.000Z,40,26666.11111111111,1.5555555555555556,5272803.777777778
2026-01-03T00:00:00.000Z,18,27209.0,118.0,2987070.0
2026-01-06T00:00:00.000Z,19,26794.071428571428,54.857142857142854,2830441.3571428573
2026-01-06T00:00:00.000Z,18,26999.0,52.0,2460188.0
2026-01-04T00:00:00.000Z,30,26456.636363636364,11.0,5094136.363636363
2026-01-05T00:00:00.000Z,1,26648.25,6.75,4356027.375
2026-01-05T00:00:00.000Z,34,26353.785714285714,2.142857142857143,5418723.285714285
2026-01-06T00:00:00.000Z,22,26692.636363636364,32.72727272727273,3734408.5454545454
2026-01-06T00:00:00.000Z,41,26675.555555555555,17.666666666666668,4944624.222222222
2026-01-05T00:00:00.000Z,10,26754.3125,9.625,3774101.1875
2026-01-06T00:00:00.000Z,30,26285.454545454544,34.81818181818182,4598179.545454546
2026-01-04T00:00:00.000Z,8,27064.11111111111,33.111111111111114,3015071.4444444445
2026-01-03T00:00:00.000Z,2,27061.8,34.4,4657957.2
2026-01-04T00:00:00.000Z,24,26644.222222222223,22.11111111111111,4287540.0
2026-01-03T00:00:00.000Z,39,26883.777777777777,18.11111111111111,4958203.611111111
2026-01-03T00:00:00.000Z,8,27079.555555555555,184.33333333333334,3018480.6666666665
2026-01-06T00:00:00.000Z,23,26883.833333333332,36.333333333333336,3367637.0
2026-01-06T00:00:00.000Z,10,26821.4375,42.125,2687929.875
2026-01-06T00:00:00.000Z,43,26514.923076923078,21.307692307692307,4802148.538461538
2026-01-05T00:00:00.000Z,17,26778.0,20.0,3631884.0
2026-01-03T00:00:00.000Z,16,27045.444444444445,132.33333333333334,3832351.5555555555
2026-01-06T00:00:00.000Z,36,26735.875,24.875,3973631.0
2026-01-03T00:00:00.000Z,36,26955.5,32.375,4798592.0
2026-01-05T00:00:00.000Z,21,26713.0,4.0,4061552.0
2026-01-06T00:00:00.000Z,25,26835.0,30.0,3955383.0
2026-01-06T00:00:00.000Z,1,26804.75,25.125,3652931.5
2026-01-03T00:00:00.000Z,31,26773.555555555555,20.666666666666668,5045320.666666667
2026-01-05T00:00:00.000Z,4,26829.625,8.0,4015479.875
2026-01-05T00:00:00.000Z,33,26496.222222222223,6.777777777777778,5125453.0
2026-01-04T00:00:00.000Z,37,26663.9,7.2,4869450.0
2026-01-03T00:00:00.000Z,3,26978.0,39.625,4681522.375
2026-01-05T00:00:00.000Z,43,26393.846153846152,2.5384615384615383,5432405.230769231
2026-01-05T00:00:00.000Z,18,26881.0,29.0,3611607.0
2026-01-04T00:00:00.000Z,34,26558.35714285714,5.428571428571429,5325090.571428572
2026-01-05T00:00:00.000Z,27,26549.11111111111,7.666666666666667,4886298.111111111
2026-01-04T00:00:00.000Z,33,26747.666666666668,9.444444444444445,4988513.222222222
2026-01-05T00:00:00.000Z,0,26750.666666666668,8.666666666666666,4263291.333333333
2026-01-04T00:00:00.000Z,36,26830.5,7.0,4471304.25
2026-01-06T00:00:00.000Z,3,26625.75,24.625,3918724.125
2026-01-04T00:00:00.000Z,26,26682.75,11.5625,4827345.1875
2026-01-03T00:00:00.000Z,35,26853.4,20.6,5064186.133333334
2026-01-05T00:00:00.000Z,16,26583.88888888889,5.222222222222222,3983830.4444444445
2026-01-04T00:00:00.000Z,23,27049.5,12.333333333333334,3668914.5
2026-01-04T00:00:00.000Z,13,26904.5,23.5,3690888.0
2026-01-06T00:00:00.000Z,8,26818.333333333332,40.44444444444444,2714207.222222222
2026-01-06T00:00:00.000Z,9,26660.058823529413,36.05882352941177,2951917.529411765
2026-01-03T00:00:00.000Z,28,26998.565217391304,96.69565217391305,4132550.347826087
2026-01-03T00:00:00.000Z,4,27166.5,116.0,3912989.875
2026-01-06T00:00:00.000Z,4,26913.25,34.0,3277384.5
2026-01-03T00:00:00.000Z,24,26776.0,83.55555555555556,4668848.444444444
2026-01-05T00:00:00.000Z,37,26393.4,2.8,5106097.6
2026-01-06T00:00:00.000Z,14,26936.666666666668,48.0,3075594.6666666665
2026-01-06T00:00:00.000Z,2,26785.8,25.0,3835442.2
2026-01-05T00:00:00.000Z,8,26752.333333333332,11.88888888888889,3688594.111111111
2026-01-05T00:00:00.000Z,22,26467.545454545456,4.181818181818182,4404737.181818182
2026-01-05T00:00:00.000Z,36,26546.375,2.875,4774406.0
2026-01-04T00:00:00.000Z,39,26745.88888888889,5.166666666666667,4695607.444444444
2026-01-04T00:00:00.000Z,1,26944.25,11.25,3969024.0
2026-01-06T00:00:00.000Z,5,26791.727272727272,34.36363636363637,3224369.3636363638
2026-01-03T00:00:00.000Z,37,26826.7,29.0,5011558.8
2026-01-03T00:00:00.000Z,34,26820.285714285714,30.928571428571427,4922751.928571428
2026-01-04T00:00:00.000Z,12,26882.21052631579,27.263157894736842,3493296.4210526315
2026-01-04T00:00:00.000Z,41,26742.0,4.0,5340906.666666667
2026-01-03T00:00:00.000Z,42,26854.9,76.55,4609460.85
2026-01-03T00:00:00.000Z,40,26855.88888888889,14.5,5042476.111111111
2026-01-04T00:00:00.000Z,7,27099.58823529412,24.294117647058822,3210029.6470588236
2026-01-05T00:00:00.000Z,15,26803.214285714286,6.142857142857143,3708447.8571428573
2026-01-05T00:00:00.000Z,12,26473.947368421053,8.105263157894736,4147487.947368421
2026-01-05T00:00:00.000Z,35,26423.0,2.533333333333333,5216639.266666667
2026-01-26T00:00:00.000Z,25,27615.666666666668,212.0,2334079.3333333335
2026-01-25T00:00:00.000Z,9,27065.764705882353,772.3529411764706,2824429.6470588236
2026-01-26T00:00:00.000Z,14,27616.0,295.0,1593433.6666666667
2026-01-26T00:00:00.000Z,39,27413.333333333332,180.22222222222223,3030963.4444444445
2026-01-23T00:00:00.000Z,42,27054.85,1.9,6720392.35
2026-01-24T00:00:00.000Z,15,27205.85714285714,22.071428571428573,5949362.5
2026-01-26T00:00:00.000Z,35,27428.533333333333,128.8,2691757.2
2026-01-24T00:00:00.000Z,25,27500.333333333332,58.333333333333336,5797061.666666667
2026-01-25T00:00:00.000Z,24,27277.444444444445,105.55555555555556,4040564.0
2026-01-24T00:00:00.000Z,34,27297.14285714286,11.785714285714286,6545506.5
2026-01-26T00:00:00.000Z,19,27314.714285714286,786.0714285714286,1717428.2857142857
2026-01-25T00:00:00.000Z,22,27167.272727272728,183.72727272727272,3811430.0
2026-01-26T00:00:00.000Z,16,27541.444444444445,275.0,1569004.5555555555
2026-01-25T00:00:00.000Z,1,27206.75,333.75,3533389.0
2026-01-26T00:00:00.000Z,34,27404.5,249.85714285714286,2582723.0
2026-01-26T00:00:00.000Z,4,27523.625,427.0,2057420.125
2026-01-26T00:00:00.000Z,3,27477.5,349.25,2689580.25
2026-01-25T00:00:00.000Z,38,27140.0,1089.0,2831273.0
2026-01-26T00:00:00.000Z,22,27455.0,257.27272727272725,1947884.4545454546
2026-01-23T00:00:00.000Z,19,27127.928571428572,3.142857142857143,5947031.714285715
2026-01-25T00:00:00.000Z,33,27431.666666666668,74.33333333333333,4758429.888888889
2026-01-26T00:00:00.000Z,42,27391.05,242.25,2244301.7
2026-01-24T00:00:00.000Z,1,27199.75,11.5,6439556.875
2026-01-25T00:00:00.000Z,12,27056.842105263157,892.4736842105264,2763793.052631579
2026-01-25T00:00:00.000Z,7,27121.529411764706,545.5294117647059,3084680.7647058824
2026-01-24T00:00:00.000Z,9,26949.470588235294,0.0,5796270.588235294
2026-01-25T00:00:00.000Z,35,27227.0,540.4666666666667,3121560.1333333333
2026-01-25T00:00:00.000Z,5,27146.727272727272,735.0909090909091,3037634.727272727
2026-01-23T00:00:00.000Z,17,27259.0,2.0,5670767.0
2026-01-25T00:00:00.000Z,13,27192.0,172.0,3801748.0
2026-01-23T00:00:00.000Z,36,27255.375,6.5,6014584.375
2026-01-23T00:00:00.000Z,30,27235.090909090908,52.18181818181818,6027263.454545454
2026-01-25T00:00:00.000Z,43,27231.923076923078,242.3846153846154,3315612.769230769
2026-01-25T00:00:00.000Z,29,27328.444444444445,87.77777777777777,4164912.222222222
2026-01-26T00:00:00.000Z,1,27487.375,231.5,2183046.0
2026-01-23T00:00:00.000Z,34,27201.714285714286,46.42857142857143,5910880.928571428
2026-01-26T00:00:00.000Z,33,27505.444444444445,275.3333333333333,2421396.222222222
2026-01-23T00:00:00.000Z,10,27021.6875,2.25,5918919.375
2026-01-23T00:00:00.000Z,0,27227.333333333332,2.3333333333333335,6069455.333333333
2026-01-24T00:00:00.000Z,26,27361.8125,30.5625,6147097.625
2026-01-25T00:00:00.000Z,3,27200.0,905.5,2858429.625
2026-01-25T00:00:00.000Z,0,27192.0,544.3333333333334,3242925.6666666665
2026-01-26T00:00:00.000Z,24,27432.666666666668,253.88888888888889,1931277.6666666667
2026-01-26T00:00:00.000Z,7,27432.176470588234,587.8235294117648,1913531.0
2026-01-23T00:00:00.000Z,15,27313.85714285714,9.214285714285714,5678225.0
2026-01-25T00:00:00.000Z,19,27047.785714285714,521.2857142857143,3164888.5
2026-01-23T00:00:00.000Z,27,27433.777777777777,127.22222222222223,5376278.555555556
2026-01-23T00:00:00.000Z,26,27299.5625,106.0625,5583308.875
2026-01-24T00:00:00.000Z,10,26929.0,2.375,5785967.25
2026-01-24T00:00:00.000Z,5,27078.363636363636,1.0909090909090908,6376094.545454546
2026-01-24T00:00:00.000Z,30,27253.636363636364,20.363636363636363,6636506.2727272725
2026-01-24T00:00:00.000Z,41,27304.333333333332,0.1111111111111111,6815905.222222222
2026-01-24T00:00:00.000Z,28,27374.956521739132,56.73913043478261,5498234.652173913
2026-01-26T00:00:00.000Z,36,27529.0,108.125,2213824.0
2026-01-26T00:00:00.000Z,32,27444.545454545456,121.54545454545455,2346680.1818181816
2026-01-24T00:00:00.000Z,19,26985.5,13.428571428571429,6095896.928571428
2026-01-25T00:00:00.000Z,26,27367.75,36.1875,4800952.0625
2026-01-24T00:00:00.000Z,2,27217.2,0.0,6559653.8
2026-01-25T00:00:00.000Z,17,27118.0,324.0,3072100.0
2026-01-23T00:00:00.000Z,20,27249.5625,2.3125,5691489.625
2026-01-24T00:00:00.000Z,16,27254.333333333332,26.333333333333332,5545300.888888889
2026-01-24T00:00:00.000Z,20,27101.3125,27.75,6050110.6875
2026-01-25T00:00:00.000Z,20,27116.1875,325.5,3080797.0625
2026-01-24T00:00:00.000Z,8,26966.555555555555,0.4444444444444444,6020315.0
2026-01-25T00:00:00.000Z,23,27172.0,327.0,3450552.3333333335
2026-01-24T00:00:00.000Z,33,27408.333333333332,23.0,5778818.666666667
2026-01-25T00:00:00.000Z,28,27330.08695652174,58.17391304347826,4305460.043478261
2026-01-23T00:00:00.000Z,31,27098.11111111111,10.333333333333334,6305763.777777778
2026-01-24T00:00:00.000Z,40,27178.88888888889,5.777777777777778,6325950.277777778
2026-01-26T00:00:00.000Z,30,27370.454545454544,173.54545454545453,2621629.0
2026-01-23T00:00:00.000Z,37,27167.8,10.5,6183404.7
2026-01-24T00:00:00.000Z,31,27220.222222222223,4.333333333333333,6926120.777777778
2026-01-23T00:00:00.000Z,24,27318.222222222223,48.111111111111114,5649370.0
2026-01-23T00:00:00.000Z,8,27090.777777777777,0.5555555555555556,6002785.111111111
2026-01-25T00:00:00.000Z,10,27059.1875,629.9375,3043565.25
2026-01-26T00:00:00.000Z,40,27399.777777777777,109.77777777777777,2997638.277777778
2026-01-24T00:00:00.000Z,4,27174.625,12.0,6398125.375
2026-01-23T00:00:00.000Z,2,27220.4,1.6,6168256.6
2026-01-26T00:00:00.000Z,31,27380.555555555555,92.77777777777777,2595610.3333333335
2026-01-25T00:00:00.000Z,15,27182.071428571428,250.78571428571428,3319839.4285714286
2026-01-26T00:00:00.000Z,18,27490.0,181.0,2493620.0
2026-01-24T00:00:00.000Z,36,27318.5,2.375,6532977.625
2026-01-23T00:00:00.000Z,22,27240.454545454544,23.363636363636363,5888464.363636363
2026-01-23T00:00:00.000Z,16,27297.555555555555,35.333333333333336,5623577.444444444
2026-01-24T00:00:00.000Z,35,27175.8,0.6666666666666666,6764011.266666667
2026-01-26T00:00:00.000Z,9,27324.352941176472,1031.2941176470588,1802049.5294117648
2026-01-23T00:00:00.000Z,23,27288.333333333332,14.0,5910276.666666667
2026-01-26T00:00:00.000Z,15,27559.428571428572,275.2857142857143,1979708.0
2026-01-24T00:00:00.000Z,17,27093.0,31.0,6051668.0
2026-01-26T00:00:00.000Z,5,27442.0,602.9090909090909,2335788.6363636362
2026-01-25T00:00:00.000Z,42,27247.7,432.3,2653102.9
2026-01-23T00:00:00.000Z,39,27012.722222222223,0.9444444444444444,6491913.0
2026-01-24T00:00:00.000Z,12,26944.052631578947,0.0,5509877.842105263
2026-01-24T00:00:00.000Z,37,27254.5,3.5,6743128.4
2026-01-26T00:00:00.000Z,8,27343.0,943.5555555555555,1622145.111111111
2026-01-24T00:00:00.000Z,27,27464.666666666668,46.55555555555556,5866953.333333333
2026-01-25T00:00:00.000Z,41,27324.88888888889,189.44444444444446,2989662.111111111
2026-01-24T00:00:00.000Z,13,27251.5,17.0,5575298.5
2026-01-25T00:00:00.000Z,32,27348.81818181818,77.72727272727273,3739508.0
2026-01-24T00:00:00.000Z,18,27165.0,43.0,5890824.0
2026-01-24T00:00:00.000Z,11,26931.571428571428,2.0,5435361.142857143
2026-01-23T00:00:00.000Z,40,27024.666666666668,0.6111111111111112,6673019.388888889
2026-01-23T00:00:00.000Z,38,26948.0,0.0,6490808.0
2026-01-24T00:00:00.000Z,23,27191.666666666668,23.0,6254307.333333333
2026-01-24T00:00:00.000Z,29,27300.444444444445,13.11111111111111,6379494.777777778
2026-01-24T00:00:00.000Z,43,27189.46153846154,0.7692307692307693,6967440.769230769
2026-01-26T00:00:00.000Z,21,27545.0,323.0,1891792.0
2026-01-26T00:00:00.000Z,11,27405.571428571428,406.0,2972172.1428571427
2026-01-26T00:00:00.000Z,37,27443.0,95.8,2384344.4
2026-01-26T00:00:00.000Z,26,27468.5,223.3125,2556744.0
2026-01-24T00:00:00.000Z,14,27286.0,15.0,5609610.666666667
2026-01-23T00:00:00.000Z,12,26983.57894736842,1.3157894736842106,6163648.684210527
2026-01-26T00:00:00.000Z,38,27431.0,183.0,3239497.0
2026-01-24T00:00:00.000Z,32,27303.18181818182,1.3636363636363635,6905279.545454546
2026-01-25T00:00:00.000Z,14,27235.333333333332,242.0,3439591.3333333335
2026-01-23T00:00:00.000Z,25,27466.666666666668,152.33333333333334,5316741.333333333
2026-01-26T00:00:00.000Z,20,27438.0625,395.875,2074269.1875
2026-01-23T00:00:00.000Z,3,27134.0,6.125,6306931.25
2026-01-23T00:00:00.000Z,43,27012.153846153848,4.230769230769231,6578023.0
2026-01-25T00:00:00.000Z,25,27463.333333333332,31.333333333333332,4712444.0
2026-01-26T00:00:00.000Z,13,27539.5,277.0,1590707.5
2026-01-25T00:00:00.000Z,39,27165.88888888889,897.7777777777778,2821694.8333333335
2026-01-26T00:00:00.000Z,12,27371.157894736843,824.578947368421,2388826.736842105
2026-01-25T00:00:00.000Z,21,27169.0,275.0,3519761.0
2026-01-25T00:00:00.000Z,27,27430.666666666668,39.333333333333336,4628346.444444444
2026-01-25T00:00:00.000Z,18,27132.0,244.0,2916398.0
2026-01-23T00:00:00.000Z,28,27379.391304347828,73.6086956521739,5401512.391304348
2026-01-24T00:00:00.000Z,38,27054.0,4.0,5632385.0
2026-01-25T00:00:00.000Z,34,27342.571428571428,54.0,4582428.0
2026-01-23T00:00:00.000Z,1,27238.25,5.5,5976835.125
2026-01-23T00:00:00.000Z,29,27283.88888888889,36.0,5834308.333333333
2026-01-25T00:00:00.000Z,36,27347.25,227.625,3522626.125
2026-01-24T00:00:00.000Z,39,27099.5,1.6666666666666667,6181160.944444444
2026-01-23T00:00:00.000Z,5,27167.636363636364,3.5454545454545454,6139020.0
2026-01-23T00:00:00.000Z,11,26888.571428571428,1.4285714285714286,6353708.571428572
2026-01-23T00:00:00.000Z,18,27262.0,0.0,5362103.0
2026-01-24T00:00:00.000Z,7,27066.764705882353,10.941176470588236,6274083.0
2026-01-23T00:00:00.000Z,21,27299.0,18.0,5894478.0
2026-01-23T00:00:00.000Z,14,27358.0,23.0,5537173.0
2026-01-24T00:00:00.000Z,21,27199.0,24.0,6203676.0
2026-01-23T00:00:00.000Z,35,27075.466666666667,2.4,6412980.266666667
2026-01-24T00:00:00.000Z,42,27221.05,3.5,6367588.85
2026-01-24T00:00:00.000Z,22,27191.636363636364,17.272727272727273,6166419.909090909
2026-01-23T00:00:00.000Z,13,27296.0,31.0,5623697.0
2026-01-26T00:00:00.000Z,41,27451.333333333332,185.33333333333334,2167774.6666666665
2026-01-26T00:00:00.000Z,28,27553.347826086956,209.3913043478261,1694020.1739130435
2026-01-23T00:00:00.000Z,7,27211.352941176472,0.11764705882352941,5994484.294117647
2026-01-24T00:00:00.000Z,24,27285.777777777777,13.333333333333334,6016499.555555556
2026-01-26T00:00:00.000Z,43,27374.46153846154,103.0,2562096.3846153845
2026-01-25T00:00:00.000Z,30,27286.272727272728,56.54545454545455,4637958.181818182
2026-01-26T00:00:00.000Z,0,27502.333333333332,354.3333333333333,2284647.3333333335
2026-01-23T00:00:00.000Z,4,27265.25,3.5,5995104.375
2026-01-25T00:00:00.000Z,11,27044.428571428572,1091.857142857143,2890995.0
2026-01-26T00:00:00.000Z,2,27529.0,234.8,2516759.2
2026-01-23T00:00:00.000Z,33,27341.222222222223,103.0,5263805.222222222
2026-01-26T00:00:00.000Z,29,27446.666666666668,159.44444444444446,2294541.3333333335
2026-01-24T00:00:00.000Z,0,27165.333333333332,8.0,6481031.666666667
2026-01-25T00:00:00.000Z,2,27257.2,642.0,3084651.8
2026-01-26T00:00:00.000Z,10,27284.3125,1231.75,1371686.3125
2026-01-24T00:00:00.000Z,3,27133.375,0.0,6322825.25
2026-01-25T00:00:00.000Z,31,27278.88888888889,112.33333333333333,4073295.777777778
2026-01-23T00:00:00.000Z,32,27153.636363636364,2.3636363636363638,6322801.545454546
2026-01-25T00:00:00.000Z,16,27193.444444444445,164.77777777777777,3883003.5555555555
2026-01-25T00:00:00.000Z,37,27295.2,165.4,3819030.9
2026-01-23T00:00:00.000Z,41,27149.444444444445,1.7777777777777777,6563394.888888889
2026-01-26T00:00:00.000Z,23,27534.166666666668,339.3333333333333,1913676.8333333333
2026-01-25T00:00:00.000Z,8,27076.555555555555,667.8888888888889,2939321.6666666665
2026-01-26T00:00:00.000Z,17,27417.0,417.0,2246851.0
2026-01-26T00:00:00.000Z,27,27563.11111111111,240.88888888888889,2290319.4444444445
2026-01-25T00:00:00.000Z,4,27196.875,524.5,3193753.125
2026-01-25T00:00:00.000Z,40,27213.944444444445,653.5555555555555,2752530.222222222
2026-01-23T00:00:00.000Z,9,27042.58823529412,1.0,6049035.764705882
2026-05-26T00:00:00.000Z,4,29651.0,0.0,2.694775425E7
2026-05-23T00:00:00.000Z,19,29335.928571428572,0.0,2.7069024714285713E7
2026-05-24T00:00:00.000Z,20,29581.3125,0.0,2.6547968E7
2026-05-24T00:00:00.000Z,18,29627.0,0.0,2.6437974E7
2026-05-23T00:00:00.000Z,29,29205.777777777777,0.0,2.7445550666666668E7
2026-05-26T00:00:00.000Z,2,29580.6,0.0,2.67493636E7
2026-05-23T00:00:00.000Z,10,29352.1875,0.0,2.6837344125E7
2026-05-23T00:00:00.000Z,1,29314.25,0.0,2.724516325E7
2026-05-24T00:00:00.000Z,21,29535.0,0.0,2.7094744E7
2026-05-23T00:00:00.000Z,15,29446.928571428572,0.0,2.730662185714286E7
2026-05-23T00:00:00.000Z,14,29470.0,0.0,2.7185328666666668E7
2026-05-26T00:00:00.000Z,26,29514.5,0.1875,2.628076125E7
2026-05-26T00:00:00.000Z,29,29468.0,1.2222222222222223,2.5451861333333332E7
2026-05-26T00:00:00.000Z,5,29589.81818181818,0.0,2.7092371272727273E7
2026-05-25T00:00:00.000Z,29,29394.88888888889,0.0,2.6310096E7
2026-05-23T00:00:00.000Z,9,29290.70588235294,0.0,2.706390505882353E7
2026-05-26T00:00:00.000Z,32,29544.454545454544,0.0,2.6665068363636363E7
2026-05-26T00:00:00.000Z,20,29609.125,0.0,2.7367112625E7
2026-05-23T00:00:00.000Z,24,29207.222222222223,0.0,2.7319953777777776E7
2026-05-25T00:00:00.000Z,36,29447.125,0.0,2.68112615E7
2026-05-25T00:00:00.000Z,12,29385.684210526317,0.0,2.718185536842105E7
2026-05-24T00:00:00.000Z,42,29370.2,0.0,2.76335932E7
2026-05-25T00:00:00.000Z,5,29464.0,0.0,2.72418E7
2026-05-26T00:00:00.000Z,22,29468.18181818182,0.09090909090909091,2.6086544181818184E7
2026-05-24T00:00:00.000Z,24,29349.555555555555,0.0,2.7023912222222224E7
2026-05-26T00:00:00.000Z,10,29502.1875,0.0,2.726525125E7
2026-05-23T00:00:00.000Z,30,29128.727272727272,0.0,2.7665878727272727E7
2026-05-23T00:00:00.000Z,32,29256.727272727272,0.0,2.7822588727272727E7
2026-05-23T00:00:00.000Z,33,29264.0,0.0,2.7791436888888888E7
2026-05-24T00:00:00.000Z,1,29444.5,0.0,2.687514275E7
2026-05-24T00:00:00.000Z,3,29433.0,0.0,2.59371565E7
2026-05-24T00:00:00.000Z,2,29461.4,0.0,2.654757E7
2026-05-23T00:00:00.000Z,25,29418.666666666668,0.0,2.7661976666666668E7
2026-05-26T00:00:00.000Z,8,29521.333333333332,0.0,2.7413282444444444E7
2026-05-26T00:00:00.000Z,31,29414.555555555555,0.4444444444444444,2.5817125777777776E7
2026-05-26T00:00:00.000Z,42,29521.5,0.0,2.81438394E7
2026-05-25T00:00:00.000Z,26,29430.9375,0.375,2.6128881875E7
2026-05-26T00:00:00.000Z,19,29511.0,0.0,2.742688657142857E7
2026-05-26T00:00:00.000Z,16,29577.777777777777,0.0,2.6433354222222224E7
2026-05-25T00:00:00.000Z,2,29451.0,0.0,2.71713432E7
2026-05-25T00:00:00.000Z,28,29482.869565217392,0.0,2.6508486347826086E7
2026-05-24T00:00:00.000Z,30,29320.090909090908,0.36363636363636365,2.728515E7
2026-05-25T00:00:00.000Z,3,29391.125,0.0,2.728398225E7
2026-05-23T00:00:00.000Z,13,29361.0,0.0,2.7255832E7
2026-05-23T00:00:00.000Z,35,29155.333333333332,0.0,2.7439965733333334E7
2026-05-24T00:00:00.000Z,37,29352.5,0.0,2.7099851E7
2026-05-26T00:00:00.000Z,25,29697.666666666668,0.0,2.631059E7
2026-05-24T00:00:00.000Z,33,29469.88888888889,0.8888888888888888,2.7541524666666668E7
2026-05-23T00:00:00.000Z,23,29413.0,0.0,2.7341869666666668E7
2026-05-25T00:00:00.000Z,9,29388.764705882353,0.0,2.719809176470588E7
2026-05-23T00:00:00.000Z,31,29139.333333333332,0.0,2.7621368666666668E7
2026-05-24T00:00:00.000Z,40,29369.444444444445,0.0,2.6956220555555556E7
2026-05-25T00:00:00.000Z,41,29498.222222222223,0.0,2.7157850444444444E7
2026-05-23T00:00:00.000Z,8,29328.444444444445,0.0,2.7120422444444444E7
2026-05-26T00:00:00.000Z,27,29637.0,0.2222222222222222,2.6135134222222224E7
2026-05-24T00:00:00.000Z,32,29459.545454545456,0.0,2.7621077636363637E7
2026-05-25T00:00:00.000Z,15,29544.64285714286,0.0,2.7336254285714287E7
2026-05-24T00:00:00.000Z,5,29485.272727272728,0.0,2.617683490909091E7
2026-05-26T00:00:00.000Z,18,29671.0,0.0,2.7274804E7
2026-05-24T00:00:00.000Z,23,29536.166666666668,0.0,2.7037541E7
2026-05-25T00:00:00.000Z,32,29503.363636363636,0.0,2.692982290909091E7
2026-05-23T00:00:00.000Z,0,29343.333333333332,0.0,2.7184741333333332E7
2026-05-23T00:00:00.000Z,16,29369.11111111111,0.0,2.7253649777777776E7
2026-05-24T00:00:00.000Z,41,29455.555555555555,0.0,2.7705479777777776E7
2026-05-25T00:00:00.000Z,16,29459.555555555555,0.0,2.7056708444444444E7
2026-05-26T00:00:00.000Z,40,29478.944444444445,0.0,2.7709632444444444E7
2026-05-25T00:00:00.000Z,34,29446.714285714286,0.35714285714285715,2.639136757142857E7
2026-05-25T00:00:00.000Z,40,29376.833333333332,0.0,2.7573728777777776E7
2026-05-26T00:00:00.000Z,41,29619.555555555555,0.0,2.7624425555555556E7
2026-05-25T00:00:00.000Z,39,29347.0,0.0,2.7307467888888888E7
2026-05-24T00:00:00.000Z,38,29393.0,0.0,2.5667758E7
2026-05-26T00:00:00.000Z,17,29619.0,0.0,2.7493454E7
2026-05-23T00:00:00.000Z,11,29209.0,0.0,2.707289314285714E7
2026-05-23T00:00:00.000Z,41,29284.666666666668,0.0,2.7748565111111112E7
2026-05-26T00:00:00.000Z,21,29613.0,0.0,2.679908E7
2026-05-24T00:00:00.000Z,4,29550.375,0.0,2.6765669E7
2026-05-25T00:00:00.000Z,18,29553.0,0.0,2.7224606E7
2026-05-26T00:00:00.000Z,1,29545.375,0.0,2.632805175E7
2026-05-23T00:00:00.000Z,12,29262.78947368421,0.0,2.708447063157895E7
2026-05-23T00:00:00.000Z,2,29296.6,0.0,2.7330898E7
2026-05-24T00:00:00.000Z,8,29500.0,0.0,2.5921662888888888E7
2026-05-26T00:00:00.000Z,36,29531.25,0.125,2.600409225E7
2026-05-25T00:00:00.000Z,20,29508.9375,0.0,2.7329692375E7
2026-05-26T00:00:00.000Z,43,29436.846153846152,0.0,2.6731510615384616E7
2026-05-25T00:00:00.000Z,10,29383.625,0.0,2.7038187625E7
2026-05-25T00:00:00.000Z,0,29481.0,0.0,2.7083519333333332E7
2026-05-25T00:00:00.000Z,35,29324.066666666666,0.0,2.70887724E7
2026-05-26T00:00:00.000Z,3,29535.375,0.0,2.718080775E7
2026-05-25T00:00:00.000Z,14,29547.0,0.0,2.7159511333333332E7
2026-05-25T00:00:00.000Z,30,29338.545454545456,0.0,2.6276726545454547E7
2026-05-24T00:00:00.000Z,7,29548.941176470587,0.0,2.649746917647059E7
2026-05-24T00:00:00.000Z,13,29510.0,0.0,2.7006591E7
2026-05-24T00:00:00.000Z,26,29422.6875,1.0,2.7401735875E7
2026-05-23T00:00:00.000Z,26,29215.9375,0.0,2.7714266625E7
2026-05-26T00:00:00.000Z,33,29579.777777777777,0.0,2.6404386E7
2026-05-24T00:00:00.000Z,22,29392.090909090908,0.0,2.6921874181818184E7
2026-05-25T00:00:00.000Z,42,29405.35,0.0,2.7485913E7
2026-05-26T00:00:00.000Z,0,29604.0,0.0,2.669709E7
2026-05-25T00:00:00.000Z,27,29528.11111111111,0.0,2.6230262666666668E7
2026-05-23T00:00:00.000Z,17,29424.0,0.0,2.722758E7
2026-05-24T00:00:00.000Z,28,29503.652173913044,0.08695652173913043,2.7034970608695652E7
2026-05-25T00:00:00.000Z,37,29369.4,0.0,2.65781346E7
2026-05-24T00:00:00.000Z,12,29444.0,0.0,2.5350549684210528E7
2026-05-25T00:00:00.000Z,23,29500.0,0.0,2.7278231E7
2026-05-24T00:00:00.000Z,19,29520.214285714286,0.0,2.6038550714285713E7
2026-05-23T00:00:00.000Z,34,29213.785714285714,0.0,2.783142242857143E7
2026-05-25T00:00:00.000Z,38,29375.0,0.0,2.7235736E7
2026-05-23T00:00:00.000Z,27,29364.777777777777,0.0,2.7684292888888888E7
2026-05-25T00:00:00.000Z,13,29453.0,0.0,2.7071866E7
2026-05-23T00:00:00.000Z,38,29214.0,0.0,2.7187166E7
2026-05-24T00:00:00.000Z,14,29608.333333333332,0.0,2.6942284666666668E7
2026-05-25T00:00:00.000Z,17,29528.0,0.0,2.7340728E7
2026-05-23T00:00:00.000Z,42,29182.4,0.0,2.78511663E7
2026-05-25T00:00:00.000Z,1,29444.25,0.0,2.6957406E7
2026-05-26T00:00:00.000Z,23,29618.833333333332,0.0,2.6816230333333332E7
2026-05-23T00:00:00.000Z,5,29323.636363636364,0.0,2.7270699818181816E7
2026-05-25T00:00:00.000Z,22,29369.0,0.0,2.6802174545454547E7
2026-05-24T00:00:00.000Z,16,29515.444444444445,0.0,2.6992819111111112E7
2026-05-25T00:00:00.000Z,33,29488.444444444445,0.4444444444444444,2.5881415333333332E7
2026-05-23T00:00:00.000Z,28,29351.956521739132,0.0,2.7383118E7
2026-05-26T00:00:00.000Z,7,29588.764705882353,0.0,2.736665305882353E7
2026-05-25T00:00:00.000Z,7,29492.882352941175,0.0,2.736226105882353E7
2026-05-25T00:00:00.000Z,24,29343.88888888889,0.0,2.6384383111111112E7
2026-05-23T00:00:00.000Z,21,29417.0,0.0,2.7340642E7
2026-05-24T00:00:00.000Z,11,29397.571428571428,0.0,2.5185797714285713E7
2026-05-24T00:00:00.000Z,36,29440.875,0.0,2.7112599E7
2026-05-26T00:00:00.000Z,38,29477.0,0.0,2.7390902E7
2026-05-23T00:00:00.000Z,22,29271.545454545456,0.0,2.7132323636363637E7
2026-05-24T00:00:00.000Z,15,29604.071428571428,0.0,2.692261285714286E7
2026-05-26T00:00:00.000Z,39,29451.944444444445,0.0,2.7293870888888888E7
2026-05-26T00:00:00.000Z,30,29400.636363636364,1.5454545454545454,2.5610544E7
2026-05-23T00:00:00.000Z,20,29407.75,0.0,2.72389115E7
2026-05-25T00:00:00.000Z,19,29416.785714285714,0.0,2.7206818714285713E7
2026-05-23T00:00:00.000Z,40,29178.222222222223,0.0,2.7723922777777776E7
2026-05-26T00:00:00.000Z,12,29487.36842105263,0.0,2.739031557894737E7
2026-05-26T00:00:00.000Z,14,29677.0,0.0,2.6632336666666668E7
2026-05-24T00:00:00.000Z,29,29373.88888888889,0.0,2.7103863555555556E7
2026-05-24T00:00:00.000Z,43,29343.53846153846,0.0,2.733461046153846E7
2026-05-24T00:00:00.000Z,25,29598.666666666668,1.3333333333333333,2.7309176E7
2026-05-26T00:00:00.000Z,9,29491.941176470587,0.0,2.738170717647059E7
2026-05-26T00:00:00.000Z,35,29435.0,0.0,2.6627684133333333E7
2026-05-26T00:00:00.000Z,15,29662.214285714286,0.0,2.705412114285714E7
2026-05-26T00:00:00.000Z,13,29573.0,0.0,2.6409602E7
2026-05-26T00:00:00.000Z,28,29585.521739130436,0.43478260869565216,2.5994657652173914E7
2026-05-25T00:00:00.000Z,11,29350.571428571428,0.0,2.713027857142857E7
2026-05-23T00:00:00.000Z,36,29295.0,0.0,2.746664325E7
2026-05-24T00:00:00.000Z,10,29485.375,0.0,2.5523608125E7
2026-05-23T00:00:00.000Z,43,29141.846153846152,0.0,2.7678987230769232E7
2026-05-25T00:00:00.000Z,43,29351.923076923078,0.0,2.7042458153846152E7
2026-05-24T00:00:00.000Z,39,29371.11111111111,0.0,2.6103385888888888E7
2026-05-24T00:00:00.000Z,9,29461.352941176472,0.0,2.558980211764706E7
2026-05-26T00:00:00.000Z,37,29435.6,0.4,2.57357536E7
2026-05-25T00:00:00.000Z,31,29380.88888888889,0.0,2.6565311777777776E7
2026-05-23T00:00:00.000Z,7,29376.882352941175,0.0,2.7299577411764707E7
2026-05-23T00:00:00.000Z,4,29404.125,0.0,2.736612375E7
2026-05-25T00:00:00.000Z,8,29425.88888888889,0.0,2.7253285333333332E7
2026-05-25T00:00:00.000Z,21,29493.0,0.0,2.7282836E7
2026-05-26T00:00:00.000Z,11,29487.85714285714,0.0,2.735569085714286E7
2026-05-26T00:00:00.000Z,34,29466.64285714286,0.2857142857142857,2.6370691285714287E7
2026-05-24T00:00:00.000Z,35,29342.333333333332,0.0,2.6755654E7
2026-05-25T00:00:00.000Z,25,29584.333333333332,0.0,2.6254937333333332E7
2026-05-23T00:00:00.000Z,3,29261.375,0.0,2.7332846E7
2026-05-26T00:00:00.000Z,24,29445.555555555555,0.8888888888888888,2.5508245555555556E7
2026-05-24T00:00:00.000Z,17,29605.0,0.0,2.6427998E7
2026-05-23T00:00:00.000Z,18,29490.0,0.0,2.7094084E7
2026-05-23T00:00:00.000Z,37,29183.1,0.0,2.74594444E7
2026-05-25T00:00:00.000Z,4,29529.625,0.0,2.7299439E7
2026-05-24T00:00:00.000Z,27,29542.666666666668,1.7777777777777777,2.7311763111111112E7
2026-05-24T00:00:00.000Z,31,29345.777777777777,0.0,2.7260070888888888E7
2026-05-24T00:00:00.000Z,34,29409.571428571428,0.7142857142857143,2.7546824285714287E7
2026-05-24T00:00:00.000Z,0,29496.333333333332,0.0,2.6569662E7
2026-05-23T00:00:00.000Z,39,29188.222222222223,0.0,2.7345808333333332E7
2026-05-30T00:00:00.000Z,31,29299.88888888889,40.888888888888886,2.4208471333333332E7
2026-05-30T00:00:00.000Z,19,29384.85714285714,163.0,2.260050957142857E7
2026-05-27T00:00:00.000Z,10,29421.375,14.4375,2.546844375E7
2026-05-27T00:00:00.000Z,18,29645.0,0.0,2.5073914E7
2026-05-27T00:00:00.000Z,42,29487.1,52.2,2.19038301E7
2026-05-29T00:00:00.000Z,30,29100.272727272728,0.0,2.8352848181818184E7
2026-05-27T00:00:00.000Z,14,29643.666666666668,0.0,2.4180647333333332E7
2026-05-30T00:00:00.000Z,8,29411.88888888889,107.88888888888889,2.2388186888888888E7
2026-05-28T00:00:00.000Z,31,29139.88888888889,0.0,2.745776E7
2026-05-27T00:00:00.000Z,20,29584.25,0.0,2.5009146E7
2026-05-28T00:00:00.000Z,36,29166.375,0.0,2.763324225E7
2026-05-28T00:00:00.000Z,40,29185.055555555555,0.05555555555555555,2.7962958666666668E7
2026-05-29T00:00:00.000Z,4,29421.0,0.0,2.813758975E7
2026-05-27T00:00:00.000Z,32,29527.363636363636,25.727272727272727,2.2554931818181816E7
2026-05-30T00:00:00.000Z,12,29378.105263157893,138.05263157894737,2.1780397157894738E7
2026-05-29T00:00:00.000Z,41,29329.777777777777,0.0,2.8886603333333332E7
2026-05-30T00:00:00.000Z,15,29523.0,201.42857142857142,2.2853923285714287E7
2026-05-30T00:00:00.000Z,39,29348.166666666668,80.83333333333333,2.2536274444444444E7
2026-05-28T00:00:00.000Z,39,29101.11111111111,0.0,2.7825093222222224E7
2026-05-29T00:00:00.000Z,0,29358.0,0.0,2.7974834E7
2026-05-28T00:00:00.000Z,21,29206.0,0.0,2.7841708E7
2026-05-28T00:00:00.000Z,22,29086.363636363636,0.0,2.7459473454545453E7
2026-05-29T00:00:00.000Z,17,29476.0,0.0,2.7785378E7
2026-05-29T00:00:00.000Z,11,29203.0,0.0,2.8283222285714287E7
2026-05-28T00:00:00.000Z,9,29067.764705882353,0.0,2.7937820352941178E7
2026-05-30T00:00:00.000Z,3,29370.25,60.75,2.2029032E7
2026-05-29T00:00:00.000Z,42,29196.85,0.0,2.91273896E7
2026-05-28T00:00:00.000Z,27,29320.444444444445,5.333333333333333,2.7575160666666668E7
2026-05-27T00:00:00.000Z,15,29634.571428571428,0.0,2.4463146714285713E7
2026-05-28T00:00:00.000Z,30,29080.272727272728,4.545454545454546,2.746789709090909E7
2026-05-27T00:00:00.000Z,34,29464.071428571428,4.428571428571429,2.421775242857143E7
2026-05-30T00:00:00.000Z,34,29304.428571428572,66.78571428571429,2.458388557142857E7
2026-05-29T00:00:00.000Z,1,29301.625,0.0,2.796241975E7
2026-05-30T00:00:00.000Z,41,29460.777777777777,30.22222222222222,2.4622478444444444E7
2026-05-28T00:00:00.000Z,1,29145.5,0.0,2.7651716E7
2026-05-27T00:00:00.000Z,13,29546.0,3.0,2.4388725E7
2026-05-27T00:00:00.000Z,22,29392.727272727272,1.6363636363636365,2.3316270363636363E7
2026-05-28T00:00:00.000Z,28,29254.260869565216,0.43478260869565216,2.7491297826086957E7
2026-05-30T00:00:00.000Z,21,29447.0,147.0,2.2760096E7
2026-05-27T00:00:00.000Z,9,29475.529411764706,1.1176470588235294,2.443007588235294E7
2026-05-27T00:00:00.000Z,37,29358.8,5.5,2.2577976E7
2026-05-28T00:00:00.000Z,7,29172.882352941175,0.0,2.805191282352941E7
2026-05-30T00:00:00.000Z,2,29389.2,102.4,2.21171976E7
2026-05-27T00:00:00.000Z,35,29366.066666666666,7.0,2.2174735733333334E7
2026-05-30T00:00:00.000Z,23,29440.5,141.0,2.2636938333333332E7
2026-05-27T00:00:00.000Z,30,29342.727272727272,6.0,2.386636490909091E7
2026-05-30T00:00:00.000Z,11,29343.428571428572,115.0,2.182659E7
2026-05-30T00:00:00.000Z,16,29459.777777777777,148.44444444444446,2.3391066444444444E7
2026-05-30T00:00:00.000Z,0,29406.0,124.66666666666667,2.2106758666666668E7
2026-05-28T00:00:00.000Z,10,29032.6875,0.0,2.77877815E7
2026-05-28T00:00:00.000Z,29,29120.666666666668,0.8888888888888888,2.7400140666666668E7
2026-05-29T00:00:00.000Z,27,29381.777777777777,0.0,2.8289332444444444E7
2026-05-30T00:00:00.000Z,10,29377.0625,144.9375,2.2610088E7
2026-05-28T00:00:00.000Z,42,29233.35,17.2,2.77236928E7
2026-05-30T00:00:00.000Z,28,29492.521739130436,64.78260869565217,2.390506643478261E7
2026-05-27T00:00:00.000Z,23,29541.0,0.3333333333333333,2.3559991E7
2026-05-27T00:00:00.000Z,39,29431.555555555555,3.7777777777777777,2.2192878111111112E7
2026-05-29T00:00:00.000Z,13,29346.5,0.0,2.7819986E7
2026-05-29T00:00:00.000Z,2,29300.6,0.0,2.82064128E7
2026-05-28T00:00:00.000Z,2,29158.8,0.0,2.77995688E7
2026-05-28T00:00:00.000Z,35,29053.133333333335,0.06666666666666667,2.7702374933333334E7
2026-05-29T00:00:00.000Z,26,29263.5,0.0,2.8293745625E7
2026-05-30T00:00:00.000Z,9,29376.58823529412,216.41176470588235,2.2105868588235293E7
2026-05-28T00:00:00.000Z,20,29219.125,0.0,2.795303375E7
2026-05-28T00:00:00.000Z,19,29090.35714285714,0.0,2.793770985714286E7
2026-05-28T00:00:00.000Z,25,29399.0,4.0,2.7553381333333332E7
2026-05-30T00:00:00.000Z,32,29430.636363636364,14.0,2.4825225636363637E7
2026-05-30T00:00:00.000Z,27,29468.0,64.66666666666667,2.4129986222222224E7
2026-05-30T00:00:00.000Z,14,29541.0,208.0,2.299859E7
2026-05-27T00:00:00.000Z,25,29664.666666666668,0.0,2.609262E7
2026-05-28T00:00:00.000Z,14,29313.666666666668,0.0,2.763204E7
2026-05-29T00:00:00.000Z,34,29245.5,0.0,2.843492414285714E7
2026-05-28T00:00:00.000Z,17,29221.0,0.0,2.799163E7
2026-05-29T00:00:00.000Z,7,29422.70588235294,0.0,2.810011976470588E7
2026-05-27T00:00:00.000Z,1,29453.0,0.375,2.2806343E7
2026-05-30T00:00:00.000Z,40,29388.833333333332,31.5,2.3529798888888888E7
2026-05-27T00:00:00.000Z,4,29579.125,0.5,2.322008175E7
2026-05-28T00:00:00.000Z,12,29075.894736842107,0.0,2.7901713789473683E7
2026-05-29T00:00:00.000Z,28,29332.260869565216,0.0,2.798087086956522E7
2026-05-27T00:00:00.000Z,8,29504.444444444445,2.7777777777777777,2.4807129333333332E7
2026-05-28T00:00:00.000Z,0,29183.0,0.0,2.7726375333333332E7
2026-05-27T00:00:00.000Z,36,29440.875,4.625,2.26027185E7
2026-05-29T00:00:00.000Z,38,29220.0,0.0,2.838275E7
2026-05-29T00:00:00.000Z,35,29143.733333333334,0.0,2.83874536E7
2026-05-29T00:00:00.000Z,19,29363.14285714286,0.0,2.785216057142857E7
2026-05-28T00:00:00.000Z,32,29340.545454545456,0.6363636363636364,2.7618841818181816E7
2026-05-29T00:00:00.000Z,31,29173.555555555555,0.0,2.8425749555555556E7
2026-05-28T00:00:00.000Z,37,29090.9,0.0,2.74787346E7
2026-05-29T00:00:00.000Z,9,29273.058823529413,0.0,2.8174828470588237E7
2026-05-29T00:00:00.000Z,24,29148.666666666668,0.0,2.7988150666666668E7
2026-05-27T00:00:00.000Z,7,29561.29411764706,0.0,2.4399387647058822E7
2026-05-28T00:00:00.000Z,24,29071.0,0.0,2.7417239555555556E7
2026-05-29T00:00:00.000Z,22,29230.363636363636,0.0,2.7761702363636363E7
2026-05-27T00:00:00.000Z,33,29561.0,0.1111111111111111,2.6278611333333332E7
2026-05-27T00:00:00.000Z,38,29479.0,1.0,2.1912746E7
2026-05-29T00:00:00.000Z,36,29270.875,0.0,2.82640795E7
2026-05-29T00:00:00.000Z,21,29391.0,0.0,2.7962602E7
2026-05-28T00:00:00.000Z,13,29201.0,0.0,2.7590597E7
2026-05-27T00:00:00.000Z,11,29470.0,0.0,2.2916755714285713E7
2026-05-27T00:00:00.000Z,29,29395.222222222223,5.555555555555555,2.3379160222222224E7
2026-05-28T00:00:00.000Z,41,29367.777777777777,1.8888888888888888,2.7729976666666668E7
2026-05-30T00:00:00.000Z,1,29353.0,110.75,2.25352385E7
2026-05-30T00:00:00.000Z,30,29220.545454545456,187.63636363636363,2.4329640363636363E7
2026-05-30T00:00:00.000Z,37,29298.1,42.9,2.35103132E7
2026-05-30T00:00:00.000Z,25,29555.666666666668,33.333333333333336,2.4088701333333332E7
2026-05-29T00:00:00.000Z,15,29501.785714285714,0.0,2.788062514285714E7
2026-05-30T00:00:00.000Z,22,29308.454545454544,149.36363636363637,2.2929786545454547E7
2026-05-27T00:00:00.000Z,0,29528.666666666668,0.3333333333333333,2.2810883333333332E7
2026-05-30T00:00:00.000Z,17,29478.0,124.0,2.2561976E7
2026-05-30T00:00:00.000Z,33,29398.666666666668,30.333333333333332,2.4330381111111112E7
2026-05-28T00:00:00.000Z,4,29231.375,0.0,2.795783175E7
2026-05-28T00:00:00.000Z,11,29071.14285714286,0.0,2.7811728285714287E7
2026-05-30T00:00:00.000Z,4,29452.875,132.0,2.221492075E7
2026-05-28T00:00:00.000Z,8,29090.555555555555,0.0,2.7995226E7
2026-05-27T00:00:00.000Z,12,29488.052631578947,0.0,2.378955452631579E7
2026-05-28T00:00:00.000Z,38,29143.0,0.0,2.780225E7
2026-05-29T00:00:00.000Z,10,29300.0625,0.0,2.7805142625E7
2026-05-27T00:00:00.000Z,26,29489.25,1.8125,2.5547994125E7
2026-05-30T00:00:00.000Z,35,29299.2,32.666666666666664,2.28085048E7
2026-05-29T00:00:00.000Z,39,29184.166666666668,0.0,2.8460219E7
2026-05-29T00:00:00.000Z,25,29468.666666666668,0.0,2.8247486666666668E7
2026-05-30T00:00:00.000Z,24,29275.11111111111,148.77777777777777,2.3600863555555556E7
2026-05-27T00:00:00.000Z,16,29557.444444444445,1.3333333333333333,2.4556559333333332E7
2026-05-28T00:00:00.000Z,16,29214.222222222223,0.0,2.758492E7
2026-05-27T00:00:00.000Z,19,29473.785714285714,0.0,2.5384282E7
2026-05-29T00:00:00.000Z,37,29172.0,0.0,2.82533802E7
2026-05-30T00:00:00.000Z,36,29382.0,39.875,2.320721275E7
2026-05-28T00:00:00.000Z,18,29313.0,0.0,2.776889E7
2026-05-28T00:00:00.000Z,15,29284.928571428572,0.0,2.7859974E7
2026-05-27T00:00:00.000Z,27,29594.11111111111,0.0,2.5712195777777776E7
2026-05-28T00:00:00.000Z,34,29271.285714285714,6.357142857142857,2.7252654714285713E7
2026-05-29T00:00:00.000Z,20,29467.0625,0.0,2.7831332375E7
2026-05-30T00:00:00.000Z,29,29306.333333333332,128.22222222222223,2.3948090222222224E7
2026-05-27T00:00:00.000Z,2,29502.6,0.0,2.2349362E7
2026-05-28T00:00:00.000Z,26,29258.875,5.375,2.7320500375E7
2026-05-29T00:00:00.000Z,16,29355.666666666668,0.0,2.7811996444444444E7
2026-05-27T00:00:00.000Z,40,29474.0,19.38888888888889,2.1844866555555556E7
2026-05-29T00:00:00.000Z,40,29198.11111111111,0.0,2.8895236444444444E7
2026-05-27T00:00:00.000Z,31,29373.777777777777,6.444444444444445,2.2704949555555556E7
2026-05-29T00:00:00.000Z,32,29317.272727272728,0.0,2.871894509090909E7
2026-05-30T00:00:00.000Z,38,29380.0,147.0,2.2327062E7
2026-05-29T00:00:00.000Z,23,29395.833333333332,0.0,2.7992916E7
2026-05-28T00:00:00.000Z,33,29354.444444444445,5.0,2.7125004222222224E7
2026-05-29T00:00:00.000Z,8,29338.0,0.0,2.8097726888888888E7
2026-05-30T00:00:00.000Z,18,29514.0,273.0,2.2267802E7
2026-05-27T00:00:00.000Z,41,29578.0,54.333333333333336,2.2224112666666668E7
2026-05-27T00:00:00.000Z,17,29595.0,0.0,2.5419084E7
2026-05-27T00:00:00.000Z,3,29481.375,0.0,2.280480525E7
2026-05-29T00:00:00.000Z,12,29240.842105263157,0.0,2.8285134210526317E7
2026-05-30T00:00:00.000Z,13,29440.5,160.5,2.3345984E7
2026-05-30T00:00:00.000Z,7,29448.058823529413,100.47058823529412,2.2409728588235293E7
2026-05-27T00:00:00.000Z,28,29570.130434782608,0.782608695652174,2.5186242695652176E7
2026-05-30T00:00:00.000Z,42,29341.35,51.6,2.44055752E7
2026-05-29T00:00:00.000Z,29,29181.555555555555,0.0,2.8159569555555556E7
2026-05-27T00:00:00.000Z,21,29540.0,0.0,2.3691942E7
2026-05-29T00:00:00.000Z,14,29497.666666666668,0.0,2.7752912666666668E7
2026-05-28T00:00:00.000Z,3,29106.5,0.0,2.789224825E7
2026-05-30T00:00:00.000Z,26,29338.6875,56.0625,2.4267723875E7
2026-05-27T00:00:00.000Z,24,29376.11111111111,8.88888888888889,2.3644420444444444E7
2026-05-30T00:00:00.000Z,20,29469.6875,148.875,2.2561510625E7
2026-05-28T00:00:00.000Z,23,29208.666666666668,0.0,2.7861458666666668E7
2026-05-29T00:00:00.000Z,3,29244.625,0.0,2.8376833E7
2026-05-29T00:00:00.000Z,18,29569.0,0.0,2.7535328E7
2026-05-29T00:00:00.000Z,33,29341.222222222223,0.0,2.8326343111111112E7
2026-04-06T00:00:00.000Z,2,28263.4,0.0,2.01640508E7
2026-04-08T00:00:00.000Z,42,28296.55,0.0,2.21436031E7
2026-04-06T00:00:00.000Z,19,28134.214285714286,0.0,1.9896076714285713E7
2026-04-06T00:00:00.000Z,0,28262.333333333332,0.0,2.0080676E7
2026-04-05T00:00:00.000Z,5,28574.81818181818,0.0,1.7701506181818184E7
2026-04-08T00:00:00.000Z,37,28337.5,0.0,2.17858924E7
2026-04-07T00:00:00.000Z,32,28426.81818181818,0.0,2.1045075818181816E7
2026-04-08T00:00:00.000Z,2,28336.8,0.0,2.16449344E7
2026-04-07T00:00:00.000Z,30,28347.636363636364,0.0,2.097456090909091E7
2026-04-05T00:00:00.000Z,40,28555.444444444445,66.0,1.8887066555555556E7
2026-04-05T00:00:00.000Z,10,28535.9375,0.25,1.622661625E7
2026-04-08T00:00:00.000Z,9,28211.647058823528,0.0,2.162300317647059E7
2026-04-08T00:00:00.000Z,1,28363.5,0.0,2.146752375E7
2026-04-08T00:00:00.000Z,27,28613.88888888889,0.0,2.1641471333333332E7
2026-04-05T00:00:00.000Z,24,28499.11111111111,15.333333333333334,1.8633569777777776E7
2026-04-05T00:00:00.000Z,29,28542.555555555555,18.555555555555557,1.8752873555555556E7
2026-04-06T00:00:00.000Z,3,28202.375,0.0,2.0270929E7
2026-04-07T00:00:00.000Z,13,28378.0,0.0,2.0610508E7
2026-04-06T00:00:00.000Z,11,28152.14285714286,0.0,1.996993257142857E7
2026-04-05T00:00:00.000Z,12,28544.0,6.473684210526316,1.791107347368421E7
2026-04-07T00:00:00.000Z,41,28427.222222222223,0.0,2.1051957333333332E7
2026-04-05T00:00:00.000Z,30,28490.727272727272,43.18181818181818,1.8927994363636363E7
2026-04-08T00:00:00.000Z,3,28274.5,0.0,2.173385425E7
2026-04-07T00:00:00.000Z,23,28366.833333333332,0.0,2.0720078E7
2026-04-06T00:00:00.000Z,29,28250.444444444445,0.3333333333333333,2.0028285333333332E7
2026-04-05T00:00:00.000Z,2,28633.8,4.4,1.81346036E7
2026-04-08T00:00:00.000Z,41,28406.11111111111,0.0,2.1964285555555556E7
2026-04-05T00:00:00.000Z,36,28620.375,15.75,1.849970675E7
2026-04-06T00:00:00.000Z,17,28223.0,0.0,1.9644464E7
2026-04-08T00:00:00.000Z,32,28415.909090909092,0.0,2.1933980727272727E7
2026-04-06T00:00:00.000Z,15,28318.5,0.0,1.9845693285714287E7
2026-04-05T00:00:00.000Z,14,28676.0,0.0,1.7663786E7
2026-04-07T00:00:00.000Z,3,28264.375,0.0,2.0810401E7
2026-04-06T00:00:00.000Z,36,28318.625,0.0,2.0071915E7
2026-04-05T00:00:00.000Z,35,28540.8,28.133333333333333,1.8389808666666668E7
2026-04-07T00:00:00.000Z,37,28303.4,0.0,2.08238908E7
2026-04-07T00:00:00.000Z,10,28167.1875,0.0,2.0416184875E7
2026-04-06T00:00:00.000Z,43,28226.23076923077,14.076923076923077,1.9539690307692308E7
2026-04-08T00:00:00.000Z,19,28308.14285714286,0.0,2.144733542857143E7
2026-04-07T00:00:00.000Z,1,28293.875,0.0,2.064438775E7
2026-04-06T00:00:00.000Z,37,28237.9,0.4,2.00587736E7
2026-04-05T00:00:00.000Z,33,28659.88888888889,85.11111111111111,1.8613098E7
2026-04-07T00:00:00.000Z,17,28347.0,0.0,2.0553712E7
2026-04-06T00:00:00.000Z,22,28210.18181818182,0.0,1.9917259454545453E7
2026-04-08T00:00:00.000Z,21,28467.0,0.0,2.1485814E7
2026-04-06T00:00:00.000Z,9,28109.823529411766,0.0,2.031277411764706E7
2026-04-06T00:00:00.000Z,40,28254.722222222223,16.055555555555557,1.9144808555555556E7
2026-04-06T00:00:00.000Z,31,28230.555555555555,4.333333333333333,1.9919349777777776E7
2026-04-07T00:00:00.000Z,5,28258.18181818182,0.0,2.0796840363636363E7
2026-04-07T00:00:00.000Z,21,28374.0,0.0,2.070172E7
2026-04-05T00:00:00.000Z,4,28644.25,0.0,1.77555525E7
2026-04-06T00:00:00.000Z,35,28198.533333333333,1.5333333333333334,2.0092124933333334E7
2026-04-08T00:00:00.000Z,16,28468.0,0.0,2.1379436666666668E7
2026-04-05T00:00:00.000Z,13,28581.0,3.0,1.8145883E7
2026-04-08T00:00:00.000Z,40,28206.166666666668,0.0,2.2076073333333332E7
2026-04-08T00:00:00.000Z,31,28317.666666666668,0.0,2.1900105333333332E7
2026-04-05T00:00:00.000Z,7,28588.41176470588,0.0,1.698785223529412E7
2026-04-05T00:00:00.000Z,8,28550.88888888889,0.0,1.6817932333333332E7
2026-04-07T00:00:00.000Z,4,28352.25,0.0,2.07995315E7
2026-04-05T00:00:00.000Z,32,28558.727272727272,45.81818181818182,1.903159509090909E7
2026-04-08T00:00:00.000Z,39,28195.833333333332,0.0,2.1778320111111112E7
2026-04-06T00:00:00.000Z,33,28408.222222222223,7.777777777777778,1.9594998444444444E7
2026-04-05T00:00:00.000Z,1,28576.25,0.0,1.814058375E7
2026-04-05T00:00:00.000Z,20,28557.0625,0.5,1.62219454375E7
2026-04-07T00:00:00.000Z,22,28272.909090909092,0.0,2.0548405272727273E7
2026-04-08T00:00:00.000Z,29,28403.555555555555,0.0,2.1612622888888888E7
2026-04-07T00:00:00.000Z,26,28421.9375,0.0,2.111060075E7
2026-04-08T00:00:00.000Z,38,28172.0,0.0,2.1666796E7
2026-04-07T00:00:00.000Z,19,28234.64285714286,0.0,2.055554514285714E7
2026-04-06T00:00:00.000Z,8,28129.0,0.0,2.0223958444444444E7
2026-04-06T00:00:00.000Z,5,28183.909090909092,0.0,2.0309459272727273E7
2026-04-07T00:00:00.000Z,12,28185.57894736842,0.0,2.0732639263157893E7
2026-04-06T00:00:00.000Z,10,28115.9375,0.0,1.9863175125E7
2026-04-06T00:00:00.000Z,28,28337.695652173912,0.391304347826087,2.022139895652174E7
2026-04-07T00:00:00.000Z,16,28383.222222222223,0.0,2.0636277555555556E7
2026-04-05T00:00:00.000Z,17,28549.0,1.0,1.5800503E7
2026-04-08T00:00:00.000Z,4,28423.0,0.0,2.164650925E7
2026-04-07T00:00:00.000Z,29,28358.444444444445,0.0,2.0727350444444444E7
2026-04-07T00:00:00.000Z,42,28347.0,0.0,2.11828099E7
2026-04-08T00:00:00.000Z,24,28391.222222222223,0.0,2.1451856222222224E7
2026-04-08T00:00:00.000Z,35,28242.2,0.0,2.18181808E7
2026-04-08T00:00:00.000Z,36,28415.125,0.0,2.1668182E7
2026-04-06T00:00:00.000Z,38,28247.0,1.0,1.9372284E7
2026-04-08T00:00:00.000Z,13,28462.0,0.0,2.1370575E7
2026-04-05T00:00:00.000Z,0,28615.666666666668,1.3333333333333333,1.7797718E7
2026-04-05T00:00:00.000Z,31,28501.333333333332,27.333333333333332,1.8897504888888888E7
2026-04-05T00:00:00.000Z,23,28624.0,0.0,1.7811831E7
2026-04-07T00:00:00.000Z,2,28300.0,0.0,2.0760496E7
2026-04-07T00:00:00.000Z,33,28492.222222222223,0.0,2.1065936222222224E7
2026-04-07T00:00:00.000Z,7,28319.647058823528,0.0,2.0765631411764707E7
2026-04-07T00:00:00.000Z,11,28188.571428571428,0.0,2.0725616285714287E7
2026-04-06T00:00:00.000Z,30,28208.909090909092,3.1818181818181817,2.016288709090909E7
2026-04-08T00:00:00.000Z,10,28211.5625,0.0,2.1314111625E7
2026-04-08T00:00:00.000Z,0,28368.666666666668,0.0,2.1502751333333332E7
2026-04-06T00:00:00.000Z,1,28258.25,0.0,2.004707175E7
2026-04-06T00:00:00.000Z,21,28308.0,0.0,2.0025096E7
2026-04-07T00:00:00.000Z,18,28371.0,0.0,2.0400448E7
2026-04-07T00:00:00.000Z,28,28438.08695652174,0.0,2.0764148086956523E7
2026-04-07T00:00:00.000Z,35,28238.933333333334,0.0,2.0832418E7
2026-04-07T00:00:00.000Z,43,28280.384615384617,0.0,2.1007634615384616E7
2026-04-05T00:00:00.000Z,37,28535.6,17.9,1.8675777E7
2026-04-07T00:00:00.000Z,27,28509.11111111111,0.0,2.1028019111111112E7
2026-04-08T00:00:00.000Z,26,28501.6875,0.0,2.17093765E7
2026-04-05T00:00:00.000Z,21,28625.0,0.0,1.782306E7
2026-04-05T00:00:00.000Z,26,28589.25,27.5625,1.8736494375E7
2026-04-07T00:00:00.000Z,8,28210.0,0.0,2.0666864888888888E7
2026-04-06T00:00:00.000Z,26,28323.875,5.75,2.004168275E7
2026-04-06T00:00:00.000Z,7,28216.117647058825,0.0,2.0204309647058822E7
2026-04-05T00:00:00.000Z,15,28636.714285714286,0.0,1.710871007142857E7
2026-04-07T00:00:00.000Z,34,28477.85714285714,0.0,2.1079400285714287E7
2026-04-06T00:00:00.000Z,4,28299.375,0.0,2.0226154E7
2026-04-05T00:00:00.000Z,39,28563.38888888889,24.555555555555557,1.8458475777777776E7
2026-04-07T00:00:00.000Z,20,28346.5,0.0,2.0595248375E7
2026-04-08T00:00:00.000Z,18,28469.0,0.0,2.1243684E7
2026-04-08T00:00:00.000Z,22,28353.727272727272,0.0,2.133607909090909E7
2026-04-05T00:00:00.000Z,42,28539.95,102.15,1.92492016E7
2026-04-08T00:00:00.000Z,33,28577.333333333332,0.0,2.1630737555555556E7
2026-04-07T00:00:00.000Z,15,28416.571428571428,0.0,2.063268457142857E7
2026-04-08T00:00:00.000Z,7,28390.0,0.0,2.166226976470588E7
2026-04-08T00:00:00.000Z,15,28507.285714285714,0.0,2.143894914285714E7
2026-04-07T00:00:00.000Z,36,28370.125,0.0,2.073032775E7
2026-04-07T00:00:00.000Z,31,28309.333333333332,0.0,2.0948760444444444E7
2026-04-05T00:00:00.000Z,25,28726.333333333332,2.0,1.8660726666666668E7
2026-04-05T00:00:00.000Z,34,28567.571428571428,143.85714285714286,1.882515142857143E7
2026-04-08T00:00:00.000Z,30,28385.454545454544,0.0,2.180945909090909E7
2026-04-07T00:00:00.000Z,14,28454.666666666668,0.0,2.049306E7
2026-04-07T00:00:00.000Z,39,28235.277777777777,0.0,2.0799545333333332E7
2026-04-07T00:00:00.000Z,9,28179.41176470588,0.0,2.069137929411765E7
2026-04-05T00:00:00.000Z,11,28558.714285714286,16.714285714285715,1.840661885714286E7
2026-04-08T00:00:00.000Z,11,28130.285714285714,0.0,2.162527314285714E7
2026-04-08T00:00:00.000Z,20,28434.3125,0.0,2.14537905E7
2026-04-08T00:00:00.000Z,17,28433.0,0.0,2.141564E7
2026-04-06T00:00:00.000Z,24,28207.11111111111,0.0,2.0048457555555556E7
2026-04-07T00:00:00.000Z,24,28323.11111111111,0.0,2.0615413555555556E7
2026-04-08T00:00:00.000Z,8,28262.88888888889,0.0,2.1592742222222224E7
2026-04-07T00:00:00.000Z,38,28244.0,0.0,2.0698618E7
2026-04-06T00:00:00.000Z,27,28392.88888888889,0.7777777777777778,2.0377384E7
2026-04-06T00:00:00.000Z,42,28298.45,58.1,1.78968478E7
2026-04-05T00:00:00.000Z,3,28593.25,10.5,1.816500825E7
2026-04-05T00:00:00.000Z,27,28678.11111111111,4.444444444444445,1.8678549555555556E7
2026-04-05T00:00:00.000Z,19,28493.428571428572,0.7857142857142857,1.6257329E7
2026-04-05T00:00:00.000Z,16,28593.222222222223,2.3333333333333335,1.8223082888888888E7
2026-04-07T00:00:00.000Z,25,28532.333333333332,0.0,2.1073809333333332E7
2026-04-07T00:00:00.000Z,0,28307.666666666668,0.0,2.0657273333333332E7
2026-04-06T00:00:00.000Z,20,28231.875,0.0,1.9757197625E7
2026-04-06T00:00:00.000Z,13,28289.5,0.0,1.9905934E7
2026-04-06T00:00:00.000Z,25,28433.0,1.0,2.0419616666666668E7
2026-04-05T00:00:00.000Z,38,28600.0,17.0,1.8580176E7
2026-04-08T00:00:00.000Z,25,28644.0,0.0,2.1622636E7
2026-04-08T00:00:00.000Z,14,28542.0,0.0,2.1256035333333332E7
2026-04-07T00:00:00.000Z,40,28262.11111111111,0.0,2.1048351333333332E7
2026-04-05T00:00:00.000Z,9,28531.117647058825,0.0,1.731536917647059E7
2026-04-05T00:00:00.000Z,22,28506.636363636364,1.6363636363636365,1.8216216545454547E7
2026-04-06T00:00:00.000Z,32,28345.636363636364,30.0,1.9157439818181816E7
2026-04-05T00:00:00.000Z,28,28646.652173913044,9.0,1.8691826E7
2026-04-05T00:00:00.000Z,43,28491.46153846154,73.15384615384616,1.8767755846153848E7
2026-04-06T00:00:00.000Z,39,28216.38888888889,1.6111111111111112,1.9782237555555556E7
2026-04-08T00:00:00.000Z,28,28523.260869565216,0.0,2.145679304347826E7
2026-04-06T00:00:00.000Z,23,28307.333333333332,0.0,2.0069265E7
2026-04-06T00:00:00.000Z,41,28358.333333333332,55.22222222222222,1.8103174222222224E7
2026-04-05T00:00:00.000Z,41,28546.777777777777,93.22222222222223,1.8970086E7
2026-04-06T00:00:00.000Z,34,28358.35714285714,27.642857142857142,1.9659371714285713E7
2026-04-08T00:00:00.000Z,12,28189.105263157893,0.0,2.1637024842105262E7
2026-04-06T00:00:00.000Z,16,28297.777777777777,0.0,1.9956293555555556E7
2026-04-08T00:00:00.000Z,34,28510.5,0.0,2.1761234285714287E7
2026-04-05T00:00:00.000Z,18,28575.0,0.0,1.5305305E7
2026-04-06T00:00:00.000Z,12,28128.473684210527,0.0,2.036536010526316E7
2026-04-06T00:00:00.000Z,18,28273.0,0.0,1.9383864E7
2026-04-06T00:00:00.000Z,14,28369.666666666668,0.0,1.9752499333333332E7
2026-04-08T00:00:00.000Z,23,28454.166666666668,0.0,2.1516910333333332E7
2026-01-01T00:00:00.000Z,0,27244.666666666668,7.0,4097133.3333333335
2026-01-01T00:00:00.000Z,35,27042.733333333334,1.0,5088305.533333333
2026-01-01T00:00:00.000Z,26,26961.0,1.5,5478922.8125
2026-01-02T00:00:00.000Z,29,27163.444444444445,517.3333333333334,2840189.777777778
2026-01-02T00:00:00.000Z,15,27379.071428571428,792.7857142857143,2378574.5714285714
2026-01-02T00:00:00.000Z,8,27273.222222222223,727.7777777777778,2947474.0
2026-01-01T00:00:00.000Z,10,27272.625,79.5625,1863137.625
2026-01-01T00:00:00.000Z,40,26921.11111111111,0.0,5233244.0
2026-01-01T00:00:00.000Z,1,27176.25,5.5,4407959.75
2026-01-02T00:00:00.000Z,18,27398.0,462.0,2670242.0
2026-01-02T00:00:00.000Z,33,27269.444444444445,556.3333333333334,1521587.4444444445
2026-01-01T00:00:00.000Z,42,26925.5,0.0,5275165.5
2026-01-02T00:00:00.000Z,32,27250.363636363636,359.1818181818182,2503905.1818181816
2026-01-01T00:00:00.000Z,11,27119.0,2.7142857142857144,4667011.428571428
2026-01-02T00:00:00.000Z,38,27253.0,375.0,2701182.0
2026-01-02T00:00:00.000Z,40,27177.944444444445,473.6111111111111,2616318.222222222
2026-01-02T00:00:00.000Z,12,27244.263157894737,486.0,3103078.0
2026-01-02T00:00:00.000Z,27,27255.555555555555,570.3333333333334,2037112.0
2026-01-02T00:00:00.000Z,0,27341.0,441.3333333333333,2821683.6666666665
2026-01-01T00:00:00.000Z,27,27088.444444444445,1.8888888888888888,5109028.444444444
2026-01-02T00:00:00.000Z,34,27184.714285714286,567.1428571428571,1994509.357142857
2026-01-01T00:00:00.000Z,21,27240.0,16.0,3704829.0
2026-01-02T00:00:00.000Z,37,27192.2,400.3,3009325.1
2026-01-02T00:00:00.000Z,30,27081.909090909092,554.9090909090909,2811155.6363636362
2026-01-01T00:00:00.000Z,24,27016.777777777777,5.555555555555555,4712183.0
2026-01-02T00:00:00.000Z,43,27147.23076923077,362.84615384615387,2828486.4615384615
2026-01-01T00:00:00.000Z,23,27248.0,14.0,3696595.1666666665
2026-01-02T00:00:00.000Z,10,27285.375,441.875,3245344.3125
2026-01-02T00:00:00.000Z,24,27127.88888888889,649.5555555555555,2655490.5555555555
2026-01-02T00:00:00.000Z,4,27367.5,479.0,2687214.625
2026-01-01T00:00:00.000Z,7,27282.41176470588,66.11764705882354,2583018.588235294
2026-01-02T00:00:00.000Z,13,27274.5,705.5,2206288.0
2026-01-02T00:00:00.000Z,21,27313.0,794.0,2565474.0
2026-01-02T00:00:00.000Z,26,27200.0,539.25,1986394.8125
2026-01-01T00:00:00.000Z,37,27004.0,1.0,5177409.2
2026-01-01T00:00:00.000Z,38,27065.0,0.0,4952036.0
2026-01-01T00:00:00.000Z,41,26997.11111111111,0.0,5234868.555555556
2026-01-01T00:00:00.000Z,43,26897.076923076922,0.23076923076923078,5336817.615384615
2026-01-01T00:00:00.000Z,32,26942.363636363636,0.0,5304963.0
2026-01-01T00:00:00.000Z,28,27124.347826086956,6.260869565217392,4472602.173913044
2026-01-01T00:00:00.000Z,17,27333.0,96.0,1787137.0
2026-01-01T00:00:00.000Z,5,27234.0,11.545454545454545,3837307.3636363638
2026-01-02T00:00:00.000Z,1,27283.0,443.375,2833734.75
2026-01-01T00:00:00.000Z,39,27042.88888888889,0.6111111111111112,4984125.666666667
2026-01-02T00:00:00.000Z,22,27192.363636363636,643.5454545454545,2689361.3636363638
2026-01-02T00:00:00.000Z,28,27276.08695652174,534.8695652173913,2049168.4347826086
2026-01-01T00:00:00.000Z,29,26996.222222222223,2.111111111111111,5012985.333333333
2026-01-02T00:00:00.000Z,35,27210.4,366.93333333333334,2948148.6
2026-01-01T00:00:00.000Z,22,27099.090909090908,12.636363636363637,4324787.909090909
2026-01-01T00:00:00.000Z,31,26886.88888888889,0.7777777777777778,5415701.0
2026-01-02T00:00:00.000Z,9,27228.117647058825,695.1764705882352,3104513.6470588236
2026-01-01T00:00:00.000Z,30,26910.18181818182,1.7272727272727273,5389804.2727272725
2026-01-02T00:00:00.000Z,11,27242.714285714286,341.7142857142857,2929569.0
2026-01-01T00:00:00.000Z,4,27288.875,9.5,3723608.5
2026-01-02T00:00:00.000Z,5,27317.18181818182,505.0,2878937.4545454546
2026-01-01T00:00:00.000Z,19,27232.85714285714,106.35714285714286,1789534.7142857143
2026-01-01T00:00:00.000Z,34,26921.5,1.0,5495686.642857143
2026-01-01T00:00:00.000Z,36,27140.375,1.25,4882136.75
2026-01-01T00:00:00.000Z,8,27236.11111111111,66.88888888888889,2376444.6666666665
2026-01-02T00:00:00.000Z,36,27289.75,407.0,2860086.75
2026-01-02T00:00:00.000Z,19,27250.285714285714,679.5714285714286,2813261.6428571427
2026-01-01T00:00:00.000Z,33,27005.11111111111,1.1111111111111112,5468187.222222222
2026-01-01T00:00:00.000Z,9,27179.823529411766,49.05882352941177,3036873.8235294116
2026-01-01T00:00:00.000Z,13,27190.0,28.5,3792150.0
2026-01-02T00:00:00.000Z,2,27352.8,371.4,2875447.4
2026-01-02T00:00:00.000Z,31,27144.555555555555,376.0,3020520.111111111
2026-01-02T00:00:00.000Z,17,27338.0,592.0,2622118.0
2026-01-02T00:00:00.000Z,41,27276.555555555555,433.55555555555554,2244370.0
2026-01-01T00:00:00.000Z,20,27313.6875,88.375,2089078.3125
2026-01-01T00:00:00.000Z,3,27183.125,3.0,4698370.125
2026-01-02T00:00:00.000Z,39,27216.833333333332,372.94444444444446,2794381.4444444445
2026-01-01T00:00:00.000Z,25,27121.0,1.6666666666666667,5167170.333333333
2026-01-02T00:00:00.000Z,42,27188.75,606.0,2265332.85
2026-01-02T00:00:00.000Z,23,27320.333333333332,696.6666666666666,2584773.0
2026-01-02T00:00:00.000Z,20,27334.1875,698.5625,2516934.8125
2026-01-02T00:00:00.000Z,16,27282.555555555555,698.6666666666666,2158468.222222222
2026-01-01T00:00:00.000Z,18,27403.0,59.0,2014338.0
2026-01-01T00:00:00.000Z,16,27192.222222222223,25.555555555555557,3797605.888888889
2026-01-02T00:00:00.000Z,25,27320.0,484.3333333333333,1977539.0
2026-01-01T00:00:00.000Z,14,27311.0,25.0,3369093.3333333335
2026-01-01T00:00:00.000Z,12,27171.052631578947,15.210526315789474,3951576.8947368423
2026-01-02T00:00:00.000Z,7,27323.235294117647,836.0,2683436.470588235
2026-01-02T00:00:00.000Z,14,27378.666666666668,754.0,2136982.6666666665
2026-01-01T00:00:00.000Z,15,27328.071428571428,53.57142857142857,2933743.785714286
2026-01-01T00:00:00.000Z,2,27224.2,2.2,4686233.0
2026-01-02T00:00:00.000Z,3,27298.875,389.25,2919034.0
2026-01-20T00:00:00.000Z,18,27186.0,0.0,4980578.0
2026-01-20T00:00:00.000Z,38,27085.0,0.0,6283104.0
2026-01-21T00:00:00.000Z,20,27102.4375,0.0,5821094.0
2026-01-20T00:00:00.000Z,17,27147.0,0.0,5372788.0
2026-01-20T00:00:00.000Z,40,27101.88888888889,0.0,6372177.166666667
2026-01-21T00:00:00.000Z,3,27131.125,0.0,6337121.125
2026-01-19T00:00:00.000Z,9,27233.764705882353,1.9411764705882353,5369661.882352941
2026-01-21T00:00:00.000Z,35,27050.8,0.0,6540522.8
2026-01-22T00:00:00.000Z,10,26838.8125,0.0,6034685.125
2026-01-22T00:00:00.000Z,24,27242.333333333332,0.6666666666666666,5419844.111111111
2026-01-19T00:00:00.000Z,32,27175.18181818182,13.0,6154625.090909091
2026-01-20T00:00:00.000Z,11,26997.85714285714,0.0,6240378.714285715
2026-01-22T00:00:00.000Z,30,27141.909090909092,1.0909090909090908,5855318.7272727275
2026-01-21T00:00:00.000Z,16,27211.777777777777,0.0,6075806.0
2026-01-20T00:00:00.000Z,22,27185.909090909092,0.0,6064736.7272727275
2026-01-22T00:00:00.000Z,21,27165.0,0.0,5459356.0
2026-01-20T00:00:00.000Z,4,27235.375,0.0,6044269.375
2026-01-19T00:00:00.000Z,34,27205.35714285714,71.07142857142857,6457993.214285715
2026-01-19T00:00:00.000Z,24,27314.88888888889,31.666666666666668,5748808.0
2026-01-20T00:00:00.000Z,37,27130.2,0.0,6476642.9
2026-01-22T00:00:00.000Z,17,27068.0,0.0,5559506.0
2026-01-19T00:00:00.000Z,5,27223.272727272728,11.181818181818182,5456463.2727272725
2026-01-19T00:00:00.000Z,7,27241.117647058825,0.23529411764705882,5379900.235294118
2026-01-20T00:00:00.000Z,7,27168.117647058825,0.0,5915144.882352941
2026-01-21T00:00:00.000Z,24,27184.555555555555,0.0,6293326.111111111
2026-01-19T00:00:00.000Z,15,27316.714285714286,2.4285714285714284,5146887.785714285
2026-01-20T00:00:00.000Z,1,27189.5,0.0,6129696.375
2026-01-21T00:00:00.000Z,13,27210.5,0.0,6045858.5
2026-01-19T00:00:00.000Z,1,27260.25,48.625,5571323.125
2026-01-20T00:00:00.000Z,5,27146.363636363636,0.0,6139234.090909091
2026-01-19T00:00:00.000Z,3,27226.25,5.625,5503368.375
2026-01-19T00:00:00.000Z,42,27094.5,9.3,6159675.1
2026-01-22T00:00:00.000Z,22,27161.18181818182,0.0,5502475.363636363
2026-01-21T00:00:00.000Z,11,26949.285714285714,0.0,6353811.857142857
2026-01-21T00:00:00.000Z,4,27187.75,0.0,6151380.375
2026-01-22T00:00:00.000Z,26,27197.375,1.4375,4613226.0625
2026-01-19T00:00:00.000Z,40,27109.833333333332,6.166666666666667,5986783.611111111
2026-01-19T00:00:00.000Z,31,27140.0,11.444444444444445,6187935.888888889
2026-01-19T00:00:00.000Z,39,27119.88888888889,1.5555555555555556,5729184.0
2026-01-22T00:00:00.000Z,43,26976.69230769231,0.0,6544180.307692308
2026-01-22T00:00:00.000Z,16,27184.88888888889,0.0,4927990.0
2026-01-19T00:00:00.000Z,26,27247.0,73.6875,6426652.1875
2026-01-22T00:00:00.000Z,32,27139.18181818182,0.0,6222239.7272727275
2026-01-19T00:00:00.000Z,19,27170.928571428572,0.14285714285714285,5371354.571428572
2026-01-20T00:00:00.000Z,39,27094.0,0.0,6264217.777777778
2026-01-22T00:00:00.000Z,12,26833.052631578947,0.0,6325295.578947368
2026-01-19T00:00:00.000Z,16,27312.666666666668,2.4444444444444446,5641021.444444444
2026-01-20T00:00:00.000Z,29,27207.333333333332,0.0,6366106.0
2026-01-20T00:00:00.000Z,31,27091.88888888889,0.0,6675023.777777778
2026-01-22T00:00:00.000Z,19,26974.0,0.0,5853129.142857143
2026-01-21T00:00:00.000Z,15,27193.35714285714,0.0,5913823.857142857
2026-01-21T00:00:00.000Z,2,27170.4,0.0,6313145.8
2026-01-21T00:00:00.000Z,40,27039.444444444445,0.0,6604658.611111111
2026-01-22T00:00:00.000Z,20,27067.1875,0.0,5510761.0625
2026-01-20T00:00:00.000Z,20,27150.125,0.0,5453056.4375
2026-01-22T00:00:00.000Z,36,27207.125,0.0,5991975.875
2026-01-22T00:00:00.000Z,35,27030.333333333332,0.0,6367080.866666666
2026-01-19T00:00:00.000Z,37,27215.2,30.5,5941842.1
2026-01-20T00:00:00.000Z,36,27204.875,0.0,6216785.875
2026-01-19T00:00:00.000Z,35,27156.0,2.1333333333333333,5752621.6
2026-01-20T00:00:00.000Z,12,27104.736842105263,0.0,6098869.421052632
2026-01-19T00:00:00.000Z,43,27058.0,7.923076923076923,6066474.076923077
2026-01-21T00:00:00.000Z,39,27032.833333333332,0.0,6455224.444444444
2026-01-20T00:00:00.000Z,42,27037.6,0.0,6434571.15
2026-01-19T00:00:00.000Z,0,27252.666666666668,22.0,5506724.0
2026-01-22T00:00:00.000Z,18,27115.0,0.0,5382669.0
2026-01-22T00:00:00.000Z,8,26908.222222222223,0.0,6039124.0
2026-01-21T00:00:00.000Z,9,27058.764705882353,0.0,6120670.764705882
2026-01-20T00:00:00.000Z,23,27242.333333333332,0.0,5939609.666666667
2026-01-21T00:00:00.000Z,18,27120.0,0.0,5649068.0
2026-01-19T00:00:00.000Z,22,27264.090909090908,35.81818181818182,5662529.636363637
2026-01-22T00:00:00.000Z,3,27036.125,0.0,6273855.875
2026-01-22T00:00:00.000Z,40,26970.777777777777,0.0,6537637.222222222
2026-01-19T00:00:00.000Z,4,27280.375,20.5,5450622.0
2026-01-20T00:00:00.000Z,33,27187.0,0.0,6476887.777777778
2026-01-21T00:00:00.000Z,0,27155.333333333332,0.0,6226357.0
2026-01-22T00:00:00.000Z,14,27222.666666666668,0.0,4971280.666666667
2026-01-22T00:00:00.000Z,4,27111.625,0.0,5786473.625
2026-01-19T00:00:00.000Z,13,27321.0,5.5,5545765.0
2026-01-19T00:00:00.000Z,27,27380.666666666668,70.22222222222223,6206621.666666667
2026-01-22T00:00:00.000Z,7,27025.764705882353,0.0,5843274.529411765
2026-01-19T00:00:00.000Z,28,27339.608695652172,11.130434782608695,5995462.130434782
2026-01-19T00:00:00.000Z,21,27315.0,17.0,5493128.0
2026-01-19T00:00:00.000Z,2,27272.6,21.8,5515126.4
2026-01-21T00:00:00.000Z,30,27092.636363636364,0.0,6847082.090909091
2026-01-21T00:00:00.000Z,10,27004.1875,0.0,5955350.5
2026-01-22T00:00:00.000Z,38,26908.0,0.0,6495046.0
2026-01-22T00:00:00.000Z,41,27117.222222222223,0.0,6354345.666666667
2026-01-19T00:00:00.000Z,8,27213.333333333332,2.2222222222222223,5365645.333333333
2026-01-21T00:00:00.000Z,12,27030.42105263158,0.0,6216035.368421053
2026-01-21T00:00:00.000Z,19,27059.64285714286,0.0,5933291.714285715
2026-01-22T00:00:00.000Z,37,27124.9,0.0,6230141.5
2026-01-20T00:00:00.000Z,9,27136.0,0.0,5993889.823529412
2026-01-20T00:00:00.000Z,3,27152.375,0.0,6198518.375
2026-01-19T00:00:00.000Z,25,27387.666666666668,52.0,6271166.333333333
2026-01-22T00:00:00.000Z,11,26784.85714285714,0.0,6462525.571428572
2026-01-19T00:00:00.000Z,36,27299.25,41.375,5659685.625
2026-01-22T00:00:00.000Z,39,26962.11111111111,0.0,6426223.444444444
2026-01-21T00:00:00.000Z,26,27172.0625,0.0,6748660.8125
2026-01-20T00:00:00.000Z,41,27136.333333333332,0.0,6386568.0
2026-01-22T00:00:00.000Z,34,27097.64285714286,1.0,5110210.857142857
2026-01-21T00:00:00.000Z,37,27084.3,0.0,6640584.0
2026-01-21T00:00:00.000Z,31,27022.444444444445,0.0,6805172.555555556
2026-01-21T00:00:00.000Z,41,27124.666666666668,0.0,6560239.222222222
2026-01-19T00:00:00.000Z,30,27294.363636363636,65.45454545454545,6343710.181818182
2026-01-20T00:00:00.000Z,21,27243.0,0.0,5910254.0
2026-01-21T00:00:00.000Z,23,27203.0,0.0,6121965.0
2026-01-22T00:00:00.000Z,31,27065.444444444445,0.0,6376160.888888889
2026-01-22T00:00:00.000Z,1,27142.25,0.0,5775985.375
2026-01-21T00:00:00.000Z,8,27058.777777777777,0.0,6032881.555555556
2026-01-20T00:00:00.000Z,16,27252.0,0.0,5834687.666666667
2026-01-21T00:00:00.000Z,5,27109.727272727272,0.0,6233348.545454546
2026-01-21T00:00:00.000Z,43,26983.69230769231,0.0,6734652.692307692
2026-01-22T00:00:00.000Z,13,27183.5,0.0,4994688.5
2026-01-19T00:00:00.000Z,20,27230.875,0.0,4980225.6875
2026-01-22T00:00:00.000Z,0,27091.666666666668,0.0,5894481.333333333
2026-01-21T00:00:00.000Z,17,27085.0,0.0,5784142.0
2026-01-21T00:00:00.000Z,27,27301.777777777777,0.0,6536048.333333333
2026-01-22T00:00:00.000Z,2,27124.4,0.0,6064520.6
2026-01-19T00:00:00.000Z,14,27386.0,0.0,5227766.333333333
2026-01-22T00:00:00.000Z,27,27320.88888888889,1.2222222222222223,4545713.777777778
2026-01-20T00:00:00.000Z,10,27089.625,0.0,5816093.75
2026-01-20T00:00:00.000Z,13,27242.5,0.0,5772629.0
2026-01-20T00:00:00.000Z,28,27317.521739130436,0.0,6174762.9130434785
2026-01-21T00:00:00.000Z,14,27274.0,0.0,5843646.333333333
2026-01-20T00:00:00.000Z,30,27157.636363636364,0.0,6749688.090909091
2026-01-20T00:00:00.000Z,8,27112.222222222223,0.0,5924025.555555556
2026-01-21T00:00:00.000Z,29,27153.11111111111,0.0,6495501.111111111
2026-01-21T00:00:00.000Z,42,27036.85,0.0,6630920.45
2026-01-19T00:00:00.000Z,33,27257.222222222223,66.0,6309695.777777778
2026-01-19T00:00:00.000Z,11,27057.571428571428,3.0,5654632.571428572
2026-01-20T00:00:00.000Z,26,27174.625,0.0,6677277.1875
2026-01-22T00:00:00.000Z,42,26979.2,0.0,6536971.05
2026-01-20T00:00:00.000Z,34,27091.0,0.0,6709976.785714285
2026-01-19T00:00:00.000Z,23,27302.5,20.0,5482763.333333333
2026-01-19T00:00:00.000Z,12,27197.315789473683,1.3157894736842106,5462265.263157895
2026-01-21T00:00:00.000Z,34,27084.071428571428,0.0,6790429.214285715
2026-01-21T00:00:00.000Z,28,27268.08695652174,0.0,6263897.217391305
2026-01-21T00:00:00.000Z,38,27000.0,0.0,6446762.0
2026-01-21T00:00:00.000Z,33,27197.555555555555,0.0,6607034.777777778
2026-01-20T00:00:00.000Z,15,27229.428571428572,0.0,5537907.142857143
2026-01-21T00:00:00.000Z,1,27159.25,0.0,6254268.625
2026-01-20T00:00:00.000Z,24,27218.333333333332,0.0,6154435.777777778
2026-01-21T00:00:00.000Z,22,27161.363636363636,0.0,6244024.7272727275
2026-01-21T00:00:00.000Z,25,27342.333333333332,0.0,6550686.333333333
2026-01-20T00:00:00.000Z,2,27201.6,0.0,6180472.6
2026-01-19T00:00:00.000Z,29,27316.11111111111,36.44444444444444,5902074.0
2026-01-20T00:00:00.000Z,32,27165.272727272728,0.0,6551857.909090909
2026-01-21T00:00:00.000Z,32,27106.090909090908,0.0,6638292.7272727275
2026-01-20T00:00:00.000Z,43,27035.076923076922,0.0,6520307.230769231
2026-01-21T00:00:00.000Z,7,27125.352941176472,0.0,6048163.294117647
2026-01-22T00:00:00.000Z,25,27351.0,1.0,4334018.333333333
2026-01-19T00:00:00.000Z,10,27190.5,4.0,5377302.875
2026-01-20T00:00:00.000Z,0,27198.666666666668,0.0,6112542.333333333
2026-01-22T00:00:00.000Z,28,27274.521739130436,0.21739130434782608,4643201.826086956
2026-01-22T00:00:00.000Z,29,27216.333333333332,0.4444444444444444,5812095.777777778
2026-01-19T00:00:00.000Z,17,27231.0,0.0,4879153.0
2026-01-21T00:00:00.000Z,36,27178.5,0.0,6386353.0
2026-01-22T00:00:00.000Z,5,27001.727272727272,0.0,6086340.909090909
2026-01-19T00:00:00.000Z,18,27249.0,0.0,4335646.0
2026-01-19T00:00:00.000Z,38,27085.0,3.0,5817386.0
2026-01-20T00:00:00.000Z,25,27359.0,0.0,6517780.333333333
2026-01-22T00:00:00.000Z,23,27153.333333333332,0.0,5524413.833333333
2026-01-21T00:00:00.000Z,21,27208.0,0.0,6123698.0
2026-01-20T00:00:00.000Z,19,27096.35714285714,0.0,5792235.642857143
2026-01-22T00:00:00.000Z,9,26871.117647058825,0.0,6205352.705882353
2026-01-19T00:00:00.000Z,41,27154.555555555555,12.333333333333334,6061168.0
2026-01-22T00:00:00.000Z,33,27235.333333333332,1.1111111111111112,3944429.777777778
2026-01-20T00:00:00.000Z,14,27309.333333333332,0.0,5518243.666666667
2026-01-22T00:00:00.000Z,15,27151.428571428572,0.0,5307205.357142857
2026-01-20T00:00:00.000Z,35,27094.133333333335,0.0,6338268.2
2026-01-20T00:00:00.000Z,27,27323.333333333332,0.0,6475475.666666667
2026-04-09T00:00:00.000Z,30,28411.272727272728,0.0,2.1875978E7
2026-04-12T00:00:00.000Z,13,27995.0,750.0,7267189.0
2026-04-09T00:00:00.000Z,13,28519.0,0.0,2.1384319E7
2026-04-11T00:00:00.000Z,12,28444.052631578947,267.10526315789474,2.010193294736842E7
2026-04-10T00:00:00.000Z,20,28268.5625,161.125,1.04678720625E7
2026-04-11T00:00:00.000Z,13,28632.5,424.0,2.006067E7
2026-04-09T00:00:00.000Z,12,28250.63157894737,42.26315789473684,1.8996882736842107E7
2026-04-09T00:00:00.000Z,26,28507.4375,0.0,2.206834925E7
2026-04-12T00:00:00.000Z,34,27940.785714285714,1513.5714285714287,4183972.8571428573
2026-04-10T00:00:00.000Z,14,28338.333333333332,291.0,9284371.0
2026-04-12T00:00:00.000Z,22,27868.090909090908,1170.7272727272727,6544963.090909091
2026-04-12T00:00:00.000Z,23,28018.5,961.3333333333334,6684262.5
2026-04-09T00:00:00.000Z,15,28562.785714285714,0.0,2.114407742857143E7
2026-04-09T00:00:00.000Z,4,28470.875,4.5,2.0849218E7
2026-04-11T00:00:00.000Z,1,28603.625,338.75,2.024509075E7
2026-04-10T00:00:00.000Z,19,28173.428571428572,176.07142857142858,1.0513499642857144E7
2026-04-09T00:00:00.000Z,8,28344.666666666668,36.111111111111114,1.9352507333333332E7
2026-04-10T00:00:00.000Z,13,28229.5,382.5,8957062.0
2026-04-12T00:00:00.000Z,3,28004.0,1067.375,5209012.125
2026-04-10T00:00:00.000Z,24,28125.555555555555,630.3333333333334,7231720.777777778
2026-04-10T00:00:00.000Z,21,28236.0,305.0,9100112.0
2026-04-09T00:00:00.000Z,2,28408.8,0.0,2.08070612E7
2026-04-09T00:00:00.000Z,41,28452.0,0.0,2.1723295777777776E7
2026-04-10T00:00:00.000Z,23,28236.666666666668,298.0,8930524.5
2026-04-10T00:00:00.000Z,29,28151.555555555555,466.3333333333333,7094492.666666667
2026-04-10T00:00:00.000Z,38,28139.0,540.0,5970247.0
2026-04-11T00:00:00.000Z,41,28553.777777777777,88.0,2.0171164888888888E7
2026-04-12T00:00:00.000Z,39,28004.277777777777,762.4444444444445,5321392.777777778
2026-04-11T00:00:00.000Z,25,28698.333333333332,248.33333333333334,2.0150987333333332E7
2026-04-11T00:00:00.000Z,24,28540.88888888889,296.1111111111111,2.0102447777777776E7
2026-04-12T00:00:00.000Z,17,28162.0,170.0,1.0131708E7
2026-04-12T00:00:00.000Z,8,28065.0,498.0,6451090.0
2026-04-12T00:00:00.000Z,4,28069.875,1006.5,5851089.125
2026-04-12T00:00:00.000Z,21,28007.0,862.0,6911780.0
2026-04-11T00:00:00.000Z,21,28679.0,434.0,2.030745E7
2026-04-09T00:00:00.000Z,25,28647.666666666668,0.0,2.1967056666666668E7
2026-04-11T00:00:00.000Z,36,28621.125,243.25,1.991394025E7
2026-04-10T00:00:00.000Z,11,28086.14285714286,407.57142857142856,6873203.714285715
2026-04-09T00:00:00.000Z,1,28407.25,0.0,2.101583475E7
2026-04-11T00:00:00.000Z,17,28666.0,416.0,1.9720876E7
2026-04-10T00:00:00.000Z,12,28104.78947368421,349.0,7671196.368421053
2026-04-09T00:00:00.000Z,31,28344.444444444445,0.0,2.1724373333333332E7
2026-04-11T00:00:00.000Z,22,28546.727272727272,390.6363636363636,2.0123296363636363E7
2026-04-09T00:00:00.000Z,14,28602.333333333332,0.0,2.1162578E7
2026-04-10T00:00:00.000Z,32,28228.545454545456,260.0,7751937.545454546
2026-04-12T00:00:00.000Z,0,28026.0,990.0,5710534.0
2026-04-09T00:00:00.000Z,22,28400.636363636364,0.0,2.117726709090909E7
2026-04-09T00:00:00.000Z,28,28549.434782608696,0.0,2.1661284260869566E7
2026-04-12T00:00:00.000Z,33,27970.444444444445,1806.3333333333333,3698568.888888889
2026-04-09T00:00:00.000Z,19,28375.14285714286,9.428571428571429,1.988986814285714E7
2026-04-12T00:00:00.000Z,18,28205.0,112.0,1.0003101E7
2026-04-12T00:00:00.000Z,16,28002.666666666668,724.6666666666666,7305221.666666667
2026-04-12T00:00:00.000Z,2,28022.4,967.0,5096810.0
2026-04-12T00:00:00.000Z,41,28138.777777777777,605.4444444444445,4544056.111111111
2026-04-10T00:00:00.000Z,17,28275.0,150.0,1.0984119E7
2026-04-12T00:00:00.000Z,29,27853.11111111111,1397.2222222222222,6244813.111111111
2026-04-11T00:00:00.000Z,2,28633.0,285.2,2.00906384E7
2026-04-12T00:00:00.000Z,28,27968.739130434784,1176.0869565217392,6494333.608695652
2026-04-12T00:00:00.000Z,26,27884.5,1733.9375,4588132.25
2026-04-10T00:00:00.000Z,0,28214.333333333332,371.6666666666667,7937317.666666667
2026-04-09T00:00:00.000Z,17,28511.0,0.0,2.074418E7
2026-04-09T00:00:00.000Z,11,28202.14285714286,12.285714285714286,1.928474057142857E7
2026-04-09T00:00:00.000Z,3,28343.625,0.0,2.039681025E7
2026-04-09T00:00:00.000Z,20,28494.8125,0.25,2.0800921625E7
2026-04-12T00:00:00.000Z,11,28026.285714285714,857.5714285714286,5248675.571428572
2026-04-09T00:00:00.000Z,40,28275.555555555555,4.444444444444445,2.1011282555555556E7
2026-04-09T00:00:00.000Z,18,28563.0,0.0,2.0736218E7
2026-04-11T00:00:00.000Z,3,28552.125,293.5,1.996116075E7
2026-04-11T00:00:00.000Z,33,28634.777777777777,149.22222222222223,1.8598556222222224E7
2026-04-09T00:00:00.000Z,37,28378.5,0.0,2.14782868E7
2026-04-11T00:00:00.000Z,35,28508.333333333332,232.66666666666666,1.9639204266666666E7
2026-04-11T00:00:00.000Z,32,28529.272727272728,88.72727272727273,2.0262275454545453E7
2026-04-11T00:00:00.000Z,4,28689.75,328.0,2.040005125E7
2026-04-11T00:00:00.000Z,20,28658.25,391.8125,1.9851566625E7
2026-04-11T00:00:00.000Z,0,28647.0,316.6666666666667,2.0191844E7
2026-04-11T00:00:00.000Z,28,28652.91304347826,366.6521739130435,2.0192853826086957E7
2026-04-10T00:00:00.000Z,22,28121.545454545456,488.6363636363636,8354359.818181818
2026-04-10T00:00:00.000Z,39,28114.944444444445,572.8888888888889,6134725.777777778
2026-04-12T00:00:00.000Z,35,27911.466666666667,944.7333333333333,5408796.866666666
2026-04-12T00:00:00.000Z,40,28036.944444444445,492.55555555555554,4958681.944444444
2026-04-11T00:00:00.000Z,38,28458.0,279.0,1.943061E7
2026-04-12T00:00:00.000Z,31,27860.11111111111,1011.1111111111111,5835090.777777778
2026-04-11T00:00:00.000Z,27,28665.11111111111,244.55555555555554,2.0162933333333332E7
2026-04-10T00:00:00.000Z,26,28240.9375,281.0,8318832.375
2026-04-12T00:00:00.000Z,7,28105.29411764706,544.4705882352941,7243613.05882353
2026-04-11T00:00:00.000Z,23,28676.333333333332,410.6666666666667,2.0335788666666668E7
2026-04-12T00:00:00.000Z,14,28138.666666666668,579.0,7308623.0
2026-04-10T00:00:00.000Z,41,28241.777777777777,407.0,7327138.111111111
2026-04-09T00:00:00.000Z,27,28613.444444444445,0.0,2.1934066888888888E7
2026-04-12T00:00:00.000Z,19,28067.14285714286,312.7857142857143,8886114.0
2026-04-12T00:00:00.000Z,12,28013.0,812.1052631578947,5007961.421052632
2026-04-11T00:00:00.000Z,31,28475.333333333332,150.77777777777777,1.9992629777777776E7
2026-04-10T00:00:00.000Z,15,28314.14285714286,209.92857142857142,9887426.42857143
2026-04-10T00:00:00.000Z,36,28211.75,682.0,6748835.75
2026-04-12T00:00:00.000Z,10,28083.3125,382.75,6995297.1875
2026-04-10T00:00:00.000Z,7,28242.941176470587,207.94117647058823,9370962.470588235
2026-04-09T00:00:00.000Z,0,28425.0,3.0,2.0730994666666668E7
2026-04-10T00:00:00.000Z,1,28178.25,467.75,7967819.0
2026-04-10T00:00:00.000Z,2,28211.8,513.6,6983023.0
2026-04-12T00:00:00.000Z,15,28145.214285714286,430.2857142857143,8099458.5
2026-04-12T00:00:00.000Z,42,28080.15,399.8,3994296.75
2026-04-10T00:00:00.000Z,37,28112.7,558.7,6546133.5
2026-04-12T00:00:00.000Z,38,28081.0,509.0,5044620.0
2026-04-11T00:00:00.000Z,40,28488.055555555555,176.27777777777777,1.9522541777777776E7
2026-04-10T00:00:00.000Z,3,28157.375,513.125,6707209.375
2026-04-09T00:00:00.000Z,32,28434.0,0.0,2.189838290909091E7
2026-04-12T00:00:00.000Z,37,27855.9,1150.7,5716573.1
2026-04-10T00:00:00.000Z,4,28255.125,303.5,8269805.375
2026-04-11T00:00:00.000Z,7,28659.29411764706,301.7647058823529,2.024505329411765E7
2026-04-09T00:00:00.000Z,23,28494.833333333332,0.0,2.1143095333333332E7
2026-04-09T00:00:00.000Z,33,28589.555555555555,0.0,2.2099846444444444E7
2026-04-12T00:00:00.000Z,1,27953.375,1201.375,5905222.75
2026-04-09T00:00:00.000Z,29,28434.444444444445,0.0,2.1534797555555556E7
2026-04-10T00:00:00.000Z,8,28172.11111111111,194.66666666666666,9390487.777777778
2026-04-10T00:00:00.000Z,34,28264.0,284.92857142857144,9110470.214285715
2026-04-09T00:00:00.000Z,7,28440.352941176472,9.411764705882353,2.045758094117647E7
2026-04-11T00:00:00.000Z,19,28558.0,399.57142857142856,1.9983122714285713E7
2026-04-11T00:00:00.000Z,14,28738.0,421.0,1.9994216E7
2026-04-11T00:00:00.000Z,30,28483.81818181818,194.54545454545453,2.017930509090909E7
2026-04-09T00:00:00.000Z,39,28280.277777777777,2.2222222222222223,2.0389596444444444E7
2026-04-10T00:00:00.000Z,35,28098.0,655.0666666666667,6213260.666666667
2026-04-12T00:00:00.000Z,25,28005.333333333332,1669.3333333333333,5369960.666666667
2026-04-10T00:00:00.000Z,33,28360.222222222223,191.44444444444446,9494364.888888888
2026-04-09T00:00:00.000Z,10,28307.0625,44.75,1.8391328125E7
2026-04-12T00:00:00.000Z,24,27824.88888888889,1465.6666666666667,6272438.0
2026-04-10T00:00:00.000Z,18,28320.0,80.0,1.1178504E7
2026-04-10T00:00:00.000Z,9,28124.41176470588,288.6470588235294,8598181.294117646
2026-04-12T00:00:00.000Z,27,27960.555555555555,1733.7777777777778,5331135.0
2026-04-11T00:00:00.000Z,42,28531.5,68.0,2.00493134E7
2026-04-10T00:00:00.000Z,10,28147.1875,154.0625,1.0552500875E7
2026-04-10T00:00:00.000Z,42,28162.75,512.65,6693881.8
2026-04-11T00:00:00.000Z,18,28661.0,447.0,1.9407022E7
2026-04-09T00:00:00.000Z,34,28514.285714285714,0.0,2.208205957142857E7
2026-04-12T00:00:00.000Z,32,28042.18181818182,761.5454545454545,5246319.090909091
2026-04-09T00:00:00.000Z,36,28462.5,0.0,2.1276825E7
2026-04-11T00:00:00.000Z,8,28571.333333333332,286.1111111111111,2.0210640888888888E7
2026-04-10T00:00:00.000Z,40,28121.722222222223,561.2777777777778,5905628.944444444
2026-04-11T00:00:00.000Z,29,28549.88888888889,215.77777777777777,2.0063598222222224E7
2026-04-10T00:00:00.000Z,31,28099.11111111111,306.77777777777777,6968127.777777778
2026-04-09T00:00:00.000Z,16,28519.88888888889,0.0,2.1420458666666668E7
2026-04-11T00:00:00.000Z,16,28640.555555555555,434.44444444444446,2.0095681333333332E7
2026-04-12T00:00:00.000Z,9,28017.29411764706,721.5294117647059,5360716.470588235
2026-04-12T00:00:00.000Z,30,27792.454545454544,1519.5454545454545,5740217.0
2026-04-09T00:00:00.000Z,21,28505.0,0.0,2.1218938E7
2026-04-11T00:00:00.000Z,15,28713.64285714286,393.85714285714283,2.002962514285714E7
2026-04-10T00:00:00.000Z,27,28301.88888888889,396.44444444444446,7244065.555555556
2026-04-12T00:00:00.000Z,36,27968.75,1173.75,5731927.375
2026-04-09T00:00:00.000Z,38,28254.0,5.0,1.9820962E7
2026-04-11T00:00:00.000Z,10,28511.25,400.125,2.0062244125E7
2026-04-11T00:00:00.000Z,37,28523.0,205.2,1.9907496E7
2026-04-09T00:00:00.000Z,9,28290.941176470587,72.0,1.906190117647059E7
2026-04-11T00:00:00.000Z,39,28468.0,290.5,1.9510957E7
2026-04-10T00:00:00.000Z,28,28262.304347826088,410.60869565217394,7627153.9130434785
2026-04-11T00:00:00.000Z,26,28558.6875,170.6875,1.95917005E7
2026-04-10T00:00:00.000Z,16,28239.11111111111,356.22222222222223,8971496.111111112
2026-04-11T00:00:00.000Z,9,28492.823529411766,286.94117647058823,2.020119082352941E7
2026-04-11T00:00:00.000Z,34,28537.0,221.35714285714286,1.947958957142857E7
2026-04-12T00:00:00.000Z,20,28141.625,257.4375,9197214.25
2026-04-09T00:00:00.000Z,24,28427.333333333332,0.0,2.1413312E7
2026-04-11T00:00:00.000Z,11,28412.85714285714,305.57142857142856,1.986209657142857E7
2026-04-10T00:00:00.000Z,30,28120.363636363636,411.90909090909093,7203998.090909091
2026-04-09T00:00:00.000Z,35,28338.066666666666,0.0,2.1038995333333332E7
2026-04-10T00:00:00.000Z,25,28343.0,340.0,7471564.666666667
2026-04-09T00:00:00.000Z,42,28359.35,4.0,2.1507458E7
2026-05-17T00:00:00.000Z,4,28396.125,25.5,1.884494025E7
2026-05-15T00:00:00.000Z,40,27995.11111111111,401.6666666666667,1.7825784555555556E7
2026-05-15T00:00:00.000Z,15,28196.428571428572,343.92857142857144,1.8512922E7
2026-05-17T00:00:00.000Z,15,28475.64285714286,14.928571428571429,1.876282742857143E7
2026-05-17T00:00:00.000Z,43,28159.615384615383,51.07692307692308,2.1945314923076924E7
2026-05-16T00:00:00.000Z,9,28016.117647058825,178.7058823529412,2.0417174588235293E7
2026-05-17T00:00:00.000Z,40,28199.0,42.111111111111114,2.2701359333333332E7
2026-05-17T00:00:00.000Z,32,28278.363636363636,10.545454545454545,2.2549561636363637E7
2026-05-17T00:00:00.000Z,17,28450.0,18.0,1.7373702E7
2026-05-17T00:00:00.000Z,42,28199.4,12.85,2.3253264E7
2026-05-18T00:00:00.000Z,8,28401.444444444445,117.66666666666667,1.9155197333333332E7
2026-05-15T00:00:00.000Z,25,28061.666666666668,304.0,1.9958667333333332E7
2026-05-16T00:00:00.000Z,19,28073.0,189.14285714285714,2.025735057142857E7
2026-05-17T00:00:00.000Z,37,28149.4,51.1,2.05235288E7
2026-05-15T00:00:00.000Z,28,28036.304347826088,362.39130434782606,2.0036847739130434E7
2026-05-15T00:00:00.000Z,11,28037.0,507.42857142857144,1.805409742857143E7
2026-05-18T00:00:00.000Z,33,28250.11111111111,315.22222222222223,1.3952323777777778E7
2026-05-17T00:00:00.000Z,28,28368.304347826088,21.217391304347824,2.1864852E7
2026-05-17T00:00:00.000Z,21,28367.0,24.0,1.9192948E7
2026-05-18T00:00:00.000Z,10,28420.8125,249.125,2.0086650875E7
2026-05-18T00:00:00.000Z,42,28218.65,358.55,1.89812866E7
2026-05-15T00:00:00.000Z,36,28024.875,416.875,1.768983675E7
2026-05-15T00:00:00.000Z,23,28092.166666666668,395.6666666666667,1.7841626E7
2026-05-15T00:00:00.000Z,21,28070.0,369.0,1.8091152E7
2026-05-18T00:00:00.000Z,40,28257.61111111111,699.1666666666666,1.9869749111111112E7
2026-05-15T00:00:00.000Z,39,28003.944444444445,354.0,1.7873133888888888E7
2026-05-16T00:00:00.000Z,11,27983.428571428572,159.14285714285714,2.027467114285714E7
2026-05-15T00:00:00.000Z,35,27907.4,326.26666666666665,1.7428843866666667E7
2026-05-16T00:00:00.000Z,37,27886.4,282.5,1.9554748E7
2026-05-18T00:00:00.000Z,39,28277.38888888889,498.1111111111111,1.9755727333333332E7
2026-05-18T00:00:00.000Z,38,28353.0,540.0,2.0574068E7
2026-05-15T00:00:00.000Z,26,27870.6875,336.5625,1.897020225E7
2026-05-16T00:00:00.000Z,23,28111.666666666668,218.33333333333334,2.1086263E7
2026-05-17T00:00:00.000Z,8,28287.555555555555,30.77777777777778,1.8759924E7
2026-05-15T00:00:00.000Z,24,27890.444444444445,480.1111111111111,1.8583370222222224E7
2026-05-16T00:00:00.000Z,29,27919.0,324.8888888888889,2.0463656222222224E7
2026-05-17T00:00:00.000Z,9,28246.529411764706,51.411764705882355,1.9757975647058822E7
2026-05-16T00:00:00.000Z,2,28069.8,181.2,1.96514408E7
2026-05-17T00:00:00.000Z,18,28539.0,26.0,1.6915136E7
2026-05-17T00:00:00.000Z,29,28176.666666666668,61.55555555555556,2.0743481333333332E7
2026-05-17T00:00:00.000Z,39,28187.055555555555,85.38888888888889,2.1994397555555556E7
2026-05-15T00:00:00.000Z,8,28090.222222222223,297.44444444444446,1.7931431777777776E7
2026-05-16T00:00:00.000Z,27,28086.333333333332,182.33333333333334,2.237729E7
2026-05-17T00:00:00.000Z,41,28370.777777777777,14.0,2.3264881777777776E7
2026-05-15T00:00:00.000Z,43,27892.384615384617,481.53846153846155,1.7577013846153848E7
2026-05-17T00:00:00.000Z,36,28306.625,44.375,2.02533145E7
2026-05-15T00:00:00.000Z,42,27948.35,591.9,1.653724815E7
2026-05-17T00:00:00.000Z,10,28305.5625,32.0625,1.848452625E7
2026-05-18T00:00:00.000Z,9,28381.352941176472,148.05882352941177,1.99371E7
2026-05-16T00:00:00.000Z,13,28108.5,174.0,2.2167338E7
2026-05-15T00:00:00.000Z,27,27990.0,337.55555555555554,1.9615698E7
2026-05-15T00:00:00.000Z,0,28098.333333333332,313.0,1.697615E7
2026-05-18T00:00:00.000Z,16,28379.222222222223,379.6666666666667,1.7072125777777776E7
2026-05-16T00:00:00.000Z,12,27994.263157894737,154.57894736842104,2.074543357894737E7
2026-05-17T00:00:00.000Z,24,28211.333333333332,53.666666666666664,2.0521419333333332E7
2026-05-18T00:00:00.000Z,29,28132.333333333332,533.8888888888889,1.4155741E7
2026-05-16T00:00:00.000Z,36,28044.5,221.375,1.96177145E7
2026-05-15T00:00:00.000Z,29,27874.88888888889,518.0,1.8325646E7
2026-05-16T00:00:00.000Z,39,27975.5,254.22222222222223,1.8939361333333332E7
2026-05-18T00:00:00.000Z,15,28507.714285714286,301.07142857142856,1.694767342857143E7
2026-05-15T00:00:00.000Z,12,28031.36842105263,402.10526315789474,1.795856410526316E7
2026-05-15T00:00:00.000Z,32,27989.090909090908,699.9090909090909,1.7532257636363637E7
2026-05-17T00:00:00.000Z,1,28314.75,31.375,1.93857305E7
2026-05-16T00:00:00.000Z,38,28046.0,272.0,1.89214E7
2026-05-17T00:00:00.000Z,0,28342.333333333332,31.333333333333332,1.908769E7
2026-05-17T00:00:00.000Z,25,28385.0,1.0,2.1732806E7
2026-05-15T00:00:00.000Z,10,28090.6875,315.1875,1.82138785E7
2026-05-17T00:00:00.000Z,16,28393.88888888889,24.22222222222222,2.0877209333333332E7
2026-05-18T00:00:00.000Z,34,28153.35714285714,419.07142857142856,1.370123592857143E7
2026-05-15T00:00:00.000Z,2,28070.4,235.8,1.6863611E7
2026-05-18T00:00:00.000Z,13,28360.5,376.0,1.68263665E7
2026-05-18T00:00:00.000Z,28,28339.17391304348,349.2173913043478,1.693063143478261E7
2026-05-16T00:00:00.000Z,15,28223.85714285714,200.35714285714286,2.157824E7
2026-05-17T00:00:00.000Z,20,28433.375,18.1875,1.767758825E7
2026-05-16T00:00:00.000Z,22,27978.636363636364,249.27272727272728,2.103683309090909E7
2026-05-15T00:00:00.000Z,7,28146.823529411766,292.1764705882353,1.759040929411765E7
2026-05-18T00:00:00.000Z,1,28309.125,431.875,1.534863525E7
2026-05-16T00:00:00.000Z,4,28157.25,185.5,2.0369366E7
2026-05-18T00:00:00.000Z,30,28045.454545454544,561.7272727272727,1.3989670090909092E7
2026-05-16T00:00:00.000Z,26,27943.0625,241.625,2.2236574375E7
2026-05-15T00:00:00.000Z,14,28223.333333333332,491.0,1.8931049333333332E7
2026-05-16T00:00:00.000Z,10,28080.125,169.25,2.051684125E7
2026-05-17T00:00:00.000Z,13,28379.5,28.0,2.063878E7
2026-05-18T00:00:00.000Z,21,28389.0,522.0,1.6188327E7
2026-05-18T00:00:00.000Z,31,28076.555555555555,463.0,1.4252484444444444E7
2026-05-15T00:00:00.000Z,41,28080.88888888889,688.2222222222222,1.6828931777777776E7
2026-05-18T00:00:00.000Z,7,28420.941176470587,197.05882352941177,1.735266929411765E7
2026-05-15T00:00:00.000Z,34,27875.714285714286,428.35714285714283,1.789041842857143E7
2026-05-16T00:00:00.000Z,40,27964.666666666668,520.1111111111111,1.8337754666666668E7
2026-05-15T00:00:00.000Z,9,28050.823529411766,395.52941176470586,1.801218423529412E7
2026-05-18T00:00:00.000Z,3,28305.875,298.375,1.85141045E7
2026-05-16T00:00:00.000Z,14,28274.666666666668,162.0,2.1947118E7
2026-05-18T00:00:00.000Z,14,28540.333333333332,408.0,1.6822197666666668E7
2026-05-15T00:00:00.000Z,20,28174.6875,288.75,1.817640225E7
2026-05-16T00:00:00.000Z,7,28132.352941176472,219.2941176470588,2.036533976470588E7
2026-05-17T00:00:00.000Z,11,28178.714285714286,83.28571428571429,2.201394114285714E7
2026-05-15T00:00:00.000Z,5,28097.363636363636,284.6363636363636,1.6942191636363637E7
2026-05-16T00:00:00.000Z,1,28061.875,233.875,2.037940425E7
2026-05-17T00:00:00.000Z,19,28318.14285714286,43.285714285714285,1.7985589E7
2026-05-17T00:00:00.000Z,31,28102.777777777777,46.22222222222222,2.1318507333333332E7
2026-05-18T00:00:00.000Z,32,28242.272727272728,255.72727272727272,1.4946388181818182E7
2026-05-17T00:00:00.000Z,7,28365.058823529413,17.941176470588236,1.826959917647059E7
2026-05-15T00:00:00.000Z,3,28016.375,372.125,1.7214622E7
2026-05-15T00:00:00.000Z,33,27964.666666666668,255.0,1.8437825333333332E7
2026-05-16T00:00:00.000Z,34,27931.071428571428,359.5,2.2237665E7
2026-05-17T00:00:00.000Z,23,28375.333333333332,25.333333333333332,1.9073037E7
2026-05-16T00:00:00.000Z,28,28108.565217391304,152.47826086956522,2.2341919913043477E7
2026-05-18T00:00:00.000Z,11,28331.428571428572,215.85714285714286,2.062927885714286E7
2026-05-16T00:00:00.000Z,33,28025.777777777777,209.66666666666666,2.1947626444444444E7
2026-05-16T00:00:00.000Z,42,27920.15,580.35,1.86377994E7
2026-05-16T00:00:00.000Z,20,28179.3125,192.625,2.0845058875E7
2026-05-16T00:00:00.000Z,0,28103.333333333332,184.66666666666666,2.0069579333333332E7
2026-05-17T00:00:00.000Z,35,28149.533333333333,70.93333333333334,2.0938503333333332E7
2026-05-18T00:00:00.000Z,0,28363.666666666668,412.3333333333333,1.6113701333333334E7
2026-05-15T00:00:00.000Z,16,28064.555555555555,489.6666666666667,1.9657884444444444E7
2026-05-16T00:00:00.000Z,8,28061.0,190.55555555555554,2.0237905111111112E7
2026-05-17T00:00:00.000Z,34,28209.928571428572,16.928571428571427,2.120400285714286E7
2026-05-16T00:00:00.000Z,5,28067.090909090908,165.8181818181818,2.002527309090909E7
2026-05-15T00:00:00.000Z,13,28048.5,531.0,1.949146E7
2026-05-18T00:00:00.000Z,19,28390.85714285714,169.28571428571428,1.817987285714286E7
2026-05-16T00:00:00.000Z,16,28123.555555555555,153.77777777777777,2.2301212888888888E7
2026-05-18T00:00:00.000Z,37,28119.5,448.2,1.44936595E7
2026-05-18T00:00:00.000Z,41,28348.88888888889,209.55555555555554,1.7352681111111112E7
2026-05-17T00:00:00.000Z,33,28272.0,1.4444444444444444,1.9982924888888888E7
2026-05-18T00:00:00.000Z,18,28562.0,280.0,1.6929748E7
2026-05-15T00:00:00.000Z,17,28184.0,240.0,1.8381302E7
2026-05-15T00:00:00.000Z,4,28153.25,359.5,1.70803935E7
2026-05-16T00:00:00.000Z,32,28010.454545454544,557.7272727272727,2.1054334181818184E7
2026-05-18T00:00:00.000Z,5,28361.454545454544,277.3636363636364,1.7201873545454547E7
2026-05-18T00:00:00.000Z,2,28345.8,419.4,1.64989384E7
2026-05-17T00:00:00.000Z,2,28308.8,50.8,1.99089204E7
2026-05-17T00:00:00.000Z,14,28527.666666666668,23.0,1.9763632666666668E7
2026-05-17T00:00:00.000Z,12,28212.894736842107,79.84210526315789,2.096252894736842E7
2026-05-18T00:00:00.000Z,24,28155.555555555555,484.77777777777777,1.4629926222222222E7
2026-05-15T00:00:00.000Z,38,28090.0,352.0,1.8136168E7
2026-05-16T00:00:00.000Z,18,28280.0,160.0,2.110426E7
2026-05-18T00:00:00.000Z,35,28179.333333333332,411.6,1.71475438E7
2026-05-16T00:00:00.000Z,31,27852.444444444445,398.1111111111111,2.0096689333333332E7
2026-05-17T00:00:00.000Z,26,28192.25,10.3125,2.1011642125E7
2026-05-18T00:00:00.000Z,17,28503.0,244.0,1.707673E7
2026-05-16T00:00:00.000Z,43,27900.153846153848,450.3076923076923,1.9141417384615384E7
2026-05-18T00:00:00.000Z,25,28379.666666666668,256.6666666666667,1.7199427666666668E7
2026-05-18T00:00:00.000Z,23,28391.666666666668,485.3333333333333,1.6093998E7
2026-05-16T00:00:00.000Z,25,28159.0,155.0,2.2689426E7
2026-05-18T00:00:00.000Z,43,28155.46153846154,372.7692307692308,1.6750812846153846E7
2026-05-17T00:00:00.000Z,27,28322.555555555555,8.777777777777779,2.1530178222222224E7
2026-05-18T00:00:00.000Z,22,28237.545454545456,468.45454545454544,1.5552651909090908E7
2026-05-16T00:00:00.000Z,21,28092.0,223.0,2.1315992E7
2026-05-16T00:00:00.000Z,3,27987.875,172.5,1.968539225E7
2026-05-18T00:00:00.000Z,26,28167.25,298.1875,1.52124468125E7
2026-05-17T00:00:00.000Z,22,28250.363636363636,40.27272727272727,1.9848428727272727E7
2026-05-17T00:00:00.000Z,30,28089.545454545456,68.0,2.1104373636363637E7
2026-05-16T00:00:00.000Z,35,27906.333333333332,199.66666666666666,1.89190412E7
2026-05-16T00:00:00.000Z,41,28091.444444444445,615.5555555555555,2.0134230888888888E7
2026-05-17T00:00:00.000Z,3,28224.625,93.25,2.10368255E7
2026-05-18T00:00:00.000Z,27,28314.11111111111,296.8888888888889,1.6466602111111112E7
2026-05-15T00:00:00.000Z,30,27778.0,548.0,1.842439709090909E7
2026-05-15T00:00:00.000Z,31,27823.444444444445,524.3333333333334,1.7858140666666668E7
2026-05-17T00:00:00.000Z,5,28301.18181818182,35.72727272727273,1.9345553454545453E7
2026-05-18T00:00:00.000Z,36,28280.375,410.5,1.5058052E7
2026-05-15T00:00:00.000Z,19,28074.571428571428,560.3571428571429,1.809602214285714E7
2026-05-15T00:00:00.000Z,22,27942.090909090908,550.9090909090909,1.8279192181818184E7
2026-05-16T00:00:00.000Z,30,27838.090909090908,377.6363636363636,2.110131309090909E7
2026-05-18T00:00:00.000Z,20,28479.375,229.125,1.7009166E7
2026-05-16T00:00:00.000Z,24,27934.444444444445,281.3333333333333,2.0804451555555556E7
2026-05-18T00:00:00.000Z,12,28354.473684210527,137.73684210526315,2.035695042105263E7
2026-05-15T00:00:00.000Z,37,27861.6,467.4,1.77036694E7
2026-05-17T00:00:00.000Z,38,28228.0,63.0,2.2300202E7
2026-05-18T00:00:00.000Z,4,28413.25,394.0,1.6094025875E7
2026-05-15T00:00:00.000Z,18,28273.0,227.0,1.8616408E7
2026-05-16T00:00:00.000Z,17,28185.0,164.0,2.074754E7
2026-05-15T00:00:00.000Z,1,28041.625,408.0,1.739199375E7
2026-04-25T00:00:00.000Z,4,28533.625,0.0,2.506317625E7
2026-04-26T00:00:00.000Z,17,28426.0,0.0,2.2878366E7
2026-04-27T00:00:00.000Z,40,28396.777777777777,0.0,2.5167230888888888E7
2026-04-26T00:00:00.000Z,12,28294.57894736842,0.0,2.368551536842105E7
2026-04-28T00:00:00.000Z,36,28703.5,0.0,2.08771785E7
2026-04-25T00:00:00.000Z,40,28420.444444444445,0.0,2.5311370888888888E7
2026-04-26T00:00:00.000Z,2,28439.0,0.0,2.4362524E7
2026-04-28T00:00:00.000Z,18,28885.0,0.0,2.4217236E7
2026-04-28T00:00:00.000Z,12,28643.0,0.0,2.3384380842105262E7
2026-04-28T00:00:00.000Z,8,28704.222222222223,0.0,2.4137140444444444E7
2026-04-27T00:00:00.000Z,17,28615.0,0.0,2.3521602E7
2026-04-25T00:00:00.000Z,30,28377.727272727272,0.0,2.5206011636363637E7
2026-04-26T00:00:00.000Z,28,28527.304347826088,0.0,2.501949904347826E7
2026-04-25T00:00:00.000Z,18,28591.0,0.0,2.4665108E7
2026-04-27T00:00:00.000Z,19,28495.071428571428,0.0,2.371191442857143E7
2026-04-27T00:00:00.000Z,11,28368.0,0.0,2.4434967714285713E7
2026-04-28T00:00:00.000Z,38,28611.0,0.0,2.1471716E7
2026-04-25T00:00:00.000Z,38,28446.0,0.0,2.4850462E7
2026-04-27T00:00:00.000Z,13,28559.5,0.0,2.3943993E7
2026-04-27T00:00:00.000Z,28,28599.08695652174,0.0,2.421205052173913E7
2026-04-28T00:00:00.000Z,30,28565.272727272728,0.36363636363636365,1.9435416545454547E7
2026-04-28T00:00:00.000Z,3,28680.25,0.0,2.224895225E7
2026-04-26T00:00:00.000Z,35,28314.6,0.0,2.4175701733333334E7
2026-04-27T00:00:00.000Z,18,28652.0,0.0,2.3235402E7
2026-04-28T00:00:00.000Z,20,28841.25,0.0,2.4201051125E7
2026-04-28T00:00:00.000Z,4,28816.875,0.0,2.321979725E7
2026-04-28T00:00:00.000Z,22,28660.909090909092,0.0,2.2146964727272727E7
2026-04-25T00:00:00.000Z,25,28596.666666666668,0.0,2.5237844E7
2026-04-26T00:00:00.000Z,16,28482.333333333332,0.0,2.4564945777777776E7
2026-04-25T00:00:00.000Z,35,28415.4,0.0,2.5037558266666666E7
2026-04-26T00:00:00.000Z,42,28380.9,0.0,2.34664655E7
2026-04-28T00:00:00.000Z,10,28650.75,0.0,2.40123415E7
2026-04-26T00:00:00.000Z,14,28565.333333333332,0.0,2.4131722666666668E7
2026-04-27T00:00:00.000Z,3,28455.75,0.0,2.454969125E7
2026-04-28T00:00:00.000Z,13,28789.0,0.0,2.281991E7
2026-04-26T00:00:00.000Z,30,28345.81818181818,0.0,2.4640122E7
2026-04-27T00:00:00.000Z,8,28463.222222222223,0.0,2.4088137555555556E7
2026-04-28T00:00:00.000Z,14,28895.666666666668,0.0,2.322509E7
2026-04-25T00:00:00.000Z,2,28492.0,0.0,2.49773936E7
2026-04-25T00:00:00.000Z,41,28539.555555555555,0.0,2.5383507111111112E7
2026-04-25T00:00:00.000Z,22,28409.454545454544,0.0,2.471560509090909E7
2026-04-25T00:00:00.000Z,24,28413.333333333332,0.0,2.4841266E7
2026-04-25T00:00:00.000Z,31,28367.0,0.0,2.5180473777777776E7
2026-04-26T00:00:00.000Z,9,28276.235294117647,0.0,2.3258886352941178E7
2026-04-26T00:00:00.000Z,27,28595.555555555555,0.0,2.5062962444444444E7
2026-04-28T00:00:00.000Z,24,28638.777777777777,0.0,2.0702243111111112E7
2026-04-25T00:00:00.000Z,10,28461.9375,0.0,2.4592392875E7
2026-04-27T00:00:00.000Z,32,28554.363636363636,0.0,2.5318649818181816E7
2026-04-26T00:00:00.000Z,13,28469.5,0.0,2.4515589E7
2026-04-27T00:00:00.000Z,41,28582.11111111111,0.0,2.5446432888888888E7
2026-04-26T00:00:00.000Z,41,28516.222222222223,0.0,2.3280266444444444E7
2026-04-25T00:00:00.000Z,7,28513.764705882353,0.0,2.5052737411764707E7
2026-04-26T00:00:00.000Z,0,28455.333333333332,0.0,2.4068310666666668E7
2026-04-25T00:00:00.000Z,1,28450.0,0.0,2.48425E7
2026-04-28T00:00:00.000Z,17,28856.0,0.0,2.4356856E7
2026-04-25T00:00:00.000Z,0,28492.333333333332,0.0,2.4864315333333332E7
2026-04-26T00:00:00.000Z,10,28260.1875,0.0,2.244540025E7
2026-04-28T00:00:00.000Z,29,28633.222222222223,0.0,2.0072366444444444E7
2026-04-25T00:00:00.000Z,17,28556.0,0.0,2.4816194E7
2026-04-26T00:00:00.000Z,26,28470.6875,0.0,2.445750675E7
2026-04-25T00:00:00.000Z,21,28518.0,0.0,2.4933056E7
2026-04-25T00:00:00.000Z,9,28425.647058823528,0.0,2.492173623529412E7
2026-04-25T00:00:00.000Z,12,28418.315789473683,0.0,2.491198E7
2026-04-28T00:00:00.000Z,23,28802.166666666668,0.0,2.3235423E7
2026-04-27T00:00:00.000Z,0,28527.666666666668,0.0,2.4198866E7
2026-04-25T00:00:00.000Z,36,28511.75,0.0,2.498231525E7
2026-04-27T00:00:00.000Z,20,28598.4375,0.0,2.3664726625E7
2026-04-28T00:00:00.000Z,21,28802.0,0.0,2.3252086E7
2026-04-25T00:00:00.000Z,19,28486.5,0.0,2.477513985714286E7
2026-04-27T00:00:00.000Z,21,28573.0,0.0,2.4094726E7
2026-04-27T00:00:00.000Z,24,28484.666666666668,0.0,2.4240004666666668E7
2026-04-25T00:00:00.000Z,34,28447.5,0.0,2.532683142857143E7
2026-04-28T00:00:00.000Z,15,28887.071428571428,0.0,2.378303785714286E7
2026-04-27T00:00:00.000Z,38,28402.0,0.0,2.4574802E7
2026-04-28T00:00:00.000Z,42,28604.15,0.0,2.01089495E7
2026-04-27T00:00:00.000Z,42,28447.3,0.0,2.55626761E7
2026-04-27T00:00:00.000Z,36,28544.25,0.0,2.45057025E7
2026-04-27T00:00:00.000Z,14,28653.333333333332,0.0,2.3800735333333332E7
2026-04-27T00:00:00.000Z,27,28661.0,0.0,2.4612721111111112E7
2026-04-27T00:00:00.000Z,31,28430.88888888889,0.0,2.4910934E7
2026-04-27T00:00:00.000Z,29,28501.11111111111,0.0,2.4496541333333332E7
2026-04-26T00:00:00.000Z,4,28502.0,0.0,2.414010325E7
2026-04-27T00:00:00.000Z,25,28694.666666666668,0.0,2.458175E7
2026-04-28T00:00:00.000Z,28,28793.304347826088,0.0,2.091899E7
2026-04-25T00:00:00.000Z,29,28430.444444444445,0.0,2.4955424888888888E7
2026-04-27T00:00:00.000Z,15,28633.428571428572,0.0,2.3843106714285713E7
2026-04-25T00:00:00.000Z,20,28548.9375,0.0,2.4866552625E7
2026-04-25T00:00:00.000Z,13,28549.0,0.0,2.4835101E7
2026-04-28T00:00:00.000Z,39,28594.0,0.0,2.1341688111111112E7
2026-04-27T00:00:00.000Z,12,28401.947368421053,0.0,2.436902442105263E7
2026-04-25T00:00:00.000Z,27,28553.777777777777,0.0,2.5231301777777776E7
2026-04-27T00:00:00.000Z,1,28511.75,0.0,2.420867025E7
2026-04-26T00:00:00.000Z,37,28335.8,0.0,2.44457854E7
2026-04-28T00:00:00.000Z,19,28693.285714285714,0.0,2.425931685714286E7
2026-04-25T00:00:00.000Z,8,28455.0,0.0,2.4927771777777776E7
2026-04-26T00:00:00.000Z,19,28331.5,0.0,2.265209057142857E7
2026-04-26T00:00:00.000Z,29,28384.444444444445,0.0,2.4587039555555556E7
2026-04-26T00:00:00.000Z,31,28326.88888888889,0.0,2.4243243777777776E7
2026-04-27T00:00:00.000Z,4,28581.75,0.0,2.43188075E7
2026-04-28T00:00:00.000Z,26,28641.5,1.6875,1.83111125E7
2026-04-28T00:00:00.000Z,25,28825.0,0.0,1.9200002666666668E7
2026-04-26T00:00:00.000Z,18,28468.0,0.0,2.298202E7
2026-04-27T00:00:00.000Z,2,28499.0,0.0,2.444135E7
2026-04-26T00:00:00.000Z,22,28372.454545454544,0.0,2.4371555636363637E7
2026-04-25T00:00:00.000Z,14,28657.333333333332,0.0,2.4737604E7
2026-04-26T00:00:00.000Z,8,28302.88888888889,0.0,2.3001250888888888E7
2026-04-26T00:00:00.000Z,15,28513.85714285714,0.0,2.3758247714285713E7
2026-04-28T00:00:00.000Z,31,28562.222222222223,0.2222222222222222,1.9760719777777776E7
2026-04-25T00:00:00.000Z,11,28386.571428571428,0.0,2.484740257142857E7
2026-04-25T00:00:00.000Z,26,28432.6875,0.0,2.5294010625E7
2026-04-27T00:00:00.000Z,10,28429.6875,0.0,2.35230585E7
2026-04-27T00:00:00.000Z,7,28561.823529411766,0.0,2.414570094117647E7
2026-04-28T00:00:00.000Z,9,28659.058823529413,0.0,2.3942313529411763E7
2026-04-26T00:00:00.000Z,34,28466.85714285714,0.0,2.3733442E7
2026-04-26T00:00:00.000Z,33,28545.11111111111,0.0,2.3944294666666668E7
2026-04-26T00:00:00.000Z,20,28434.3125,0.0,2.310027125E7
2026-04-27T00:00:00.000Z,37,28450.2,0.0,2.46250424E7
2026-04-28T00:00:00.000Z,35,28584.066666666666,0.0,2.0878240666666668E7
2026-04-28T00:00:00.000Z,7,28803.235294117647,0.0,2.407287611764706E7
2026-04-28T00:00:00.000Z,32,28667.909090909092,0.36363636363636365,1.983447309090909E7
2026-04-27T00:00:00.000Z,23,28577.333333333332,0.0,2.4143195666666668E7
2026-04-26T00:00:00.000Z,40,28315.38888888889,0.0,2.3754675777777776E7
2026-04-28T00:00:00.000Z,1,28709.5,0.0,2.224289775E7
2026-04-25T00:00:00.000Z,32,28485.909090909092,0.0,2.535054309090909E7
2026-04-26T00:00:00.000Z,32,28480.454545454544,0.0,2.3741961454545453E7
2026-04-28T00:00:00.000Z,37,28595.9,0.0,2.02830908E7
2026-04-25T00:00:00.000Z,42,28434.1,0.0,2.55382652E7
2026-04-25T00:00:00.000Z,3,28450.5,0.0,2.5030367E7
2026-04-25T00:00:00.000Z,37,28404.4,0.0,2.50477584E7
2026-04-28T00:00:00.000Z,16,28801.222222222223,0.0,2.2803766666666668E7
2026-04-26T00:00:00.000Z,21,28493.0,0.0,2.4198452E7
2026-04-28T00:00:00.000Z,27,28788.0,0.0,1.9183199555555556E7
2026-04-27T00:00:00.000Z,16,28565.88888888889,0.0,2.3957421555555556E7
2026-04-27T00:00:00.000Z,26,28536.1875,0.0,2.4895223625E7
2026-04-27T00:00:00.000Z,9,28416.29411764706,0.0,2.4240506E7
2026-04-26T00:00:00.000Z,38,28334.0,0.0,2.3655226E7
2026-04-27T00:00:00.000Z,33,28602.11111111111,0.0,2.5018247777777776E7
2026-04-28T00:00:00.000Z,40,28582.61111111111,0.0,2.0547986888888888E7
2026-04-25T00:00:00.000Z,16,28551.666666666668,0.0,2.4847747111111112E7
2026-04-25T00:00:00.000Z,23,28519.333333333332,0.0,2.4956951E7
2026-04-26T00:00:00.000Z,23,28497.166666666668,0.0,2.4181487333333332E7
2026-04-26T00:00:00.000Z,1,28428.375,0.0,2.4376855E7
2026-04-26T00:00:00.000Z,25,28642.0,0.0,2.511821E7
2026-04-27T00:00:00.000Z,22,28470.090909090908,0.0,2.4012456E7
2026-04-28T00:00:00.000Z,0,28760.333333333332,0.0,2.2696258E7
2026-04-27T00:00:00.000Z,35,28395.466666666667,0.0,2.4667366133333333E7
2026-04-27T00:00:00.000Z,34,28549.0,0.0,2.517544157142857E7
2026-04-26T00:00:00.000Z,36,28439.0,0.0,2.4502077E7
2026-04-27T00:00:00.000Z,39,28400.222222222223,0.0,2.4677084444444444E7
2026-04-26T00:00:00.000Z,24,28372.11111111111,0.0,2.4732021111111112E7
2026-04-28T00:00:00.000Z,41,28698.11111111111,2.7777777777777777,1.9972028222222224E7
2026-04-28T00:00:00.000Z,33,28698.333333333332,12.666666666666666,1.7062589888888888E7
2026-04-28T00:00:00.000Z,34,28619.928571428572,6.5,1.831405057142857E7
2026-04-25T00:00:00.000Z,15,28604.714285714286,0.0,2.489368642857143E7
2026-04-28T00:00:00.000Z,2,28726.0,0.0,2.20640996E7
2026-04-25T00:00:00.000Z,39,28417.166666666668,0.0,2.4979690666666668E7
2026-04-26T00:00:00.000Z,7,28418.176470588234,0.0,2.333972576470588E7
2026-04-26T00:00:00.000Z,3,28379.125,0.0,2.42430425E7
2026-04-28T00:00:00.000Z,11,28605.0,0.0,2.2532384285714287E7
2026-04-25T00:00:00.000Z,28,28546.91304347826,0.0,2.4965362347826086E7
2026-04-26T00:00:00.000Z,39,28323.38888888889,0.0,2.3879429444444444E7
2026-04-25T00:00:00.000Z,33,28516.333333333332,0.0,2.5302249333333332E7
2026-04-26T00:00:00.000Z,11,28294.0,0.0,2.387873057142857E7
2026-04-27T00:00:00.000Z,30,28454.909090909092,0.0,2.4802632727272727E7
2026-05-22T00:00:00.000Z,40,28958.666666666668,0.0,2.7882423222222224E7
2026-05-19T00:00:00.000Z,10,28653.5,113.0,2.13526445E7
2026-05-20T00:00:00.000Z,33,28656.444444444445,141.44444444444446,1.9238497777777776E7
2026-05-22T00:00:00.000Z,15,29268.14285714286,0.0,2.728242285714286E7
2026-05-20T00:00:00.000Z,40,28611.833333333332,641.0,1.7783001333333332E7
2026-05-21T00:00:00.000Z,20,29024.0625,33.8125,1.94794385E7
2026-05-21T00:00:00.000Z,0,28898.0,19.666666666666668,1.9246309333333332E7
2026-05-21T00:00:00.000Z,18,29123.0,30.0,1.9363134E7
2026-05-19T00:00:00.000Z,23,28674.5,63.666666666666664,2.0036293666666668E7
2026-05-19T00:00:00.000Z,31,28364.444444444445,16.88888888888889,1.9414866444444444E7
2026-05-20T00:00:00.000Z,24,28541.0,299.55555555555554,1.8329181777777776E7
2026-05-21T00:00:00.000Z,17,29038.0,37.0,1.9736388E7
2026-05-21T00:00:00.000Z,9,28823.823529411766,29.705882352941178,1.889307682352941E7
2026-05-22T00:00:00.000Z,38,28984.0,0.0,2.7232994E7
2026-05-21T00:00:00.000Z,40,28775.5,17.833333333333332,2.1536618111111112E7
2026-05-21T00:00:00.000Z,8,28891.0,29.22222222222222,1.8749961555555556E7
2026-05-20T00:00:00.000Z,2,28695.4,349.2,1.77387612E7
2026-05-19T00:00:00.000Z,0,28654.666666666668,23.0,1.9517649333333332E7
2026-05-22T00:00:00.000Z,9,29077.058823529413,0.0,2.702577423529412E7
2026-05-20T00:00:00.000Z,31,28514.777777777777,322.55555555555554,1.8756337333333332E7
2026-05-22T00:00:00.000Z,39,28962.555555555555,0.0,2.7445285222222224E7
2026-05-19T00:00:00.000Z,43,28415.615384615383,17.692307692307693,1.9997928307692308E7
2026-05-20T00:00:00.000Z,8,28712.777777777777,269.3333333333333,1.7407492666666668E7
2026-05-19T00:00:00.000Z,32,28509.090909090908,3.090909090909091,2.0454586545454547E7
2026-05-19T00:00:00.000Z,30,28347.272727272728,64.72727272727273,1.9402222E7
2026-05-22T00:00:00.000Z,16,29168.222222222223,0.0,2.7216796666666668E7
2026-05-19T00:00:00.000Z,24,28457.11111111111,49.0,1.9527721111111112E7
2026-05-21T00:00:00.000Z,31,28696.11111111111,1.5555555555555556,2.1810874E7
2026-05-21T00:00:00.000Z,36,28867.125,17.875,2.0266712E7
2026-05-22T00:00:00.000Z,25,29195.0,0.0,2.7672633333333332E7
2026-05-20T00:00:00.000Z,42,28598.9,454.55,1.758090175E7
2026-05-20T00:00:00.000Z,32,28673.81818181818,246.0909090909091,1.8750757272727273E7
2026-05-19T00:00:00.000Z,3,28568.5,36.25,1.92723595E7
2026-05-22T00:00:00.000Z,24,29021.444444444445,0.0,2.7408291555555556E7
2026-05-21T00:00:00.000Z,15,29052.428571428572,33.857142857142854,1.975140242857143E7
2026-05-19T00:00:00.000Z,41,28593.444444444445,2.888888888888889,2.1531024E7
2026-05-21T00:00:00.000Z,1,28863.625,31.625,1.967638025E7
2026-05-22T00:00:00.000Z,21,29210.0,0.0,2.7392842E7
2026-05-22T00:00:00.000Z,34,28996.5,0.0,2.7875944E7
2026-05-22T00:00:00.000Z,14,29274.333333333332,0.0,2.7171321333333332E7
2026-05-22T00:00:00.000Z,35,28935.466666666667,0.0,2.7604545466666665E7
2026-05-22T00:00:00.000Z,28,29154.869565217392,0.0,2.736967904347826E7
2026-05-20T00:00:00.000Z,41,28729.88888888889,357.0,1.809457E7
2026-05-22T00:00:00.000Z,20,29235.75,0.0,2.71768815E7
2026-05-22T00:00:00.000Z,1,29113.5,0.0,2.737213775E7
2026-05-21T00:00:00.000Z,26,28789.4375,0.3125,2.4631077375E7
2026-05-20T00:00:00.000Z,11,28609.428571428572,607.4285714285714,1.5545103857142856E7
2026-05-20T00:00:00.000Z,29,28549.666666666668,284.77777777777777,1.8725547555555556E7
2026-05-21T00:00:00.000Z,39,28761.277777777777,39.166666666666664,2.0529713333333332E7
2026-05-20T00:00:00.000Z,21,28749.0,344.0,1.800164E7
2026-05-20T00:00:00.000Z,15,28854.5,209.71428571428572,1.800704485714286E7
2026-05-21T00:00:00.000Z,3,28797.125,31.5,1.994661825E7
2026-05-19T00:00:00.000Z,5,28638.909090909092,29.181818181818183,1.9508000545454547E7
2026-05-19T00:00:00.000Z,34,28430.785714285714,78.85714285714286,1.924099942857143E7
2026-05-19T00:00:00.000Z,19,28643.14285714286,228.92857142857142,2.0706293714285713E7
2026-05-21T00:00:00.000Z,10,28892.75,17.6875,1.84383885E7
2026-05-22T00:00:00.000Z,2,29081.2,0.0,2.74842596E7
2026-05-20T00:00:00.000Z,19,28705.214285714286,469.92857142857144,1.7505741714285713E7
2026-05-19T00:00:00.000Z,38,28586.0,52.0,2.0322564E7
2026-05-21T00:00:00.000Z,25,28975.666666666668,0.0,2.4349070666666668E7
2026-05-22T00:00:00.000Z,19,29148.428571428572,0.0,2.698401085714286E7
2026-05-19T00:00:00.000Z,18,28785.0,278.0,1.8467736E7
2026-05-21T00:00:00.000Z,30,28706.454545454544,0.2727272727272727,2.250211E7
2026-05-22T00:00:00.000Z,4,29204.0,0.0,2.74719335E7
2026-05-20T00:00:00.000Z,28,28725.043478260868,191.0,1.7788425304347824E7
2026-05-22T00:00:00.000Z,22,29065.545454545456,0.0,2.7206188363636363E7
2026-05-21T00:00:00.000Z,35,28721.8,16.866666666666667,2.0305973333333332E7
2026-05-21T00:00:00.000Z,24,28784.555555555555,19.88888888888889,2.1061334444444444E7
2026-05-22T00:00:00.000Z,18,29298.0,0.0,2.699094E7
2026-05-20T00:00:00.000Z,9,28659.647058823528,418.0,1.695262029411765E7
2026-05-20T00:00:00.000Z,25,28764.666666666668,92.33333333333333,1.8290406666666668E7
2026-05-22T00:00:00.000Z,32,29025.909090909092,0.0,2.8036894181818184E7
2026-05-21T00:00:00.000Z,12,28777.473684210527,32.8421052631579,1.932694410526316E7
2026-05-22T00:00:00.000Z,33,29053.11111111111,0.0,2.7780062E7
2026-05-19T00:00:00.000Z,8,28643.333333333332,100.88888888888889,2.0612174444444444E7
2026-05-21T00:00:00.000Z,14,29060.333333333332,15.0,2.0298873333333332E7
2026-05-20T00:00:00.000Z,27,28698.555555555555,128.33333333333334,1.8434873555555556E7
2026-05-19T00:00:00.000Z,26,28447.5625,125.9375,1.9166207625E7
2026-05-22T00:00:00.000Z,29,29005.666666666668,0.0,2.7565436E7
2026-05-19T00:00:00.000Z,22,28522.0,69.0909090909091,1.9777607818181816E7
2026-05-22T00:00:00.000Z,5,29118.272727272728,0.0,2.7376394727272727E7
2026-05-19T00:00:00.000Z,9,28607.0,66.05882352941177,2.026684188235294E7
2026-05-20T00:00:00.000Z,13,28713.5,243.0,1.7782378E7
2026-05-19T00:00:00.000Z,29,28434.777777777777,36.22222222222222,1.9400343111111112E7
2026-05-20T00:00:00.000Z,39,28599.333333333332,620.5555555555555,1.7230565055555556E7
2026-05-22T00:00:00.000Z,17,29248.0,0.0,2.7136232E7
2026-05-21T00:00:00.000Z,37,28740.3,10.9,2.0671676E7
2026-05-19T00:00:00.000Z,7,28692.941176470587,114.47058823529412,2.028783823529412E7
2026-05-20T00:00:00.000Z,0,28728.333333333332,314.3333333333333,1.767505E7
2026-05-22T00:00:00.000Z,31,28917.666666666668,0.0,2.7783305777777776E7
2026-05-20T00:00:00.000Z,23,28756.0,357.3333333333333,1.7934425666666668E7
2026-05-20T00:00:00.000Z,34,28567.14285714286,212.85714285714286,1.913737857142857E7
2026-05-19T00:00:00.000Z,14,28796.666666666668,101.0,1.9910510666666668E7
2026-05-21T00:00:00.000Z,4,28956.875,20.0,1.919584E7
2026-05-19T00:00:00.000Z,40,28511.0,25.166666666666668,2.0848401111111112E7
2026-05-20T00:00:00.000Z,10,28723.6875,455.125,1.7622177875E7
2026-05-22T00:00:00.000Z,11,28966.571428571428,0.0,2.709955914285714E7
2026-05-22T00:00:00.000Z,43,28929.384615384617,0.0,2.7894664153846152E7
2026-05-19T00:00:00.000Z,4,28705.125,32.0,1.975425375E7
2026-05-20T00:00:00.000Z,12,28620.736842105263,628.4736842105264,1.578030605263158E7
2026-05-20T00:00:00.000Z,26,28564.0625,143.375,1.8822868375E7
2026-05-19T00:00:00.000Z,13,28640.5,106.5,1.9917111E7
2026-05-20T00:00:00.000Z,14,28869.666666666668,235.0,1.7836136E7
2026-05-21T00:00:00.000Z,29,28773.777777777777,8.555555555555555,2.1396084E7
2026-05-20T00:00:00.000Z,5,28704.545454545456,292.6363636363636,1.7262448545454547E7
2026-05-19T00:00:00.000Z,27,28591.11111111111,154.33333333333334,1.9626356222222224E7
2026-05-20T00:00:00.000Z,18,28914.0,159.0,1.8541686E7
2026-05-20T00:00:00.000Z,30,28467.81818181818,264.6363636363636,1.8870964181818184E7
2026-05-21T00:00:00.000Z,11,28745.14285714286,58.285714285714285,1.993500942857143E7
2026-05-19T00:00:00.000Z,12,28577.473684210527,55.73684210526316,1.990381557894737E7
2026-05-20T00:00:00.000Z,4,28781.5,317.0,1.7631978E7
2026-05-20T00:00:00.000Z,3,28633.125,521.625,1.710750175E7
2026-05-20T00:00:00.000Z,17,28830.0,396.0,1.7992492E7
2026-05-20T00:00:00.000Z,1,28677.0,336.5,1.8122375E7
2026-05-21T00:00:00.000Z,5,28866.454545454544,11.272727272727273,1.9112492363636363E7
2026-05-22T00:00:00.000Z,10,29116.4375,0.0,2.663287925E7
2026-05-19T00:00:00.000Z,16,28657.555555555555,112.55555555555556,2.0012286222222224E7
2026-05-22T00:00:00.000Z,27,29144.444444444445,0.0,2.7707482222222224E7
2026-05-21T00:00:00.000Z,19,28919.571428571428,23.714285714285715,1.935772442857143E7
2026-05-21T00:00:00.000Z,23,28953.0,25.333333333333332,1.9702719666666668E7
2026-05-21T00:00:00.000Z,21,28953.0,23.0,1.9867604E7
2026-05-19T00:00:00.000Z,28,28629.217391304348,96.95652173913044,1.993247886956522E7
2026-05-19T00:00:00.000Z,25,28651.666666666668,145.66666666666666,1.9669692E7
2026-05-20T00:00:00.000Z,37,28532.1,374.6,1.84600938E7
2026-05-22T00:00:00.000Z,23,29206.5,0.0,2.7408313333333332E7
2026-05-22T00:00:00.000Z,36,29110.375,0.0,2.762380425E7
2026-05-20T00:00:00.000Z,20,28816.6875,314.375,1.7828544625E7
2026-05-19T00:00:00.000Z,2,28628.0,8.4,1.9207806E7
2026-05-21T00:00:00.000Z,42,28779.85,5.05,2.29741262E7
2026-05-22T00:00:00.000Z,3,29031.625,0.0,2.74498805E7
2026-05-22T00:00:00.000Z,12,29027.052631578947,0.0,2.708590442105263E7
2026-05-19T00:00:00.000Z,36,28564.25,17.75,1.929999825E7
2026-05-21T00:00:00.000Z,13,28933.0,20.0,2.09532E7
2026-05-19T00:00:00.000Z,20,28735.1875,129.375,1.9757321375E7
2026-05-20T00:00:00.000Z,22,28599.090909090908,371.54545454545456,1.8071942545454547E7
2026-05-22T00:00:00.000Z,30,28913.909090909092,0.0,2.7765255636363637E7
2026-05-19T00:00:00.000Z,39,28522.38888888889,40.77777777777778,1.9921971777777776E7
2026-05-21T00:00:00.000Z,38,28798.0,52.0,2.0330486E7
2026-05-22T00:00:00.000Z,13,29158.0,0.0,2.7229461E7
2026-05-21T00:00:00.000Z,34,28787.64285714286,0.9285714285714286,2.4674107714285713E7
2026-05-22T00:00:00.000Z,26,28993.4375,0.0,2.77402485E7
2026-05-21T00:00:00.000Z,41,28899.555555555555,1.3333333333333333,2.3783663777777776E7
2026-05-22T00:00:00.000Z,37,28983.2,0.0,2.7621771E7
2026-05-19T00:00:00.000Z,17,28755.0,128.0,1.9657278E7
2026-05-19T00:00:00.000Z,37,28414.1,19.9,1.91571076E7
2026-05-20T00:00:00.000Z,7,28770.117647058825,299.8235294117647,1.7419490352941178E7
2026-05-21T00:00:00.000Z,33,28867.222222222223,0.0,2.5408260222222224E7
2026-05-21T00:00:00.000Z,28,28933.043478260868,2.4782608695652173,2.270477704347826E7
2026-05-19T00:00:00.000Z,21,28668.0,73.0,2.0090674E7
2026-05-21T00:00:00.000Z,27,28928.555555555555,0.0,2.3947434222222224E7
2026-05-21T00:00:00.000Z,7,28969.764705882353,28.294117647058822,1.900322329411765E7
2026-05-20T00:00:00.000Z,16,28731.555555555555,236.33333333333334,1.7703534222222224E7
2026-05-19T00:00:00.000Z,15,28766.928571428572,89.35714285714286,1.983956457142857E7
2026-05-22T00:00:00.000Z,0,29138.333333333332,0.0,2.7305318E7
2026-05-20T00:00:00.000Z,38,28655.0,614.0,1.6462026E7
2026-05-22T00:00:00.000Z,7,29205.470588235294,0.0,2.731869423529412E7
2026-05-22T00:00:00.000Z,42,28973.65,0.0,2.8170685E7
2026-05-19T00:00:00.000Z,33,28527.0,124.66666666666667,1.8412930444444444E7
2026-05-21T00:00:00.000Z,2,28854.6,20.0,1.95541348E7
2026-05-20T00:00:00.000Z,36,28660.875,381.0,1.847510925E7
2026-05-20T00:00:00.000Z,35,28546.2,511.6666666666667,1.80478476E7
2026-05-22T00:00:00.000Z,8,29129.444444444445,0.0,2.7088503111111112E7
2026-05-21T00:00:00.000Z,16,28944.777777777777,15.222222222222221,2.1187151111111112E7
2026-05-21T00:00:00.000Z,43,28727.153846153848,3.076923076923077,2.1779035230769232E7
2026-05-19T00:00:00.000Z,42,28480.0,8.25,2.19260651E7
2026-05-21T00:00:00.000Z,22,28815.81818181818,34.27272727272727,2.0259829272727273E7
2026-05-19T00:00:00.000Z,1,28599.625,29.125,1.95777145E7
2026-05-22T00:00:00.000Z,41,29073.555555555555,0.0,2.8075509333333332E7
2026-05-20T00:00:00.000Z,43,28552.076923076922,503.0769230769231,1.8399461384615384E7
2026-05-19T00:00:00.000Z,11,28559.428571428572,70.0,1.9938955714285713E7
2026-05-19T00:00:00.000Z,35,28450.533333333333,19.266666666666666,1.9288388933333334E7
2026-05-21T00:00:00.000Z,32,28836.454545454544,1.3636363636363635,2.3427773272727273E7
2026-04-13T00:00:00.000Z,14,28160.666666666668,568.0,3319097.3333333335
2026-04-16T00:00:00.000Z,0,28532.666666666668,7.666666666666667,1.5618055333333334E7
2026-04-15T00:00:00.000Z,4,28369.375,12.5,1.0917964375E7
2026-04-14T00:00:00.000Z,24,27902.555555555555,36.55555555555556,7294608.444444444
2026-04-16T00:00:00.000Z,19,28576.5,38.57142857142857,1.623074342857143E7
2026-04-15T00:00:00.000Z,20,28443.125,7.0625,1.33487508125E7
2026-04-13T00:00:00.000Z,23,28077.333333333332,300.6666666666667,4036391.1666666665
2026-04-16T00:00:00.000Z,11,28457.428571428572,28.714285714285715,1.4051426E7
2026-04-16T00:00:00.000Z,10,28597.375,40.9375,1.5877954125E7
2026-04-13T00:00:00.000Z,7,28177.235294117647,108.94117647058823,5329736.352941177
2026-04-14T00:00:00.000Z,28,28054.652173913044,31.0,8329299.608695652
2026-04-13T00:00:00.000Z,0,28099.666666666668,186.33333333333334,4665549.0
2026-04-14T00:00:00.000Z,36,28021.625,81.125,6780043.125
2026-04-14T00:00:00.000Z,29,27908.222222222223,52.333333333333336,7016165.0
2026-04-13T00:00:00.000Z,8,28164.555555555555,73.33333333333333,7327025.666666667
2026-04-13T00:00:00.000Z,22,27923.636363636364,419.09090909090907,4130744.3636363638
2026-04-16T00:00:00.000Z,16,28545.777777777777,18.555555555555557,1.6034764E7
2026-04-13T00:00:00.000Z,30,27804.81818181818,380.27272727272725,4589957.0
2026-04-15T00:00:00.000Z,27,28201.88888888889,3.2222222222222223,1.2864390222222222E7
2026-04-13T00:00:00.000Z,12,28098.947368421053,279.3157894736842,8562203.789473685
2026-04-13T00:00:00.000Z,38,28087.0,410.0,7056624.0
2026-04-16T00:00:00.000Z,28,28481.217391304348,17.52173913043478,1.6761620913043479E7
2026-04-15T00:00:00.000Z,25,28244.333333333332,2.3333333333333335,1.3354651E7
2026-04-16T00:00:00.000Z,37,28346.3,12.0,1.5430778E7
2026-04-16T00:00:00.000Z,13,28535.5,15.5,1.58518835E7
2026-04-15T00:00:00.000Z,31,28014.666666666668,22.333333333333332,1.0479384777777778E7
2026-04-15T00:00:00.000Z,41,28189.444444444445,51.44444444444444,9805855.0
2026-04-14T00:00:00.000Z,18,28321.0,6.0,1.323143E7
2026-04-16T00:00:00.000Z,39,28390.38888888889,27.166666666666668,1.4409884055555556E7
2026-04-16T00:00:00.000Z,3,28436.75,18.0,1.4982861125E7
2026-04-15T00:00:00.000Z,42,28148.9,29.05,9850612.85
2026-04-14T00:00:00.000Z,1,28038.0,38.5,7477129.375
2026-04-13T00:00:00.000Z,13,28016.0,558.0,3333531.0
2026-04-15T00:00:00.000Z,14,28438.666666666668,4.0,1.2803588E7
2026-04-13T00:00:00.000Z,9,28124.176470588234,121.05882352941177,8189863.294117647
2026-04-13T00:00:00.000Z,21,28059.0,369.0,3886916.0
2026-04-13T00:00:00.000Z,25,27997.333333333332,755.6666666666666,3643677.0
2026-04-13T00:00:00.000Z,15,28171.35714285714,383.2142857142857,3721580.9285714286
2026-04-16T00:00:00.000Z,20,28643.8125,18.25,1.59388416875E7
2026-04-15T00:00:00.000Z,29,28073.444444444445,10.333333333333334,1.1149400222222222E7
2026-04-13T00:00:00.000Z,19,28133.14285714286,109.14285714285714,6152946.571428572
2026-04-14T00:00:00.000Z,13,28075.0,24.5,8857148.5
2026-04-13T00:00:00.000Z,40,28022.555555555555,371.77777777777777,6280348.166666667
2026-04-15T00:00:00.000Z,32,28121.81818181818,42.36363636363637,1.0498485818181818E7
2026-04-16T00:00:00.000Z,23,28598.666666666668,7.0,1.5988366166666666E7
2026-04-16T00:00:00.000Z,22,28444.727272727272,11.545454545454545,1.5769344636363637E7
2026-04-16T00:00:00.000Z,21,28599.0,7.0,1.6008026E7
2026-04-15T00:00:00.000Z,3,28216.625,15.5,9359722.0
2026-04-13T00:00:00.000Z,35,27953.733333333334,340.46666666666664,5448137.8
2026-04-14T00:00:00.000Z,37,27895.2,86.2,6425531.7
2026-04-16T00:00:00.000Z,15,28660.785714285714,19.357142857142858,1.5862595214285715E7
2026-04-14T00:00:00.000Z,38,28053.0,246.0,4911019.0
2026-04-15T00:00:00.000Z,8,28349.0,13.777777777777779,1.0844750888888888E7
2026-04-15T00:00:00.000Z,16,28306.222222222223,4.111111111111111,1.2934912444444444E7
2026-04-14T00:00:00.000Z,9,28060.58823529412,206.64705882352942,4818763.05882353
2026-04-14T00:00:00.000Z,4,28150.0,40.5,6876862.75
2026-04-16T00:00:00.000Z,17,28663.0,18.0,1.6019527E7
2026-04-16T00:00:00.000Z,12,28482.63157894737,17.05263157894737,1.4497786368421054E7
2026-04-15T00:00:00.000Z,23,28333.166666666668,7.0,1.1958899166666666E7
2026-04-15T00:00:00.000Z,0,28311.0,12.666666666666666,1.0686197666666666E7
2026-04-16T00:00:00.000Z,30,28240.18181818182,10.818181818181818,1.6971694636363637E7
2026-04-14T00:00:00.000Z,21,28099.0,25.0,8385733.0
2026-04-13T00:00:00.000Z,33,27911.333333333332,682.1111111111111,3611066.888888889
2026-04-16T00:00:00.000Z,9,28502.352941176472,17.764705882352942,1.5164919352941176E7
2026-04-13T00:00:00.000Z,1,28028.125,234.75,4538878.625
2026-04-13T00:00:00.000Z,4,28145.5,153.0,4474130.375
2026-04-15T00:00:00.000Z,13,28300.0,5.0,1.2823303E7
2026-04-16T00:00:00.000Z,2,28471.4,13.4,1.52936784E7
2026-04-13T00:00:00.000Z,31,27877.333333333332,332.1111111111111,5283665.0
2026-04-14T00:00:00.000Z,40,27980.277777777777,208.94444444444446,5271515.833333333
2026-04-16T00:00:00.000Z,18,28694.0,43.0,1.5474495E7
2026-04-15T00:00:00.000Z,34,28088.785714285714,15.428571428571429,1.1833057857142856E7
2026-04-16T00:00:00.000Z,25,28498.333333333332,19.0,1.8078946666666668E7
2026-04-15T00:00:00.000Z,38,28189.0,36.0,8186497.0
2026-04-13T00:00:00.000Z,41,28112.88888888889,485.77777777777777,5411625.555555556
2026-04-15T00:00:00.000Z,39,28145.944444444445,28.333333333333332,8872779.0
2026-04-15T00:00:00.000Z,26,28075.75,7.875,1.2671399625E7
2026-04-14T00:00:00.000Z,8,28135.0,65.77777777777777,5939021.222222222
2026-04-14T00:00:00.000Z,31,27871.666666666668,95.66666666666667,6139650.111111111
2026-04-14T00:00:00.000Z,35,27917.2,171.73333333333332,5948849.6
2026-04-14T00:00:00.000Z,17,28248.0,9.0,1.1085933E7
2026-04-16T00:00:00.000Z,1,28494.75,10.5,1.5728510875E7
2026-04-13T00:00:00.000Z,42,28034.6,449.2,6143608.4
2026-04-14T00:00:00.000Z,15,28231.928571428572,18.785714285714285,9600644.5
2026-04-13T00:00:00.000Z,2,28091.0,266.8,4781725.4
2026-04-15T00:00:00.000Z,11,28180.85714285714,37.42857142857143,8479445.285714285
2026-04-16T00:00:00.000Z,31,28267.0,8.333333333333334,1.6279464555555556E7
2026-04-15T00:00:00.000Z,9,28272.529411764706,20.352941176470587,9666214.235294119
2026-04-14T00:00:00.000Z,2,28070.2,107.6,6410925.6
2026-04-16T00:00:00.000Z,24,28343.666666666668,7.666666666666667,1.5787572888888888E7
2026-04-13T00:00:00.000Z,28,27986.217391304348,578.8695652173913,3490640.782608696
2026-04-14T00:00:00.000Z,16,28083.666666666668,25.444444444444443,8884609.777777778
2026-04-13T00:00:00.000Z,34,27891.285714285714,515.7142857142857,3967181.0714285714
2026-04-16T00:00:00.000Z,41,28385.666666666668,3.2222222222222223,1.7192124666666668E7
2026-04-15T00:00:00.000Z,1,28234.875,10.0,1.1116447125E7
2026-04-16T00:00:00.000Z,7,28625.70588235294,9.529411764705882,1.595245711764706E7
2026-04-14T00:00:00.000Z,19,28149.0,23.071428571428573,8179030.428571428
2026-04-14T00:00:00.000Z,11,28019.714285714286,322.0,4742280.714285715
2026-04-16T00:00:00.000Z,26,28335.8125,7.125,1.849031525E7
2026-04-13T00:00:00.000Z,32,28032.454545454544,424.90909090909093,5212812.818181818
2026-04-14T00:00:00.000Z,20,28229.1875,14.125,1.00716518125E7
2026-04-15T00:00:00.000Z,19,28365.85714285714,27.785714285714285,1.2510340714285715E7
2026-04-15T00:00:00.000Z,21,28325.0,5.0,1.2249448E7
2026-04-14T00:00:00.000Z,23,28109.333333333332,27.0,8053756.833333333
2026-04-13T00:00:00.000Z,26,27852.9375,636.5625,3846866.875
2026-04-16T00:00:00.000Z,40,28345.333333333332,15.61111111111111,1.4729374611111112E7
2026-04-13T00:00:00.000Z,18,28206.0,349.0,3343955.0
2026-04-15T00:00:00.000Z,2,28270.2,12.6,9987877.0
2026-04-14T00:00:00.000Z,22,27957.545454545456,31.09090909090909,8020054.909090909
2026-04-13T00:00:00.000Z,37,27902.2,318.0,4918561.0
2026-04-16T00:00:00.000Z,27,28451.444444444445,13.88888888888889,1.7815515777777776E7
2026-04-13T00:00:00.000Z,3,28062.875,356.875,5706779.75
2026-04-16T00:00:00.000Z,33,28408.666666666668,1.1111111111111112,1.8913749333333332E7
2026-04-16T00:00:00.000Z,32,28341.636363636364,2.3636363636363638,1.7577613636363637E7
2026-04-14T00:00:00.000Z,3,28023.875,208.25,5498531.25
2026-04-16T00:00:00.000Z,42,28319.05,11.95,1.610862565E7
2026-04-16T00:00:00.000Z,14,28661.333333333332,8.0,1.5732330666666666E7
2026-04-15T00:00:00.000Z,37,28066.1,15.5,1.02972951E7
2026-04-13T00:00:00.000Z,27,27948.11111111111,693.8888888888889,3654250.4444444445
2026-04-14T00:00:00.000Z,32,28024.363636363636,133.45454545454547,5534254.7272727275
2026-04-14T00:00:00.000Z,39,27986.88888888889,247.77777777777777,5332835.555555556
2026-04-15T00:00:00.000Z,10,28363.8125,18.6875,1.18801309375E7
2026-04-14T00:00:00.000Z,7,28182.352941176472,34.588235294117645,6955377.411764706
2026-04-14T00:00:00.000Z,34,27973.85714285714,57.92857142857143,6056068.142857143
2026-04-14T00:00:00.000Z,0,28096.666666666668,59.666666666666664,6874086.0
2026-04-13T00:00:00.000Z,10,28200.3125,82.25,8946886.875
2026-04-16T00:00:00.000Z,4,28601.0,5.0,1.5809659625E7
2026-04-15T00:00:00.000Z,40,28132.277777777777,33.05555555555556,9027816.111111112
2026-04-14T00:00:00.000Z,26,27962.4375,41.0,7874137.3125
2026-04-14T00:00:00.000Z,41,28083.444444444445,219.22222222222223,5077091.888888889
2026-04-13T00:00:00.000Z,24,27872.88888888889,366.44444444444446,4304291.0
2026-04-15T00:00:00.000Z,7,28404.941176470587,9.411764705882353,1.146814211764706E7
2026-04-16T00:00:00.000Z,8,28564.777777777777,21.88888888888889,1.5705813333333334E7
2026-04-15T00:00:00.000Z,33,28151.666666666668,6.777777777777778,1.2746877666666666E7
2026-04-16T00:00:00.000Z,38,28448.0,32.0,1.3744099E7
2026-04-14T00:00:00.000Z,25,28103.666666666668,24.333333333333332,9019599.0
2026-04-13T00:00:00.000Z,17,28185.0,255.0,4019706.0
2026-04-14T00:00:00.000Z,10,28164.5625,82.75,7222751.0
2026-04-16T00:00:00.000Z,35,28330.8,19.066666666666666,1.49220478E7
2026-04-15T00:00:00.000Z,12,28229.63157894737,30.842105263157894,8810414.05263158
2026-04-13T00:00:00.000Z,16,28022.11111111111,583.3333333333334,3332565.4444444445
2026-04-14T00:00:00.000Z,12,28028.21052631579,316.57894736842104,4384634.47368421
2026-04-15T00:00:00.000Z,24,28087.11111111111,7.888888888888889,1.1460502222222222E7
2026-04-15T00:00:00.000Z,18,28506.0,1.0,1.4695926E7
2026-04-15T00:00:00.000Z,35,28109.133333333335,18.666666666666668,9567332.0
2026-04-15T00:00:00.000Z,28,28236.260869565216,2.8260869565217392,1.2792861086956521E7
2026-04-16T00:00:00.000Z,34,28339.428571428572,4.785714285714286,1.895762014285714E7
2026-04-14T00:00:00.000Z,42,27984.55,258.5,5058889.05
2026-04-13T00:00:00.000Z,11,28070.428571428572,434.57142857142856,8088255.857142857
2026-04-15T00:00:00.000Z,17,28478.0,4.0,1.3943555E7
2026-04-14T00:00:00.000Z,27,28047.0,26.555555555555557,8268837.666666667
2026-04-14T00:00:00.000Z,14,28219.0,25.0,8982067.0
2026-04-13T00:00:00.000Z,29,27891.0,324.1111111111111,4948629.111111111
2026-04-16T00:00:00.000Z,29,28335.666666666668,9.88888888888889,1.6041418666666666E7
2026-04-14T00:00:00.000Z,33,28050.777777777777,50.22222222222222,7860175.777777778
2026-04-13T00:00:00.000Z,20,28171.6875,252.625,4037106.8125
2026-04-15T00:00:00.000Z,15,28438.928571428572,3.2142857142857144,1.308828242857143E7
2026-04-13T00:00:00.000Z,36,28027.75,311.25,4892499.375
2026-04-16T00:00:00.000Z,36,28476.125,13.375,1.52560975E7
2026-04-15T00:00:00.000Z,36,28202.125,12.625,1.0400706E7
2026-04-13T00:00:00.000Z,39,28026.944444444445,389.05555555555554,6422378.388888889
2026-04-14T00:00:00.000Z,30,27841.272727272728,50.81818181818182,6660878.181818182
2026-04-15T00:00:00.000Z,30,27994.545454545456,8.454545454545455,1.1407141909090908E7
2026-04-15T00:00:00.000Z,22,28163.909090909092,7.181818181818182,1.1861465545454545E7
2026-04-17T00:00:00.000Z,41,28472.11111111111,0.0,2.2579782666666668E7
2026-04-20T00:00:00.000Z,9,27984.235294117647,6.411764705882353,1.763647105882353E7
2026-04-20T00:00:00.000Z,2,28076.4,42.0,1.78360316E7
2026-04-19T00:00:00.000Z,21,28291.0,173.0,1.8622886E7
2026-04-19T00:00:00.000Z,30,28206.363636363636,342.3636363636364,1.7627850181818184E7
2026-04-17T00:00:00.000Z,29,28495.11111111111,0.0,1.9183904222222224E7
2026-04-19T00:00:00.000Z,20,28348.875,214.125,1.8395693E7
2026-04-17T00:00:00.000Z,21,28742.0,5.0,1.7539324E7
2026-04-20T00:00:00.000Z,34,28178.071428571428,14.142857142857142,1.775508842857143E7
2026-04-18T00:00:00.000Z,38,28658.0,5.0,1.9704504E7
2026-04-18T00:00:00.000Z,42,28542.55,3.95,2.17296295E7
2026-04-19T00:00:00.000Z,14,28440.0,186.0,1.8751028E7
2026-04-19T00:00:00.000Z,29,28245.555555555555,318.6666666666667,1.7683524444444444E7
2026-04-19T00:00:00.000Z,15,28401.285714285714,159.5,1.879275614285714E7
2026-04-18T00:00:00.000Z,25,28763.0,8.666666666666666,2.001211E7
2026-04-17T00:00:00.000Z,24,28519.555555555555,2.2222222222222223,1.8385105111111112E7
2026-04-19T00:00:00.000Z,23,28296.0,178.0,1.8417255E7
2026-04-18T00:00:00.000Z,14,28892.0,3.0,1.7787008E7
2026-04-18T00:00:00.000Z,11,28652.14285714286,25.428571428571427,1.869170914285714E7
2026-04-17T00:00:00.000Z,20,28742.3125,7.0625,1.752289325E7
2026-04-18T00:00:00.000Z,36,28707.0,30.0,1.7886704E7
2026-04-19T00:00:00.000Z,25,28453.333333333332,70.33333333333333,1.9146169333333332E7
2026-04-17T00:00:00.000Z,3,28550.375,0.0,1.9386978E7
2026-04-20T00:00:00.000Z,31,28006.444444444445,44.111111111111114,1.7437205333333332E7
2026-04-20T00:00:00.000Z,1,28053.0,73.25,1.784193575E7
2026-04-19T00:00:00.000Z,39,28175.222222222223,512.1666666666666,1.5624643388888888E7
2026-04-18T00:00:00.000Z,21,28810.0,14.0,1.7752744E7
2026-04-19T00:00:00.000Z,24,28214.0,301.6666666666667,1.8150029555555556E7
2026-04-19T00:00:00.000Z,32,28382.909090909092,465.54545454545456,1.5867565636363637E7
2026-04-20T00:00:00.000Z,41,28221.222222222223,24.0,1.7693631111111112E7
2026-04-17T00:00:00.000Z,7,28705.823529411766,0.0,1.801154894117647E7
2026-04-20T00:00:00.000Z,39,27994.5,27.555555555555557,1.8293387111111112E7
2026-04-18T00:00:00.000Z,16,28781.222222222223,3.111111111111111,1.8270371333333332E7
2026-04-19T00:00:00.000Z,16,28338.777777777777,161.33333333333334,1.8928751111111112E7
2026-04-19T00:00:00.000Z,19,28246.64285714286,289.92857142857144,1.739242385714286E7
2026-04-18T00:00:00.000Z,22,28648.909090909092,16.545454545454547,1.7674294363636363E7
2026-04-20T00:00:00.000Z,33,28245.555555555555,0.6666666666666666,1.8269563555555556E7
2026-04-18T00:00:00.000Z,37,28585.8,37.5,1.81452764E7
2026-04-17T00:00:00.000Z,32,28465.545454545456,0.0,2.1593201454545453E7
2026-04-20T00:00:00.000Z,26,28153.5625,12.4375,1.797413025E7
2026-04-19T00:00:00.000Z,31,28217.0,358.1111111111111,1.6828003E7
2026-04-19T00:00:00.000Z,3,28189.0,396.875,1.57659885E7
2026-04-17T00:00:00.000Z,2,28595.2,0.0,1.85217272E7
2026-04-18T00:00:00.000Z,13,28774.0,4.0,1.8074399E7
2026-04-17T00:00:00.000Z,31,28400.222222222223,0.0,2.0497797777777776E7
2026-04-19T00:00:00.000Z,42,28272.3,778.6,1.45759211E7
2026-04-18T00:00:00.000Z,40,28577.38888888889,15.166666666666666,2.0682961777777776E7
2026-04-18T00:00:00.000Z,8,28740.777777777777,14.11111111111111,1.7000088444444444E7
2026-04-18T00:00:00.000Z,39,28635.222222222223,31.555555555555557,1.9358061888888888E7
2026-04-20T00:00:00.000Z,23,28118.333333333332,46.333333333333336,1.8195635666666668E7
2026-04-19T00:00:00.000Z,18,28417.0,353.0,1.8740074E7
2026-04-19T00:00:00.000Z,17,28359.0,261.0,1.8404286E7
2026-04-17T00:00:00.000Z,25,28654.0,4.666666666666667,1.7571666666666668E7
2026-04-20T00:00:00.000Z,11,27946.428571428572,16.714285714285715,1.8232151714285713E7
2026-04-19T00:00:00.000Z,10,28233.8125,220.75,1.6385797E7
2026-04-20T00:00:00.000Z,16,28158.0,64.33333333333333,1.7221042666666668E7
2026-04-20T00:00:00.000Z,38,28035.0,19.0,1.8665106E7
2026-04-17T00:00:00.000Z,23,28730.166666666668,3.6666666666666665,1.7566425E7
2026-04-17T00:00:00.000Z,12,28564.052631578947,2.8421052631578947,1.907652789473684E7
2026-04-18T00:00:00.000Z,20,28822.0625,14.0625,1.747088175E7
2026-04-17T00:00:00.000Z,30,28408.545454545456,1.2727272727272727,1.941112690909091E7
2026-04-17T00:00:00.000Z,10,28674.75,8.1875,1.80210685E7
2026-04-18T00:00:00.000Z,3,28705.875,36.5,1.8152421E7
2026-04-17T00:00:00.000Z,11,28501.571428571428,0.0,2.015352057142857E7
2026-04-20T00:00:00.000Z,36,28080.875,78.0,1.7555523E7
2026-04-17T00:00:00.000Z,9,28601.764705882353,5.9411764705882355,1.8549718588235293E7
2026-04-20T00:00:00.000Z,17,28183.0,3.0,1.8435216E7
2026-04-18T00:00:00.000Z,10,28742.375,36.0625,1.6500273875E7
2026-04-18T00:00:00.000Z,15,28872.14285714286,7.642857142857143,1.7770095E7
2026-04-18T00:00:00.000Z,27,28713.88888888889,13.555555555555555,1.9667485333333332E7
2026-04-17T00:00:00.000Z,22,28596.363636363636,9.272727272727273,1.7815465818181816E7
2026-04-19T00:00:00.000Z,26,28333.25,175.25,1.7921163875E7
2026-04-18T00:00:00.000Z,28,28755.608695652172,5.956521739130435,1.8980351913043477E7
2026-04-17T00:00:00.000Z,14,28857.0,12.0,1.7458632666666668E7
2026-04-19T00:00:00.000Z,4,28316.125,170.5,1.75670625E7
2026-04-18T00:00:00.000Z,31,28518.88888888889,46.0,1.8922130444444444E7
2026-04-18T00:00:00.000Z,34,28570.785714285714,41.0,2.0472752714285713E7
2026-04-19T00:00:00.000Z,1,28242.125,248.125,1.7797785E7
2026-04-19T00:00:00.000Z,22,28196.545454545456,273.72727272727275,1.8327766363636363E7
2026-04-18T00:00:00.000Z,18,28867.0,15.0,1.710554E7
2026-04-20T00:00:00.000Z,42,28086.25,25.7,1.82731687E7
2026-04-17T00:00:00.000Z,26,28470.0,5.1875,1.844604275E7
2026-04-20T00:00:00.000Z,30,28008.0,24.90909090909091,1.7358773818181816E7
2026-04-17T00:00:00.000Z,19,28679.35714285714,23.857142857142858,1.807330285714286E7
2026-04-18T00:00:00.000Z,2,28770.0,20.2,1.77769296E7
2026-04-18T00:00:00.000Z,41,28618.444444444445,30.333333333333332,2.1317475777777776E7
2026-04-18T00:00:00.000Z,12,28684.526315789473,20.94736842105263,1.7742398210526317E7
2026-04-18T00:00:00.000Z,29,28589.0,26.333333333333332,1.8159936E7
2026-04-19T00:00:00.000Z,33,28431.444444444445,120.55555555555556,1.7197013111111112E7
2026-04-19T00:00:00.000Z,11,28158.571428571428,463.57142857142856,1.474116E7
2026-04-18T00:00:00.000Z,24,28606.222222222223,14.222222222222221,1.7800357333333332E7
2026-04-18T00:00:00.000Z,23,28809.833333333332,16.666666666666668,1.7678065333333332E7
2026-04-20T00:00:00.000Z,18,28242.0,4.0,1.8332204E7
2026-04-17T00:00:00.000Z,18,28830.0,8.0,1.6951528E7
2026-04-17T00:00:00.000Z,35,28459.066666666666,0.0,2.0094988666666668E7
2026-04-20T00:00:00.000Z,12,27958.42105263158,7.157894736842105,1.7712853684210528E7
2026-04-20T00:00:00.000Z,19,28071.285714285714,2.7857142857142856,1.813645285714286E7
2026-04-20T00:00:00.000Z,4,28143.125,37.0,1.823380475E7
2026-04-20T00:00:00.000Z,28,28197.91304347826,28.782608695652176,1.7064177304347824E7
2026-04-20T00:00:00.000Z,24,28012.555555555555,70.88888888888889,1.7131118666666668E7
2026-04-20T00:00:00.000Z,20,28173.75,5.5,1.8457410375E7
2026-04-17T00:00:00.000Z,37,28474.5,0.0,1.96036824E7
2026-04-20T00:00:00.000Z,0,28095.666666666668,39.666666666666664,1.8034648E7
2026-04-19T00:00:00.000Z,8,28229.777777777777,243.66666666666666,1.6515661444444444E7
2026-04-19T00:00:00.000Z,0,28270.666666666668,193.33333333333334,1.7310222666666668E7
2026-04-19T00:00:00.000Z,13,28331.0,193.5,1.88242E7
2026-04-18T00:00:00.000Z,7,28800.470588235294,8.882352941176471,1.744251576470588E7
2026-04-20T00:00:00.000Z,15,28217.785714285714,24.071428571428573,1.8247142285714287E7
2026-04-20T00:00:00.000Z,25,28293.666666666668,24.333333333333332,1.776248E7
2026-04-17T00:00:00.000Z,34,28454.5,4.071428571428571,1.967465742857143E7
2026-04-20T00:00:00.000Z,3,27997.75,28.125,1.782648275E7
2026-04-18T00:00:00.000Z,9,28701.764705882353,15.176470588235293,1.7227444E7
2026-04-18T00:00:00.000Z,19,28741.285714285714,33.857142857142854,1.7203927785714287E7
2026-04-17T00:00:00.000Z,38,28504.0,0.0,2.1340844E7
2026-04-20T00:00:00.000Z,10,28049.3125,2.5,1.7014204625E7
2026-04-20T00:00:00.000Z,7,28127.764705882353,9.470588235294118,1.8651827411764707E7
2026-04-20T00:00:00.000Z,35,27968.4,41.733333333333334,1.7781487066666666E7
2026-04-18T00:00:00.000Z,0,28785.666666666668,16.333333333333332,1.7474819333333332E7
2026-04-17T00:00:00.000Z,0,28643.666666666668,0.3333333333333333,1.7873344E7
2026-04-20T00:00:00.000Z,14,28250.666666666668,57.0,1.7552163333333332E7
2026-04-20T00:00:00.000Z,29,28033.88888888889,53.111111111111114,1.7296134E7
2026-04-19T00:00:00.000Z,27,28399.222222222223,104.11111111111111,1.8884148444444444E7
2026-04-18T00:00:00.000Z,30,28502.18181818182,38.81818181818182,1.8857363818181816E7
2026-04-19T00:00:00.000Z,34,28370.714285714286,363.2142857142857,1.6577286642857144E7
2026-04-17T00:00:00.000Z,16,28734.444444444445,11.88888888888889,1.7844181111111112E7
2026-04-20T00:00:00.000Z,13,28143.0,74.0,1.7210966E7
2026-04-17T00:00:00.000Z,42,28398.3,0.0,2.28075305E7
2026-04-19T00:00:00.000Z,2,28255.2,261.2,1.67853014E7
2026-04-17T00:00:00.000Z,28,28658.217391304348,4.782608695652174,1.800678904347826E7
2026-04-18T00:00:00.000Z,1,28717.75,17.875,1.750732025E7
2026-04-17T00:00:00.000Z,17,28750.0,8.0,1.7489032E7
2026-04-20T00:00:00.000Z,21,28111.0,47.0,1.815388E7
2026-04-19T00:00:00.000Z,36,28303.25,428.25,1.749350725E7
2026-04-19T00:00:00.000Z,12,28184.894736842107,466.42105263157896,1.5136323105263159E7
2026-04-18T00:00:00.000Z,33,28687.222222222223,17.77777777777778,2.0426872888888888E7
2026-04-17T00:00:00.000Z,33,28540.222222222223,5.333333333333333,1.8376508E7
2026-04-17T00:00:00.000Z,27,28612.555555555555,6.222222222222222,1.7867016666666668E7
2026-04-20T00:00:00.000Z,40,28025.38888888889,30.88888888888889,1.8586414666666668E7
2026-04-18T00:00:00.000Z,32,28589.090909090908,43.72727272727273,2.0313792545454547E7
2026-04-19T00:00:00.000Z,38,28208.0,482.0,1.4930204E7
2026-04-19T00:00:00.000Z,28,28364.695652173912,109.30434782608695,1.900220086956522E7
2026-04-17T00:00:00.000Z,36,28596.0,0.125,1.908972275E7
2026-04-20T00:00:00.000Z,8,28044.666666666668,6.555555555555555,1.7998952222222224E7
2026-04-19T00:00:00.000Z,7,28301.235294117647,178.05882352941177,1.758968770588235E7
2026-04-17T00:00:00.000Z,15,28810.428571428572,3.5714285714285716,1.7501294714285713E7
2026-04-20T00:00:00.000Z,22,27998.454545454544,93.72727272727273,1.752902290909091E7
2026-04-18T00:00:00.000Z,17,28836.0,14.0,1.7398846E7
2026-04-19T00:00:00.000Z,9,28190.647058823528,404.0,1.5740165294117646E7
2026-04-17T00:00:00.000Z,4,28705.0,0.5,1.7727097E7
2026-04-19T00:00:00.000Z,37,28210.0,408.8,1.72643877E7
2026-04-18T00:00:00.000Z,35,28629.6,45.333333333333336,1.8552691466666665E7
2026-04-20T00:00:00.000Z,37,27982.6,66.9,1.74069398E7
2026-04-18T00:00:00.000Z,4,28829.875,15.5,1.7446837E7
2026-04-20T00:00:00.000Z,32,28188.272727272728,31.818181818181817,1.7544191818181816E7
2026-04-17T00:00:00.000Z,13,28731.5,11.5,1.7837462E7
2026-04-20T00:00:00.000Z,27,28234.666666666668,17.0,1.7573862666666668E7
2026-04-19T00:00:00.000Z,41,28408.0,671.4444444444445,1.4935508555555556E7
2026-04-18T00:00:00.000Z,26,28593.5625,22.5,2.0167411625E7
2026-04-17T00:00:00.000Z,8,28659.88888888889,2.3333333333333335,1.8294736888888888E7
2026-04-17T00:00:00.000Z,1,28611.0,1.875,1.7836115E7
2026-04-17T00:00:00.000Z,39,28478.0,0.0,2.0968556444444444E7
2026-04-19T00:00:00.000Z,35,28174.666666666668,455.1333333333333,1.6663821466666667E7
2026-04-17T00:00:00.000Z,40,28411.38888888889,0.0,2.2349584E7
2026-04-19T00:00:00.000Z,40,28208.722222222223,582.4444444444445,1.5575212944444444E7
