date,feature_index,temperature-mean,precipitation-flux,solar-radiation-flux
2023-01-22T00:00:00.000Z,27,27191.333333333332,148.66666666666666,3685473.4444444445
2023-01-22T00:00:00.000Z,22,27082.272727272728,247.8181818181818,3308071.909090909
2023-01-22T00:00:00.000Z,40,26927.722222222223,96.61111111111111,3651733.111111111
2023-01-21T00:00:00.000Z,36,26879.5,196.875,3846712.875
2023-01-20T00:00:00.000Z,37,26830.1,91.3,5396008.6
2023-01-21T00:00:00.000Z,5,27068.545454545456,197.54545454545453,2823208.6363636362
2023-01-19T00:00:00.000Z,25,27080.333333333332,6.333333333333333,4629236.333333333
2023-01-19T00:00:00.000Z,29,26738.777777777777,4.111111111111111,5131301.666666667
2023-01-22T00:00:00.000Z,7,27306.58823529412,94.0,2806138.0
2023-01-22T00:00:00.000Z,3,27105.25,147.25,3117698.5
2023-01-20T00:00:00.000Z,27,27002.0,50.888888888888886,5405570.777777778
2023-01-22T00:00:00.000Z,8,27247.666666666668,114.11111111111111,3002312.222222222
2023-01-19T00:00:00.000Z,1,26969.125,21.375,4969913.375
2023-01-20T00:00:00.000Z,7,27219.70588235294,88.0,4700636.94117647
2023-01-22T00:00:00.000Z,35,26976.733333333334,165.86666666666667,3362515.2
2023-01-22T00:00:00.000Z,0,27235.0,157.0,2858274.3333333335
2023-01-20T00:00:00.000Z,23,27131.666666666668,58.333333333333336,5372547.166666667
2023-01-21T00:00:00.000Z,20,27120.5625,146.0,3548470.3125
2023-01-20T00:00:00.000Z,17,27225.0,124.0,4741110.0
2023-01-20T00:00:00.000Z,40,26858.777777777777,194.94444444444446,4247653.555555556
2023-01-19T00:00:00.000Z,14,27203.333333333332,12.0,3989510.6666666665
2023-01-19T00:00:00.000Z,39,26938.555555555555,6.666666666666667,4773515.666666667
2023-01-19T00:00:00.000Z,30,26647.090909090908,4.636363636363637,5423095.2727272725
2023-01-22T00:00:00.000Z,20,27272.9375,127.25,2931896.9375
2023-01-20T00:00:00.000Z,8,27103.11111111111,106.55555555555556,4314057.333333333
2023-01-20T00:00:00.000Z,5,27154.363636363636,97.72727272727273,4639792.363636363
2023-01-21T00:00:00.000Z,41,26997.222222222223,146.0,3715244.3333333335
2023-01-22T00:00:00.000Z,15,27308.714285714286,182.92857142857142,2910230.0714285714
2023-01-21T00:00:00.000Z,7,27125.470588235294,141.05882352941177,2992873.0
2023-01-20T00:00:00.000Z,24,26703.555555555555,54.55555555555556,5643792.555555556
2023-01-22T00:00:00.000Z,36,27099.125,178.625,3154489.125
2023-01-22T00:00:00.000Z,29,26995.555555555555,141.77777777777777,3509643.222222222
2023-01-19T00:00:00.000Z,11,26990.714285714286,9.428571428571429,4320561.0
2023-01-19T00:00:00.000Z,36,26913.25,4.375,5125655.625
2023-01-22T00:00:00.000Z,39,26975.5,110.16666666666667,3391431.1666666665
2023-01-19T00:00:00.000Z,4,27155.375,51.0,4387608.75
2023-01-22T00:00:00.000Z,37,26990.0,156.4,3426246.6
2023-01-20T00:00:00.000Z,34,26743.85714285714,83.5,5061449.928571428
2023-01-21T00:00:00.000Z,19,27022.14285714286,167.21428571428572,3407042.6428571427
2023-01-21T00:00:00.000Z,25,27093.0,39.333333333333336,5469565.0
2023-01-21T00:00:00.000Z,43,26753.53846153846,168.23076923076923,4304732.230769231
2023-01-22T00:00:00.000Z,2,27167.8,181.8,2960502.4
2023-01-20T00:00:00.000Z,39,26921.166666666668,165.05555555555554,4394207.5
2023-01-19T00:00:00.000Z,26,26843.875,6.5,5186828.5625
2023-01-20T00:00:00.000Z,32,26903.909090909092,116.72727272727273,4612694.636363637
2023-01-19T00:00:00.000Z,41,27008.0,13.11111111111111,5194432.555555556
2023-01-20T00:00:00.000Z,19,27049.714285714286,147.07142857142858,4576255.642857143
2023-01-20T00:00:00.000Z,18,27306.0,212.0,4856846.0
2023-01-22T00:00:00.000Z,26,27109.25,127.625,4009152.0
2023-01-20T00:00:00.000Z,11,26957.428571428572,204.57142857142858,4138198.8571428573
2023-01-21T00:00:00.000Z,9,27000.41176470588,217.88235294117646,2966533.294117647
2023-01-21T00:00:00.000Z,13,26964.0,158.5,4004111.5
2023-01-20T00:00:00.000Z,29,26756.444444444445,78.0,5461195.222222222
2023-01-22T00:00:00.000Z,5,27239.272727272728,120.45454545454545,2836967.0
2023-01-21T00:00:00.000Z,40,26854.222222222223,279.5,3723494.277777778
2023-01-22T00:00:00.000Z,10,27231.5,141.3125,3176975.5625
2023-01-20T00:00:00.000Z,36,26954.625,72.875,5309538.0
2023-01-20T00:00:00.000Z,26,26875.375,63.625,5423322.125
2023-01-19T00:00:00.000Z,12,27074.736842105263,36.73684210526316,3945615.3157894737
2023-01-21T00:00:00.000Z,34,26829.5,48.07142857142857,5048138.071428572
2023-01-20T00:00:00.000Z,33,26900.222222222223,53.55555555555556,5297969.333333333
2023-01-19T00:00:00.000Z,10,27100.4375,250.5625,3138354.25
2023-01-19T00:00:00.000Z,23,27096.166666666668,25.666666666666668,4448253.833333333
2023-01-22T00:00:00.000Z,38,26999.0,84.0,3280363.0
2023-01-19T00:00:00.000Z,18,27306.0,77.0,3111302.0
2023-01-20T00:00:00.000Z,21,27115.0,56.0,5469803.0
2023-01-20T00:00:00.000Z,3,27044.625,126.625,4595262.5
2023-01-21T00:00:00.000Z,12,26968.263157894737,226.42105263157896,3061131.8947368423
2023-01-21T00:00:00.000Z,17,27126.0,151.0,3814522.0
2023-01-22T00:00:00.000Z,30,26926.0,109.45454545454545,3894466.909090909
2023-01-20T00:00:00.000Z,35,26930.066666666666,113.4,4940541.0
2023-01-22T00:00:00.000Z,1,27158.75,197.375,2997112.25
2023-01-20T00:00:00.000Z,9,27062.529411764706,161.0,4192355.6470588236
2023-01-21T00:00:00.000Z,18,27183.0,149.0,4169170.0
2023-01-22T00:00:00.000Z,9,27178.352941176472,113.76470588235294,3110483.705882353
2023-01-22T00:00:00.000Z,16,27213.444444444445,218.88888888888889,3246940.777777778
2023-01-22T00:00:00.000Z,33,27163.0,156.11111111111111,3932898.888888889
2023-01-19T00:00:00.000Z,5,27129.18181818182,50.54545454545455,4286220.363636363
2023-01-19T00:00:00.000Z,38,27006.0,8.0,4565057.0
2023-01-22T00:00:00.000Z,31,26950.777777777777,117.88888888888889,3697726.4444444445
2023-01-21T00:00:00.000Z,14,27105.666666666668,175.0,3524963.6666666665
2023-01-19T00:00:00.000Z,20,27226.6875,114.625,3133029.75
2023-01-19T00:00:00.000Z,27,26962.222222222223,6.777777777777778,4704942.0
2023-01-21T00:00:00.000Z,30,26650.454545454544,67.45454545454545,5292913.545454546
2023-01-20T00:00:00.000Z,30,26664.0,86.54545454545455,5568670.454545454
2023-01-21T00:00:00.000Z,29,26719.777777777777,106.44444444444444,4705535.666666667
2023-01-22T00:00:00.000Z,34,27053.85714285714,84.92857142857143,4053251.6428571427
2023-01-21T00:00:00.000Z,3,26908.875,272.0,3308796.75
2023-01-20T00:00:00.000Z,15,27254.071428571428,110.42857142857143,5175071.571428572
2023-01-21T00:00:00.000Z,38,26941.0,291.0,3361506.0
2023-01-22T00:00:00.000Z,19,27209.85714285714,130.14285714285714,3172813.3571428573
2023-01-21T00:00:00.000Z,16,26993.555555555555,151.22222222222223,4034811.777777778
2023-01-19T00:00:00.000Z,9,27065.58823529412,122.70588235294117,3658655.470588235
2023-01-19T00:00:00.000Z,35,26905.533333333333,3.8666666666666667,5088308.866666666
2023-01-22T00:00:00.000Z,42,26980.3,88.8,3375288.7
2023-01-20T00:00:00.000Z,14,27176.333333333332,93.0,5367437.333333333
2023-01-20T00:00:00.000Z,25,27127.666666666668,48.666666666666664,5430321.333333333
2023-01-19T00:00:00.000Z,40,26893.166666666668,9.38888888888889,4927017.222222222
2023-01-22T00:00:00.000Z,13,27195.0,225.5,3247297.5
2023-01-21T00:00:00.000Z,37,26748.9,160.0,4358147.1
2023-01-22T00:00:00.000Z,12,27139.052631578947,101.84210526315789,3062032.6842105263
2023-01-19T00:00:00.000Z,32,26936.81818181818,6.545454545454546,5348339.181818182
2023-01-19T00:00:00.000Z,37,26793.7,3.0,5291116.3
2023-01-19T00:00:00.000Z,34,26753.214285714286,6.071428571428571,5589197.642857143
2023-01-19T00:00:00.000Z,3,27031.25,9.25,4699516.5
2023-01-19T00:00:00.000Z,0,27109.666666666668,39.0,4615317.666666667
2023-01-20T00:00:00.000Z,1,27017.0,51.875,5380083.125
2023-01-19T00:00:00.000Z,15,27245.285714285714,38.357142857142854,3720225.214285714
2023-01-22T00:00:00.000Z,11,27057.571428571428,97.85714285714286,3098292.285714286
2023-01-19T00:00:00.000Z,43,26821.923076923078,5.615384615384615,5225930.769230769
2023-01-21T00:00:00.000Z,8,27066.88888888889,177.33333333333334,2939265.222222222
2023-01-21T00:00:00.000Z,32,26921.363636363636,81.63636363636364,4252479.7272727275
2023-01-20T00:00:00.000Z,38,26945.0,214.0,4066933.0
2023-01-21T00:00:00.000Z,23,27048.666666666668,187.0,3141568.3333333335
2023-01-20T00:00:00.000Z,41,26971.333333333332,126.11111111111111,4296387.333333333
2023-01-19T00:00:00.000Z,33,26892.88888888889,6.111111111111111,5176610.666666667
2023-01-19T00:00:00.000Z,19,27098.5,238.35714285714286,3009782.8571428573
2023-01-21T00:00:00.000Z,24,26701.777777777777,130.0,4489702.111111111
2023-01-19T00:00:00.000Z,21,27092.0,15.0,4441188.0
2023-01-21T00:00:00.000Z,31,26716.666666666668,105.11111111111111,4749508.0
2023-01-21T00:00:00.000Z,11,26893.14285714286,256.7142857142857,3290753.4285714286
2023-01-21T00:00:00.000Z,10,27063.3125,197.0,3072897.8125
2023-01-22T00:00:00.000Z,23,27252.166666666668,201.33333333333334,2888568.8333333335
2023-01-20T00:00:00.000Z,20,27229.5625,125.5,4800939.0
2023-01-20T00:00:00.000Z,43,26833.30769230769,148.0,4845722.307692308
2023-01-21T00:00:00.000Z,21,27034.0,191.0,3262658.0
2023-01-20T00:00:00.000Z,4,27208.75,67.0,4981698.375
2023-01-21T00:00:00.000Z,33,26966.444444444445,40.22222222222222,5472956.444444444
2023-01-22T00:00:00.000Z,43,26948.23076923077,126.46153846153847,3555686.846153846
2023-01-21T00:00:00.000Z,27,26992.0,42.0,5370887.333333333
2023-01-22T00:00:00.000Z,41,27137.0,80.66666666666667,3347453.5555555555
2023-01-20T00:00:00.000Z,12,27051.63157894737,193.94736842105263,4122584.210526316
2023-01-21T00:00:00.000Z,0,27056.666666666668,201.66666666666666,2962982.0
2023-01-20T00:00:00.000Z,31,26780.444444444445,120.88888888888889,5195618.111111111
2023-01-21T00:00:00.000Z,35,26786.733333333334,255.73333333333332,3856267.933333333
2023-01-20T00:00:00.000Z,28,27082.0,62.30434782608695,5370508.521739131
2023-01-19T00:00:00.000Z,31,26766.333333333332,3.2222222222222223,5389257.444444444
2023-01-21T00:00:00.000Z,42,26886.7,278.4,3450132.1
2023-01-20T00:00:00.000Z,22,26867.81818181818,57.72727272727273,5738271.636363637
2023-01-19T00:00:00.000Z,13,27044.5,11.5,4174458.5
2023-01-19T00:00:00.000Z,42,26897.95,19.2,5060954.85
2023-01-22T00:00:00.000Z,18,27332.0,138.0,3079353.0
2023-01-20T00:00:00.000Z,42,26877.8,167.95,3965655.95
2023-01-21T00:00:00.000Z,15,27141.0,154.5,3483188.5
2023-01-21T00:00:00.000Z,39,26842.11111111111,284.0,3609588.0
2023-01-19T00:00:00.000Z,7,27174.647058823528,145.23529411764707,3542748.411764706
2023-01-21T00:00:00.000Z,1,26959.625,200.75,3249943.125
2023-01-21T00:00:00.000Z,22,26839.090909090908,191.8181818181818,3791808.1818181816
2023-01-22T00:00:00.000Z,21,27239.0,222.0,2958757.0
2023-01-21T00:00:00.000Z,4,27114.875,180.0,2802694.25
2023-01-20T00:00:00.000Z,13,27018.0,101.5,5574677.5
2023-01-22T00:00:00.000Z,28,27217.0,162.95652173913044,3314682.217391304
2023-01-22T00:00:00.000Z,25,27272.0,161.33333333333334,3764414.6666666665
2023-01-19T00:00:00.000Z,24,26701.11111111111,6.666666666666667,4926677.333333333
2023-01-21T00:00:00.000Z,28,27002.739130434784,77.47826086956522,4709911.521739131
2023-01-20T00:00:00.000Z,2,27122.4,76.2,4909974.8
2023-01-21T00:00:00.000Z,2,27005.6,250.4,3092446.6
2023-01-22T00:00:00.000Z,32,27106.454545454544,79.9090909090909,3529956.272727273
2023-01-19T00:00:00.000Z,17,27234.0,138.0,2926747.0
2023-01-22T00:00:00.000Z,24,26996.333333333332,184.66666666666666,3374589.5555555555
2023-01-20T00:00:00.000Z,0,27158.0,67.33333333333333,5016851.666666667
2023-01-22T00:00:00.000Z,17,27272.0,121.0,3096728.0
2023-01-19T00:00:00.000Z,22,26856.909090909092,9.454545454545455,4946854.818181818
2023-01-19T00:00:00.000Z,8,27088.555555555555,196.44444444444446,3384379.0
2023-01-20T00:00:00.000Z,16,27059.444444444445,93.22222222222223,5545433.444444444
2023-01-19T00:00:00.000Z,28,27056.130434782608,6.3478260869565215,4117432.0
2023-01-20T00:00:00.000Z,10,27078.6875,75.75,4133049.0625
2023-01-19T00:00:00.000Z,2,27092.0,14.0,4901414.8
2023-01-21T00:00:00.000Z,26,26904.125,37.625,5516507.5
2023-01-22T00:00:00.000Z,14,27308.333333333332,246.0,2984774.6666666665
2023-01-19T00:00:00.000Z,16,27080.0,11.666666666666666,4094941.4444444445
2023-01-22T00:00:00.000Z,4,27301.625,141.5,2708633.375
2023-02-03T00:00:00.000Z,27,27795.11111111111,376.22222222222223,3668222.111111111
2023-02-02T00:00:00.000Z,11,27626.428571428572,700.7142857142857,1919680.142857143
2023-01-31T00:00:00.000Z,5,27547.454545454544,120.9090909090909,4218745.909090909
2023-02-02T00:00:00.000Z,22,27668.727272727272,486.54545454545456,2137620.8181818184
2023-01-31T00:00:00.000Z,31,27292.555555555555,30.333333333333332,6526475.333333333
2023-02-02T00:00:00.000Z,1,27733.75,407.5,2154738.5
2023-02-03T00:00:00.000Z,12,27780.63157894737,682.8947368421053,1211364.2105263157
2023-01-31T00:00:00.000Z,21,27560.0,97.0,4056032.0
2023-01-31T00:00:00.000Z,4,27602.0,87.0,4165952.625
2023-02-01T00:00:00.000Z,4,27790.625,358.5,5169286.75
2023-02-03T00:00:00.000Z,40,27635.88888888889,366.8333333333333,3503644.888888889
2023-02-02T00:00:00.000Z,31,27554.666666666668,174.66666666666666,3102244.0
2023-02-01T00:00:00.000Z,29,27524.0,318.22222222222223,5081273.888888889
2023-02-02T00:00:00.000Z,29,27602.666666666668,327.0,2790783.6666666665
2023-02-01T00:00:00.000Z,0,27746.666666666668,318.3333333333333,5266102.333333333
2023-02-02T00:00:00.000Z,41,27658.777777777777,337.77777777777777,2312532.4444444445
2023-01-31T00:00:00.000Z,30,27254.81818181818,50.09090909090909,6090171.181818182
2023-02-01T00:00:00.000Z,36,27647.125,219.375,5152876.375
2023-02-01T00:00:00.000Z,25,27718.666666666668,297.6666666666667,4014506.0
2023-02-02T00:00:00.000Z,20,27879.9375,798.875,1395636.4375
2023-02-01T00:00:00.000Z,8,27716.777777777777,624.7777777777778,5011108.111111111
2023-02-02T00:00:00.000Z,2,27773.0,491.8,2142579.6
2023-02-01T00:00:00.000Z,22,27595.909090909092,422.09090909090907,5065641.0
2023-02-01T00:00:00.000Z,11,27585.14285714286,402.2857142857143,5317491.857142857
2023-02-03T00:00:00.000Z,10,27872.8125,444.6875,839058.4375
2023-02-03T00:00:00.000Z,38,27709.0,353.0,2598368.0
2023-02-03T00:00:00.000Z,42,27639.85,530.0,4082931.05
2023-02-03T00:00:00.000Z,7,27933.764705882353,414.7647058823529,1250033.4117647058
2023-01-31T00:00:00.000Z,11,27444.0,70.0,5042850.714285715
2023-02-01T00:00:00.000Z,33,27611.11111111111,288.3333333333333,3956120.4444444445
2023-02-03T00:00:00.000Z,22,27749.81818181818,527.0,2777262.090909091
2023-02-03T00:00:00.000Z,18,28057.0,175.0,1381718.0
2023-01-31T00:00:00.000Z,20,27540.9375,189.5,2777054.625
2023-02-01T00:00:00.000Z,38,27593.0,256.0,5136338.0
2023-02-02T00:00:00.000Z,34,27610.714285714286,260.92857142857144,3196977.5714285714
2023-01-31T00:00:00.000Z,13,27520.0,149.5,3874644.5
2023-01-31T00:00:00.000Z,17,27537.0,223.0,2562386.0
2023-02-02T00:00:00.000Z,21,27840.0,602.0,1866222.0
2023-02-01T00:00:00.000Z,24,27503.222222222223,522.6666666666666,5035128.666666667
2023-02-03T00:00:00.000Z,14,27971.333333333332,480.0,2095025.3333333333
2023-02-03T00:00:00.000Z,43,27593.53846153846,321.7692307692308,3972683.153846154
2023-02-01T00:00:00.000Z,26,27559.1875,287.9375,4241875.875
2023-02-01T00:00:00.000Z,43,27480.615384615383,153.84615384615384,5092889.230769231
2023-02-03T00:00:00.000Z,8,27867.666666666668,524.8888888888889,898562.6666666666
2023-02-03T00:00:00.000Z,26,27721.375,263.0625,4453404.5
2023-02-01T00:00:00.000Z,23,27761.166666666668,384.3333333333333,5075965.166666667
2023-02-01T00:00:00.000Z,18,27892.0,168.0,4618180.0
2023-02-03T00:00:00.000Z,1,27822.625,346.625,2576748.0
2023-02-03T00:00:00.000Z,34,27670.85714285714,208.64285714285714,4918697.5
2023-02-03T00:00:00.000Z,25,27866.666666666668,313.3333333333333,3652351.6666666665
2023-01-31T00:00:00.000Z,27,27444.666666666668,89.77777777777777,4564122.222222222
2023-01-31T00:00:00.000Z,39,27399.333333333332,51.05555555555556,5882444.111111111
2023-02-03T00:00:00.000Z,29,27666.555555555555,414.44444444444446,3697937.222222222
2023-02-02T00:00:00.000Z,43,27543.076923076922,212.07692307692307,2810099.230769231
2023-02-02T00:00:00.000Z,16,27805.333333333332,418.6666666666667,1640598.7777777778
2023-02-03T00:00:00.000Z,15,27998.285714285714,330.85714285714283,1886323.7857142857
2023-02-02T00:00:00.000Z,7,27837.529411764706,815.2941176470588,1350592.7647058824
2023-02-02T00:00:00.000Z,4,27846.5,557.5,1712096.25
2023-02-01T00:00:00.000Z,35,27557.533333333333,212.8,5371288.466666667
2023-01-31T00:00:00.000Z,15,27605.071428571428,133.57142857142858,3327645.9285714286
2023-02-02T00:00:00.000Z,37,27611.4,232.2,2743680.0
2023-01-31T00:00:00.000Z,34,27326.5,37.714285714285715,6049371.071428572
2023-01-31T00:00:00.000Z,29,27349.222222222223,58.77777777777778,5880778.0
2023-02-02T00:00:00.000Z,39,27602.666666666668,462.77777777777777,2246307.111111111
2023-01-31T00:00:00.000Z,33,27430.0,53.333333333333336,5658352.111111111
2023-02-02T00:00:00.000Z,0,27801.0,518.0,1957681.6666666667
2023-02-03T00:00:00.000Z,3,27798.625,539.5,2044851.375
2023-02-01T00:00:00.000Z,1,27673.5,284.5,5227352.125
2023-02-01T00:00:00.000Z,13,27717.5,442.0,4596305.5
2023-02-03T00:00:00.000Z,19,27853.14285714286,449.42857142857144,963003.2142857143
2023-02-01T00:00:00.000Z,42,27527.65,271.05,4594880.6
2023-02-03T00:00:00.000Z,5,27875.090909090908,553.0,1612309.0
2023-01-31T00:00:00.000Z,43,27306.923076923078,36.76923076923077,6745375.538461538
2023-02-02T00:00:00.000Z,15,27922.285714285714,573.7857142857143,1655744.2142857143
2023-01-31T00:00:00.000Z,36,27485.5,44.25,5731325.125
2023-02-01T00:00:00.000Z,3,27647.125,408.75,5348447.75
2023-02-03T00:00:00.000Z,11,27733.14285714286,485.85714285714283,1868467.5714285714
2023-02-03T00:00:00.000Z,16,27878.0,542.4444444444445,2432341.777777778
2023-02-01T00:00:00.000Z,40,27531.444444444445,168.22222222222223,5003795.055555556
2023-02-01T00:00:00.000Z,14,27822.666666666668,384.0,4570444.0
2023-02-01T00:00:00.000Z,30,27438.0,297.09090909090907,5023020.090909091
2023-02-02T00:00:00.000Z,19,27757.428571428572,1015.7142857142857,1155995.857142857
2023-02-01T00:00:00.000Z,19,27696.0,545.0714285714286,4772539.285714285
2023-02-02T00:00:00.000Z,42,27559.65,757.25,1950381.7
2023-02-03T00:00:00.000Z,4,27943.125,349.5,1859539.75
2023-01-31T00:00:00.000Z,22,27422.545454545456,111.81818181818181,4710028.7272727275
2023-01-31T00:00:00.000Z,28,27497.695652173912,108.0,4033907.434782609
2023-01-31T00:00:00.000Z,7,27550.058823529413,172.94117647058823,3285023.705882353
2023-01-31T00:00:00.000Z,24,27343.555555555555,107.77777777777777,5330690.0
2023-02-03T00:00:00.000Z,30,27588.363636363636,335.09090909090907,4252445.181818182
2023-02-02T00:00:00.000Z,40,27573.833333333332,333.44444444444446,2226358.277777778
2023-02-03T00:00:00.000Z,21,27928.0,380.0,2268480.0
2023-02-01T00:00:00.000Z,34,27503.428571428572,243.42857142857142,4331531.928571428
2023-02-01T00:00:00.000Z,7,27781.823529411766,511.0,5015831.235294118
2023-01-31T00:00:00.000Z,23,27563.333333333332,92.33333333333333,4086143.5
2023-02-01T00:00:00.000Z,9,27645.352941176472,661.4705882352941,5155838.352941177
2023-01-31T00:00:00.000Z,12,27475.947368421053,138.05263157894737,4191245.1052631577
2023-02-02T00:00:00.000Z,25,27806.333333333332,243.66666666666666,2275047.3333333335
2023-02-01T00:00:00.000Z,37,27544.9,198.7,5226540.8
2023-02-02T00:00:00.000Z,8,27764.444444444445,943.5555555555555,1124910.7777777778
2023-02-02T00:00:00.000Z,38,27629.0,461.0,2014138.0
2023-02-03T00:00:00.000Z,28,27839.782608695652,482.8695652173913,2932675.0434782607
2023-02-02T00:00:00.000Z,14,27899.666666666668,450.0,1537254.3333333333
2023-02-02T00:00:00.000Z,5,27774.18181818182,799.7272727272727,1648939.3636363635
2023-01-31T00:00:00.000Z,10,27508.75,131.0,2915392.875
2023-01-31T00:00:00.000Z,2,27555.6,60.4,5224316.6
2023-02-01T00:00:00.000Z,20,27806.0,344.8125,4682062.3125
2023-02-03T00:00:00.000Z,35,27681.466666666667,389.4,3099680.8
2023-02-02T00:00:00.000Z,12,27664.947368421053,968.2631578947369,1517923.2105263157
2023-02-01T00:00:00.000Z,39,27554.333333333332,255.16666666666666,5261016.611111111
2023-02-03T00:00:00.000Z,20,27961.25,356.1875,1287348.5625
2023-01-31T00:00:00.000Z,18,27611.0,107.0,2581496.0
2023-02-02T00:00:00.000Z,13,27797.0,427.0,1686849.5
2023-02-01T00:00:00.000Z,32,27571.909090909092,156.9090909090909,4514070.181818182
2023-01-31T00:00:00.000Z,25,27511.333333333332,84.66666666666667,4292983.0
2023-02-03T00:00:00.000Z,23,27923.166666666668,355.6666666666667,2185845.3333333335
2023-02-03T00:00:00.000Z,36,27777.625,370.75,3120435.0
2023-01-31T00:00:00.000Z,14,27621.333333333332,132.0,3553083.0
2023-01-31T00:00:00.000Z,1,27505.25,67.25,4857773.625
2023-02-01T00:00:00.000Z,31,27476.88888888889,147.77777777777777,5115652.333333333
2023-02-03T00:00:00.000Z,33,27780.555555555555,250.77777777777777,4813002.666666667
2023-02-02T00:00:00.000Z,17,27896.0,838.0,1385444.0
2023-02-01T00:00:00.000Z,5,27728.0,511.6363636363636,5221732.0
2023-02-03T00:00:00.000Z,39,27678.5,412.6111111111111,2724958.222222222
2023-02-02T00:00:00.000Z,18,27990.0,358.0,1682622.0
2023-02-01T00:00:00.000Z,2,27721.0,272.0,5330058.6
2023-02-02T00:00:00.000Z,35,27612.933333333334,341.73333333333335,2584452.8666666667
2023-02-01T00:00:00.000Z,15,27845.35714285714,304.0,4772963.214285715
2023-02-03T00:00:00.000Z,37,27675.6,348.1,3568586.8
2023-02-03T00:00:00.000Z,41,27712.11111111111,343.8888888888889,4273305.444444444
2023-01-31T00:00:00.000Z,32,27391.636363636364,26.181818181818183,6376514.636363637
2023-02-03T00:00:00.000Z,32,27696.272727272728,216.72727272727272,4387861.181818182
2023-02-01T00:00:00.000Z,27,27645.222222222223,365.44444444444446,4118648.111111111
2023-02-03T00:00:00.000Z,0,27894.666666666668,347.0,2141999.0
2023-01-31T00:00:00.000Z,8,27503.555555555555,163.55555555555554,3160277.888888889
2023-02-02T00:00:00.000Z,10,27761.0625,1005.3125,1042673.25
2023-02-02T00:00:00.000Z,33,27704.0,264.77777777777777,2853692.0
2023-02-03T00:00:00.000Z,24,27654.11111111111,624.2222222222222,3218156.222222222
2023-01-31T00:00:00.000Z,37,27370.3,38.9,6159531.8
2023-02-01T00:00:00.000Z,12,27627.684210526317,537.5263157894736,5169456.263157895
2023-02-03T00:00:00.000Z,31,27604.0,270.3333333333333,4161087.777777778
2023-02-02T00:00:00.000Z,9,27690.941176470587,1095.9411764705883,1231175.9411764706
2023-01-31T00:00:00.000Z,19,27458.14285714286,214.14285714285714,2764994.5714285714
2023-02-01T00:00:00.000Z,41,27597.555555555555,210.11111111111111,4367982.666666667
2023-01-31T00:00:00.000Z,40,27373.444444444445,43.666666666666664,6453279.277777778
2023-02-02T00:00:00.000Z,23,27833.333333333332,566.6666666666666,1837898.1666666667
2023-02-03T00:00:00.000Z,2,27862.0,380.0,2373043.4
2023-02-02T00:00:00.000Z,24,27577.88888888889,535.6666666666666,2398376.5555555555
2023-02-01T00:00:00.000Z,28,27692.869565217392,345.6521739130435,4164768.2608695654
2023-02-03T00:00:00.000Z,9,27797.176470588234,714.8235294117648,955371.4705882353
2023-02-03T00:00:00.000Z,13,27870.0,552.5,2431257.5
2023-02-02T00:00:00.000Z,28,27770.956521739132,323.95652173913044,1808209.608695652
2023-02-01T00:00:00.000Z,21,27763.0,407.0,5043355.0
2023-01-31T00:00:00.000Z,16,27527.777777777777,145.77777777777777,3763971.111111111
2023-02-01T00:00:00.000Z,10,27715.3125,460.5625,4870894.125
2023-02-01T00:00:00.000Z,16,27727.333333333332,421.8888888888889,4508351.555555556
2023-01-31T00:00:00.000Z,26,27363.375,57.3125,5356567.5
2023-02-02T00:00:00.000Z,30,27530.272727272728,298.8181818181818,3110669.6363636362
2023-01-31T00:00:00.000Z,38,27449.0,39.0,5584424.0
2023-01-31T00:00:00.000Z,3,27491.5,86.375,5277361.75
2023-01-31T00:00:00.000Z,9,27463.823529411766,173.1764705882353,3622650.705882353
2023-02-02T00:00:00.000Z,3,27701.875,713.125,2027672.875
2023-01-31T00:00:00.000Z,41,27436.777777777777,43.0,6548663.666666667
2023-02-03T00:00:00.000Z,17,27978.0,403.0,1163582.0
2023-01-31T00:00:00.000Z,0,27563.666666666668,76.0,4569747.666666667
2023-02-02T00:00:00.000Z,36,27706.375,273.75,2443573.25
2023-02-02T00:00:00.000Z,26,27653.125,255.375,2848468.625
2023-01-31T00:00:00.000Z,42,27393.2,66.8,6659720.45
2023-01-31T00:00:00.000Z,35,27386.666666666668,47.666666666666664,6163501.333333333
2023-02-02T00:00:00.000Z,27,27733.333333333332,333.22222222222223,2328202.888888889
2023-02-02T00:00:00.000Z,32,27654.272727272728,176.1818181818182,2843437.5454545454
2023-02-01T00:00:00.000Z,17,27818.0,354.0,4622732.0
2023-01-05T00:00:00.000Z,28,28246.347826086956,442.5217391304348,1694477.391304348
2023-01-05T00:00:00.000Z,18,28312.0,333.0,1812330.0
2023-01-03T00:00:00.000Z,17,27868.0,2.0,3726224.0
2023-01-05T00:00:00.000Z,15,28316.928571428572,199.14285714285714,2384881.1428571427
2023-01-03T00:00:00.000Z,42,27756.95,131.4,2233198.45
2023-01-04T00:00:00.000Z,27,28061.0,288.6666666666667,1655828.888888889
2023-01-04T00:00:00.000Z,7,28057.117647058825,270.8235294117647,1094562.8235294118
2023-01-04T00:00:00.000Z,16,28063.11111111111,449.55555555555554,1522258.888888889
2023-01-03T00:00:00.000Z,41,27787.11111111111,134.11111111111111,2437279.5555555555
2023-01-03T00:00:00.000Z,38,27729.0,44.0,3446578.0
2023-01-05T00:00:00.000Z,17,28251.0,614.0,1788596.0
2023-01-06T00:00:00.000Z,13,28173.0,31.0,2881340.0
2023-01-06T00:00:00.000Z,4,28153.125,25.0,2201527.125
2023-01-06T00:00:00.000Z,38,27871.0,7.0,3080672.0
2023-01-05T00:00:00.000Z,4,28269.375,156.0,2754948.0
2023-01-05T00:00:00.000Z,36,28188.75,175.0,1879573.125
2023-01-05T00:00:00.000Z,31,28038.11111111111,107.44444444444444,1234550.3333333333
2023-01-03T00:00:00.000Z,33,27823.0,48.888888888888886,4365065.444444444
2023-01-06T00:00:00.000Z,36,27992.5,11.5,2728108.75
2023-01-06T00:00:00.000Z,17,28228.0,59.0,1964312.0
2023-01-04T00:00:00.000Z,15,28141.64285714286,245.5,1286116.7857142857
2023-01-05T00:00:00.000Z,5,28200.454545454544,242.8181818181818,2732174.909090909
2023-01-06T00:00:00.000Z,20,28213.75,42.4375,2005234.875
2023-01-03T00:00:00.000Z,14,27915.0,1.0,4130419.6666666665
2023-01-06T00:00:00.000Z,22,28019.0,16.363636363636363,2839560.6363636362
2023-01-04T00:00:00.000Z,20,28076.4375,373.5,950346.75
2023-01-03T00:00:00.000Z,40,27714.0,93.66666666666667,3155312.5555555555
2023-01-03T00:00:00.000Z,0,27821.0,1.3333333333333333,4289700.0
2023-01-05T00:00:00.000Z,30,28016.636363636364,237.45454545454547,1217032.6363636365
2023-01-06T00:00:00.000Z,40,27784.88888888889,3.3333333333333335,3410197.777777778
2023-01-03T00:00:00.000Z,31,27654.11111111111,52.77777777777778,3836731.777777778
2023-01-05T00:00:00.000Z,34,28036.571428571428,287.2142857142857,1269360.2142857143
2023-01-04T00:00:00.000Z,18,28161.0,196.0,918402.0
2023-01-04T00:00:00.000Z,35,27950.466666666667,130.13333333333333,2409168.4
2023-01-05T00:00:00.000Z,11,28097.85714285714,177.14285714285714,2420273.5714285714
2023-01-06T00:00:00.000Z,43,27761.23076923077,7.3076923076923075,3248324.3076923075
2023-01-05T00:00:00.000Z,37,28118.0,157.9,1591972.0
2023-01-06T00:00:00.000Z,11,27938.714285714286,12.285714285714286,2727340.1428571427
2023-01-04T00:00:00.000Z,17,28086.0,484.0,878760.0
2023-01-03T00:00:00.000Z,30,27646.454545454544,35.09090909090909,4107510.8181818184
2023-01-06T00:00:00.000Z,1,28033.625,13.875,2597648.125
2023-01-03T00:00:00.000Z,37,27709.6,29.2,4008850.8
2023-01-03T00:00:00.000Z,26,27755.5625,29.0625,4427436.4375
2023-01-03T00:00:00.000Z,16,27834.666666666668,1.4444444444444444,4346016.555555556
2023-01-06T00:00:00.000Z,31,27771.666666666668,11.333333333333334,3212367.0
2023-01-05T00:00:00.000Z,0,28238.666666666668,165.66666666666666,2823576.3333333335
2023-01-03T00:00:00.000Z,20,27855.9375,1.375,3850904.0
2023-01-06T00:00:00.000Z,30,27812.727272727272,17.636363636363637,3157697.0
2023-01-05T00:00:00.000Z,32,28079.454545454544,36.27272727272727,912805.0909090909
2023-01-04T00:00:00.000Z,31,27870.333333333332,86.77777777777777,2719053.6666666665
2023-01-03T00:00:00.000Z,15,27907.214285714286,1.0714285714285714,4113646.1428571427
2023-01-03T00:00:00.000Z,32,27741.81818181818,83.72727272727273,3129241.8181818184
2023-01-04T00:00:00.000Z,12,27959.157894736843,369.1578947368421,1316778.0
2023-01-05T00:00:00.000Z,39,28082.722222222223,309.55555555555554,1852950.2222222222
2023-01-06T00:00:00.000Z,10,28139.9375,22.5,1555984.625
2023-01-03T00:00:00.000Z,11,27689.14285714286,7.0,3643236.0
2023-01-03T00:00:00.000Z,13,27832.0,1.5,4284438.0
2023-01-04T00:00:00.000Z,33,28031.777777777777,222.0,2173060.3333333335
2023-01-06T00:00:00.000Z,33,27980.222222222223,43.666666666666664,2454654.222222222
2023-01-03T00:00:00.000Z,7,27837.764705882353,0.6470588235294118,4175479.411764706
2023-01-05T00:00:00.000Z,14,28300.333333333332,218.0,2504258.0
2023-01-06T00:00:00.000Z,16,28178.777777777777,29.11111111111111,2936261.111111111
2023-01-06T00:00:00.000Z,25,28101.0,7.666666666666667,3240339.6666666665
2023-01-05T00:00:00.000Z,12,28121.78947368421,190.47368421052633,2499567.3684210526
2023-01-06T00:00:00.000Z,35,27904.0,16.6,2787639.466666667
2023-01-03T00:00:00.000Z,1,27762.5,0.875,4329315.125
2023-01-05T00:00:00.000Z,20,28246.75,419.5625,1942502.375
2023-01-03T00:00:00.000Z,19,27784.071428571428,1.5,3937812.6428571427
2023-01-04T00:00:00.000Z,40,27898.5,69.38888888888889,2858131.8333333335
2023-01-04T00:00:00.000Z,34,27919.14285714286,199.35714285714286,2522711.1428571427
2023-01-04T00:00:00.000Z,1,28023.5,153.75,1965470.375
2023-01-03T00:00:00.000Z,25,27849.666666666668,6.333333333333333,4553837.0
2023-01-03T00:00:00.000Z,34,27759.85714285714,90.92857142857143,3952684.3571428573
2023-01-06T00:00:00.000Z,37,27890.7,12.1,2988399.3
2023-01-03T00:00:00.000Z,10,27800.25,1.0,3798026.9375
2023-01-04T00:00:00.000Z,43,27848.923076923078,73.0,2816795.923076923
2023-01-06T00:00:00.000Z,28,28106.217391304348,23.217391304347824,3144525.1304347827
2023-01-03T00:00:00.000Z,18,27907.0,5.0,3521838.0
2023-01-04T00:00:00.000Z,8,27995.222222222223,238.44444444444446,908293.3333333334
2023-01-05T00:00:00.000Z,16,28250.555555555555,339.1111111111111,2521677.3333333335
2023-01-04T00:00:00.000Z,2,28085.2,144.6,1982527.0
2023-01-03T00:00:00.000Z,39,27714.5,38.94444444444444,3626347.611111111
2023-01-05T00:00:00.000Z,13,28244.0,340.5,2508654.0
2023-01-05T00:00:00.000Z,22,28134.18181818182,206.54545454545453,2687945.272727273
2023-01-06T00:00:00.000Z,24,27915.0,31.22222222222222,2880719.111111111
2023-01-03T00:00:00.000Z,9,27721.58823529412,1.2352941176470589,4018072.7647058824
2023-01-04T00:00:00.000Z,36,28024.125,143.75,2202592.625
2023-01-05T00:00:00.000Z,41,28075.222222222223,60.666666666666664,769141.5555555555
2023-01-03T00:00:00.000Z,5,27764.727272727272,0.0,4199753.909090909
2023-01-04T00:00:00.000Z,11,27940.285714285714,213.85714285714286,1810972.142857143
2023-01-04T00:00:00.000Z,0,28080.333333333332,143.0,1775318.6666666667
2023-01-04T00:00:00.000Z,25,28113.0,237.33333333333334,1669535.0
2023-01-04T00:00:00.000Z,29,27940.666666666668,191.33333333333334,2194421.4444444445
2023-01-06T00:00:00.000Z,26,27938.4375,20.4375,2958373.375
2023-01-03T00:00:00.000Z,4,27849.875,0.0,4274450.0
2023-01-04T00:00:00.000Z,42,27918.9,80.55,3133589.65
2023-01-06T00:00:00.000Z,3,28020.625,20.5,2483578.875
2023-01-03T00:00:00.000Z,8,27779.444444444445,1.1111111111111112,4048039.777777778
2023-01-05T00:00:00.000Z,10,28157.875,392.25,1917673.0
2023-01-03T00:00:00.000Z,22,27725.545454545456,2.090909090909091,4397749.0
2023-01-03T00:00:00.000Z,35,27728.0,27.866666666666667,3908953.4
2023-01-06T00:00:00.000Z,39,27874.944444444445,11.444444444444445,2898974.388888889
2023-01-06T00:00:00.000Z,42,27739.35,7.05,4020261.3
2023-01-04T00:00:00.000Z,32,27908.636363636364,57.27272727272727,2784907.3636363638
2023-01-04T00:00:00.000Z,26,27986.125,223.875,2147666.4375
2023-01-06T00:00:00.000Z,23,28184.833333333332,13.333333333333334,2465940.6666666665
2023-01-05T00:00:00.000Z,19,28139.85714285714,503.07142857142856,1845387.0714285714
2023-01-06T00:00:00.000Z,2,28058.0,19.6,2487611.4
2023-01-03T00:00:00.000Z,27,27820.11111111111,9.222222222222221,4366600.444444444
2023-01-04T00:00:00.000Z,22,27965.727272727272,298.8181818181818,1956056.9090909092
2023-01-06T00:00:00.000Z,41,27788.666666666668,3.5555555555555554,3684709.4444444445
2023-01-04T00:00:00.000Z,4,28107.75,153.0,1524328.875
2023-01-06T00:00:00.000Z,34,27836.714285714286,14.714285714285714,2721592.6428571427
2023-01-04T00:00:00.000Z,3,28032.875,237.75,1840626.0
2023-01-04T00:00:00.000Z,39,27928.11111111111,158.11111111111111,2336400.722222222
2023-01-05T00:00:00.000Z,38,28098.0,267.0,1696760.0
2023-01-03T00:00:00.000Z,24,27678.88888888889,7.0,4119155.5555555555
2023-01-06T00:00:00.000Z,21,28209.0,10.0,2562110.0
2023-01-05T00:00:00.000Z,9,28114.58823529412,212.1764705882353,2195031.1764705884
2023-01-05T00:00:00.000Z,43,28021.153846153848,160.46153846153845,1133195.8461538462
2023-01-05T00:00:00.000Z,2,28235.0,218.6,2722769.8
2023-01-05T00:00:00.000Z,25,28267.0,378.6666666666667,1276861.6666666667
2023-01-04T00:00:00.000Z,13,28057.0,447.5,1534440.0
2023-01-04T00:00:00.000Z,14,28133.666666666668,309.0,1341617.3333333333
2023-01-05T00:00:00.000Z,8,28171.444444444445,268.77777777777777,2022060.7777777778
2023-01-06T00:00:00.000Z,5,28069.81818181818,32.54545454545455,2168660.727272727
2023-01-04T00:00:00.000Z,23,28104.0,158.0,1636524.8333333333
2023-01-06T00:00:00.000Z,14,28253.333333333332,17.0,2558423.0
2023-01-05T00:00:00.000Z,40,28062.166666666668,251.77777777777777,1103933.8333333333
2023-01-05T00:00:00.000Z,1,28184.125,110.0,2791494.0
2023-01-06T00:00:00.000Z,7,28173.41176470588,35.64705882352941,1892951.4117647058
2023-01-04T00:00:00.000Z,19,27969.14285714286,403.64285714285717,886550.7142857143
2023-01-05T00:00:00.000Z,26,28110.6875,341.5625,1301681.9375
2023-01-03T00:00:00.000Z,2,27825.2,4.4,4133096.6
2023-01-06T00:00:00.000Z,12,28025.105263157893,25.105263157894736,2179706.3684210526
2023-01-05T00:00:00.000Z,42,28055.9,177.25,797104.95
2023-01-03T00:00:00.000Z,29,27699.777777777777,23.555555555555557,3960282.0
2023-01-05T00:00:00.000Z,3,28181.75,320.75,2607972.625
2023-01-05T00:00:00.000Z,27,28207.555555555555,487.55555555555554,1134766.7777777778
2023-01-04T00:00:00.000Z,37,27947.2,128.2,2440613.7
2023-01-04T00:00:00.000Z,41,27912.0,58.77777777777778,2938582.222222222
2023-01-06T00:00:00.000Z,27,28046.555555555555,9.666666666666666,3091736.888888889
2023-01-03T00:00:00.000Z,36,27784.75,17.125,4000020.5
2023-01-06T00:00:00.000Z,9,28048.117647058825,35.470588235294116,1815761.7647058824
2023-01-04T00:00:00.000Z,9,27948.117647058825,306.47058823529414,1023804.0588235294
2023-01-06T00:00:00.000Z,19,28115.214285714286,32.0,1732099.7142857143
2023-01-05T00:00:00.000Z,21,28283.0,185.0,2841658.0
2023-01-06T00:00:00.000Z,18,28282.0,25.0,2151518.0
2023-01-06T00:00:00.000Z,0,28101.666666666668,23.0,2379081.0
2023-01-03T00:00:00.000Z,3,27775.375,6.375,3934012.5
2023-01-03T00:00:00.000Z,21,27865.0,0.0,4400069.0
2023-01-04T00:00:00.000Z,28,28063.217391304348,382.7826086956522,1513199.0869565217
2023-01-06T00:00:00.000Z,8,28117.444444444445,29.666666666666668,1679541.6666666667
2023-01-05T00:00:00.000Z,24,28074.11111111111,455.0,1743298.5555555555
2023-01-05T00:00:00.000Z,29,28099.444444444445,236.88888888888889,1377207.3333333333
2023-01-03T00:00:00.000Z,43,27665.384615384617,69.3076923076923,3438822.923076923
2023-01-06T00:00:00.000Z,29,27890.222222222223,21.333333333333332,2983505.4444444445
2023-01-04T00:00:00.000Z,24,27909.333333333332,342.0,1889030.4444444445
2023-01-04T00:00:00.000Z,21,28116.0,172.0,1669019.0
2023-01-05T00:00:00.000Z,35,28107.866666666665,305.93333333333334,1918265.9333333333
2023-01-04T00:00:00.000Z,5,28037.090909090908,276.54545454545456,1466634.3636363635
2023-01-03T00:00:00.000Z,28,27807.478260869564,5.130434782608695,4345889.565217392
2023-01-04T00:00:00.000Z,10,27997.625,197.3125,854421.8125
2023-01-06T00:00:00.000Z,32,27785.0,3.3636363636363638,3290678.272727273
2023-01-03T00:00:00.000Z,12,27709.473684210527,0.9473684210526315,3866243.4736842103
2023-01-05T00:00:00.000Z,7,28238.764705882353,230.35294117647058,2223214.9411764704
2023-01-05T00:00:00.000Z,23,28269.333333333332,171.0,2819176.5
2023-01-06T00:00:00.000Z,15,28270.714285714286,21.071428571428573,2413391.8571428573
2023-01-03T00:00:00.000Z,23,27853.333333333332,0.0,4369354.0
2023-01-04T00:00:00.000Z,30,27876.272727272728,179.27272727272728,2354094.4545454546
2023-01-05T00:00:00.000Z,33,28126.11111111111,358.55555555555554,1294398.111111111
2023-01-04T00:00:00.000Z,38,27938.0,130.0,2348270.0
2023-01-25T00:00:00.000Z,20,27314.4375,5.625,3728783.625
2023-01-25T00:00:00.000Z,21,27330.0,2.0,4532959.0
2023-01-24T00:00:00.000Z,18,27461.0,1.0,3913248.0
2023-01-23T00:00:00.000Z,36,27240.125,21.125,3336494.0
2023-01-25T00:00:00.000Z,15,27366.714285714286,3.2142857142857144,4318056.857142857
2023-01-24T00:00:00.000Z,29,27337.11111111111,21.333333333333332,4163745.777777778
2023-01-24T00:00:00.000Z,4,27521.5,1.0,3990795.125
2023-01-24T00:00:00.000Z,16,27455.777777777777,4.0,4837943.777777778
2023-01-26T00:00:00.000Z,37,27007.3,30.9,3292547.7
2023-01-25T00:00:00.000Z,31,27172.666666666668,23.555555555555557,4187482.6666666665
2023-01-23T00:00:00.000Z,29,27141.555555555555,24.0,3557261.4444444445
2023-01-23T00:00:00.000Z,0,27366.333333333332,5.666666666666667,3672381.6666666665
2023-01-24T00:00:00.000Z,27,27555.777777777777,5.666666666666667,4461512.888888889
2023-01-26T00:00:00.000Z,9,27090.352941176472,19.647058823529413,1811363.5294117648
2023-01-26T00:00:00.000Z,20,27145.1875,11.375,2373320.4375
2023-01-24T00:00:00.000Z,41,27340.88888888889,4.888888888888889,3078313.0
2023-01-23T00:00:00.000Z,3,27269.5,4.375,3638639.75
2023-01-23T00:00:00.000Z,38,27189.0,26.0,3035654.0
2023-01-26T00:00:00.000Z,31,26974.88888888889,28.88888888888889,3500560.111111111
2023-01-24T00:00:00.000Z,37,27322.0,8.2,3931032.4
2023-01-25T00:00:00.000Z,3,27275.5,24.125,3553943.875
2023-01-23T00:00:00.000Z,34,27193.785714285714,18.928571428571427,3258691.214285714
2023-01-25T00:00:00.000Z,9,27237.58823529412,5.823529411764706,3499547.588235294
2023-01-23T00:00:00.000Z,19,27288.14285714286,3.5,4898261.214285715
2023-01-23T00:00:00.000Z,21,27362.0,9.0,3975128.0
2023-01-25T00:00:00.000Z,27,27396.88888888889,4.0,4883527.111111111
2023-01-26T00:00:00.000Z,35,26993.0,44.06666666666667,3420735.8666666667
2023-01-26T00:00:00.000Z,42,27081.35,28.6,3006926.6
2023-01-25T00:00:00.000Z,26,27323.375,5.4375,4687986.375
2023-01-26T00:00:00.000Z,17,27154.0,10.0,2483682.0
2023-01-24T00:00:00.000Z,22,27348.727272727272,4.909090909090909,4447685.363636363
2023-01-24T00:00:00.000Z,24,27329.333333333332,24.0,4443099.888888889
2023-01-25T00:00:00.000Z,5,27336.727272727272,7.545454545454546,3626182.272727273
2023-01-26T00:00:00.000Z,1,27121.125,23.5,2569869.25
2023-01-23T00:00:00.000Z,7,27408.058823529413,2.8823529411764706,4199314.647058823
2023-01-23T00:00:00.000Z,35,27149.466666666667,18.933333333333334,3361360.1333333333
2023-01-24T00:00:00.000Z,19,27340.0,1.1428571428571428,4476405.0
2023-01-25T00:00:00.000Z,24,27191.222222222223,19.555555555555557,4827256.222222222
2023-01-24T00:00:00.000Z,43,27246.076923076922,3.769230769230769,3596755.3076923075
2023-01-26T00:00:00.000Z,3,27085.5,45.25,2667701.125
2023-01-26T00:00:00.000Z,38,27072.0,34.0,2694020.0
2023-01-23T00:00:00.000Z,9,27293.647058823528,3.176470588235294,3933604.0588235296
2023-01-24T00:00:00.000Z,14,27525.333333333332,2.0,4395722.666666667
2023-01-23T00:00:00.000Z,8,27338.222222222223,4.111111111111111,4176638.5555555555
2023-01-26T00:00:00.000Z,14,27191.0,28.0,2511516.0
2023-01-26T00:00:00.000Z,19,27039.14285714286,7.5,2218580.285714286
2023-01-25T00:00:00.000Z,32,27280.909090909092,8.272727272727273,4087012.4545454546
2023-01-23T00:00:00.000Z,28,27363.0,8.304347826086957,3761055.565217391
2023-01-26T00:00:00.000Z,21,27127.0,17.0,2540918.0
2023-01-24T00:00:00.000Z,25,27616.333333333332,1.6666666666666667,4595325.333333333
2023-01-24T00:00:00.000Z,28,27529.0,10.173913043478262,4770565.869565218
2023-01-23T00:00:00.000Z,22,27205.727272727272,14.0,3908189.727272727
2023-01-25T00:00:00.000Z,29,27224.333333333332,23.444444444444443,4506624.333333333
2023-01-25T00:00:00.000Z,39,27184.833333333332,22.055555555555557,3122307.277777778
2023-01-23T00:00:00.000Z,24,27143.333333333332,20.333333333333332,3734061.222222222
2023-01-25T00:00:00.000Z,12,27259.473684210527,9.894736842105264,3536850.1052631577
2023-01-24T00:00:00.000Z,38,27332.0,3.0,3720440.0
2023-01-24T00:00:00.000Z,34,27325.785714285714,5.428571428571429,3892008.0714285714
2023-01-23T00:00:00.000Z,11,27212.285714285714,5.714285714285714,3580184.4285714286
2023-01-23T00:00:00.000Z,27,27363.777777777777,6.111111111111111,3817846.222222222
2023-01-23T00:00:00.000Z,40,27109.944444444445,54.77777777777778,2911656.0
2023-01-23T00:00:00.000Z,30,27086.090909090908,23.818181818181817,3714778.4545454546
2023-01-23T00:00:00.000Z,17,27375.0,4.0,4901678.0
2023-01-25T00:00:00.000Z,0,27352.333333333332,7.666666666666667,3889849.6666666665
2023-01-25T00:00:00.000Z,41,27291.777777777777,6.333333333333333,4078565.5555555555
2023-01-23T00:00:00.000Z,4,27417.25,6.0,3706641.0
2023-01-23T00:00:00.000Z,2,27331.6,4.8,3448609.6
2023-01-25T00:00:00.000Z,4,27391.0,4.5,3895454.375
2023-01-26T00:00:00.000Z,0,27171.0,27.666666666666668,2392910.6666666665
2023-01-24T00:00:00.000Z,1,27423.5,1.875,4047570.875
2023-01-23T00:00:00.000Z,20,27385.4375,3.625,4606463.5625
2023-01-25T00:00:00.000Z,25,27447.333333333332,2.0,5047582.0
2023-01-24T00:00:00.000Z,2,27466.4,2.0,3907574.2
2023-01-24T00:00:00.000Z,0,27481.666666666668,1.3333333333333333,4003222.6666666665
2023-01-24T00:00:00.000Z,36,27419.625,4.875,3821615.75
2023-01-24T00:00:00.000Z,15,27523.35714285714,1.3571428571428572,4239241.714285715
2023-01-26T00:00:00.000Z,43,26974.076923076922,28.0,3569118.769230769
2023-01-25T00:00:00.000Z,37,27222.6,28.2,4087126.1
2023-01-26T00:00:00.000Z,10,27094.375,10.375,1945347.0
2023-01-25T00:00:00.000Z,2,27343.6,15.8,3666173.4
2023-01-26T00:00:00.000Z,39,27012.666666666668,40.333333333333336,3138194.5
2023-01-24T00:00:00.000Z,5,27459.727272727272,1.6363636363636365,4043436.8181818184
2023-01-25T00:00:00.000Z,18,27340.0,5.0,3487520.0
2023-01-23T00:00:00.000Z,32,27195.909090909092,15.727272727272727,2791646.4545454546
2023-01-26T00:00:00.000Z,15,27184.35714285714,17.5,2505776.214285714
2023-01-26T00:00:00.000Z,16,27095.0,28.333333333333332,2802874.111111111
2023-01-23T00:00:00.000Z,12,27283.526315789473,2.8421052631578947,3789420.5263157897
2023-01-25T00:00:00.000Z,11,27202.85714285714,14.857142857142858,3366475.285714286
2023-01-26T00:00:00.000Z,8,27117.666666666668,12.555555555555555,1782769.888888889
2023-01-26T00:00:00.000Z,2,27156.2,39.8,2631263.4
2023-01-23T00:00:00.000Z,13,27316.5,10.5,3955208.5
2023-01-25T00:00:00.000Z,23,27342.333333333332,2.6666666666666665,4384666.166666667
2023-01-25T00:00:00.000Z,14,27371.666666666668,2.0,4761904.333333333
2023-01-24T00:00:00.000Z,21,27479.0,2.0,4320806.0
2023-01-26T00:00:00.000Z,36,27114.375,30.875,3014570.375
2023-01-25T00:00:00.000Z,40,27176.166666666668,15.666666666666666,3018804.388888889
2023-01-24T00:00:00.000Z,42,27248.1,10.3,3042307.65
2023-01-25T00:00:00.000Z,10,27223.25,3.25,3420488.625
2023-01-23T00:00:00.000Z,18,27416.0,6.0,4742196.0
2023-01-25T00:00:00.000Z,16,27282.0,3.888888888888889,5329857.666666667
2023-01-24T00:00:00.000Z,7,27479.882352941175,1.6470588235294117,4125224.882352941
2023-01-24T00:00:00.000Z,33,27481.777777777777,2.3333333333333335,4152447.3333333335
2023-01-23T00:00:00.000Z,42,27096.55,35.65,2679733.25
2023-01-25T00:00:00.000Z,34,27260.35714285714,8.285714285714286,4288179.642857143
2023-01-24T00:00:00.000Z,23,27484.166666666668,1.6666666666666667,4235612.166666667
2023-01-24T00:00:00.000Z,11,27323.714285714286,1.7142857142857142,4351936.857142857
2023-01-25T00:00:00.000Z,19,27210.214285714286,5.571428571428571,3672867.8571428573
2023-01-25T00:00:00.000Z,1,27306.125,10.625,4180748.5
2023-01-23T00:00:00.000Z,43,27081.923076923078,30.846153846153847,3077745.230769231
2023-01-23T00:00:00.000Z,31,27082.555555555555,25.333333333333332,3302659.222222222
2023-01-26T00:00:00.000Z,33,27171.0,33.888888888888886,3777293.0
2023-01-24T00:00:00.000Z,17,27454.0,2.0,4197398.0
2023-01-24T00:00:00.000Z,39,27301.38888888889,3.888888888888889,3904452.777777778
2023-01-23T00:00:00.000Z,26,27283.5625,9.3125,3745020.25
2023-01-26T00:00:00.000Z,34,27094.714285714286,22.142857142857142,3669851.5714285714
2023-01-23T00:00:00.000Z,16,27336.444444444445,8.88888888888889,3960114.0
2023-01-25T00:00:00.000Z,43,27162.53846153846,23.384615384615383,3769642.923076923
2023-01-26T00:00:00.000Z,28,27116.739130434784,23.82608695652174,2927374.2608695654
2023-01-24T00:00:00.000Z,35,27316.666666666668,4.133333333333334,3883200.466666667
2023-01-23T00:00:00.000Z,23,27370.0,8.666666666666666,3906172.8333333335
2023-01-24T00:00:00.000Z,9,27347.529411764706,1.4705882352941178,4084485.7647058824
2023-01-23T00:00:00.000Z,10,27310.875,2.9375,4565747.0
2023-01-24T00:00:00.000Z,20,27460.0625,1.375,4160694.75
2023-01-25T00:00:00.000Z,22,27218.909090909092,9.909090909090908,4771209.818181818
2023-01-26T00:00:00.000Z,30,26944.909090909092,36.18181818181818,3480513.4545454546
2023-01-25T00:00:00.000Z,13,27273.5,5.5,5248375.0
2023-01-26T00:00:00.000Z,5,27166.454545454544,25.636363636363637,2033711.6363636365
2023-01-24T00:00:00.000Z,3,27392.25,2.375,4253309.0
2023-01-26T00:00:00.000Z,32,27124.81818181818,22.636363636363637,3007058.0
2023-01-25T00:00:00.000Z,38,27215.0,11.0,2726316.0
2023-01-26T00:00:00.000Z,23,27145.333333333332,17.666666666666668,2447203.8333333335
2023-01-25T00:00:00.000Z,36,27318.5,26.0,3893737.875
2023-01-26T00:00:00.000Z,25,27217.0,18.333333333333332,3350941.3333333335
2023-01-23T00:00:00.000Z,15,27434.35714285714,6.214285714285714,4180422.8571428573
2023-01-25T00:00:00.000Z,7,27337.29411764706,4.0,3676480.6470588236
2023-01-25T00:00:00.000Z,33,27398.88888888889,9.333333333333334,4283675.666666667
2023-01-24T00:00:00.000Z,8,27394.0,2.0,4071024.3333333335
2023-01-26T00:00:00.000Z,41,27159.0,27.0,2718631.4444444445
2023-01-26T00:00:00.000Z,11,27051.14285714286,41.857142857142854,2374697.8571428573
2023-01-24T00:00:00.000Z,12,27359.36842105263,1.0526315789473684,4280891.736842105
2023-01-24T00:00:00.000Z,26,27445.5,3.875,4355299.0
2023-01-23T00:00:00.000Z,25,27433.0,4.333333333333333,3947359.6666666665
2023-01-26T00:00:00.000Z,22,27021.272727272728,25.181818181818183,2833799.0
2023-01-24T00:00:00.000Z,10,27361.6875,1.5625,4170784.875
2023-01-24T00:00:00.000Z,13,27436.5,5.5,4769163.0
2023-01-25T00:00:00.000Z,8,27264.777777777777,4.0,3392872.777777778
2023-01-26T00:00:00.000Z,18,27201.0,22.0,2727685.0
2023-01-26T00:00:00.000Z,29,26996.88888888889,39.77777777777778,3202388.3333333335
2023-01-24T00:00:00.000Z,31,27256.777777777777,9.666666666666666,3865499.6666666665
2023-01-25T00:00:00.000Z,35,27204.4,27.466666666666665,3552566.2
2023-01-23T00:00:00.000Z,14,27425.0,10.0,3881709.0
2023-01-23T00:00:00.000Z,1,27286.375,10.125,3639061.875
2023-01-23T00:00:00.000Z,33,27350.444444444445,10.444444444444445,3471021.5555555555
2023-01-23T00:00:00.000Z,41,27212.555555555555,20.22222222222222,2629178.6666666665
2023-01-26T00:00:00.000Z,7,27171.176470588234,13.529411764705882,2007400.1176470588
2023-01-26T00:00:00.000Z,4,27212.625,22.0,2148512.125
2023-01-23T00:00:00.000Z,5,27366.454545454544,4.0,3744442.4545454546
2023-01-25T00:00:00.000Z,42,27194.0,8.25,3830062.85
2023-01-24T00:00:00.000Z,32,27333.272727272728,2.727272727272727,3333600.4545454546
2023-01-23T00:00:00.000Z,37,27132.3,24.8,3402260.2
2023-01-26T00:00:00.000Z,27,27159.11111111111,23.444444444444443,3238558.6666666665
2023-01-24T00:00:00.000Z,40,27271.38888888889,4.555555555555555,3407626.611111111
2023-01-25T00:00:00.000Z,17,27315.0,8.0,3571562.0
2023-01-26T00:00:00.000Z,12,27103.263157894737,30.0,1988479.7368421052
2023-01-23T00:00:00.000Z,39,27156.055555555555,22.88888888888889,3256810.888888889
2023-01-25T00:00:00.000Z,28,27328.695652173912,6.304347826086956,5319357.565217392
2023-01-26T00:00:00.000Z,24,26961.777777777777,52.55555555555556,3015391.888888889
2023-01-24T00:00:00.000Z,30,27282.909090909092,22.0,4331857.0
2023-01-25T00:00:00.000Z,30,27176.090909090908,16.272727272727273,4722847.818181818
2023-01-26T00:00:00.000Z,26,27099.8125,24.6875,3664718.75
2023-01-26T00:00:00.000Z,13,27083.0,34.0,2805229.5
2023-01-26T00:00:00.000Z,40,27025.61111111111,29.0,3359070.388888889
2023-02-07T00:00:00.000Z,0,27073.666666666668,0.0,8771188.0
2023-02-04T00:00:00.000Z,0,27640.666666666668,125.0,5142662.666666667
2023-02-05T00:00:00.000Z,24,27361.777777777777,640.4444444444445,2750601.111111111
2023-02-05T00:00:00.000Z,34,27351.35714285714,534.8571428571429,3021871.5714285714
2023-02-07T00:00:00.000Z,18,27217.0,0.0,8310970.0
2023-02-05T00:00:00.000Z,35,27277.6,589.9333333333333,2397075.8
2023-02-04T00:00:00.000Z,11,27445.0,137.85714285714286,5067188.285714285
2023-02-06T00:00:00.000Z,29,27162.444444444445,64.88888888888889,4513121.555555556
2023-02-05T00:00:00.000Z,40,27225.666666666668,458.44444444444446,2481272.6666666665
2023-02-04T00:00:00.000Z,8,27540.777777777777,38.0,4382260.444444444
2023-02-06T00:00:00.000Z,15,27422.928571428572,30.857142857142858,3805024.8571428573
2023-02-04T00:00:00.000Z,19,27557.928571428572,16.642857142857142,4068595.5714285714
2023-02-07T00:00:00.000Z,22,26998.727272727272,0.0,8821136.818181818
2023-02-06T00:00:00.000Z,3,27156.875,123.0,4017399.0
2023-02-04T00:00:00.000Z,16,27740.11111111111,421.44444444444446,4240451.111111111
2023-02-04T00:00:00.000Z,10,27510.625,26.1875,4064489.6875
2023-02-07T00:00:00.000Z,2,27027.8,0.0,8896051.0
2023-02-07T00:00:00.000Z,17,27187.0,0.0,8402500.0
2023-02-07T00:00:00.000Z,34,27036.0,0.0,9491687.785714285
2023-02-05T00:00:00.000Z,25,27564.666666666668,625.6666666666666,2438218.0
2023-02-07T00:00:00.000Z,24,26970.444444444445,0.0,8911169.222222222
2023-02-06T00:00:00.000Z,23,27301.166666666668,52.0,3477865.3333333335
2023-02-06T00:00:00.000Z,12,27100.263157894737,133.6315789473684,3795523.4736842103
2023-02-04T00:00:00.000Z,2,27605.8,164.0,5269115.4
2023-02-04T00:00:00.000Z,35,27484.333333333332,288.73333333333335,4902407.133333334
2023-02-07T00:00:00.000Z,20,27183.4375,0.0,8447754.125
2023-02-07T00:00:00.000Z,30,26835.454545454544,0.0,9513698.545454545
2023-02-05T00:00:00.000Z,26,27408.0625,576.75,2795939.375
2023-02-07T00:00:00.000Z,25,27255.666666666668,0.0,9234588.0
2023-02-06T00:00:00.000Z,4,27321.25,51.0,3214569.125
2023-02-07T00:00:00.000Z,9,27001.41176470588,0.0,8595336.88235294
2023-02-04T00:00:00.000Z,29,27540.11111111111,483.55555555555554,3727694.111111111
2023-02-06T00:00:00.000Z,43,27078.53846153846,77.0,5465178.615384615
2023-02-04T00:00:00.000Z,33,27657.555555555555,433.3333333333333,2545439.777777778
2023-02-07T00:00:00.000Z,40,26875.555555555555,0.0,9276115.5
2023-02-05T00:00:00.000Z,20,27506.8125,473.75,1901130.625
2023-02-07T00:00:00.000Z,7,27144.176470588234,0.0,8612701.235294119
2023-02-05T00:00:00.000Z,21,27521.0,608.0,2094326.0
2023-02-07T00:00:00.000Z,32,27031.81818181818,0.0,9363848.272727273
2023-02-05T00:00:00.000Z,3,27321.125,419.25,2266232.75
2023-02-05T00:00:00.000Z,27,27506.333333333332,606.3333333333334,2464324.111111111
2023-02-06T00:00:00.000Z,35,27097.933333333334,122.66666666666667,4660591.533333333
2023-02-04T00:00:00.000Z,24,27541.777777777777,516.0,3990910.222222222
2023-02-05T00:00:00.000Z,8,27272.555555555555,398.55555555555554,2053379.2222222222
2023-02-07T00:00:00.000Z,16,27170.222222222223,0.0,8751226.0
2023-02-04T00:00:00.000Z,36,27611.375,311.75,4531566.125
2023-02-06T00:00:00.000Z,10,27256.125,28.5625,3641067.875
2023-02-07T00:00:00.000Z,36,26994.75,0.0,9018244.875
2023-02-05T00:00:00.000Z,11,27205.0,302.14285714285717,2911933.285714286
2023-02-07T00:00:00.000Z,41,27078.88888888889,0.0,9230520.444444444
2023-02-04T00:00:00.000Z,5,27582.0,91.63636363636364,5092567.7272727275
2023-02-07T00:00:00.000Z,12,26897.42105263158,0.0,8740577.0
2023-02-07T00:00:00.000Z,37,26851.0,0.0,9330777.3
2023-02-05T00:00:00.000Z,37,27319.9,621.6,2860286.5
2023-02-05T00:00:00.000Z,18,27638.0,428.0,1883510.0
2023-02-05T00:00:00.000Z,13,27564.5,686.5,2485850.0
2023-02-04T00:00:00.000Z,27,27673.444444444445,587.0,2994780.222222222
2023-02-06T00:00:00.000Z,2,27244.4,107.0,3684124.6
2023-02-05T00:00:00.000Z,15,27602.428571428572,579.3571428571429,2076024.4285714286
2023-02-07T00:00:00.000Z,29,26874.777777777777,0.0,9177422.111111112
2023-02-06T00:00:00.000Z,42,27148.9,25.0,6209201.25
2023-02-07T00:00:00.000Z,26,27077.1875,0.0,9465899.375
2023-02-04T00:00:00.000Z,40,27442.277777777777,489.3888888888889,4799815.111111111
2023-02-06T00:00:00.000Z,9,27153.823529411766,95.88235294117646,3399100.529411765
2023-02-06T00:00:00.000Z,0,27273.333333333332,69.33333333333333,3428542.0
2023-02-06T00:00:00.000Z,41,27258.777777777777,33.22222222222222,5739875.333333333
2023-02-05T00:00:00.000Z,36,27415.0,669.0,2487808.375
2023-02-04T00:00:00.000Z,43,27442.46153846154,509.0,3985359.923076923
2023-02-07T00:00:00.000Z,11,26839.85714285714,0.0,8886916.57142857
2023-02-06T00:00:00.000Z,32,27231.18181818182,37.81818181818182,5125845.363636363
2023-02-04T00:00:00.000Z,14,27803.666666666668,289.0,4378273.666666667
2023-02-05T00:00:00.000Z,14,27643.0,675.0,2121468.3333333335
2023-02-04T00:00:00.000Z,7,27652.529411764706,37.470588235294116,4537018.588235294
2023-02-05T00:00:00.000Z,32,27331.909090909092,564.9090909090909,3126722.3636363638
2023-02-05T00:00:00.000Z,38,27226.0,313.0,2661701.0
2023-02-05T00:00:00.000Z,29,27350.555555555555,560.1111111111111,3064928.3333333335
2023-02-06T00:00:00.000Z,34,27263.64285714286,25.928571428571427,4390051.571428572
2023-02-07T00:00:00.000Z,3,26956.25,0.0,8938758.625
2023-02-04T00:00:00.000Z,4,27690.125,105.5,5012819.0
2023-02-05T00:00:00.000Z,10,27228.8125,392.4375,2292616.5625
2023-02-05T00:00:00.000Z,19,27307.14285714286,417.5,2095816.2142857143
2023-02-07T00:00:00.000Z,42,26972.5,0.0,9275864.4
2023-02-04T00:00:00.000Z,12,27473.315789473683,89.52631578947368,4649769.684210527
2023-02-07T00:00:00.000Z,13,27162.0,0.0,8713882.0
2023-02-05T00:00:00.000Z,7,27408.70588235294,454.5882352941176,1875507.4705882352
2023-02-05T00:00:00.000Z,5,27357.272727272728,440.1818181818182,1995290.8181818181
2023-02-06T00:00:00.000Z,36,27230.875,101.75,4191421.5
2023-02-04T00:00:00.000Z,25,27735.666666666668,544.3333333333334,3042251.0
2023-02-06T00:00:00.000Z,31,27089.444444444445,62.333333333333336,5078430.555555556
2023-02-07T00:00:00.000Z,8,27056.333333333332,0.0,8515424.0
2023-02-06T00:00:00.000Z,18,27499.0,20.0,4507982.0
2023-02-04T00:00:00.000Z,42,27462.3,809.7,3898613.35
2023-02-05T00:00:00.000Z,41,27337.11111111111,626.6666666666666,2697118.5555555555
2023-02-07T00:00:00.000Z,19,27096.5,0.0,8450899.357142856
2023-02-07T00:00:00.000Z,43,26842.0,0.0,9490258.307692308
2023-02-04T00:00:00.000Z,41,27555.222222222223,706.0,3014052.777777778
2023-02-07T00:00:00.000Z,1,27026.25,0.0,8800664.75
2023-02-07T00:00:00.000Z,39,26864.944444444445,0.0,9085026.944444444
2023-02-07T00:00:00.000Z,38,26910.0,0.0,8938252.0
2023-02-05T00:00:00.000Z,43,27240.153846153848,609.3846153846154,2798128.5384615385
2023-02-04T00:00:00.000Z,13,27731.5,388.0,4283118.0
2023-02-07T00:00:00.000Z,21,27121.0,0.0,8732381.0
2023-02-04T00:00:00.000Z,37,27525.7,396.3,4185987.0
2023-02-05T00:00:00.000Z,9,27233.941176470587,356.94117647058823,2331377.588235294
2023-02-04T00:00:00.000Z,18,27780.0,13.0,3977735.0
2023-02-05T00:00:00.000Z,39,27231.444444444445,406.8333333333333,2486217.5
2023-02-04T00:00:00.000Z,23,27711.5,161.33333333333334,4913448.833333333
2023-02-06T00:00:00.000Z,33,27409.777777777777,36.111111111111114,4293662.444444444
2023-02-04T00:00:00.000Z,39,27454.777777777777,246.11111111111111,5154406.222222222
2023-02-06T00:00:00.000Z,5,27239.454545454544,62.81818181818182,3299178.6363636362
2023-02-06T00:00:00.000Z,27,27399.11111111111,15.222222222222221,4146336.4444444445
2023-02-07T00:00:00.000Z,15,27225.285714285714,0.0,8564393.857142856
2023-02-05T00:00:00.000Z,42,27258.15,551.1,2498338.7
2023-02-05T00:00:00.000Z,22,27403.272727272728,690.6363636363636,2483076.5454545454
2023-02-05T00:00:00.000Z,16,27572.222222222223,665.2222222222222,2506285.4444444445
2023-02-06T00:00:00.000Z,22,27193.272727272728,71.0909090909091,3839923.4545454546
2023-02-05T00:00:00.000Z,30,27294.545454545456,488.8181818181818,3213488.6363636362
2023-02-04T00:00:00.000Z,28,27717.91304347826,637.304347826087,3467717.086956522
2023-02-06T00:00:00.000Z,39,27066.166666666668,91.66666666666667,4999936.833333333
2023-02-04T00:00:00.000Z,30,27467.18181818182,509.09090909090907,3262594.0
2023-02-06T00:00:00.000Z,14,27426.333333333332,45.0,3663054.3333333335
2023-02-05T00:00:00.000Z,33,27464.666666666668,594.4444444444445,2810512.222222222
2023-02-07T00:00:00.000Z,27,27192.444444444445,0.0,9196055.777777778
2023-02-04T00:00:00.000Z,32,27559.909090909092,575.2727272727273,2688861.090909091
2023-02-06T00:00:00.000Z,21,27298.0,53.0,3575398.0
2023-02-05T00:00:00.000Z,23,27503.666666666668,586.3333333333334,2028129.6666666667
2023-02-07T00:00:00.000Z,5,27062.636363636364,0.0,8737970.818181818
2023-02-05T00:00:00.000Z,2,27410.0,556.2,2026970.2
2023-02-04T00:00:00.000Z,17,27696.0,10.0,3949941.0
2023-02-06T00:00:00.000Z,26,27318.9375,22.0,4408400.8125
2023-02-06T00:00:00.000Z,40,27070.222222222223,53.05555555555556,5781444.222222222
2023-02-05T00:00:00.000Z,31,27261.222222222223,542.1111111111111,3286237.6666666665
2023-02-05T00:00:00.000Z,1,27410.25,627.0,2230199.375
2023-02-04T00:00:00.000Z,22,27590.363636363636,320.90909090909093,4752544.090909091
2023-02-06T00:00:00.000Z,24,27176.444444444445,81.33333333333333,4056648.777777778
2023-02-06T00:00:00.000Z,25,27466.0,12.333333333333334,4199261.666666667
2023-02-04T00:00:00.000Z,21,27725.0,182.0,4881186.0
2023-02-06T00:00:00.000Z,8,27242.444444444445,30.444444444444443,3343215.4444444445
2023-02-06T00:00:00.000Z,1,27234.25,79.125,3567513.25
2023-02-07T00:00:00.000Z,14,27249.0,0.0,8501063.333333334
2023-02-06T00:00:00.000Z,20,27391.4375,14.25,3928359.875
2023-02-05T00:00:00.000Z,0,27428.666666666668,540.3333333333334,1988454.3333333333
2023-02-07T00:00:00.000Z,10,27034.9375,0.0,8373147.75
2023-02-07T00:00:00.000Z,31,26796.666666666668,0.0,9562867.444444444
2023-02-06T00:00:00.000Z,13,27342.0,52.5,3932557.5
2023-02-07T00:00:00.000Z,4,27133.0,0.0,8722924.0
2023-02-06T00:00:00.000Z,19,27273.214285714286,14.285714285714286,3783143.285714286
2023-02-04T00:00:00.000Z,15,27781.35714285714,129.14285714285714,4460662.714285715
2023-02-06T00:00:00.000Z,17,27411.0,10.0,4207228.0
2023-02-05T00:00:00.000Z,17,27517.0,436.0,1951139.0
2023-02-04T00:00:00.000Z,26,27594.625,484.0625,2824799.1875
2023-02-06T00:00:00.000Z,7,27324.764705882353,16.0,3360164.7647058824
2023-02-06T00:00:00.000Z,11,27044.571428571428,117.42857142857143,4596447.285714285
2023-02-06T00:00:00.000Z,28,27383.652173913044,31.130434782608695,4046125.6086956523
2023-02-06T00:00:00.000Z,38,27073.0,65.0,5234514.0
2023-02-04T00:00:00.000Z,9,27481.0,72.82352941176471,4508915.94117647
2023-02-07T00:00:00.000Z,33,27159.11111111111,0.0,9381327.222222222
2023-02-06T00:00:00.000Z,37,27127.8,87.1,4637761.3
2023-02-07T00:00:00.000Z,35,26861.266666666666,0.0,9237377.2
2023-02-06T00:00:00.000Z,30,27119.0,39.27272727272727,4699235.454545454
2023-02-05T00:00:00.000Z,4,27470.25,518.0,1839592.125
2023-02-04T00:00:00.000Z,20,27697.25,28.3125,4120658.875
2023-02-06T00:00:00.000Z,16,27353.0,44.0,3937668.4444444445
2023-02-04T00:00:00.000Z,31,27473.11111111111,496.8888888888889,3523818.6666666665
2023-02-04T00:00:00.000Z,3,27531.125,159.5,5236125.5
2023-02-04T00:00:00.000Z,34,27558.428571428572,435.35714285714283,2343948.214285714
2023-02-05T00:00:00.000Z,28,27548.869565217392,586.1304347826087,2591344.782608696
2023-02-07T00:00:00.000Z,28,27166.521739130436,0.0,8951676.782608695
2023-02-04T00:00:00.000Z,1,27606.5,187.625,5054309.125
2023-02-04T00:00:00.000Z,38,27466.0,243.0,5216640.0
2023-02-07T00:00:00.000Z,23,27121.0,0.0,8724806.333333334
2023-02-05T00:00:00.000Z,12,27228.21052631579,332.63157894736844,2636649.5789473685
2023-01-07T00:00:00.000Z,23,28053.833333333332,0.0,4673463.0
2023-01-07T00:00:00.000Z,4,27984.75,0.0,4569157.125
2023-01-09T00:00:00.000Z,22,27681.454545454544,681.0,3123688.0
2023-01-10T00:00:00.000Z,0,27745.666666666668,202.33333333333334,3372293.6666666665
2023-01-07T00:00:00.000Z,3,27833.25,0.0,4313816.875
2023-01-09T00:00:00.000Z,14,27879.666666666668,719.0,2611848.6666666665
2023-01-07T00:00:00.000Z,29,27868.555555555555,0.0,4719910.777777778
2023-01-08T00:00:00.000Z,42,27629.2,171.95,2345930.65
2023-01-09T00:00:00.000Z,11,27690.85714285714,421.0,3393656.0
2023-01-09T00:00:00.000Z,28,27785.478260869564,737.2173913043479,3021647.695652174
2023-01-07T00:00:00.000Z,19,27966.428571428572,0.0,4427115.142857143
2023-01-10T00:00:00.000Z,4,27782.0,213.5,3165811.125
2023-01-10T00:00:00.000Z,22,27647.545454545456,194.27272727272728,3402689.4545454546
2023-01-08T00:00:00.000Z,31,27665.444444444445,894.6666666666666,2292438.5555555555
2023-01-09T00:00:00.000Z,16,27804.11111111111,765.4444444444445,2918350.0
2023-01-10T00:00:00.000Z,33,27730.222222222223,282.0,3947170.777777778
2023-01-09T00:00:00.000Z,29,27624.666666666668,647.6666666666666,3332269.111111111
2023-01-08T00:00:00.000Z,32,27645.545454545456,743.0,2211470.5454545454
2023-01-08T00:00:00.000Z,0,27977.333333333332,553.0,1727529.6666666667
2023-01-08T00:00:00.000Z,33,27904.555555555555,1099.0,1681997.6666666667
2023-01-07T00:00:00.000Z,22,27965.090909090908,0.0,4761007.636363637
2023-01-08T00:00:00.000Z,26,27873.9375,1037.0,1898297.8125
2023-01-09T00:00:00.000Z,21,27835.0,598.0,2763511.0
2023-01-10T00:00:00.000Z,3,27655.875,336.0,3561963.75
2023-01-10T00:00:00.000Z,29,27603.88888888889,168.66666666666666,3599737.111111111
2023-01-10T00:00:00.000Z,43,27490.846153846152,127.84615384615384,3815534.3846153845
2023-01-09T00:00:00.000Z,42,27588.3,462.95,3611720.0
2023-01-08T00:00:00.000Z,17,28064.0,405.0,1924959.0
2023-01-10T00:00:00.000Z,39,27543.555555555555,222.94444444444446,3769116.777777778
2023-01-09T00:00:00.000Z,0,27815.333333333332,535.6666666666666,3013228.3333333335
2023-01-08T00:00:00.000Z,30,27764.909090909092,1159.0,2063329.5454545454
2023-01-10T00:00:00.000Z,13,27762.0,215.5,2999273.0
2023-01-09T00:00:00.000Z,18,27911.0,508.0,2175592.0
2023-01-08T00:00:00.000Z,11,27673.571428571428,286.85714285714283,1956195.7142857143
2023-01-07T00:00:00.000Z,33,27874.222222222223,0.7777777777777778,4358036.777777778
2023-01-10T00:00:00.000Z,23,27777.833333333332,185.33333333333334,3126279.8333333335
2023-01-07T00:00:00.000Z,16,28138.0,2.7777777777777777,4792518.333333333
2023-01-08T00:00:00.000Z,40,27615.722222222223,337.72222222222223,2505873.4444444445
2023-01-10T00:00:00.000Z,8,27676.666666666668,246.11111111111111,2827254.888888889
2023-01-10T00:00:00.000Z,25,27827.0,196.66666666666666,3665752.3333333335
2023-01-08T00:00:00.000Z,37,27817.1,821.8,2112319.5
2023-01-07T00:00:00.000Z,35,27762.4,0.0,4355269.066666666
2023-01-10T00:00:00.000Z,7,27743.823529411766,246.7058823529412,2696172.9411764704
2023-01-10T00:00:00.000Z,37,27599.4,119.0,3711735.5
2023-01-07T00:00:00.000Z,7,27987.823529411766,0.0,4583068.529411765
2023-01-09T00:00:00.000Z,23,27831.166666666668,618.0,2743640.5
2023-01-08T00:00:00.000Z,27,28030.777777777777,1007.8888888888889,1699861.111111111
2023-01-10T00:00:00.000Z,31,27519.777777777777,105.22222222222223,3875625.111111111
2023-01-07T00:00:00.000Z,12,27815.947368421053,0.0,4465002.7894736845
2023-01-07T00:00:00.000Z,41,27642.88888888889,1.7777777777777777,4615747.555555556
2023-01-07T00:00:00.000Z,1,27914.75,0.0,4634808.25
2023-01-10T00:00:00.000Z,42,27501.0,396.5,3777711.95
2023-01-07T00:00:00.000Z,25,28083.333333333332,0.0,5018928.666666667
2023-01-10T00:00:00.000Z,21,27788.0,181.0,3119915.0
2023-01-10T00:00:00.000Z,30,27532.363636363636,174.0,3902832.8181818184
2023-01-07T00:00:00.000Z,40,27576.333333333332,0.0,4518509.888888889
2023-01-07T00:00:00.000Z,31,27660.777777777777,0.4444444444444444,4831566.333333333
2023-01-09T00:00:00.000Z,41,27655.777777777777,438.1111111111111,3651837.777777778
2023-01-10T00:00:00.000Z,28,27784.043478260868,147.6086956521739,3214542.9565217393
2023-01-08T00:00:00.000Z,29,27853.666666666668,1017.8888888888889,1943733.2222222222
2023-01-09T00:00:00.000Z,30,27545.363636363636,821.0,3627210.727272727
2023-01-08T00:00:00.000Z,21,28090.0,513.0,1942177.0
2023-01-08T00:00:00.000Z,25,28075.333333333332,897.6666666666666,1783254.0
2023-01-10T00:00:00.000Z,32,27589.545454545456,132.45454545454547,3777137.1818181816
2023-01-10T00:00:00.000Z,17,27767.0,195.0,2159078.0
2023-01-07T00:00:00.000Z,8,27947.88888888889,0.0,4499980.333333333
2023-01-10T00:00:00.000Z,15,27836.5,175.42857142857142,2649049.1428571427
2023-01-07T00:00:00.000Z,36,27904.5,0.0,4469252.125
2023-01-08T00:00:00.000Z,22,27956.909090909092,674.4545454545455,2039658.1818181819
2023-01-10T00:00:00.000Z,10,27683.5,150.8125,2848580.875
2023-01-10T00:00:00.000Z,12,27606.21052631579,279.4736842105263,3368750.947368421
2023-01-10T00:00:00.000Z,16,27774.11111111111,194.11111111111111,3005093.222222222
2023-01-08T00:00:00.000Z,43,27627.69230769231,557.0769230769231,2368449.769230769
2023-01-09T00:00:00.000Z,7,27837.941176470587,740.7058823529412,2174291.882352941
2023-01-09T00:00:00.000Z,12,27735.473684210527,610.3684210526316,3119757.5789473685
2023-01-10T00:00:00.000Z,9,27619.823529411766,291.52941176470586,3151950.1764705884
2023-01-10T00:00:00.000Z,35,27578.733333333334,197.73333333333332,3736009.933333333
2023-01-10T00:00:00.000Z,41,27590.11111111111,235.77777777777777,3711185.6666666665
2023-01-07T00:00:00.000Z,17,28084.0,4.0,4364698.0
2023-01-07T00:00:00.000Z,13,28133.0,0.0,4741032.0
2023-01-09T00:00:00.000Z,4,27854.25,612.0,2768264.25
2023-01-10T00:00:00.000Z,5,27706.272727272728,317.0,3273075.909090909
2023-01-07T00:00:00.000Z,28,28107.608695652172,3.8260869565217392,4905984.391304348
2023-01-09T00:00:00.000Z,24,27607.222222222223,787.4444444444445,3120791.5555555555
2023-01-08T00:00:00.000Z,7,27995.235294117647,399.1764705882353,1533722.0
2023-01-07T00:00:00.000Z,43,27629.53846153846,0.3076923076923077,4531221.538461538
2023-01-08T00:00:00.000Z,15,28126.35714285714,460.7142857142857,1962365.142857143
2023-01-10T00:00:00.000Z,19,27657.071428571428,219.21428571428572,2420304.785714286
2023-01-08T00:00:00.000Z,14,28148.0,557.0,1862390.3333333333
2023-01-07T00:00:00.000Z,37,27806.3,0.0,4683658.3
2023-01-08T00:00:00.000Z,19,27933.571428571428,299.07142857142856,1625495.5714285714
2023-01-10T00:00:00.000Z,20,27765.25,198.75,2286055.625
2023-01-09T00:00:00.000Z,19,27759.714285714286,845.0,1883338.9285714286
2023-01-10T00:00:00.000Z,26,27673.75,234.8125,3972693.4375
2023-01-09T00:00:00.000Z,9,27741.176470588234,648.0588235294117,2860539.6470588236
2023-01-09T00:00:00.000Z,2,27801.8,399.4,3313656.2
2023-01-08T00:00:00.000Z,20,28048.3125,395.625,1833060.0
2023-01-08T00:00:00.000Z,18,28108.0,375.0,2252046.0
2023-01-10T00:00:00.000Z,27,27756.222222222223,252.88888888888889,3621080.0
2023-01-08T00:00:00.000Z,9,27856.117647058825,380.4117647058824,1491970.705882353
2023-01-08T00:00:00.000Z,34,27718.428571428572,1007.9285714285714,1997065.642857143
2023-01-09T00:00:00.000Z,3,27756.625,476.25,3422618.75
2023-01-07T00:00:00.000Z,42,27589.55,0.45,4771910.6
2023-01-08T00:00:00.000Z,13,28084.0,660.5,2001046.0
2023-01-10T00:00:00.000Z,18,27838.0,144.0,2213900.0
2023-01-09T00:00:00.000Z,37,27637.3,423.7,3422980.9
2023-01-08T00:00:00.000Z,28,28067.608695652172,745.0869565217391,1780285.5652173914
2023-01-07T00:00:00.000Z,21,28089.0,0.0,4713042.0
2023-01-07T00:00:00.000Z,39,27655.333333333332,0.0,4356901.444444444
2023-01-08T00:00:00.000Z,23,28064.5,511.6666666666667,1851059.5
2023-01-08T00:00:00.000Z,35,27780.8,686.0666666666667,2100416.6666666665
2023-01-08T00:00:00.000Z,39,27687.11111111111,470.0,2172252.0555555555
2023-01-10T00:00:00.000Z,34,27589.35714285714,232.07142857142858,4082739.9285714286
2023-01-07T00:00:00.000Z,0,27937.333333333332,0.0,4571244.0
2023-01-07T00:00:00.000Z,38,27589.0,0.0,4533878.0
2023-01-10T00:00:00.000Z,14,27841.0,182.0,2760732.6666666665
2023-01-10T00:00:00.000Z,36,27690.75,127.875,3534283.625
2023-01-09T00:00:00.000Z,5,27797.909090909092,595.9090909090909,3021319.3636363638
2023-01-07T00:00:00.000Z,18,28125.0,5.0,4342812.0
2023-01-08T00:00:00.000Z,8,27926.222222222223,331.1111111111111,1439775.4444444445
2023-01-08T00:00:00.000Z,12,27794.63157894737,355.63157894736844,1656021.3157894737
2023-01-09T00:00:00.000Z,34,27603.071428571428,892.0,3853614.5
2023-01-08T00:00:00.000Z,16,28089.0,637.5555555555555,2003190.4444444445
2023-01-10T00:00:00.000Z,11,27559.0,250.71428571428572,3626828.8571428573
2023-01-07T00:00:00.000Z,2,27900.4,0.0,4415440.8
2023-01-10T00:00:00.000Z,38,27556.0,168.0,3839780.0
2023-01-07T00:00:00.000Z,9,27879.529411764706,0.0,4511386.94117647
2023-01-07T00:00:00.000Z,24,27942.222222222223,0.0,4690325.333333333
2023-01-07T00:00:00.000Z,34,27725.428571428572,3.357142857142857,4583425.5
2023-01-09T00:00:00.000Z,20,27847.4375,687.1875,1911993.3125
2023-01-10T00:00:00.000Z,40,27502.222222222223,172.83333333333334,3889884.388888889
2023-01-08T00:00:00.000Z,24,27909.11111111111,923.4444444444445,1798930.5555555555
2023-01-09T00:00:00.000Z,17,27855.0,745.0,1808959.0
2023-01-09T00:00:00.000Z,27,27739.333333333332,921.4444444444445,3196919.0
2023-01-09T00:00:00.000Z,31,27562.444444444445,464.55555555555554,3697172.5555555555
2023-01-09T00:00:00.000Z,25,27808.0,813.0,3223268.0
2023-01-08T00:00:00.000Z,10,27936.1875,241.1875,1674915.5625
2023-01-09T00:00:00.000Z,35,27648.266666666666,388.4,3381359.933333333
2023-01-08T00:00:00.000Z,3,27857.875,599.875,1630401.375
2023-01-10T00:00:00.000Z,1,27698.5,150.5,3479471.125
2023-01-10T00:00:00.000Z,2,27731.8,210.0,3587802.4
2023-01-08T00:00:00.000Z,1,27952.25,620.75,1863649.0
2023-01-07T00:00:00.000Z,26,27870.3125,1.0625,4810208.3125
2023-01-09T00:00:00.000Z,8,27789.333333333332,663.2222222222222,2411301.0
2023-01-09T00:00:00.000Z,36,27729.75,392.75,3205628.125
2023-01-08T00:00:00.000Z,41,27659.555555555555,356.77777777777777,2255121.888888889
2023-01-08T00:00:00.000Z,36,27925.625,738.0,1927594.75
2023-01-07T00:00:00.000Z,10,27977.875,0.1875,4327195.875
2023-01-07T00:00:00.000Z,30,27798.636363636364,0.7272727272727273,4956606.7272727275
2023-01-10T00:00:00.000Z,24,27593.777777777777,271.22222222222223,3433855.777777778
2023-01-08T00:00:00.000Z,2,27945.4,639.2,1739254.4
2023-01-09T00:00:00.000Z,26,27662.75,846.9375,3563874.5
2023-01-08T00:00:00.000Z,5,27916.454545454544,508.6363636363636,1462236.2727272727
2023-01-07T00:00:00.000Z,14,28184.333333333332,0.0,4535885.0
2023-01-07T00:00:00.000Z,27,28062.333333333332,0.0,4899946.888888889
2023-01-09T00:00:00.000Z,10,27802.875,600.25,2379383.5625
2023-01-09T00:00:00.000Z,13,27795.0,773.0,2910421.0
2023-01-09T00:00:00.000Z,1,27747.0,496.75,3151705.375
2023-01-09T00:00:00.000Z,33,27706.88888888889,880.6666666666666,3504526.777777778
2023-01-07T00:00:00.000Z,20,28057.5625,1.875,4418070.4375
2023-01-07T00:00:00.000Z,15,28136.64285714286,0.2857142857142857,4582072.5
2023-01-09T00:00:00.000Z,39,27642.833333333332,359.72222222222223,3431461.6666666665
2023-01-09T00:00:00.000Z,38,27664.0,322.0,3444572.0
2023-01-08T00:00:00.000Z,4,28020.875,508.5,1573155.75
2023-01-07T00:00:00.000Z,11,27663.428571428572,0.0,4500461.0
2023-01-09T00:00:00.000Z,40,27590.11111111111,289.8333333333333,3478198.1666666665
2023-01-07T00:00:00.000Z,5,27879.363636363636,0.0,4539955.7272727275
2023-01-09T00:00:00.000Z,15,27894.785714285714,595.7142857142857,2392999.714285714
2023-01-09T00:00:00.000Z,32,27637.0,450.0,3763530.1818181816
2023-01-07T00:00:00.000Z,32,27625.0,2.0,4720738.818181818
2023-01-09T00:00:00.000Z,43,27555.153846153848,376.6923076923077,3524009.4615384615
2023-01-08T00:00:00.000Z,38,27635.0,251.0,2341609.0
2023-02-12T00:00:00.000Z,24,27538.333333333332,1.8888888888888888,6133002.666666667
2023-02-15T00:00:00.000Z,19,27439.5,0.0,9383351.714285715
2023-02-12T00:00:00.000Z,32,27499.727272727272,0.0,7351304.636363637
2023-02-12T00:00:00.000Z,33,27464.88888888889,0.0,9227993.444444444
2023-02-13T00:00:00.000Z,8,27454.555555555555,0.0,8456586.666666666
2023-02-13T00:00:00.000Z,0,27458.333333333332,0.3333333333333333,9107004.0
2023-02-14T00:00:00.000Z,3,27415.125,0.375,9647949.25
2023-02-13T00:00:00.000Z,39,27308.166666666668,1.0,8071573.5
2023-02-13T00:00:00.000Z,23,27557.833333333332,0.0,9352512.0
2023-02-15T00:00:00.000Z,23,27559.0,0.0,9912920.833333334
2023-02-15T00:00:00.000Z,41,27512.777777777777,0.0,1.0362833444444444E7
2023-02-13T00:00:00.000Z,9,27436.882352941175,0.0,8183627.235294118
2023-02-15T00:00:00.000Z,34,27476.714285714286,0.0,1.0630728857142856E7
2023-02-12T00:00:00.000Z,0,27667.0,0.6666666666666666,3600791.3333333335
2023-02-12T00:00:00.000Z,5,27685.909090909092,0.6363636363636364,3368029.6363636362
2023-02-14T00:00:00.000Z,15,27490.428571428572,0.0,9192834.214285715
2023-02-14T00:00:00.000Z,35,27378.6,0.0,9894270.866666667
2023-02-12T00:00:00.000Z,31,27421.88888888889,0.0,6529743.333333333
2023-02-15T00:00:00.000Z,28,27619.478260869564,0.0,1.0145987826086957E7
2023-02-14T00:00:00.000Z,32,27304.272727272728,0.6363636363636364,9953243.818181818
2023-02-15T00:00:00.000Z,14,27737.0,0.0,9645350.666666666
2023-02-12T00:00:00.000Z,42,27497.55,0.05,6449684.25
2023-02-12T00:00:00.000Z,22,27589.545454545456,1.8181818181818181,5268421.0
2023-02-12T00:00:00.000Z,34,27419.928571428572,0.0,8779074.142857144
2023-02-14T00:00:00.000Z,4,27435.75,0.0,9584599.875
2023-02-13T00:00:00.000Z,18,27675.0,0.0,8972782.0
2023-02-12T00:00:00.000Z,36,27622.25,1.0,4617019.375
2023-02-14T00:00:00.000Z,40,27337.277777777777,0.0,9967645.166666666
2023-02-13T00:00:00.000Z,34,27404.64285714286,0.0,9599799.5
2023-02-14T00:00:00.000Z,36,27512.25,0.0,9887041.25
2023-02-14T00:00:00.000Z,42,27356.9,0.4,1.009847225E7
2023-02-13T00:00:00.000Z,1,27458.5,0.0,9209181.0
2023-02-15T00:00:00.000Z,0,27452.666666666668,0.0,9890240.666666666
2023-02-14T00:00:00.000Z,5,27376.363636363636,0.0,9446313.0
2023-02-13T00:00:00.000Z,25,27559.333333333332,0.0,9497909.333333334
2023-02-12T00:00:00.000Z,28,27624.347826086956,1.9130434782608696,8032906.869565218
2023-02-14T00:00:00.000Z,17,27395.0,0.0,8524061.0
2023-02-13T00:00:00.000Z,2,27438.4,1.0,8855098.6
2023-02-15T00:00:00.000Z,8,27410.777777777777,0.0,9379115.888888888
2023-02-13T00:00:00.000Z,29,27446.0,0.5555555555555556,9173212.111111112
2023-02-12T00:00:00.000Z,29,27513.666666666668,0.6666666666666666,6338057.111111111
2023-02-15T00:00:00.000Z,20,27468.5,0.0,9495284.6875
2023-02-14T00:00:00.000Z,8,27313.222222222223,0.0,8498355.777777778
2023-02-13T00:00:00.000Z,12,27405.052631578947,0.0,8061580.47368421
2023-02-14T00:00:00.000Z,22,27449.454545454544,0.0,9847291.727272727
2023-02-14T00:00:00.000Z,1,27433.5,0.0,9828291.0
2023-02-14T00:00:00.000Z,11,27289.14285714286,0.7142857142857143,9284063.857142856
2023-02-13T00:00:00.000Z,19,27465.14285714286,0.0,8674446.42857143
2023-02-12T00:00:00.000Z,35,27517.2,1.8666666666666667,4190944.0
2023-02-13T00:00:00.000Z,15,27624.64285714286,0.0,9275441.642857144
2023-02-15T00:00:00.000Z,30,27466.909090909092,0.0,1.0613933909090908E7
2023-02-12T00:00:00.000Z,15,27790.5,0.35714285714285715,4743279.714285715
2023-02-12T00:00:00.000Z,39,27520.5,2.611111111111111,4123016.611111111
2023-02-14T00:00:00.000Z,21,27480.0,0.0,9659138.0
2023-02-12T00:00:00.000Z,2,27644.6,1.2,3450939.2
2023-02-15T00:00:00.000Z,22,27546.454545454544,0.0,1.0005538727272727E7
2023-02-12T00:00:00.000Z,18,27807.0,1.0,3932121.0
2023-02-15T00:00:00.000Z,37,27474.2,0.0,1.0381922E7
2023-02-12T00:00:00.000Z,41,27544.444444444445,0.0,7010870.777777778
2023-02-14T00:00:00.000Z,14,27585.333333333332,0.0,9373289.333333334
2023-02-12T00:00:00.000Z,17,27778.0,1.0,3974352.0
2023-02-15T00:00:00.000Z,7,27427.0,0.0,9724577.411764706
2023-02-12T00:00:00.000Z,12,27656.0,5.052631578947368,3568215.947368421
2023-02-14T00:00:00.000Z,23,27464.5,0.0,9646775.833333334
2023-02-12T00:00:00.000Z,30,27419.363636363636,0.0,7506194.636363637
2023-02-15T00:00:00.000Z,17,27473.0,0.0,9394039.0
2023-02-13T00:00:00.000Z,13,27573.0,0.0,9266936.5
2023-02-14T00:00:00.000Z,41,27366.88888888889,1.0,9946105.0
2023-02-15T00:00:00.000Z,2,27477.2,0.0,9925366.4
2023-02-12T00:00:00.000Z,10,27687.8125,7.0,3193838.6875
2023-02-14T00:00:00.000Z,20,27393.5625,0.0,8731382.8125
2023-02-12T00:00:00.000Z,8,27702.777777777777,5.888888888888889,3387144.3333333335
2023-02-12T00:00:00.000Z,40,27482.666666666668,1.0,4939524.277777778
2023-02-14T00:00:00.000Z,7,27367.941176470587,0.0,9037233.294117646
2023-02-14T00:00:00.000Z,16,27531.11111111111,0.0,9748148.555555556
2023-02-15T00:00:00.000Z,11,27300.285714285714,0.0,9450185.285714285
2023-02-13T00:00:00.000Z,31,27291.333333333332,0.7777777777777778,9255591.888888888
2023-02-13T00:00:00.000Z,35,27342.533333333333,1.3333333333333333,8514739.4
2023-02-12T00:00:00.000Z,11,27568.0,7.428571428571429,4025261.4285714286
2023-02-12T00:00:00.000Z,1,27616.5,1.125,4147990.375
2023-02-12T00:00:00.000Z,14,27800.0,1.0,5441573.666666667
2023-02-14T00:00:00.000Z,0,27413.0,0.0,9651225.333333334
2023-02-14T00:00:00.000Z,25,27553.0,0.0,1.0098048666666666E7
2023-02-15T00:00:00.000Z,24,27551.555555555555,0.0,1.0112880888888888E7
2023-02-14T00:00:00.000Z,29,27459.222222222223,0.0,9951171.0
2023-02-12T00:00:00.000Z,43,27452.0,0.6153846153846154,5693531.384615385
2023-02-13T00:00:00.000Z,32,27351.090909090908,0.6363636363636364,9304974.818181818
2023-02-15T00:00:00.000Z,13,27676.0,0.0,9868236.0
2023-02-14T00:00:00.000Z,10,27267.5625,0.0,7955328.8125
2023-02-13T00:00:00.000Z,24,27485.555555555555,0.2222222222222222,9127520.444444444
2023-02-14T00:00:00.000Z,31,27276.444444444445,0.0,1.0108554555555556E7
2023-02-15T00:00:00.000Z,35,27442.0,0.0,1.010895E7
2023-02-15T00:00:00.000Z,25,27616.0,0.0,1.0440112666666666E7
2023-02-14T00:00:00.000Z,18,27454.0,0.0,8239972.0
2023-02-15T00:00:00.000Z,40,27407.222222222223,0.0,1.0241291388888888E7
2023-02-13T00:00:00.000Z,10,27448.0625,0.0,7560782.25
2023-02-13T00:00:00.000Z,26,27414.625,0.0,9580013.25
2023-02-12T00:00:00.000Z,19,27690.0,3.7857142857142856,3774238.5714285714
2023-02-12T00:00:00.000Z,25,27618.333333333332,5.0,8927220.666666666
2023-02-15T00:00:00.000Z,9,27427.529411764706,0.0,9304338.88235294
2023-02-15T00:00:00.000Z,31,27426.555555555555,0.2222222222222222,1.0599452888888888E7
2023-02-14T00:00:00.000Z,34,27355.928571428572,0.14285714285714285,9927442.5
2023-02-15T00:00:00.000Z,42,27501.6,0.0,1.04056038E7
2023-02-15T00:00:00.000Z,32,27504.090909090908,0.36363636363636365,1.0535862818181818E7
2023-02-13T00:00:00.000Z,17,27564.0,0.0,9019682.0
2023-02-14T00:00:00.000Z,13,27530.0,0.0,9685658.5
2023-02-14T00:00:00.000Z,2,27449.0,0.0,9811890.0
2023-02-13T00:00:00.000Z,7,27509.941176470587,0.0,9093375.05882353
2023-02-14T00:00:00.000Z,39,27356.5,0.1111111111111111,9711039.333333334
2023-02-15T00:00:00.000Z,16,27668.88888888889,0.0,9909650.444444444
2023-02-13T00:00:00.000Z,4,27508.5,0.0,9217930.75
2023-02-15T00:00:00.000Z,12,27377.526315789473,0.0,9228331.05263158
2023-02-12T00:00:00.000Z,7,27740.29411764706,2.5294117647058822,3636291.117647059
2023-02-12T00:00:00.000Z,23,27716.0,1.0,4369767.5
2023-02-14T00:00:00.000Z,33,27402.444444444445,0.0,9936867.444444444
2023-02-15T00:00:00.000Z,39,27395.777777777777,0.0,9889042.444444444
2023-02-13T00:00:00.000Z,36,27499.625,0.875,8854487.625
2023-02-13T00:00:00.000Z,40,27285.555555555555,0.4444444444444444,8061940.166666667
2023-02-15T00:00:00.000Z,1,27474.375,0.0,9989559.5
2023-02-13T00:00:00.000Z,28,27548.130434782608,0.0,9284484.56521739
2023-02-15T00:00:00.000Z,33,27518.11111111111,0.0,1.0515797222222222E7
2023-02-14T00:00:00.000Z,37,27400.8,0.0,1.00588703E7
2023-02-13T00:00:00.000Z,27,27551.444444444445,0.0,9401020.444444444
2023-02-13T00:00:00.000Z,16,27571.88888888889,0.0,9306309.222222222
2023-02-13T00:00:00.000Z,11,27304.0,0.0,8059874.428571428
2023-02-14T00:00:00.000Z,9,27366.352941176472,0.0,8535266.05882353
2023-02-15T00:00:00.000Z,21,27591.0,0.0,9916935.0
2023-02-15T00:00:00.000Z,26,27479.5,0.0,1.062031575E7
2023-02-12T00:00:00.000Z,9,27671.058823529413,5.764705882352941,3349412.470588235
2023-02-14T00:00:00.000Z,19,27308.5,0.0,8514842.0
2023-02-13T00:00:00.000Z,3,27412.0,1.0,8514294.125
2023-02-12T00:00:00.000Z,13,27707.0,2.0,6395311.5
2023-02-12T00:00:00.000Z,38,27521.0,2.0,4168683.0
2023-02-12T00:00:00.000Z,20,27758.5,0.8125,4024151.375
2023-02-14T00:00:00.000Z,24,27509.222222222223,0.0,9892807.0
2023-02-14T00:00:00.000Z,28,27553.82608695652,0.0,9973094.56521739
2023-02-15T00:00:00.000Z,18,27465.0,0.0,9203220.0
2023-02-15T00:00:00.000Z,4,27480.375,0.0,9889863.5
2023-02-13T00:00:00.000Z,43,27292.69230769231,1.5384615384615385,8656597.923076924
2023-02-13T00:00:00.000Z,37,27392.9,1.0,9041050.6
2023-02-12T00:00:00.000Z,3,27648.375,4.25,3600775.375
2023-02-14T00:00:00.000Z,38,27352.0,0.0,9594145.0
2023-02-13T00:00:00.000Z,30,27398.909090909092,0.09090909090909091,9500900.090909092
2023-02-13T00:00:00.000Z,42,27364.05,0.45,8530140.3
2023-02-13T00:00:00.000Z,5,27437.636363636364,0.0,8997376.909090908
2023-02-13T00:00:00.000Z,21,27580.0,0.0,9384356.0
2023-02-15T00:00:00.000Z,43,27425.0,0.0,1.0402397076923076E7
2023-02-14T00:00:00.000Z,30,27416.090909090908,0.0,1.0126487909090908E7
2023-02-15T00:00:00.000Z,27,27625.666666666668,0.0,1.0392732E7
2023-02-12T00:00:00.000Z,26,27443.875,1.125,8976133.9375
2023-02-13T00:00:00.000Z,22,27481.272727272728,0.09090909090909091,9282566.727272727
2023-02-12T00:00:00.000Z,21,27725.0,1.0,4630222.0
2023-02-13T00:00:00.000Z,14,27664.0,0.0,9159104.333333334
2023-02-12T00:00:00.000Z,37,27513.7,0.6,5403498.4
2023-02-13T00:00:00.000Z,41,27398.88888888889,1.1111111111111112,8827432.0
2023-02-15T00:00:00.000Z,38,27359.0,0.0,9782593.0
2023-02-15T00:00:00.000Z,10,27356.4375,0.0,8831330.4375
2023-02-12T00:00:00.000Z,27,27600.666666666668,3.4444444444444446,8542549.888888888
2023-02-14T00:00:00.000Z,12,27365.947368421053,0.0,8787976.263157895
2023-02-15T00:00:00.000Z,5,27398.454545454544,0.0,9803139.181818182
2023-02-12T00:00:00.000Z,4,27719.5,0.5,3566268.75
2023-02-15T00:00:00.000Z,3,27448.75,0.0,9758394.625
2023-02-15T00:00:00.000Z,15,27595.428571428572,0.0,9692665.785714285
2023-02-14T00:00:00.000Z,26,27386.875,0.0,1.01012650625E7
2023-02-13T00:00:00.000Z,38,27296.0,0.0,7844550.0
2023-02-15T00:00:00.000Z,36,27551.625,0.0,1.0111396875E7
2023-02-13T00:00:00.000Z,20,27556.0625,0.0,9080426.4375
2023-02-15T00:00:00.000Z,29,27514.777777777777,0.0,1.0307015888888888E7
2023-02-12T00:00:00.000Z,16,27699.777777777777,1.4444444444444444,6682525.555555556
2023-02-14T00:00:00.000Z,27,27556.11111111111,0.0,1.0018514333333334E7
2023-02-13T00:00:00.000Z,33,27458.444444444445,0.0,9372124.444444444
2023-02-14T00:00:00.000Z,43,27301.0,0.15384615384615385,1.0019390846153846E7
2023-02-17T00:00:00.000Z,2,28357.8,47.6,3199326.2
2023-02-19T00:00:00.000Z,24,27923.222222222223,439.22222222222223,4737935.666666667
2023-02-16T00:00:00.000Z,20,27903.3125,17.625,7929322.5
2023-02-16T00:00:00.000Z,4,27943.25,0.0,8931212.25
2023-02-18T00:00:00.000Z,14,28361.666666666668,156.0,4596336.666666667
2023-02-18T00:00:00.000Z,29,28213.0,54.44444444444444,4786581.0
2023-02-16T00:00:00.000Z,8,27839.666666666668,1.0,8880187.666666666
2023-02-17T00:00:00.000Z,36,28292.875,12.125,3353489.875
2023-02-17T00:00:00.000Z,11,28215.285714285714,20.428571428571427,2742531.8571428573
2023-02-18T00:00:00.000Z,21,28347.0,179.0,5078696.0
2023-02-18T00:00:00.000Z,7,28313.41176470588,383.11764705882354,4955450.470588235
2023-02-16T00:00:00.000Z,31,27739.222222222223,1.3333333333333333,1.0010097222222222E7
2023-02-17T00:00:00.000Z,4,28380.625,92.0,2488503.25
2023-02-16T00:00:00.000Z,33,27892.0,1.7777777777777777,9620963.666666666
2023-02-17T00:00:00.000Z,30,28105.636363636364,53.09090909090909,3001029.5454545454
2023-02-19T00:00:00.000Z,0,28098.333333333332,278.6666666666667,5485101.333333333
2023-02-16T00:00:00.000Z,17,27890.0,33.0,7770637.0
2023-02-19T00:00:00.000Z,8,28055.11111111111,544.2222222222222,5363978.222222222
2023-02-18T00:00:00.000Z,2,28355.0,98.4,5028078.8
2023-02-16T00:00:00.000Z,2,27930.0,0.0,9321294.4
2023-02-16T00:00:00.000Z,14,28129.0,12.0,8121730.333333333
2023-02-17T00:00:00.000Z,39,28183.333333333332,18.444444444444443,3692556.111111111
2023-02-17T00:00:00.000Z,43,28099.923076923078,9.23076923076923,3880357.3076923075
2023-02-18T00:00:00.000Z,11,28241.428571428572,57.57142857142857,4800213.714285715
2023-02-18T00:00:00.000Z,15,28367.285714285714,320.2142857142857,5143095.428571428
2023-02-17T00:00:00.000Z,3,28299.75,83.25,2955012.375
2023-02-19T00:00:00.000Z,20,28112.0625,427.375,5468423.5625
2023-02-18T00:00:00.000Z,13,28296.0,180.0,4302605.0
2023-02-17T00:00:00.000Z,14,28375.0,58.0,2161959.6666666665
2023-02-18T00:00:00.000Z,22,28209.545454545456,121.54545454545455,4784910.090909091
2023-02-19T00:00:00.000Z,19,28022.214285714286,608.0,5409182.642857143
2023-02-17T00:00:00.000Z,25,28311.666666666668,175.0,2683886.3333333335
2023-02-16T00:00:00.000Z,39,27785.666666666668,0.0,9756739.722222222
2023-02-16T00:00:00.000Z,43,27727.076923076922,0.0,1.007879076923077E7
2023-02-19T00:00:00.000Z,41,28003.88888888889,155.22222222222223,4034031.888888889
2023-02-19T00:00:00.000Z,21,28109.0,416.0,5295085.0
2023-02-18T00:00:00.000Z,25,28384.0,96.0,4571021.0
2023-02-18T00:00:00.000Z,20,28295.625,426.6875,5109215.1875
2023-02-16T00:00:00.000Z,11,27744.85714285714,0.0,9555859.57142857
2023-02-18T00:00:00.000Z,26,28236.875,70.375,5940626.0625
2023-02-19T00:00:00.000Z,26,27979.875,118.9375,3748879.9375
2023-02-16T00:00:00.000Z,37,27844.0,1.2,9683922.4
2023-02-16T00:00:00.000Z,1,27912.75,0.875,9066115.0
2023-02-16T00:00:00.000Z,34,27787.35714285714,2.5714285714285716,9961182.142857144
2023-02-17T00:00:00.000Z,31,28122.777777777777,10.444444444444445,3402592.0
2023-02-19T00:00:00.000Z,23,28106.166666666668,376.3333333333333,5319063.5
2023-02-16T00:00:00.000Z,32,27731.545454545456,0.0,1.0123974454545455E7
2023-02-19T00:00:00.000Z,1,28042.875,204.75,5332068.875
2023-02-19T00:00:00.000Z,34,27934.35714285714,73.92857142857143,3507848.214285714
2023-02-17T00:00:00.000Z,35,28211.333333333332,17.4,3748646.2666666666
2023-02-16T00:00:00.000Z,19,27821.714285714286,4.428571428571429,8451678.857142856
2023-02-19T00:00:00.000Z,11,27986.571428571428,379.2857142857143,5972765.285714285
2023-02-17T00:00:00.000Z,12,28231.36842105263,86.21052631578948,2077815.6842105263
2023-02-19T00:00:00.000Z,14,28149.0,476.0,4909264.666666667
2023-02-17T00:00:00.000Z,28,28286.217391304348,253.3913043478261,2232114.5217391304
2023-02-17T00:00:00.000Z,33,28217.555555555555,98.55555555555556,2530413.6666666665
2023-02-16T00:00:00.000Z,25,27998.666666666668,2.3333333333333335,9150365.333333334
2023-02-16T00:00:00.000Z,3,27876.125,0.0,9452355.0
2023-02-19T00:00:00.000Z,35,27969.666666666668,240.73333333333332,5543826.4
2023-02-17T00:00:00.000Z,26,28170.8125,118.125,2779502.625
2023-02-17T00:00:00.000Z,23,28362.5,60.333333333333336,2603995.1666666665
2023-02-18T00:00:00.000Z,0,28339.333333333332,201.33333333333334,5032971.666666667
2023-02-19T00:00:00.000Z,39,27975.055555555555,291.5,5744951.277777778
2023-02-18T00:00:00.000Z,23,28341.0,189.0,5059667.666666667
2023-02-19T00:00:00.000Z,25,28134.0,188.33333333333334,3994118.0
2023-02-17T00:00:00.000Z,24,28158.88888888889,53.0,2784609.111111111
2023-02-16T00:00:00.000Z,7,27876.0,1.8823529411764706,8687655.764705881
2023-02-19T00:00:00.000Z,43,27911.615384615383,153.23076923076923,4991586.230769231
2023-02-18T00:00:00.000Z,19,28204.285714285714,225.71428571428572,4673123.928571428
2023-02-16T00:00:00.000Z,12,27796.473684210527,0.0,9333929.210526315
2023-02-16T00:00:00.000Z,26,27843.3125,2.75,9627421.0625
2023-02-16T00:00:00.000Z,40,27761.88888888889,0.0,1.0092559055555556E7
2023-02-18T00:00:00.000Z,28,28337.130434782608,175.69565217391303,3764410.5217391304
2023-02-17T00:00:00.000Z,16,28299.333333333332,172.11111111111111,2172305.3333333335
2023-02-17T00:00:00.000Z,0,28351.666666666668,71.66666666666667,2829571.3333333335
2023-02-18T00:00:00.000Z,10,28247.3125,115.75,4220618.0625
2023-02-16T00:00:00.000Z,27,27987.555555555555,3.6666666666666665,9172023.111111112
2023-02-19T00:00:00.000Z,38,28017.0,228.0,5687466.0
2023-02-18T00:00:00.000Z,27,28325.777777777777,114.0,4515543.666666667
2023-02-16T00:00:00.000Z,18,27923.0,59.0,7234226.0
2023-02-18T00:00:00.000Z,24,28173.444444444445,113.44444444444444,4226084.777777778
2023-02-18T00:00:00.000Z,30,28138.636363636364,52.90909090909091,5223049.0
2023-02-19T00:00:00.000Z,27,28072.88888888889,245.44444444444446,3970536.888888889
2023-02-17T00:00:00.000Z,5,28308.545454545456,240.54545454545453,2373792.1818181816
2023-02-19T00:00:00.000Z,9,27999.29411764706,620.2941176470588,5476052.176470588
2023-02-18T00:00:00.000Z,9,28215.117647058825,362.94117647058823,4301442.0
2023-02-19T00:00:00.000Z,29,27961.666666666668,222.22222222222223,4786453.111111111
2023-02-16T00:00:00.000Z,10,27815.625,2.8125,8648619.9375
2023-02-19T00:00:00.000Z,31,27912.222222222223,91.88888888888889,4807324.555555556
2023-02-16T00:00:00.000Z,9,27826.176470588234,0.8235294117647058,9152530.470588235
2023-02-16T00:00:00.000Z,13,28048.5,17.0,8369064.5
2023-02-18T00:00:00.000Z,5,28301.81818181818,440.54545454545456,4704220.0
2023-02-19T00:00:00.000Z,30,27887.272727272728,172.1818181818182,4450400.0
2023-02-18T00:00:00.000Z,42,28188.0,60.35,8043064.35
2023-02-17T00:00:00.000Z,22,28218.272727272728,45.45454545454545,2906844.0
2023-02-18T00:00:00.000Z,41,28173.666666666668,22.555555555555557,7595430.888888889
2023-02-19T00:00:00.000Z,36,28056.75,160.0,5147351.375
2023-02-17T00:00:00.000Z,42,28137.1,33.05,3927586.6
2023-02-17T00:00:00.000Z,20,28309.5,540.0625,1820149.375
2023-02-17T00:00:00.000Z,1,28297.25,33.375,3071899.0
2023-02-18T00:00:00.000Z,31,28152.444444444445,16.77777777777778,5773481.555555556
2023-02-19T00:00:00.000Z,13,28065.0,479.0,4826075.0
2023-02-16T00:00:00.000Z,41,27726.777777777777,0.0,1.0156887888888888E7
2023-02-17T00:00:00.000Z,8,28258.444444444445,134.77777777777777,1633843.6666666667
2023-02-17T00:00:00.000Z,34,28111.071428571428,55.642857142857146,2671747.8571428573
2023-02-16T00:00:00.000Z,15,28044.428571428572,4.142857142857143,8094735.071428572
2023-02-18T00:00:00.000Z,3,28298.75,147.875,4766760.5
2023-02-19T00:00:00.000Z,40,27975.055555555555,220.33333333333334,5223422.166666667
2023-02-17T00:00:00.000Z,32,28142.81818181818,8.727272727272727,3186162.0
2023-02-18T00:00:00.000Z,35,28222.333333333332,24.133333333333333,5429749.8
2023-02-17T00:00:00.000Z,27,28264.222222222223,187.88888888888889,2621514.222222222
2023-02-17T00:00:00.000Z,40,28142.833333333332,19.27777777777778,4208367.111111111
2023-02-17T00:00:00.000Z,37,28206.1,10.7,3393042.2
2023-02-17T00:00:00.000Z,21,28369.0,65.0,2618525.0
2023-02-19T00:00:00.000Z,5,28068.545454545456,469.1818181818182,5636263.0
2023-02-19T00:00:00.000Z,2,28096.8,264.8,5530645.4
2023-02-19T00:00:00.000Z,3,28034.0,494.75,5835393.375
2023-02-17T00:00:00.000Z,18,28383.0,248.0,2083907.0
2023-02-18T00:00:00.000Z,1,28290.125,106.5,4980426.875
2023-02-17T00:00:00.000Z,7,28317.58823529412,229.0,1848432.9411764706
2023-02-17T00:00:00.000Z,15,28380.285714285714,257.14285714285717,2197824.8571428573
2023-02-16T00:00:00.000Z,36,27940.25,0.375,9388001.75
2023-02-19T00:00:00.000Z,33,28016.777777777777,106.55555555555556,3332267.4444444445
2023-02-18T00:00:00.000Z,4,28365.0,264.0,4928289.75
2023-02-18T00:00:00.000Z,8,28261.0,278.44444444444446,4457593.222222222
2023-02-17T00:00:00.000Z,17,28311.0,765.0,1779018.0
2023-02-19T00:00:00.000Z,32,27985.090909090908,52.45454545454545,4101845.4545454546
2023-02-16T00:00:00.000Z,22,27939.545454545456,9.636363636363637,8864523.545454545
2023-02-17T00:00:00.000Z,10,28246.5625,76.875,1626913.6875
2023-02-18T00:00:00.000Z,17,28294.0,416.0,5100941.0
2023-02-16T00:00:00.000Z,29,27871.777777777777,6.555555555555555,9451600.777777778
2023-02-17T00:00:00.000Z,19,28213.285714285714,240.07142857142858,1590735.2142857143
2023-02-18T00:00:00.000Z,40,28192.944444444445,12.5,6895184.111111111
2023-02-17T00:00:00.000Z,9,28215.941176470587,129.41176470588235,1823486.1176470588
2023-02-16T00:00:00.000Z,21,28065.0,4.0,8615283.0
2023-02-16T00:00:00.000Z,38,27758.0,0.0,9763902.0
2023-02-19T00:00:00.000Z,18,28180.0,221.0,5530830.0
2023-02-19T00:00:00.000Z,15,28162.285714285714,409.85714285714283,5331601.357142857
2023-02-19T00:00:00.000Z,10,28055.25,456.375,4936892.0625
2023-02-16T00:00:00.000Z,23,28025.5,2.6666666666666665,8688932.0
2023-02-16T00:00:00.000Z,5,27843.545454545456,0.0,9149631.909090908
2023-02-19T00:00:00.000Z,7,28106.823529411766,550.1764705882352,5560005.764705882
2023-02-16T00:00:00.000Z,28,28011.956521739132,4.130434782608695,8781025.086956521
2023-02-17T00:00:00.000Z,29,28189.777777777777,29.333333333333332,3089805.4444444445
2023-02-18T00:00:00.000Z,37,28227.3,24.3,5126300.9
2023-02-18T00:00:00.000Z,32,28185.545454545456,9.727272727272727,6853274.636363637
2023-02-19T00:00:00.000Z,17,28120.0,363.0,5537694.0
2023-02-18T00:00:00.000Z,43,28133.30769230769,10.923076923076923,6287855.307692308
2023-02-18T00:00:00.000Z,12,28235.157894736843,241.6315789473684,4199413.052631579
2023-02-18T00:00:00.000Z,38,28241.0,16.0,5863756.0
2023-02-19T00:00:00.000Z,16,28073.11111111111,465.44444444444446,4812173.888888889
2023-02-18T00:00:00.000Z,16,28304.777777777777,194.77777777777777,4241014.666666667
2023-02-19T00:00:00.000Z,42,27976.15,366.75,4245251.1
2023-02-16T00:00:00.000Z,16,28051.0,13.11111111111111,8403075.555555556
2023-02-18T00:00:00.000Z,33,28277.88888888889,59.22222222222222,6805875.555555556
2023-02-16T00:00:00.000Z,35,27835.533333333333,0.0,9712178.2
2023-02-16T00:00:00.000Z,30,27812.18181818182,7.7272727272727275,9750469.545454545
2023-02-19T00:00:00.000Z,4,28133.0,315.0,5411678.25
2023-02-16T00:00:00.000Z,0,27915.666666666668,0.0,9047446.666666666
2023-02-16T00:00:00.000Z,24,27900.88888888889,11.333333333333334,9068028.555555556
2023-02-19T00:00:00.000Z,28,28088.695652173912,311.8695652173913,4337865.130434782
2023-02-18T00:00:00.000Z,36,28307.125,31.625,4913591.0
2023-02-16T00:00:00.000Z,42,27780.35,0.0,1.020836745E7
2023-02-18T00:00:00.000Z,39,28211.055555555555,27.444444444444443,5685816.611111111
2023-02-18T00:00:00.000Z,34,28164.14285714286,39.5,7109888.0
2023-02-17T00:00:00.000Z,13,28297.0,133.5,2205069.0
2023-02-19T00:00:00.000Z,22,27965.363636363636,395.45454545454544,5133661.090909091
2023-02-17T00:00:00.000Z,38,28193.0,7.0,3579002.0
2023-02-19T00:00:00.000Z,12,28001.473684210527,509.7894736842105,5734748.52631579
2023-02-19T00:00:00.000Z,37,27972.5,141.5,5061103.3
2023-02-17T00:00:00.000Z,41,28116.777777777777,11.333333333333334,3569291.4444444445
2023-02-18T00:00:00.000Z,18,28345.0,259.0,5371416.0
2023-01-17T00:00:00.000Z,28,27403.304347826088,239.17391304347825,3326221.304347826
2023-01-16T00:00:00.000Z,33,27557.88888888889,484.55555555555554,3184082.888888889
2023-01-18T00:00:00.000Z,4,27186.875,337.0,3621121.375
2023-01-18T00:00:00.000Z,8,27059.333333333332,295.6666666666667,2584624.888888889
2023-01-18T00:00:00.000Z,16,27170.666666666668,287.22222222222223,4207364.888888889
2023-01-16T00:00:00.000Z,17,27647.0,631.0,1811101.0
2023-01-18T00:00:00.000Z,41,27251.88888888889,197.22222222222223,4060661.5555555555
2023-01-18T00:00:00.000Z,38,27163.0,116.0,3924794.0
2023-01-16T00:00:00.000Z,23,27634.166666666668,453.0,2423960.5
2023-01-17T00:00:00.000Z,13,27396.5,179.0,3935189.5
2023-01-18T00:00:00.000Z,28,27174.869565217392,291.60869565217394,3556537.652173913
2023-01-16T00:00:00.000Z,8,27565.88888888889,467.3333333333333,2504919.222222222
2023-01-15T00:00:00.000Z,37,27650.2,1102.8,1629815.1
2023-01-15T00:00:00.000Z,16,27781.666666666668,1237.6666666666667,2170304.6666666665
2023-01-17T00:00:00.000Z,21,27412.0,193.0,4322630.0
2023-01-15T00:00:00.000Z,1,27732.625,1116.5,1916643.0
2023-01-15T00:00:00.000Z,42,27610.55,710.5,956336.9
2023-01-16T00:00:00.000Z,40,27366.0,53.22222222222222,3816980.0555555555
2023-01-18T00:00:00.000Z,2,27189.2,212.0,3607883.2
2023-01-15T00:00:00.000Z,20,27786.375,1113.25,2018214.875
2023-01-18T00:00:00.000Z,19,27056.14285714286,190.21428571428572,3331661.4285714286
2023-01-15T00:00:00.000Z,10,27725.0625,1071.5625,1322129.25
2023-01-18T00:00:00.000Z,40,27114.5,159.11111111111111,4133236.111111111
2023-01-17T00:00:00.000Z,30,27084.272727272728,328.27272727272725,3461103.090909091
2023-01-18T00:00:00.000Z,37,26976.9,189.4,3858049.7
2023-01-16T00:00:00.000Z,22,27501.545454545456,507.09090909090907,2751182.272727273
2023-01-15T00:00:00.000Z,9,27680.764705882353,1111.7058823529412,992860.2941176471
2023-01-17T00:00:00.000Z,12,27329.0,143.42105263157896,4958748.105263158
2023-01-18T00:00:00.000Z,11,27132.428571428572,105.85714285714286,3671059.5714285714
2023-01-18T00:00:00.000Z,9,27088.058823529413,280.1764705882353,2512437.3529411764
2023-01-18T00:00:00.000Z,20,27234.1875,143.0625,3977239.375
2023-01-18T00:00:00.000Z,18,27318.0,72.0,4261658.0
2023-01-16T00:00:00.000Z,19,27535.214285714286,603.3571428571429,2188660.714285714
2023-01-18T00:00:00.000Z,23,27166.166666666668,365.6666666666667,4085603.5
2023-01-16T00:00:00.000Z,37,27407.4,339.8,3201701.7
2023-01-15T00:00:00.000Z,18,27838.0,903.0,2492070.0
2023-01-15T00:00:00.000Z,0,27790.666666666668,1071.6666666666667,1727467.6666666667
2023-01-17T00:00:00.000Z,37,27173.0,196.6,4016503.8
2023-01-16T00:00:00.000Z,16,27659.666666666668,537.6666666666666,2597535.4444444445
2023-01-16T00:00:00.000Z,14,27725.333333333332,512.0,2238893.6666666665
2023-01-18T00:00:00.000Z,10,27025.8125,364.5,2208744.625
2023-01-16T00:00:00.000Z,12,27495.684210526317,267.63157894736844,3333372.947368421
2023-01-15T00:00:00.000Z,13,27771.5,1257.5,2147418.5
2023-01-17T00:00:00.000Z,33,27282.0,606.7777777777778,2238957.3333333335
2023-01-16T00:00:00.000Z,31,27302.88888888889,365.44444444444446,3472739.4444444445
2023-01-18T00:00:00.000Z,15,27291.571428571428,219.57142857142858,4143803.5
2023-01-16T00:00:00.000Z,1,27553.0,347.125,2706400.75
2023-01-18T00:00:00.000Z,29,26963.666666666668,223.77777777777777,3688598.4444444445
2023-01-17T00:00:00.000Z,9,27337.235294117647,145.88235294117646,4765124.117647059
2023-01-17T00:00:00.000Z,18,27476.0,48.0,3756502.0
2023-01-16T00:00:00.000Z,15,27710.714285714286,467.85714285714283,2157436.8571428573
2023-01-16T00:00:00.000Z,11,27453.14285714286,122.71428571428571,3740837.8571428573
2023-01-18T00:00:00.000Z,36,27065.875,216.125,3766438.625
2023-01-17T00:00:00.000Z,0,27394.0,174.66666666666666,4577067.0
2023-01-16T00:00:00.000Z,18,27714.0,438.0,1722721.0
2023-01-18T00:00:00.000Z,13,27153.0,278.0,4231132.5
2023-01-15T00:00:00.000Z,27,27792.444444444445,1424.4444444444443,1734687.7777777778
2023-01-15T00:00:00.000Z,38,27667.0,833.0,1102881.0
2023-01-16T00:00:00.000Z,13,27645.0,550.5,2550851.5
2023-01-17T00:00:00.000Z,8,27373.222222222223,106.44444444444444,4577740.555555556
2023-01-16T00:00:00.000Z,32,27360.545454545456,250.9090909090909,3401101.6363636362
2023-01-17T00:00:00.000Z,25,27427.333333333332,336.0,2813160.6666666665
2023-01-18T00:00:00.000Z,31,26986.0,144.44444444444446,3892877.6666666665
2023-01-17T00:00:00.000Z,17,27428.0,42.0,4015510.0
2023-01-15T00:00:00.000Z,23,27800.833333333332,1048.6666666666667,2034316.8333333333
2023-01-17T00:00:00.000Z,43,27106.923076923078,125.0,3988376.6153846155
2023-01-18T00:00:00.000Z,0,27162.666666666668,297.3333333333333,3685438.3333333335
2023-01-17T00:00:00.000Z,41,27312.333333333332,60.77777777777778,3429685.0
2023-01-15T00:00:00.000Z,7,27790.29411764706,1081.0588235294117,1574878.5294117648
2023-01-18T00:00:00.000Z,24,26931.666666666668,308.1111111111111,3741055.0
2023-01-16T00:00:00.000Z,34,27370.214285714286,501.92857142857144,3313880.5
2023-01-15T00:00:00.000Z,17,27785.0,1249.0,2118598.0
2023-01-15T00:00:00.000Z,40,27611.61111111111,753.8888888888889,1119374.5
2023-01-17T00:00:00.000Z,11,27262.571428571428,127.85714285714286,4996503.857142857
2023-01-15T00:00:00.000Z,33,27754.555555555555,1196.2222222222222,1301539.0
2023-01-17T00:00:00.000Z,1,27335.25,176.375,4430429.875
2023-01-17T00:00:00.000Z,34,27151.14285714286,434.14285714285717,2714828.0714285714
2023-01-18T00:00:00.000Z,12,27166.894736842107,177.8421052631579,3057396.1578947366
2023-01-16T00:00:00.000Z,25,27703.0,547.0,3044048.6666666665
2023-01-15T00:00:00.000Z,31,27576.555555555555,1045.4444444444443,1599242.2222222222
2023-01-18T00:00:00.000Z,35,27028.666666666668,178.0,3793453.3333333335
2023-01-15T00:00:00.000Z,28,27805.391304347828,1306.8695652173913,1900583.4347826086
2023-01-18T00:00:00.000Z,14,27273.0,289.0,4160680.0
2023-01-15T00:00:00.000Z,3,27731.75,1203.125,1154497.625
2023-01-18T00:00:00.000Z,39,27093.0,144.05555555555554,3843334.277777778
2023-01-17T00:00:00.000Z,36,27290.125,167.0,4096874.625
2023-01-17T00:00:00.000Z,31,27099.0,231.88888888888889,3748644.4444444445
2023-01-16T00:00:00.000Z,9,27506.823529411766,396.5882352941176,2911572.294117647
2023-01-15T00:00:00.000Z,2,27786.2,1104.8,1510363.4
2023-01-16T00:00:00.000Z,39,27413.833333333332,101.61111111111111,3576397.388888889
2023-01-18T00:00:00.000Z,1,27080.125,294.375,3922070.125
2023-01-17T00:00:00.000Z,7,27423.941176470587,118.70588235294117,4427056.529411765
2023-01-16T00:00:00.000Z,3,27533.375,190.625,3048180.5
2023-01-16T00:00:00.000Z,43,27308.76923076923,170.46153846153845,3499610.846153846
2023-01-18T00:00:00.000Z,7,27146.470588235294,245.05882352941177,3380943.470588235
2023-01-18T00:00:00.000Z,25,27232.666666666668,274.6666666666667,3262898.6666666665
2023-01-15T00:00:00.000Z,14,27846.0,1134.0,2051482.0
2023-01-15T00:00:00.000Z,26,27704.75,1221.25,1659192.875
2023-01-16T00:00:00.000Z,27,27627.666666666668,647.6666666666666,2979784.111111111
2023-01-17T00:00:00.000Z,5,27384.545454545456,176.36363636363637,4709216.818181818
2023-01-15T00:00:00.000Z,5,27757.909090909092,1199.6363636363637,1379656.4545454546
2023-01-18T00:00:00.000Z,33,27174.555555555555,227.66666666666666,3059424.888888889
2023-01-17T00:00:00.000Z,29,27181.444444444445,263.44444444444446,3657308.6666666665
2023-01-18T00:00:00.000Z,21,27177.0,364.0,4211192.0
2023-01-16T00:00:00.000Z,29,27415.555555555555,516.2222222222222,3096600.3333333335
2023-01-18T00:00:00.000Z,42,27171.35,236.95,4349869.3
2023-01-16T00:00:00.000Z,10,27567.3125,431.0,2690983.8125
2023-01-17T00:00:00.000Z,3,27328.875,172.75,4796140.0
2023-01-18T00:00:00.000Z,3,27146.875,173.75,3502817.25
2023-01-15T00:00:00.000Z,25,27857.333333333332,1260.0,1892210.0
2023-01-15T00:00:00.000Z,8,27727.666666666668,1125.3333333333333,1195465.4444444445
2023-01-15T00:00:00.000Z,34,27614.571428571428,1206.0,1305061.357142857
2023-01-17T00:00:00.000Z,10,27368.5625,58.375,4636740.875
2023-01-18T00:00:00.000Z,32,27187.18181818182,131.63636363636363,3902889.3636363638
2023-01-16T00:00:00.000Z,7,27626.941176470587,499.05882352941177,2240366.117647059
2023-01-16T00:00:00.000Z,0,27615.0,313.0,2617628.6666666665
2023-01-15T00:00:00.000Z,36,27734.5,1106.875,1577491.75
2023-01-16T00:00:00.000Z,21,27639.0,474.0,2439579.0
2023-01-15T00:00:00.000Z,12,27681.052631578947,1125.2105263157894,906894.3684210526
2023-01-17T00:00:00.000Z,19,27349.5,71.42857142857143,4414013.428571428
2023-01-18T00:00:00.000Z,34,27073.64285714286,196.42857142857142,3724660.214285714
2023-01-16T00:00:00.000Z,38,27442.0,33.0,3925584.0
2023-01-15T00:00:00.000Z,39,27640.222222222223,943.5,1145663.2222222222
2023-01-15T00:00:00.000Z,35,27647.266666666666,1024.4,1374398.9333333333
2023-01-16T00:00:00.000Z,35,27422.866666666665,193.33333333333334,3227828.4
2023-01-17T00:00:00.000Z,27,27356.11111111111,340.44444444444446,2838942.111111111
2023-01-16T00:00:00.000Z,26,27506.625,518.1875,3272297.3125
2023-01-18T00:00:00.000Z,26,27103.4375,221.625,3400128.375
2023-01-16T00:00:00.000Z,24,27440.777777777777,606.0,2844316.777777778
2023-01-15T00:00:00.000Z,21,27803.0,1047.0,2138888.0
2023-01-17T00:00:00.000Z,39,27209.11111111111,109.5,4627120.944444444
2023-01-17T00:00:00.000Z,38,27232.0,72.0,4677274.0
2023-01-16T00:00:00.000Z,4,27654.875,365.0,2415054.75
2023-01-15T00:00:00.000Z,22,27669.545454545456,1232.8181818181818,2127833.727272727
2023-01-16T00:00:00.000Z,30,27336.545454545456,580.3636363636364,3342577.727272727
2023-01-15T00:00:00.000Z,19,27692.64285714286,1217.9285714285713,1606920.9285714286
2023-01-15T00:00:00.000Z,30,27580.0,1313.4545454545455,1729081.4545454546
2023-01-17T00:00:00.000Z,16,27410.0,182.77777777777777,3917292.0
2023-01-17T00:00:00.000Z,15,27485.928571428572,101.92857142857143,4004080.0
2023-01-15T00:00:00.000Z,15,27849.0,1002.7857142857143,2168751.5
2023-01-17T00:00:00.000Z,2,27376.4,152.8,4615262.6
2023-01-15T00:00:00.000Z,24,27628.444444444445,1454.111111111111,1765669.0
2023-01-17T00:00:00.000Z,26,27236.375,415.0625,2738875.9375
2023-01-15T00:00:00.000Z,29,27651.0,1281.3333333333333,1688926.888888889
2023-01-18T00:00:00.000Z,5,27150.909090909092,285.90909090909093,3297521.272727273
2023-01-17T00:00:00.000Z,32,27232.81818181818,183.36363636363637,3284351.6363636362
2023-01-15T00:00:00.000Z,41,27623.222222222223,742.1111111111111,907850.7777777778
2023-01-17T00:00:00.000Z,23,27411.666666666668,195.0,4358750.833333333
2023-01-15T00:00:00.000Z,11,27659.285714285714,1044.7142857142858,1029479.2857142857
2023-01-18T00:00:00.000Z,22,26994.363636363636,327.1818181818182,4286990.090909091
2023-01-16T00:00:00.000Z,2,27599.0,205.4,2822436.0
2023-01-18T00:00:00.000Z,30,26912.909090909092,208.9090909090909,3778124.8181818184
2023-01-17T00:00:00.000Z,22,27274.727272727272,203.72727272727272,4260994.7272727275
2023-01-17T00:00:00.000Z,24,27201.777777777777,252.0,3757970.111111111
2023-01-17T00:00:00.000Z,20,27429.9375,59.375,4026343.75
2023-01-17T00:00:00.000Z,40,27170.722222222223,56.5,4238290.166666667
2023-01-15T00:00:00.000Z,32,27620.18181818182,891.0,1216164.0909090908
2023-01-18T00:00:00.000Z,17,27245.0,102.0,4119411.0
2023-01-15T00:00:00.000Z,43,27552.76923076923,883.9230769230769,1274318.076923077
2023-01-16T00:00:00.000Z,28,27665.434782608696,531.3478260869565,2832993.565217391
2023-01-17T00:00:00.000Z,42,27239.1,37.2,3716629.85
2023-01-16T00:00:00.000Z,36,27522.375,296.875,2932188.0
2023-01-17T00:00:00.000Z,4,27436.75,188.0,4503437.875
2023-01-15T00:00:00.000Z,4,27824.25,1069.5,1667064.25
2023-01-17T00:00:00.000Z,35,27189.266666666666,142.33333333333334,4449048.0
2023-01-18T00:00:00.000Z,27,27145.222222222223,288.6666666666667,3268057.0
2023-01-16T00:00:00.000Z,42,27379.45,31.75,3726076.2
2023-01-17T00:00:00.000Z,14,27492.333333333332,166.0,3896828.0
2023-01-16T00:00:00.000Z,20,27643.5625,543.625,1892539.0
2023-01-16T00:00:00.000Z,5,27593.454545454544,331.72727272727275,2617652.272727273
2023-01-18T00:00:00.000Z,43,27035.53846153846,165.07692307692307,3972697.6923076925
2023-01-16T00:00:00.000Z,41,27407.88888888889,67.0,3436014.4444444445
2023-01-02T00:00:00.000Z,37,28249.1,132.8,4337668.6
2023-01-02T00:00:00.000Z,8,28289.444444444445,100.22222222222223,3528506.5555555555
2023-01-02T00:00:00.000Z,27,28271.11111111111,211.0,3391301.222222222
2023-01-02T00:00:00.000Z,16,28325.88888888889,197.55555555555554,2642776.0
2023-01-02T00:00:00.000Z,31,28141.333333333332,193.77777777777777,4683706.888888889
2023-01-02T00:00:00.000Z,40,28107.944444444445,83.11111111111111,4775456.722222222
2023-01-01T00:00:00.000Z,18,28498.0,0.0,2995843.0
2023-01-02T00:00:00.000Z,36,28319.75,96.125,4045555.125
2023-01-01T00:00:00.000Z,43,28117.23076923077,0.0,4990935.076923077
2023-01-01T00:00:00.000Z,4,28535.25,0.0,4081689.625
2023-01-01T00:00:00.000Z,40,28124.444444444445,0.0,4891516.055555556
2023-01-02T00:00:00.000Z,4,28370.0,80.5,3560898.875
2023-01-02T00:00:00.000Z,1,28300.5,74.875,3737613.625
2023-01-01T00:00:00.000Z,0,28505.333333333332,0.0,4284851.333333333
2023-01-01T00:00:00.000Z,2,28503.4,0.0,4541636.8
2023-01-02T00:00:00.000Z,15,28356.0,148.14285714285714,2651833.214285714
2023-01-01T00:00:00.000Z,14,28616.0,0.0,3756544.6666666665
2023-01-01T00:00:00.000Z,24,28452.444444444445,0.0,4473344.888888889
2023-01-01T00:00:00.000Z,29,28385.444444444445,0.0,4716395.333333333
2023-01-01T00:00:00.000Z,32,28091.272727272728,0.0,5044934.090909091
2023-01-02T00:00:00.000Z,3,28352.0,47.125,4258617.25
2023-01-02T00:00:00.000Z,30,28125.090909090908,225.72727272727272,4275565.2727272725
2023-01-01T00:00:00.000Z,28,28580.391304347828,0.0,4393294.782608695
2023-01-02T00:00:00.000Z,20,28276.875,177.0,2454785.625
2023-01-01T00:00:00.000Z,26,28326.0,0.0,5107692.875
2023-01-01T00:00:00.000Z,34,28158.64285714286,0.0,5183340.5
2023-01-01T00:00:00.000Z,17,28495.0,0.0,2921381.0
2023-01-02T00:00:00.000Z,39,28211.722222222223,64.44444444444444,4556923.722222222
2023-01-01T00:00:00.000Z,12,28398.21052631579,0.0,4358719.47368421
2023-01-01T00:00:00.000Z,13,28592.0,0.0,4031647.5
2023-01-02T00:00:00.000Z,2,28374.4,41.2,4091518.6
2023-01-02T00:00:00.000Z,41,28065.777777777777,129.55555555555554,4695828.777777778
2023-01-02T00:00:00.000Z,43,28105.53846153846,141.69230769230768,4750547.153846154
2023-01-01T00:00:00.000Z,20,28483.4375,0.0,3129569.9375
2023-01-02T00:00:00.000Z,11,28225.14285714286,30.714285714285715,4433921.714285715
2023-01-02T00:00:00.000Z,28,28304.478260869564,173.6086956521739,2916360.1739130435
2023-01-01T00:00:00.000Z,21,28617.0,0.0,4046228.0
2023-01-02T00:00:00.000Z,18,28287.0,191.0,2014362.0
2023-01-01T00:00:00.000Z,8,28439.11111111111,0.0,3664024.4444444445
2023-01-02T00:00:00.000Z,35,28259.533333333333,86.46666666666667,4478869.2
2023-01-01T00:00:00.000Z,41,28071.222222222223,0.0,4899108.888888889
2023-01-02T00:00:00.000Z,25,28289.0,189.0,3320113.3333333335
2023-01-02T00:00:00.000Z,10,28289.25,119.8125,3302406.5
2023-01-02T00:00:00.000Z,5,28309.454545454544,65.36363636363636,3873913.727272727
2023-01-01T00:00:00.000Z,10,28441.5625,9.4375,3494285.3125
2023-01-01T00:00:00.000Z,30,28288.363636363636,0.0,5061646.454545454
2023-01-02T00:00:00.000Z,42,28057.7,82.4,4754542.3
2023-01-02T00:00:00.000Z,14,28373.0,182.0,2548149.0
2023-01-01T00:00:00.000Z,39,28250.5,0.0,4724610.888888889
2023-01-01T00:00:00.000Z,7,28476.29411764706,0.0,3593916.705882353
2023-01-02T00:00:00.000Z,19,28228.5,187.35714285714286,2887165.1428571427
2023-01-02T00:00:00.000Z,21,28378.0,130.0,3173225.0
2023-01-02T00:00:00.000Z,29,28229.0,167.66666666666666,3990005.4444444445
2023-01-01T00:00:00.000Z,38,28197.0,0.0,4729250.0
2023-01-01T00:00:00.000Z,11,28285.0,0.0,4588657.857142857
2023-01-02T00:00:00.000Z,7,28313.529411764706,108.70588235294117,3283318.882352941
2023-01-01T00:00:00.000Z,23,28585.166666666668,0.0,4040965.1666666665
2023-01-01T00:00:00.000Z,3,28458.0,0.0,4565154.375
2023-01-01T00:00:00.000Z,19,28407.714285714286,0.0,3154372.4285714286
2023-01-01T00:00:00.000Z,15,28579.928571428572,0.0,3610412.6428571427
2023-01-02T00:00:00.000Z,23,28365.5,118.33333333333333,3255900.8333333335
2023-01-01T00:00:00.000Z,5,28446.727272727272,0.0,4220954.7272727275
2023-01-01T00:00:00.000Z,27,28525.88888888889,0.0,4779753.555555556
2023-01-02T00:00:00.000Z,17,28279.0,221.0,2258112.0
2023-01-01T00:00:00.000Z,35,28330.666666666668,0.0,4782900.466666667
2023-01-01T00:00:00.000Z,36,28450.0,0.0,4608698.25
2023-01-02T00:00:00.000Z,12,28275.36842105263,42.36842105263158,4203238.315789473
2023-01-02T00:00:00.000Z,32,28112.545454545456,209.54545454545453,4732544.545454546
2023-01-01T00:00:00.000Z,31,28172.555555555555,0.0,5117809.222222222
2023-01-02T00:00:00.000Z,26,28146.875,254.75,3846452.5
2023-01-01T00:00:00.000Z,22,28485.545454545456,0.0,4356485.363636363
2023-01-01T00:00:00.000Z,1,28479.625,0.0,4403808.25
2023-01-02T00:00:00.000Z,38,28182.0,43.0,4617691.0
2023-01-02T00:00:00.000Z,9,28270.70588235294,59.64705882352941,3897316.3529411764
2023-01-02T00:00:00.000Z,33,28163.333333333332,334.0,3646370.111111111
2023-01-02T00:00:00.000Z,24,28221.222222222223,159.66666666666666,3518526.777777778
2023-01-02T00:00:00.000Z,34,28050.071428571428,346.07142857142856,4359148.357142857
2023-01-01T00:00:00.000Z,9,28419.823529411766,0.0,4038942.6470588236
2023-01-01T00:00:00.000Z,37,28350.7,0.0,4871971.0
2023-01-01T00:00:00.000Z,16,28596.555555555555,0.0,4050902.111111111
2023-01-02T00:00:00.000Z,22,28254.636363636364,140.9090909090909,3413537.4545454546
2023-01-01T00:00:00.000Z,25,28537.0,0.0,4848087.333333333
2023-01-02T00:00:00.000Z,0,28350.333333333332,67.0,3786507.3333333335
2023-01-01T00:00:00.000Z,42,28119.55,0.0,4912639.45
2023-01-02T00:00:00.000Z,13,28328.5,201.0,2664339.0
2023-01-01T00:00:00.000Z,33,28316.666666666668,0.2222222222222222,5035450.777777778
2023-01-14T00:00:00.000Z,24,27917.333333333332,534.7777777777778,2530323.3333333335
2023-01-11T00:00:00.000Z,18,28090.0,353.0,649420.0
2023-01-13T00:00:00.000Z,16,0.0,617.2222222222222,3174624.0
2023-01-12T00:00:00.000Z,8,28038.11111111111,186.66666666666666,1218431.3333333333
2023-01-12T00:00:00.000Z,2,28087.2,12.6,2163282.8
2023-01-13T00:00:00.000Z,33,0.0,595.4444444444445,3188255.0
2023-01-13T00:00:00.000Z,42,0.0,472.4,3410693.1
2023-01-13T00:00:00.000Z,1,0.0,502.875,3015557.375
2023-01-14T00:00:00.000Z,41,27862.222222222223,186.66666666666666,3790576.222222222
2023-01-11T00:00:00.000Z,7,28019.823529411766,503.7647058823529,595171.2941176471
2023-01-11T00:00:00.000Z,11,27869.85714285714,333.7142857142857,1598855.2857142857
2023-01-11T00:00:00.000Z,27,28010.444444444445,588.4444444444445,898194.4444444445
2023-01-14T00:00:00.000Z,29,27939.333333333332,471.1111111111111,2948394.6666666665
2023-01-13T00:00:00.000Z,12,0.0,661.6315789473684,2483135.4736842103
2023-01-12T00:00:00.000Z,31,27867.444444444445,6.888888888888889,2711761.5555555555
2023-01-14T00:00:00.000Z,28,28084.434782608696,690.5217391304348,2295272.1304347827
2023-01-14T00:00:00.000Z,1,28012.75,399.375,2437392.625
2023-01-14T00:00:00.000Z,25,28138.666666666668,709.0,2577017.0
2023-01-13T00:00:00.000Z,40,0.0,352.3333333333333,3619197.4444444445
2023-01-11T00:00:00.000Z,26,27913.0625,506.125,1153708.0625
2023-01-12T00:00:00.000Z,28,28094.739130434784,37.04347826086956,1438435.7826086956
2023-01-11T00:00:00.000Z,34,27808.928571428572,586.7142857142857,1338985.7142857143
2023-01-13T00:00:00.000Z,23,0.0,580.0,2988436.3333333335
2023-01-11T00:00:00.000Z,36,27962.5,294.5,1332121.5
2023-01-12T00:00:00.000Z,23,28124.166666666668,41.333333333333336,1480024.8333333333
2023-01-13T00:00:00.000Z,15,0.0,490.2857142857143,3126232.3571428573
2023-01-11T00:00:00.000Z,0,28022.0,409.3333333333333,1089906.6666666667
2023-01-13T00:00:00.000Z,2,0.0,353.8,2926688.0
2023-01-11T00:00:00.000Z,25,28075.333333333332,450.6666666666667,952621.6666666666
2023-01-12T00:00:00.000Z,0,28100.666666666668,26.333333333333332,1867914.6666666667
2023-01-11T00:00:00.000Z,12,27902.78947368421,503.8421052631579,983082.5789473684
2023-01-12T00:00:00.000Z,38,27908.0,0.0,2909095.0
2023-01-14T00:00:00.000Z,15,28107.64285714286,570.0,1745334.142857143
2023-01-14T00:00:00.000Z,27,28078.555555555555,778.5555555555555,2555008.0
2023-01-14T00:00:00.000Z,38,27916.0,194.0,3462259.0
2023-01-13T00:00:00.000Z,22,0.0,683.0,3189584.0
2023-01-12T00:00:00.000Z,10,28031.8125,279.6875,1012903.875
2023-01-14T00:00:00.000Z,10,27943.25,677.75,1951102.875
2023-01-14T00:00:00.000Z,0,28057.666666666668,429.0,2378275.0
2023-01-11T00:00:00.000Z,31,27791.555555555555,315.44444444444446,1803057.2222222222
2023-01-11T00:00:00.000Z,40,27794.833333333332,344.27777777777777,2390328.611111111
2023-01-12T00:00:00.000Z,16,28091.777777777777,86.33333333333333,1288955.3333333333
2023-01-12T00:00:00.000Z,22,27973.909090909092,60.81818181818182,1806123.7272727273
2023-01-11T00:00:00.000Z,4,28054.875,475.0,845985.0
2023-01-11T00:00:00.000Z,39,27839.61111111111,332.6666666666667,1911810.5
2023-01-14T00:00:00.000Z,43,27819.0,257.0769230769231,3571401.3076923075
2023-01-13T00:00:00.000Z,43,0.0,336.0,3520979.846153846
2023-01-12T00:00:00.000Z,34,27906.428571428572,24.571428571428573,2616974.285714286
2023-01-14T00:00:00.000Z,11,27914.428571428572,270.14285714285717,3210303.8571428573
2023-01-13T00:00:00.000Z,5,0.0,624.8181818181819,2595464.727272727
2023-01-11T00:00:00.000Z,23,28049.833333333332,429.6666666666667,913554.6666666666
2023-01-14T00:00:00.000Z,3,28005.625,320.75,2898374.625
2023-01-13T00:00:00.000Z,18,0.0,402.0,3447232.0
2023-01-14T00:00:00.000Z,36,28021.5,363.375,2768734.75
2023-01-14T00:00:00.000Z,13,28047.5,556.5,1988345.0
2023-01-12T00:00:00.000Z,41,27871.333333333332,1.5555555555555556,2576989.888888889
2023-01-11T00:00:00.000Z,22,27915.0,411.90909090909093,1153298.2727272727
2023-01-11T00:00:00.000Z,28,28037.217391304348,452.82608695652175,776526.6086956522
2023-01-11T00:00:00.000Z,30,27798.545454545456,522.1818181818181,1439682.5454545454
2023-01-11T00:00:00.000Z,32,27825.81818181818,353.27272727272725,1895249.8181818181
2023-01-11T00:00:00.000Z,41,27811.0,409.1111111111111,2214667.111111111
2023-01-13T00:00:00.000Z,20,0.0,703.875,3016277.1875
2023-01-12T00:00:00.000Z,12,27986.684210526317,53.421052631578945,2182741.736842105
2023-01-12T00:00:00.000Z,15,28174.35714285714,91.78571428571429,1026397.0714285715
2023-01-11T00:00:00.000Z,3,27959.5,353.875,1314794.125
2023-01-14T00:00:00.000Z,7,28021.0,719.9411764705883,1939631.2352941176
2023-01-14T00:00:00.000Z,21,28086.0,522.0,2039762.0
2023-01-13T00:00:00.000Z,41,0.0,369.6666666666667,3287295.3333333335
2023-01-13T00:00:00.000Z,36,0.0,410.375,3139208.75
2023-01-11T00:00:00.000Z,33,27944.222222222223,536.4444444444445,886671.8888888889
2023-01-14T00:00:00.000Z,14,28111.666666666668,474.0,1730673.6666666667
2023-01-12T00:00:00.000Z,32,27907.636363636364,2.0,2729376.090909091
2023-01-12T00:00:00.000Z,7,28106.823529411766,134.76470588235293,1129118.4117647058
2023-01-13T00:00:00.000Z,30,0.0,711.1818181818181,3391977.1818181816
2023-01-14T00:00:00.000Z,8,27958.222222222223,706.7777777777778,2088808.111111111
2023-01-12T00:00:00.000Z,17,28119.0,358.0,576872.0
2023-01-14T00:00:00.000Z,2,28069.4,307.4,2650259.4
2023-01-12T00:00:00.000Z,29,27934.666666666668,31.22222222222222,2256792.5555555555
2023-01-11T00:00:00.000Z,17,28035.0,472.0,537144.0
2023-01-13T00:00:00.000Z,38,0.0,385.0,3384849.0
2023-01-13T00:00:00.000Z,21,0.0,550.0,3079906.0
2023-01-11T00:00:00.000Z,20,28030.6875,432.6875,528919.6875
2023-01-14T00:00:00.000Z,33,28054.555555555555,695.5555555555555,2774857.0
2023-01-12T00:00:00.000Z,20,28113.8125,233.6875,690731.6875
2023-01-13T00:00:00.000Z,26,0.0,620.3125,3303845.5
2023-01-13T00:00:00.000Z,28,0.0,590.0,3068724.8695652173
2023-01-13T00:00:00.000Z,31,0.0,322.77777777777777,3512161.4444444445
2023-01-13T00:00:00.000Z,32,0.0,281.3636363636364,3324430.272727273
2023-01-14T00:00:00.000Z,22,27953.090909090908,491.6363636363636,2367566.5454545454
2023-01-13T00:00:00.000Z,3,0.0,630.625,2818319.625
2023-01-13T00:00:00.000Z,27,0.0,683.8888888888889,3098257.888888889
2023-01-13T00:00:00.000Z,29,0.0,618.5555555555555,3212691.111111111
2023-01-12T00:00:00.000Z,13,28081.5,96.5,1298982.0
2023-01-11T00:00:00.000Z,29,27876.333333333332,438.0,1330876.2222222222
2023-01-11T00:00:00.000Z,5,27986.81818181818,560.7272727272727,913628.0
2023-01-12T00:00:00.000Z,36,28025.875,12.25,2109184.625
2023-01-14T00:00:00.000Z,42,27857.8,145.25,3871859.4
2023-01-14T00:00:00.000Z,4,28082.375,491.0,2142382.5
2023-01-12T00:00:00.000Z,39,27900.555555555555,1.6111111111111112,2621618.8333333335
2023-01-13T00:00:00.000Z,9,0.0,704.4117647058823,2312681.2352941176
2023-01-14T00:00:00.000Z,17,28027.0,986.0,1472433.0
2023-01-14T00:00:00.000Z,12,27930.157894736843,541.7368421052631,2745627.6315789474
2023-01-13T00:00:00.000Z,25,0.0,525.0,3160270.6666666665
2023-01-12T00:00:00.000Z,14,28152.666666666668,86.0,1075673.6666666667
2023-01-12T00:00:00.000Z,3,28030.75,9.125,2360896.875
2023-01-11T00:00:00.000Z,14,28089.333333333332,455.0,638370.3333333334
2023-01-13T00:00:00.000Z,13,0.0,670.0,3166929.5
2023-01-13T00:00:00.000Z,35,0.0,394.0,3293923.4
2023-01-13T00:00:00.000Z,8,0.0,632.7777777777778,2370546.5555555555
2023-01-13T00:00:00.000Z,37,0.0,398.9,3350863.1
2023-01-12T00:00:00.000Z,42,27839.15,3.15,2701776.65
2023-01-12T00:00:00.000Z,30,27861.81818181818,35.36363636363637,2482714.272727273
2023-01-12T00:00:00.000Z,25,28132.333333333332,32.333333333333336,1684084.6666666667
2023-01-14T00:00:00.000Z,31,27854.666666666668,384.44444444444446,3524906.5555555555
2023-01-11T00:00:00.000Z,2,28016.4,292.8,1281310.4
2023-01-14T00:00:00.000Z,23,28073.833333333332,515.3333333333334,2052794.3333333333
2023-01-11T00:00:00.000Z,19,27931.14285714286,501.7857142857143,528448.7142857143
2023-01-14T00:00:00.000Z,35,27924.4,311.1333333333333,3123858.7333333334
2023-01-12T00:00:00.000Z,33,28042.666666666668,27.22222222222222,2254714.222222222
2023-01-14T00:00:00.000Z,18,28097.0,440.0,1363800.0
2023-01-14T00:00:00.000Z,5,28017.81818181818,523.2727272727273,2418813.4545454546
2023-01-12T00:00:00.000Z,4,28136.75,33.0,1604313.0
2023-01-12T00:00:00.000Z,35,27932.933333333334,2.7333333333333334,2342232.4
2023-01-13T00:00:00.000Z,39,0.0,481.6111111111111,3297876.722222222
2023-01-12T00:00:00.000Z,27,28064.666666666668,42.77777777777778,1709066.6666666667
2023-01-14T00:00:00.000Z,37,27942.2,378.2,3110922.2
2023-01-12T00:00:00.000Z,18,28186.0,154.0,620156.0
2023-01-12T00:00:00.000Z,43,27830.0,1.8461538461538463,2523258.230769231
2023-01-12T00:00:00.000Z,37,27945.0,11.2,2369141.9
2023-01-11T00:00:00.000Z,10,27952.75,358.125,565932.6875
2023-01-12T00:00:00.000Z,26,27995.5625,32.375,2227453.6875
2023-01-13T00:00:00.000Z,17,0.0,849.0,3123711.0
2023-01-11T00:00:00.000Z,42,27788.6,457.95,2593468.75
2023-01-14T00:00:00.000Z,26,27996.875,718.9375,2936978.3125
2023-01-13T00:00:00.000Z,4,0.0,539.5,2716646.25
2023-01-12T00:00:00.000Z,21,28134.0,45.0,1454935.0
2023-01-12T00:00:00.000Z,11,27941.428571428572,4.142857142857143,2771202.0
2023-01-13T00:00:00.000Z,19,0.0,922.4285714285714,2678486.9285714286
2023-01-14T00:00:00.000Z,32,27880.090909090908,317.3636363636364,3657481.4545454546
2023-01-13T00:00:00.000Z,11,0.0,466.0,2915591.714285714
2023-01-11T00:00:00.000Z,1,27969.75,329.0,1186571.0
2023-01-14T00:00:00.000Z,40,27862.222222222223,179.72222222222223,3654962.0
2023-01-13T00:00:00.000Z,10,0.0,568.625,2487235.5625
2023-01-14T00:00:00.000Z,30,27866.363636363636,538.0,3199517.090909091
2023-01-11T00:00:00.000Z,21,28061.0,419.0,937816.0
2023-01-11T00:00:00.000Z,38,27852.0,317.0,2136644.0
2023-01-13T00:00:00.000Z,7,0.0,672.6470588235294,2623898.0
2023-01-11T00:00:00.000Z,9,27904.882352941175,482.29411764705884,681016.7058823529
2023-01-11T00:00:00.000Z,13,28021.0,484.0,784040.5
2023-01-11T00:00:00.000Z,24,27859.222222222223,556.2222222222222,1040703.2222222222
2023-01-12T00:00:00.000Z,1,28037.875,28.875,1964189.0
2023-01-11T00:00:00.000Z,8,27955.222222222223,466.3333333333333,537912.7777777778
2023-01-12T00:00:00.000Z,5,28072.545454545456,40.90909090909091,1884711.8181818181
2023-01-14T00:00:00.000Z,34,27891.0,584.8571428571429,3207723.6428571427
2023-01-11T00:00:00.000Z,16,28029.777777777777,472.6666666666667,784254.8888888889
2023-01-14T00:00:00.000Z,39,27895.944444444445,244.33333333333334,3324134.6666666665
2023-01-11T00:00:00.000Z,43,27757.384615384617,329.53846153846155,2008725.076923077
2023-01-14T00:00:00.000Z,9,27918.470588235294,699.8235294117648,2393562.705882353
2023-01-14T00:00:00.000Z,16,28056.555555555555,594.3333333333334,2010003.6666666667
2023-01-14T00:00:00.000Z,20,28026.25,802.9375,1543532.1875
2023-01-12T00:00:00.000Z,19,27999.35714285714,341.7142857142857,808244.4285714285
2023-01-11T00:00:00.000Z,35,27866.2,299.4,1668487.8666666667
2023-01-11T00:00:00.000Z,37,27879.0,310.1,1541245.3
2023-01-13T00:00:00.000Z,34,0.0,754.7142857142857,3319266.5714285714
2023-01-13T00:00:00.000Z,14,0.0,505.0,3008429.0
2023-01-13T00:00:00.000Z,24,0.0,877.0,3060750.3333333335
2023-01-12T00:00:00.000Z,24,27907.777777777777,56.333333333333336,1884792.2222222222
2023-01-13T00:00:00.000Z,0,0.0,453.0,2867029.6666666665
2023-01-11T00:00:00.000Z,15,28096.428571428572,378.2142857142857,707624.9285714285
2023-01-12T00:00:00.000Z,9,27985.0,127.70588235294117,1661541.7647058824
2023-01-14T00:00:00.000Z,19,27913.928571428572,784.7857142857143,1793359.0714285714
2023-01-12T00:00:00.000Z,40,27852.944444444445,1.7222222222222223,2697353.611111111
2023-01-29T00:00:00.000Z,27,27138.555555555555,0.1111111111111111,6193023.111111111
2023-01-29T00:00:00.000Z,41,27159.444444444445,0.1111111111111111,6751233.444444444
2023-01-29T00:00:00.000Z,36,27115.75,1.0,5950105.75
2023-01-27T00:00:00.000Z,13,27181.5,16.0,3213859.5
2023-01-28T00:00:00.000Z,19,27236.85714285714,11.857142857142858,3370234.0
2023-01-29T00:00:00.000Z,14,27246.333333333332,0.0,5363463.0
2023-01-30T00:00:00.000Z,4,27448.125,211.0,1907637.375
2023-01-28T00:00:00.000Z,18,27374.0,13.0,3172691.0
2023-01-27T00:00:00.000Z,8,27210.777777777777,23.11111111111111,3164791.4444444445
2023-01-28T00:00:00.000Z,13,27293.5,39.5,3023788.5
2023-01-29T00:00:00.000Z,42,27084.9,0.35,6542786.0
2023-01-30T00:00:00.000Z,2,27388.8,192.2,2439419.2
2023-01-27T00:00:00.000Z,17,27344.0,14.0,3002490.0
2023-01-28T00:00:00.000Z,7,27318.823529411766,10.058823529411764,2800049.0588235296
2023-01-28T00:00:00.000Z,16,27308.666666666668,34.44444444444444,3047684.777777778
2023-01-30T00:00:00.000Z,15,27468.714285714286,259.7142857142857,1731145.5714285714
2023-01-28T00:00:00.000Z,41,27212.222222222223,16.444444444444443,3314472.777777778
2023-01-28T00:00:00.000Z,23,27319.0,39.0,2976957.8333333335
2023-01-30T00:00:00.000Z,17,27450.0,271.0,1748726.0
2023-01-28T00:00:00.000Z,35,27062.6,40.333333333333336,3567249.8666666667
2023-01-27T00:00:00.000Z,35,26971.4,42.733333333333334,3696102.6666666665
2023-01-29T00:00:00.000Z,40,26991.944444444445,3.4444444444444446,6204495.5
2023-01-28T00:00:00.000Z,1,27251.125,53.875,3028329.25
2023-01-28T00:00:00.000Z,3,27163.75,28.875,3113027.875
2023-01-30T00:00:00.000Z,38,27271.0,118.0,3024164.0
2023-01-27T00:00:00.000Z,34,27074.714285714286,12.857142857142858,3885274.0714285714
2023-01-28T00:00:00.000Z,14,27399.666666666668,40.0,2813309.3333333335
2023-01-29T00:00:00.000Z,28,27111.956521739132,0.08695652173913043,6065374.217391305
2023-01-27T00:00:00.000Z,40,27004.222222222223,77.0,3622306.388888889
2023-01-30T00:00:00.000Z,24,27177.666666666668,311.44444444444446,2691540.0
2023-01-27T00:00:00.000Z,28,27167.347826086956,11.826086956521738,3646489.3913043477
2023-01-27T00:00:00.000Z,30,26922.090909090908,21.545454545454547,4291020.545454546
2023-01-29T00:00:00.000Z,7,27150.764705882353,0.0,4975232.235294118
2023-01-29T00:00:00.000Z,15,27208.214285714286,0.0,5216878.5
2023-01-28T00:00:00.000Z,26,27210.25,11.3125,3718185.0
2023-01-27T00:00:00.000Z,14,27301.0,16.0,2914510.3333333335
2023-01-28T00:00:00.000Z,33,27280.11111111111,8.444444444444445,3702501.3333333335
2023-01-30T00:00:00.000Z,28,27300.260869565216,255.7826086956522,2114447.565217391
2023-01-30T00:00:00.000Z,0,27406.0,198.33333333333334,2176265.0
2023-01-30T00:00:00.000Z,33,27237.11111111111,190.22222222222223,3705141.777777778
2023-01-27T00:00:00.000Z,3,27069.625,42.75,3512853.125
2023-01-28T00:00:00.000Z,28,27304.043478260868,20.695652173913043,3188194.9565217393
2023-01-28T00:00:00.000Z,31,27037.333333333332,29.0,3566407.6666666665
2023-01-30T00:00:00.000Z,25,27311.333333333332,216.0,2801433.0
2023-01-28T00:00:00.000Z,0,27303.0,35.0,2944061.0
2023-01-27T00:00:00.000Z,10,27227.4375,27.8125,3298708.1875
2023-01-27T00:00:00.000Z,26,27099.125,12.125,4066350.5625
2023-01-30T00:00:00.000Z,20,27436.5625,270.6875,1684816.5625
2023-01-30T00:00:00.000Z,30,27086.727272727272,186.27272727272728,3845312.727272727
2023-01-28T00:00:00.000Z,40,27062.11111111111,43.611111111111114,3718579.0
2023-01-30T00:00:00.000Z,14,27468.0,320.0,1582573.6666666667
2023-01-29T00:00:00.000Z,31,26927.88888888889,0.7777777777777778,6901905.555555556
2023-01-28T00:00:00.000Z,2,27261.2,38.8,3051171.8
2023-01-30T00:00:00.000Z,29,27182.222222222223,195.88888888888889,3340450.3333333335
2023-01-27T00:00:00.000Z,20,27313.75,14.75,2993400.75
2023-01-27T00:00:00.000Z,2,27161.0,35.2,3200777.8
2023-01-29T00:00:00.000Z,8,27097.666666666668,0.0,5038978.0
2023-01-27T00:00:00.000Z,43,26946.615384615383,33.76923076923077,4030313.230769231
2023-01-27T00:00:00.000Z,0,27207.0,25.666666666666668,3128051.0
2023-01-28T00:00:00.000Z,20,27325.9375,9.875,3124999.8125
2023-01-28T00:00:00.000Z,39,27067.0,33.44444444444444,3517313.388888889
2023-01-27T00:00:00.000Z,7,27273.941176470587,14.529411764705882,3140966.9411764704
2023-01-30T00:00:00.000Z,35,27216.133333333335,186.26666666666668,3244257.6666666665
2023-01-30T00:00:00.000Z,19,27355.071428571428,300.92857142857144,1806879.0714285714
2023-01-29T00:00:00.000Z,4,27219.75,0.0,5076475.75
2023-01-30T00:00:00.000Z,32,27226.727272727272,95.45454545454545,4653212.0
2023-01-30T00:00:00.000Z,16,27355.555555555555,338.0,1725243.6666666667
2023-01-28T00:00:00.000Z,30,27035.090909090908,21.727272727272727,3603708.727272727
2023-01-29T00:00:00.000Z,26,27060.9375,0.5,6607865.75
2023-01-27T00:00:00.000Z,33,27176.11111111111,12.777777777777779,3857333.5555555555
2023-01-29T00:00:00.000Z,30,26886.272727272728,0.8181818181818182,6835724.181818182
2023-01-30T00:00:00.000Z,34,27147.64285714286,157.85714285714286,4414312.5
2023-01-29T00:00:00.000Z,32,27113.909090909092,0.0,6890415.363636363
2023-01-28T00:00:00.000Z,36,27206.0,56.625,3199212.0
2023-01-28T00:00:00.000Z,37,27089.8,47.5,3411199.8
2023-01-30T00:00:00.000Z,37,27200.8,141.7,3387401.5
2023-01-27T00:00:00.000Z,18,27410.0,25.0,2631184.0
2023-01-30T00:00:00.000Z,7,27417.0,311.94117647058823,1700869.294117647
2023-01-30T00:00:00.000Z,39,27226.0,182.27777777777777,3149439.9444444445
2023-01-27T00:00:00.000Z,5,27202.090909090908,23.90909090909091,3131511.3636363638
2023-01-28T00:00:00.000Z,38,27134.0,33.0,3295415.0
2023-01-30T00:00:00.000Z,12,27317.684210526317,267.2631578947368,1903118.9473684211
2023-01-30T00:00:00.000Z,36,27323.125,149.875,2883637.625
2023-01-27T00:00:00.000Z,11,27040.0,79.57142857142857,3613835.0
2023-01-28T00:00:00.000Z,24,27097.0,44.0,3249183.0
2023-01-28T00:00:00.000Z,34,27159.64285714286,12.214285714285714,3628534.5
2023-01-29T00:00:00.000Z,23,27186.833333333332,0.0,5282871.833333333
2023-01-29T00:00:00.000Z,3,27029.375,0.0,5438033.75
2023-01-27T00:00:00.000Z,38,27070.0,89.0,3327384.0
2023-01-30T00:00:00.000Z,10,27393.125,234.3125,2015889.25
2023-01-29T00:00:00.000Z,11,27001.85714285714,0.7142857142857143,5244010.428571428
2023-01-27T00:00:00.000Z,22,27066.636363636364,23.636363636363637,3336934.6363636362
2023-01-27T00:00:00.000Z,23,27214.666666666668,18.666666666666668,3071968.1666666665
2023-01-28T00:00:00.000Z,21,27312.0,39.0,3030254.0
2023-01-28T00:00:00.000Z,32,27182.363636363636,15.545454545454545,3271891.1818181816
2023-01-30T00:00:00.000Z,26,27168.125,196.5625,3645175.4375
2023-01-29T00:00:00.000Z,35,26949.333333333332,1.0,6137995.466666667
2023-01-28T00:00:00.000Z,11,27111.85714285714,25.428571428571427,3077836.8571428573
2023-01-30T00:00:00.000Z,18,27522.0,134.0,1850973.0
2023-01-30T00:00:00.000Z,13,27353.0,346.0,1756973.0
2023-01-30T00:00:00.000Z,31,27120.444444444445,119.0,4122223.5555555555
2023-01-29T00:00:00.000Z,2,27140.6,0.8,5378849.0
2023-01-27T00:00:00.000Z,27,27173.0,11.222222222222221,3923385.222222222
2023-01-28T00:00:00.000Z,27,27297.11111111111,14.555555555555555,3445440.4444444445
2023-01-30T00:00:00.000Z,21,27401.0,261.0,1967031.0
2023-01-30T00:00:00.000Z,3,27323.375,270.875,2447304.5
2023-01-27T00:00:00.000Z,29,26977.666666666668,27.22222222222222,3995566.777777778
2023-01-30T00:00:00.000Z,42,27223.25,206.5,5013342.7
2023-01-30T00:00:00.000Z,41,27275.333333333332,123.88888888888889,4997618.444444444
2023-01-29T00:00:00.000Z,19,27072.071428571428,0.0,4955780.5
2023-01-28T00:00:00.000Z,29,27096.666666666668,36.77777777777778,3365236.0
2023-01-30T00:00:00.000Z,8,27369.11111111111,271.22222222222223,1728306.7777777778
2023-01-27T00:00:00.000Z,32,27104.454545454544,15.181818181818182,3919827.909090909
2023-01-29T00:00:00.000Z,21,27178.0,0.0,5354008.0
2023-01-29T00:00:00.000Z,13,27111.0,0.0,5786302.5
2023-01-30T00:00:00.000Z,11,27274.428571428572,190.0,2489820.714285714
2023-01-29T00:00:00.000Z,39,26966.222222222223,1.5555555555555556,5774726.777777778
2023-01-29T00:00:00.000Z,12,27077.21052631579,0.0,5100524.052631579
2023-01-29T00:00:00.000Z,38,27062.0,2.0,5379410.0
2023-01-28T00:00:00.000Z,43,27025.384615384617,33.84615384615385,3722564.3076923075
2023-01-30T00:00:00.000Z,23,27407.833333333332,244.0,1960022.3333333333
2023-01-29T00:00:00.000Z,43,26935.153846153848,0.9230769230769231,6803079.076923077
2023-01-28T00:00:00.000Z,15,27383.64285714286,27.285714285714285,2925998.3571428573
2023-01-29T00:00:00.000Z,20,27142.75,0.0,4879643.0
2023-01-27T00:00:00.000Z,12,27119.736842105263,56.26315789473684,3465440.736842105
2023-01-29T00:00:00.000Z,37,26986.6,1.0,6427415.2
2023-01-28T00:00:00.000Z,22,27181.272727272728,55.27272727272727,3174139.8181818184
2023-01-30T00:00:00.000Z,1,27347.25,176.75,2343869.5
2023-01-27T00:00:00.000Z,39,26994.944444444445,65.88888888888889,3590474.111111111
2023-01-27T00:00:00.000Z,37,26981.2,33.4,3842866.9
2023-01-27T00:00:00.000Z,4,27262.125,21.0,3002732.75
2023-01-27T00:00:00.000Z,21,27204.0,18.0,3099002.0
2023-01-29T00:00:00.000Z,22,27063.272727272728,0.09090909090909091,5711103.7272727275
2023-01-27T00:00:00.000Z,25,27238.666666666668,10.333333333333334,3966690.3333333335
2023-01-30T00:00:00.000Z,9,27319.529411764706,318.8235294117647,1806593.0
2023-01-27T00:00:00.000Z,16,27193.333333333332,13.444444444444445,3241343.5555555555
2023-01-29T00:00:00.000Z,9,27068.41176470588,0.0,5179622.294117647
2023-01-29T00:00:00.000Z,17,27138.0,0.0,4790930.0
2023-01-29T00:00:00.000Z,1,27148.375,0.625,5417869.625
2023-01-29T00:00:00.000Z,10,27075.875,0.0,5090767.875
2023-01-28T00:00:00.000Z,25,27366.666666666668,16.333333333333332,3551682.6666666665
2023-01-27T00:00:00.000Z,41,27151.11111111111,24.77777777777778,3858844.111111111
2023-01-28T00:00:00.000Z,9,27205.29411764706,20.11764705882353,2493996.705882353
2023-01-30T00:00:00.000Z,5,27387.909090909092,256.54545454545456,1913180.1818181819
2023-01-29T00:00:00.000Z,29,26952.0,0.7777777777777778,6436229.0
2023-01-27T00:00:00.000Z,9,27143.882352941175,34.411764705882355,3350145.470588235
2023-01-28T00:00:00.000Z,4,27355.875,32.0,2776701.5
2023-01-30T00:00:00.000Z,27,27253.555555555555,248.44444444444446,2864669.777777778
2023-01-29T00:00:00.000Z,33,27145.88888888889,0.4444444444444444,6547806.888888889
2023-01-27T00:00:00.000Z,19,27210.285714285714,22.571428571428573,3344864.285714286
2023-01-28T00:00:00.000Z,17,27321.0,5.0,3358551.0
2023-01-28T00:00:00.000Z,10,27228.8125,16.375,3312810.4375
2023-01-30T00:00:00.000Z,40,27194.555555555555,129.94444444444446,4052264.388888889
2023-01-29T00:00:00.000Z,25,27211.666666666668,0.3333333333333333,6178711.333333333
2023-01-27T00:00:00.000Z,1,27144.875,29.125,3174370.375
2023-01-30T00:00:00.000Z,22,27262.090909090908,289.90909090909093,2308281.6363636362
2023-01-30T00:00:00.000Z,43,27135.923076923078,121.15384615384616,4272421.923076923
2023-01-29T00:00:00.000Z,18,27190.0,0.0,4833693.0
2023-01-29T00:00:00.000Z,16,27125.0,0.0,5798433.777777778
2023-01-28T00:00:00.000Z,42,27122.95,25.55,3503027.65
2023-01-27T00:00:00.000Z,24,26968.222222222223,26.77777777777778,3772038.3333333335
2023-01-27T00:00:00.000Z,36,27098.375,37.625,3463957.25
2023-01-29T00:00:00.000Z,0,27173.0,0.3333333333333333,5219417.0
2023-01-27T00:00:00.000Z,42,27066.05,46.45,3893418.35
2023-01-28T00:00:00.000Z,12,27198.63157894737,23.63157894736842,2590178.5263157897
2023-01-29T00:00:00.000Z,5,27141.18181818182,0.0,5037578.090909091
2023-01-29T00:00:00.000Z,34,27032.85714285714,0.2857142857142857,6925101.071428572
2023-01-27T00:00:00.000Z,31,26940.0,23.77777777777778,4172183.4444444445
2023-01-28T00:00:00.000Z,8,27246.444444444445,13.88888888888889,2725241.777777778
2023-01-28T00:00:00.000Z,5,27287.727272727272,21.181818181818183,2671220.0
2023-01-29T00:00:00.000Z,24,26926.222222222223,0.2222222222222222,6146622.333333333
2023-01-27T00:00:00.000Z,15,27316.85714285714,15.357142857142858,3001314.3571428573
2023-02-08T00:00:00.000Z,18,27174.0,0.0,8617544.0
2023-02-11T00:00:00.000Z,21,27572.0,2.0,7675916.0
2023-02-09T00:00:00.000Z,9,26950.882352941175,0.0,8980884.88235294
2023-02-09T00:00:00.000Z,38,26888.0,0.0,9315363.0
2023-02-09T00:00:00.000Z,40,26864.333333333332,0.0,9625337.166666666
2023-02-11T00:00:00.000Z,14,27649.0,3.0,6981833.333333333
2023-02-11T00:00:00.000Z,8,27556.444444444445,6.333333333333333,7605689.333333333
2023-02-09T00:00:00.000Z,17,27085.0,0.0,8809048.0
2023-02-08T00:00:00.000Z,15,27197.785714285714,0.0,8857471.285714285
2023-02-09T00:00:00.000Z,34,26970.5,0.0,9779684.642857144
2023-02-11T00:00:00.000Z,36,27424.5,1.125,8004718.125
2023-02-11T00:00:00.000Z,11,27422.285714285714,2.5714285714285716,7373777.714285715
2023-02-08T00:00:00.000Z,36,26916.5,0.0,9320377.125
2023-02-10T00:00:00.000Z,37,26995.8,0.0,9801531.3
2023-02-09T00:00:00.000Z,8,26956.555555555555,0.0,8932571.333333334
2023-02-08T00:00:00.000Z,24,26898.777777777777,0.0,9217490.222222222
2023-02-10T00:00:00.000Z,20,27242.75,0.0,6458185.125
2023-02-10T00:00:00.000Z,16,27214.0,0.0,8295901.333333333
2023-02-11T00:00:00.000Z,31,27143.0,0.0,8221153.888888889
2023-02-09T00:00:00.000Z,3,26947.375,0.0,9362064.5
2023-02-11T00:00:00.000Z,0,27538.0,1.3333333333333333,8089627.333333333
2023-02-09T00:00:00.000Z,19,27009.071428571428,0.0,8857355.142857144
2023-02-11T00:00:00.000Z,29,27296.11111111111,0.4444444444444444,8013475.555555556
2023-02-09T00:00:00.000Z,32,26991.909090909092,0.0,9663954.272727273
2023-02-11T00:00:00.000Z,43,27197.846153846152,0.0,8170879.0
2023-02-09T00:00:00.000Z,20,27112.1875,0.0,8853157.125
2023-02-11T00:00:00.000Z,13,27536.5,1.5,6984497.5
2023-02-10T00:00:00.000Z,36,27134.375,0.0,9487733.125
2023-02-09T00:00:00.000Z,4,27100.5,0.0,9138120.875
2023-02-10T00:00:00.000Z,14,27336.666666666668,0.0,7841912.666666667
2023-02-10T00:00:00.000Z,32,27069.454545454544,0.0,9830470.181818182
2023-02-08T00:00:00.000Z,8,27056.333333333332,0.0,8789075.0
2023-02-10T00:00:00.000Z,41,27220.555555555555,0.0,9744041.111111112
2023-02-10T00:00:00.000Z,22,27117.454545454544,0.0,8804545.909090908
2023-02-09T00:00:00.000Z,28,27089.391304347828,0.0,9236498.130434783
2023-02-11T00:00:00.000Z,40,27272.61111111111,0.0,7597935.555555556
2023-02-11T00:00:00.000Z,35,27311.466666666667,0.9333333333333333,8220850.4
2023-02-08T00:00:00.000Z,22,26953.272727272728,0.0,9110932.181818182
2023-02-08T00:00:00.000Z,34,26880.0,0.0,9649890.57142857
2023-02-11T00:00:00.000Z,39,27330.222222222223,1.0555555555555556,7728784.388888889
2023-02-10T00:00:00.000Z,26,27034.6875,0.0,9938443.8125
2023-02-11T00:00:00.000Z,30,27162.0,0.0,8460740.090909092
2023-02-08T00:00:00.000Z,26,26943.375,0.0,9705331.1875
2023-02-10T00:00:00.000Z,35,27015.933333333334,0.0,9736815.4
2023-02-11T00:00:00.000Z,16,27526.666666666668,1.6666666666666667,7033895.555555556
2023-02-08T00:00:00.000Z,21,27103.0,0.0,9014458.0
2023-02-10T00:00:00.000Z,10,27182.75,0.25,5704330.9375
2023-02-09T00:00:00.000Z,22,26989.272727272728,0.0,9170256.181818182
2023-02-10T00:00:00.000Z,27,27168.222222222223,0.0,9548533.666666666
2023-02-09T00:00:00.000Z,37,26839.1,0.0,9675852.0
2023-02-08T00:00:00.000Z,27,27074.444444444445,0.0,9498186.333333334
2023-02-09T00:00:00.000Z,1,27020.5,0.0,9189308.875
2023-02-11T00:00:00.000Z,23,27574.166666666668,1.6666666666666667,7769088.333333333
2023-02-08T00:00:00.000Z,20,27163.9375,0.0,8742054.4375
2023-02-10T00:00:00.000Z,2,27181.4,0.0,9223991.4
2023-02-11T00:00:00.000Z,1,27474.625,1.625,8000972.5
2023-02-08T00:00:00.000Z,17,27166.0,0.0,8699144.0
2023-02-08T00:00:00.000Z,2,26956.8,0.0,9171464.4
2023-02-10T00:00:00.000Z,13,27221.5,0.0,8278542.0
2023-02-11T00:00:00.000Z,5,27535.18181818182,3.909090909090909,8116629.818181818
2023-02-09T00:00:00.000Z,5,27013.727272727272,0.0,9162839.0
2023-02-08T00:00:00.000Z,19,27093.785714285714,0.0,8730562.785714285
2023-02-11T00:00:00.000Z,34,27154.214285714286,0.0,8721309.07142857
2023-02-11T00:00:00.000Z,4,27595.875,1.5,8036089.375
2023-02-08T00:00:00.000Z,13,27102.5,0.0,9016643.5
2023-02-10T00:00:00.000Z,23,27240.5,0.0,8218266.5
2023-02-10T00:00:00.000Z,40,27025.055555555555,0.0,9787192.222222222
2023-02-11T00:00:00.000Z,17,27615.0,7.0,6646746.0
2023-02-11T00:00:00.000Z,26,27187.125,0.3125,9042409.75
2023-02-08T00:00:00.000Z,38,26840.0,0.0,9202258.0
2023-02-10T00:00:00.000Z,5,27157.0,0.0,8276821.909090909
2023-02-11T00:00:00.000Z,42,27310.6,0.0,7547149.75
2023-02-10T00:00:00.000Z,24,27088.777777777777,0.0,9226920.0
2023-02-09T00:00:00.000Z,26,27003.125,0.0,9756901.75
2023-02-10T00:00:00.000Z,19,27173.64285714286,0.0,6072852.642857143
2023-02-11T00:00:00.000Z,9,27529.58823529412,5.294117647058823,7696739.352941177
2023-02-09T00:00:00.000Z,16,27116.11111111111,0.0,9064004.111111112
2023-02-09T00:00:00.000Z,43,26789.53846153846,0.0,9833315.692307692
2023-02-08T00:00:00.000Z,0,27038.333333333332,0.0,9043764.0
2023-02-11T00:00:00.000Z,2,27497.2,1.2,8169241.6
2023-02-10T00:00:00.000Z,8,27154.555555555555,0.0,6600890.888888889
2023-02-09T00:00:00.000Z,2,27028.6,0.0,9315675.2
2023-02-11T00:00:00.000Z,24,27367.555555555555,1.0,7709992.222222222
2023-02-08T00:00:00.000Z,25,27138.0,0.0,9544258.666666666
2023-02-09T00:00:00.000Z,23,27094.666666666668,0.0,9111629.833333334
2023-02-10T00:00:00.000Z,3,27124.75,0.0,9210202.375
2023-02-11T00:00:00.000Z,32,27206.090909090908,0.0,7916675.2727272725
2023-02-09T00:00:00.000Z,36,26980.875,0.0,9394395.75
2023-02-11T00:00:00.000Z,22,27425.272727272728,1.3636363636363635,7651250.363636363
2023-02-09T00:00:00.000Z,0,27052.0,0.0,9181864.333333334
2023-02-08T00:00:00.000Z,5,27048.727272727272,0.0,9008157.272727273
2023-02-11T00:00:00.000Z,7,27591.0,2.4705882352941178,7783666.764705882
2023-02-11T00:00:00.000Z,33,27236.333333333332,0.0,9214155.555555556
2023-02-08T00:00:00.000Z,42,26849.3,0.0,9518904.55
2023-02-08T00:00:00.000Z,39,26777.833333333332,0.0,9354220.888888888
2023-02-09T00:00:00.000Z,29,26906.11111111111,0.0,9477896.111111112
2023-02-11T00:00:00.000Z,25,27381.0,1.3333333333333333,8804119.333333334
2023-02-08T00:00:00.000Z,37,26764.3,0.0,9619169.6
2023-02-10T00:00:00.000Z,42,27139.05,0.0,9812706.85
2023-02-10T00:00:00.000Z,12,27106.36842105263,0.0,8090705.315789473
2023-02-09T00:00:00.000Z,12,26928.157894736843,0.0,9086344.52631579
2023-02-08T00:00:00.000Z,32,26881.18181818182,0.0,9552483.181818182
2023-02-09T00:00:00.000Z,24,26991.11111111111,0.0,9225969.444444444
2023-02-11T00:00:00.000Z,41,27325.666666666668,0.0,7799376.444444444
2023-02-11T00:00:00.000Z,20,27596.75,5.5625,6939942.9375
2023-02-08T00:00:00.000Z,16,27105.88888888889,0.0,9054434.666666666
2023-02-11T00:00:00.000Z,12,27519.526315789473,4.578947368421052,7551289.052631579
2023-02-09T00:00:00.000Z,21,27095.0,0.0,9110570.0
2023-02-09T00:00:00.000Z,31,26772.222222222223,0.0,9866017.444444444
2023-02-11T00:00:00.000Z,3,27473.125,2.0,8052262.625
2023-02-08T00:00:00.000Z,28,27056.043478260868,0.0,9271343.826086957
2023-02-10T00:00:00.000Z,7,27210.0,0.0,7031496.529411765
2023-02-10T00:00:00.000Z,4,27247.0,0.0,8258220.0
2023-02-08T00:00:00.000Z,1,26980.875,0.0,9083663.25
2023-02-08T00:00:00.000Z,29,26794.333333333332,0.0,9454605.777777778
2023-02-08T00:00:00.000Z,35,26751.866666666665,0.0,9518279.333333334
2023-02-10T00:00:00.000Z,30,26936.545454545456,0.0,9935288.090909092
2023-02-08T00:00:00.000Z,9,27011.647058823528,0.0,8853879.647058824
2023-02-10T00:00:00.000Z,21,27239.0,0.0,8208807.0
2023-02-10T00:00:00.000Z,0,27200.333333333332,0.0,8576852.0
2023-02-10T00:00:00.000Z,25,27212.0,0.0,9560379.333333334
2023-02-10T00:00:00.000Z,15,27297.0,0.0,7349887.928571428
2023-02-08T00:00:00.000Z,23,27104.166666666668,0.0,9005282.833333334
2023-02-10T00:00:00.000Z,9,27131.470588235294,0.0,7121042.882352941
2023-02-09T00:00:00.000Z,15,27184.785714285714,0.0,8944699.285714285
2023-02-09T00:00:00.000Z,41,27079.88888888889,0.0,9545549.333333334
2023-02-10T00:00:00.000Z,39,27007.88888888889,0.0,9525219.833333334
2023-02-10T00:00:00.000Z,11,27020.571428571428,0.0,9032869.714285715
2023-02-08T00:00:00.000Z,41,26955.0,0.0,9430184.333333334
2023-02-10T00:00:00.000Z,1,27159.625,0.0,8899900.875
2023-02-11T00:00:00.000Z,18,27671.0,4.0,6360073.0
2023-02-08T00:00:00.000Z,40,26767.5,0.0,9529911.0
2023-02-10T00:00:00.000Z,38,27015.0,0.0,9382306.0
2023-02-09T00:00:00.000Z,11,26847.85714285714,0.0,9262606.57142857
2023-02-09T00:00:00.000Z,13,27119.0,0.0,9032485.5
2023-02-11T00:00:00.000Z,38,27349.0,1.0,7200378.0
2023-02-10T00:00:00.000Z,33,27120.88888888889,0.0,9916370.222222222
2023-02-08T00:00:00.000Z,10,27042.9375,0.0,8648195.8125
2023-02-09T00:00:00.000Z,27,27128.555555555555,0.0,9497971.0
2023-02-09T00:00:00.000Z,7,27056.58823529412,0.0,9032696.0
2023-02-09T00:00:00.000Z,25,27171.666666666668,0.0,9536691.0
2023-02-08T00:00:00.000Z,43,26715.384615384617,0.0,9740611.923076924
2023-02-10T00:00:00.000Z,29,27027.0,0.0,9576819.777777778
2023-02-08T00:00:00.000Z,14,27212.666666666668,0.0,8793761.666666666
2023-02-09T00:00:00.000Z,10,26954.0625,0.0,8784939.6875
2023-02-11T00:00:00.000Z,10,27572.375,7.75,6778876.875
2023-02-08T00:00:00.000Z,7,27137.823529411766,0.0,8891785.588235294
2023-02-08T00:00:00.000Z,4,27116.75,0.0,8999523.125
2023-02-09T00:00:00.000Z,39,26851.055555555555,0.0,9478907.611111112
2023-02-09T00:00:00.000Z,42,26987.2,0.0,9608783.15
2023-02-09T00:00:00.000Z,30,26843.636363636364,0.0,9800863.272727273
2023-02-11T00:00:00.000Z,15,27631.35714285714,3.2142857142857144,7208083.642857143
2023-02-11T00:00:00.000Z,27,27356.444444444445,0.8888888888888888,8657810.555555556
2023-02-10T00:00:00.000Z,18,27315.0,0.0,6171868.0
2023-02-09T00:00:00.000Z,18,27158.0,0.0,8718464.0
2023-02-08T00:00:00.000Z,11,26814.85714285714,0.0,9141486.714285715
2023-02-10T00:00:00.000Z,28,27160.17391304348,0.0,8959738.52173913
2023-02-08T00:00:00.000Z,3,26894.375,0.0,9211718.75
2023-02-10T00:00:00.000Z,43,26986.923076923078,0.0,1.0004536384615384E7
2023-02-11T00:00:00.000Z,19,27540.214285714286,9.0,7078530.571428572
2023-02-10T00:00:00.000Z,31,26905.777777777777,0.0,1.0012761111111112E7
2023-02-08T00:00:00.000Z,30,26723.454545454544,0.0,9764275.727272727
2023-02-08T00:00:00.000Z,31,26683.777777777777,0.0,9802498.555555556
2023-02-09T00:00:00.000Z,33,27103.777777777777,0.0,9653833.0
2023-02-11T00:00:00.000Z,28,27421.869565217392,1.3478260869565217,7634798.130434782
2023-02-10T00:00:00.000Z,17,27246.0,0.0,6112248.0
2023-02-08T00:00:00.000Z,12,26929.473684210527,0.0,8983999.94736842
2023-02-08T00:00:00.000Z,33,27015.11111111111,0.0,9585348.888888888
2023-02-09T00:00:00.000Z,14,27214.333333333332,0.0,8847139.0
2023-02-09T00:00:00.000Z,35,26835.2,0.0,9636083.066666666
2023-02-11T00:00:00.000Z,37,27280.2,0.6,8153238.8
2023-02-10T00:00:00.000Z,34,27004.64285714286,0.0,9992299.285714285
2023-02-21T00:00:00.000Z,25,28004.666666666668,0.0,1.1568631E7
2023-02-21T00:00:00.000Z,31,27807.666666666668,0.0,1.1689731111111112E7
2023-02-20T00:00:00.000Z,42,27937.05,9.8,1.095781045E7
2023-02-21T00:00:00.000Z,7,28007.58823529412,0.6470588235294118,1.0569186411764706E7
2023-02-23T00:00:00.000Z,32,27927.454545454544,101.45454545454545,9944331.818181818
2023-02-21T00:00:00.000Z,39,27968.38888888889,0.0,1.1129989555555556E7
2023-02-21T00:00:00.000Z,4,28015.875,0.0,1.0777930375E7
2023-02-21T00:00:00.000Z,32,27826.272727272728,0.0,1.1660932727272727E7
2023-02-23T00:00:00.000Z,39,27935.833333333332,382.1111111111111,8981737.666666666
2023-02-21T00:00:00.000Z,17,28019.0,1.0,1.0246343E7
2023-02-23T00:00:00.000Z,14,28229.333333333332,166.0,6977065.666666667
2023-02-22T00:00:00.000Z,10,27961.3125,17.0,8018563.875
2023-02-22T00:00:00.000Z,41,27927.666666666668,104.22222222222223,9568606.666666666
2023-02-21T00:00:00.000Z,27,27988.0,0.0,1.1510108777777778E7
2023-02-21T00:00:00.000Z,43,27844.923076923078,0.0,1.1576183615384616E7
2023-02-23T00:00:00.000Z,10,28081.1875,133.375,6454964.9375
2023-02-20T00:00:00.000Z,18,28087.0,0.0,1.0040161E7
2023-02-23T00:00:00.000Z,23,28146.833333333332,262.0,7416900.833333333
2023-02-23T00:00:00.000Z,0,28117.333333333332,282.3333333333333,7769922.333333333
2023-02-20T00:00:00.000Z,16,28053.555555555555,3.3333333333333335,1.0523167666666666E7
2023-02-20T00:00:00.000Z,19,28014.714285714286,2.142857142857143,9974430.285714285
2023-02-22T00:00:00.000Z,19,27953.285714285714,24.428571428571427,8106740.428571428
2023-02-20T00:00:00.000Z,25,28022.333333333332,0.6666666666666666,1.0889851333333334E7
2023-02-21T00:00:00.000Z,21,28108.0,0.0,1.0807306E7
2023-02-20T00:00:00.000Z,11,28023.285714285714,2.7142857142857144,1.0466601285714285E7
2023-02-23T00:00:00.000Z,8,28083.777777777777,151.77777777777777,6937993.222222222
2023-02-20T00:00:00.000Z,22,27974.272727272728,2.5454545454545454,1.0615632636363637E7
2023-02-23T00:00:00.000Z,7,28132.176470588234,149.1764705882353,7046769.470588235
2023-02-21T00:00:00.000Z,16,28041.222222222223,0.0,1.0912318555555556E7
2023-02-21T00:00:00.000Z,33,27880.11111111111,0.4444444444444444,1.1710016666666666E7
2023-02-22T00:00:00.000Z,31,27876.777777777777,152.0,9637353.333333334
2023-02-21T00:00:00.000Z,1,27974.625,0.0,1.0886476375E7
2023-02-22T00:00:00.000Z,29,27958.666666666668,160.55555555555554,9149842.555555556
2023-02-20T00:00:00.000Z,1,28022.125,0.875,1.063592675E7
2023-02-22T00:00:00.000Z,9,28013.235294117647,34.470588235294116,8098462.294117647
2023-02-21T00:00:00.000Z,18,28086.0,0.0,1.0244326E7
2023-02-21T00:00:00.000Z,22,27985.272727272728,0.0,1.0924939818181818E7
2023-02-22T00:00:00.000Z,38,27906.0,10.0,8993474.0
2023-02-22T00:00:00.000Z,37,27940.6,107.2,9098873.7
2023-02-22T00:00:00.000Z,25,28078.0,174.66666666666666,9630809.333333334
2023-02-20T00:00:00.000Z,17,28047.0,0.0,1.0028665E7
2023-02-22T00:00:00.000Z,13,28106.0,98.5,9108412.5
2023-02-21T00:00:00.000Z,29,27929.777777777777,0.0,1.1333204888888888E7
2023-02-20T00:00:00.000Z,8,28059.333333333332,7.333333333333333,1.0162620777777778E7
2023-02-20T00:00:00.000Z,41,27890.444444444445,5.111111111111111,1.0786881E7
2023-02-21T00:00:00.000Z,19,27981.64285714286,2.4285714285714284,1.0074270357142856E7
2023-02-21T00:00:00.000Z,8,27976.333333333332,1.4444444444444444,1.0184478888888888E7
2023-02-20T00:00:00.000Z,37,27910.5,2.3,1.08737025E7
2023-02-22T00:00:00.000Z,20,28021.8125,25.875,8220237.3125
2023-02-22T00:00:00.000Z,17,28019.0,21.0,8263144.0
2023-02-20T00:00:00.000Z,38,27998.0,3.0,1.067488E7
2023-02-22T00:00:00.000Z,24,27955.0,139.55555555555554,8894467.444444444
2023-02-22T00:00:00.000Z,30,27910.090909090908,201.1818181818182,9587924.636363637
2023-02-23T00:00:00.000Z,1,28061.5,334.625,7861568.75
2023-02-22T00:00:00.000Z,23,28097.833333333332,55.0,8085270.666666667
2023-02-22T00:00:00.000Z,16,28101.88888888889,110.88888888888889,9194321.0
2023-02-23T00:00:00.000Z,30,27871.0,401.0,9166455.727272727
2023-02-21T00:00:00.000Z,12,27962.842105263157,0.2631578947368421,1.0525884684210526E7
2023-02-23T00:00:00.000Z,12,28011.36842105263,378.0,7403277.578947368
2023-02-23T00:00:00.000Z,21,28158.0,245.0,7390696.0
2023-02-20T00:00:00.000Z,24,27890.222222222223,1.5555555555555556,1.0571178111111112E7
2023-02-23T00:00:00.000Z,29,27950.0,386.77777777777777,8628744.888888888
2023-02-20T00:00:00.000Z,2,28065.8,5.8,1.07098176E7
2023-02-22T00:00:00.000Z,34,27934.785714285714,204.42857142857142,9789499.357142856
2023-02-20T00:00:00.000Z,10,28062.3125,4.1875,9874580.4375
2023-02-22T00:00:00.000Z,42,27900.95,42.5,9508681.6
2023-02-21T00:00:00.000Z,24,27933.11111111111,0.0,1.1099926E7
2023-02-21T00:00:00.000Z,3,28005.75,0.0,1.091453675E7
2023-02-20T00:00:00.000Z,34,27854.428571428572,0.0,1.0965734285714285E7
2023-02-20T00:00:00.000Z,7,28099.58823529412,2.6470588235294117,1.0272425529411765E7
2023-02-20T00:00:00.000Z,15,28145.428571428572,0.7857142857142857,1.032016E7
2023-02-22T00:00:00.000Z,43,27867.153846153848,91.53846153846153,9657285.0
2023-02-21T00:00:00.000Z,37,27946.3,0.0,1.14276372E7
2023-02-21T00:00:00.000Z,41,27870.88888888889,0.0,1.1512310777777778E7
2023-02-22T00:00:00.000Z,32,27929.909090909092,162.27272727272728,9738743.545454545
2023-02-20T00:00:00.000Z,0,28082.666666666668,2.0,1.0567997E7
2023-02-20T00:00:00.000Z,20,28060.8125,0.0,1.00972898125E7
2023-02-23T00:00:00.000Z,11,27932.85714285714,481.57142857142856,8054725.571428572
2023-02-23T00:00:00.000Z,38,27923.0,197.0,8804090.0
2023-02-22T00:00:00.000Z,2,28049.4,31.8,7881718.8
2023-02-20T00:00:00.000Z,21,28139.0,1.0,1.0547222E7
2023-02-23T00:00:00.000Z,36,28053.5,428.875,8441426.875
2023-02-20T00:00:00.000Z,9,28027.41176470588,8.823529411764707,1.0255805294117646E7
2023-02-23T00:00:00.000Z,43,27864.846153846152,385.0769230769231,9687788.615384616
2023-02-23T00:00:00.000Z,31,27862.11111111111,300.22222222222223,9436414.0
2023-02-20T00:00:00.000Z,12,28046.684210526317,8.736842105263158,1.0314372894736841E7
2023-02-20T00:00:00.000Z,13,28059.0,3.0,1.048662E7
2023-02-23T00:00:00.000Z,24,27959.666666666668,367.0,8001880.444444444
2023-02-20T00:00:00.000Z,32,27830.727272727272,2.6363636363636362,1.0812569636363637E7
2023-02-20T00:00:00.000Z,43,27841.30769230769,3.8461538461538463,1.0984839076923076E7
2023-02-20T00:00:00.000Z,30,27809.18181818182,0.9090909090909091,1.0896151636363637E7
2023-02-21T00:00:00.000Z,42,27840.1,0.0,1.152795445E7
2023-02-22T00:00:00.000Z,18,28070.0,51.0,8327028.0
2023-02-21T00:00:00.000Z,36,28051.25,0.0,1.1131891875E7
2023-02-21T00:00:00.000Z,5,27928.636363636364,0.0,1.0769578454545455E7
2023-02-23T00:00:00.000Z,18,28199.0,197.0,6525564.0
2023-02-20T00:00:00.000Z,28,27972.260869565216,2.6956521739130435,1.0617288130434783E7
2023-02-20T00:00:00.000Z,36,28027.125,2.5,1.0717853625E7
2023-02-22T00:00:00.000Z,36,28025.5,74.25,8621617.375
2023-02-21T00:00:00.000Z,15,28130.785714285714,0.0,1.0633363714285715E7
2023-02-22T00:00:00.000Z,27,28054.777777777777,165.11111111111111,9536118.666666666
2023-02-22T00:00:00.000Z,21,28127.0,51.0,8236202.0
2023-02-22T00:00:00.000Z,39,27928.277777777777,20.444444444444443,8987881.555555556
2023-02-22T00:00:00.000Z,40,27886.722222222223,26.72222222222222,9607958.722222222
2023-02-23T00:00:00.000Z,20,28147.5,150.0,6586299.5
2023-02-20T00:00:00.000Z,4,28129.875,1.5,1.0531012125E7
2023-02-20T00:00:00.000Z,26,27894.6875,0.125,1.1040313125E7
2023-02-23T00:00:00.000Z,37,27949.0,410.0,8832640.7
2023-02-21T00:00:00.000Z,20,28033.625,0.625,1.03604949375E7
2023-02-22T00:00:00.000Z,33,27998.222222222223,182.55555555555554,9425517.555555556
2023-02-22T00:00:00.000Z,3,28040.5,21.5,8142677.75
2023-02-23T00:00:00.000Z,4,28154.375,267.5,7514994.25
2023-02-20T00:00:00.000Z,35,27959.466666666667,6.0,1.08802032E7
2023-02-22T00:00:00.000Z,12,27994.78947368421,22.68421052631579,8242020.947368421
2023-02-23T00:00:00.000Z,40,27906.055555555555,275.5,9652370.833333334
2023-02-23T00:00:00.000Z,13,28147.0,180.5,7112771.5
2023-02-22T00:00:00.000Z,7,28005.941176470587,26.941176470588236,7919283.235294118
2023-02-23T00:00:00.000Z,15,28213.0,165.14285714285714,7041027.642857143
2023-02-20T00:00:00.000Z,31,27792.11111111111,2.3333333333333335,1.0947362E7
2023-02-23T00:00:00.000Z,5,28102.81818181818,282.27272727272725,7660836.7272727275
2023-02-22T00:00:00.000Z,11,27917.714285714286,10.0,8532246.142857144
2023-02-23T00:00:00.000Z,16,28145.11111111111,164.55555555555554,7112005.111111111
2023-02-20T00:00:00.000Z,5,28055.727272727272,11.272727272727273,1.0529715E7
2023-02-21T00:00:00.000Z,9,27954.058823529413,1.9411764705882353,1.0247837411764706E7
2023-02-21T00:00:00.000Z,0,27977.666666666668,0.0,1.079973E7
2023-02-22T00:00:00.000Z,1,27996.75,59.125,7968359.5
2023-02-21T00:00:00.000Z,13,28052.0,0.0,1.08684895E7
2023-02-21T00:00:00.000Z,2,27983.6,0.0,1.09274464E7
2023-02-23T00:00:00.000Z,3,28061.125,507.5,8329234.625
2023-02-21T00:00:00.000Z,11,27963.714285714286,0.0,1.0859024714285715E7
2023-02-20T00:00:00.000Z,14,28167.333333333332,3.0,1.0312005666666666E7
2023-02-22T00:00:00.000Z,0,28025.333333333332,45.666666666666664,7743955.666666667
2023-02-21T00:00:00.000Z,14,28147.0,0.0,1.0616491666666666E7
2023-02-21T00:00:00.000Z,38,27985.0,0.0,1.1067776E7
2023-02-21T00:00:00.000Z,26,27849.6875,0.0,1.17703610625E7
2023-02-22T00:00:00.000Z,14,28187.333333333332,67.0,8628369.0
2023-02-23T00:00:00.000Z,33,28028.777777777777,150.33333333333334,9063803.0
2023-02-20T00:00:00.000Z,3,28064.875,12.5,1.0638148875E7
2023-02-22T00:00:00.000Z,35,27950.066666666666,48.86666666666667,8889322.2
2023-02-20T00:00:00.000Z,39,27976.555555555555,4.111111111111111,1.0775184388888888E7
2023-02-21T00:00:00.000Z,40,27887.444444444445,0.0,1.1432875E7
2023-02-21T00:00:00.000Z,34,27811.071428571428,0.0,1.1785806857142856E7
2023-02-20T00:00:00.000Z,40,27920.833333333332,5.5,1.1007182222222222E7
2023-02-23T00:00:00.000Z,27,28043.444444444445,136.77777777777777,8757515.222222222
2023-02-22T00:00:00.000Z,5,28007.81818181818,26.0,7653909.181818182
2023-02-23T00:00:00.000Z,2,28115.4,334.0,8243023.6
2023-02-23T00:00:00.000Z,22,28019.272727272728,317.6363636363636,7668646.909090909
2023-02-20T00:00:00.000Z,29,27880.666666666668,1.3333333333333333,1.0684309222222222E7
2023-02-21T00:00:00.000Z,10,27999.1875,2.0,9315281.625
2023-02-22T00:00:00.000Z,8,27991.88888888889,18.666666666666668,7948413.888888889
2023-02-22T00:00:00.000Z,4,28054.0,51.5,7662523.25
2023-02-23T00:00:00.000Z,42,27935.45,122.4,9825898.45
2023-02-20T00:00:00.000Z,27,28000.666666666668,0.8888888888888888,1.0809925888888888E7
2023-02-23T00:00:00.000Z,41,27956.0,121.22222222222223,1.0109226666666666E7
2023-02-23T00:00:00.000Z,17,28154.0,154.0,6350817.0
2023-02-22T00:00:00.000Z,22,27994.909090909092,83.27272727272727,8540078.818181818
2023-02-21T00:00:00.000Z,23,28080.833333333332,0.0,1.07966E7
2023-02-21T00:00:00.000Z,28,27970.217391304348,0.0,1.1207084695652174E7
2023-02-22T00:00:00.000Z,26,27953.1875,166.8125,9693612.0
2023-02-23T00:00:00.000Z,35,27969.2,444.6,8990627.4
2023-02-22T00:00:00.000Z,15,28133.785714285714,41.214285714285715,8477321.357142856
2023-02-23T00:00:00.000Z,25,28078.333333333332,85.0,8757615.333333334
2023-02-23T00:00:00.000Z,19,28058.5,132.92857142857142,6434245.571428572
2023-02-23T00:00:00.000Z,34,27932.0,220.5,9724923.57142857
2023-02-23T00:00:00.000Z,26,27955.6875,142.25,9265444.3125
2023-02-20T00:00:00.000Z,23,28132.0,0.6666666666666666,1.0538356333333334E7
2023-02-23T00:00:00.000Z,9,28035.470588235294,275.52941176470586,7142417.294117647
2023-02-23T00:00:00.000Z,28,28081.739130434784,178.2173913043478,7751554.956521739
2023-02-21T00:00:00.000Z,35,27951.4,0.0,1.1248840333333334E7
2023-02-20T00:00:00.000Z,33,27945.666666666668,0.0,1.1026943555555556E7
2023-02-21T00:00:00.000Z,30,27852.545454545456,0.0,1.1675327545454545E7
2023-02-22T00:00:00.000Z,28,28063.434782608696,179.47826086956522,9528100.173913043
2023-02-27T00:00:00.000Z,16,27237.222222222223,0.2222222222222222,1.1203979444444444E7
2023-02-26T00:00:00.000Z,28,27193.434782608696,98.78260869565217,1.073751156521739E7
2023-02-24T00:00:00.000Z,20,27922.0,105.375,3521758.0
2023-02-26T00:00:00.000Z,19,27136.214285714286,62.92857142857143,9966562.0
2023-02-24T00:00:00.000Z,13,27945.5,263.0,3690679.5
2023-02-25T00:00:00.000Z,37,27332.4,146.7,8696533.3
2023-02-25T00:00:00.000Z,16,27513.11111111111,142.77777777777777,9404659.0
2023-02-25T00:00:00.000Z,38,27365.0,227.0,9357918.0
2023-02-27T00:00:00.000Z,5,27198.909090909092,0.6363636363636364,1.0570574818181818E7
2023-02-26T00:00:00.000Z,29,26994.222222222223,136.55555555555554,1.0631591555555556E7
2023-02-25T00:00:00.000Z,21,27474.0,211.0,9576576.0
2023-02-26T00:00:00.000Z,10,27141.1875,70.1875,9522450.125
2023-02-24T00:00:00.000Z,37,27820.4,803.5,6797419.4
2023-02-26T00:00:00.000Z,35,26994.933333333334,124.33333333333333,1.0605265466666667E7
2023-02-24T00:00:00.000Z,17,27908.0,115.0,3700702.0
2023-02-26T00:00:00.000Z,34,27081.214285714286,160.85714285714286,1.1473859357142856E7
2023-02-26T00:00:00.000Z,33,27215.555555555555,143.22222222222223,1.1447466333333334E7
2023-02-24T00:00:00.000Z,38,27838.0,819.0,7143474.0
2023-02-26T00:00:00.000Z,41,27141.444444444445,195.77777777777777,1.0820468444444444E7
2023-02-25T00:00:00.000Z,19,27390.14285714286,244.64285714285714,8903212.214285715
2023-02-24T00:00:00.000Z,39,27819.277777777777,838.4444444444445,6640726.111111111
2023-02-26T00:00:00.000Z,7,27206.117647058825,51.294117647058826,1.021310911764706E7
2023-02-25T00:00:00.000Z,2,27433.6,288.6,9417399.6
2023-02-25T00:00:00.000Z,10,27393.25,275.625,8564316.25
2023-02-26T00:00:00.000Z,2,27139.8,84.0,1.03836298E7
2023-02-27T00:00:00.000Z,41,27154.88888888889,39.888888888888886,7375565.222222222
2023-02-26T00:00:00.000Z,17,27241.0,55.0,1.0160099E7
2023-02-26T00:00:00.000Z,15,27274.85714285714,57.857142857142854,1.0366801357142856E7
2023-02-27T00:00:00.000Z,19,27173.0,0.14285714285714285,1.0982998857142856E7
2023-02-24T00:00:00.000Z,43,27762.69230769231,940.3846153846154,8025372.615384615
2023-02-26T00:00:00.000Z,8,27137.222222222223,61.333333333333336,9923499.0
2023-02-27T00:00:00.000Z,34,27090.85714285714,37.785714285714285,8093995.785714285
2023-02-26T00:00:00.000Z,30,26942.272727272728,165.54545454545453,1.1105256272727273E7
2023-02-27T00:00:00.000Z,40,27010.777777777777,40.22222222222222,6633457.333333333
2023-02-24T00:00:00.000Z,27,27998.0,639.7777777777778,6588551.777777778
2023-02-24T00:00:00.000Z,26,27927.875,579.375,7337146.6875
2023-02-24T00:00:00.000Z,34,27898.071428571428,662.2142857142857,8148983.142857143
2023-02-27T00:00:00.000Z,0,27215.333333333332,0.6666666666666666,1.0347063333333334E7
2023-02-26T00:00:00.000Z,36,27090.25,97.75,1.030214675E7
2023-02-24T00:00:00.000Z,18,27969.0,71.0,4295482.0
2023-02-24T00:00:00.000Z,16,27953.555555555555,258.8888888888889,3681069.6666666665
2023-02-25T00:00:00.000Z,4,27494.5,216.5,9337390.875
2023-02-27T00:00:00.000Z,22,27087.454545454544,1.1818181818181819,1.0353074818181818E7
2023-02-26T00:00:00.000Z,37,26974.6,122.1,1.06022345E7
2023-02-24T00:00:00.000Z,10,27820.0,245.5625,3183827.0
2023-02-27T00:00:00.000Z,17,27288.0,0.0,1.1261531E7
2023-02-26T00:00:00.000Z,9,27083.647058823528,74.76470588235294,1.019662905882353E7
2023-02-26T00:00:00.000Z,42,26998.65,231.0,1.050227645E7
2023-02-27T00:00:00.000Z,3,27118.0,2.375,9540026.375
2023-02-25T00:00:00.000Z,15,27577.285714285714,171.35714285714286,9545768.57142857
2023-02-25T00:00:00.000Z,24,27330.11111111111,166.88888888888889,8716649.666666666
2023-02-26T00:00:00.000Z,23,27166.166666666668,64.66666666666667,1.0222471E7
2023-02-24T00:00:00.000Z,8,27863.444444444445,201.77777777777777,3046924.6666666665
2023-02-27T00:00:00.000Z,4,27261.875,0.5,1.07768955E7
2023-02-25T00:00:00.000Z,31,27312.333333333332,119.77777777777777,7950752.0
2023-02-27T00:00:00.000Z,42,27021.45,47.4,6940378.75
2023-02-25T00:00:00.000Z,18,27595.0,89.0,9367797.0
2023-02-25T00:00:00.000Z,14,27597.333333333332,201.0,9505971.666666666
2023-02-24T00:00:00.000Z,14,28028.666666666668,162.0,3362179.3333333335
2023-02-24T00:00:00.000Z,24,27800.555555555555,762.6666666666666,5557589.0
2023-02-24T00:00:00.000Z,31,27777.222222222223,814.6666666666666,8132995.555555556
2023-02-26T00:00:00.000Z,21,27156.0,64.0,1.0249128E7
2023-02-24T00:00:00.000Z,25,28055.666666666668,548.0,6548639.666666667
2023-02-25T00:00:00.000Z,36,27430.0,177.25,9007456.75
2023-02-26T00:00:00.000Z,24,26997.444444444445,115.44444444444444,1.0374331333333334E7
2023-02-25T00:00:00.000Z,33,27528.555555555555,105.11111111111111,5960769.888888889
2023-02-26T00:00:00.000Z,25,27260.0,125.33333333333333,1.1320864333333334E7
2023-02-24T00:00:00.000Z,4,27986.0,200.5,3679357.625
2023-02-27T00:00:00.000Z,13,27221.0,0.5,1.1079644E7
2023-02-26T00:00:00.000Z,43,26970.923076923078,165.46153846153845,1.0805082615384616E7
2023-02-27T00:00:00.000Z,31,26980.666666666668,32.55555555555556,7479904.555555556
2023-02-27T00:00:00.000Z,14,27337.666666666668,0.0,1.1222019E7
2023-02-25T00:00:00.000Z,17,27508.0,178.0,9254378.0
2023-02-25T00:00:00.000Z,23,27476.166666666668,205.0,9513315.5
2023-02-25T00:00:00.000Z,26,27453.8125,75.75,6512060.5
2023-02-24T00:00:00.000Z,0,27951.333333333332,282.0,4145761.0
2023-02-24T00:00:00.000Z,32,27856.363636363636,682.6363636363636,9104200.090909092
2023-02-26T00:00:00.000Z,11,27030.0,97.71428571428571,1.095233857142857E7
2023-02-24T00:00:00.000Z,41,27849.333333333332,825.2222222222222,9198845.555555556
2023-02-25T00:00:00.000Z,7,27478.529411764706,218.23529411764707,9116131.411764706
2023-02-25T00:00:00.000Z,34,27439.428571428572,131.57142857142858,6057422.285714285
2023-02-24T00:00:00.000Z,22,27835.636363636364,394.09090909090907,4433190.545454546
2023-02-27T00:00:00.000Z,43,26995.846153846152,35.46153846153846,6972877.769230769
2023-02-25T00:00:00.000Z,20,27511.0625,172.1875,9281467.8125
2023-02-27T00:00:00.000Z,11,27065.85714285714,3.0,9456910.285714285
2023-02-26T00:00:00.000Z,3,27074.625,89.875,1.08833835E7
2023-02-27T00:00:00.000Z,36,27145.75,7.375,8267810.125
2023-02-26T00:00:00.000Z,39,27011.944444444445,138.38888888888889,1.0787432777777778E7
2023-02-25T00:00:00.000Z,5,27411.090909090908,276.27272727272725,9311297.727272727
2023-02-27T00:00:00.000Z,1,27156.125,1.0,1.010745325E7
2023-02-24T00:00:00.000Z,36,27909.875,714.625,5915635.625
2023-02-27T00:00:00.000Z,24,27056.444444444445,3.0,9001583.666666666
2023-02-24T00:00:00.000Z,28,27973.130434782608,578.4347826086956,5054664.826086956
2023-02-24T00:00:00.000Z,33,27996.11111111111,551.2222222222222,7028449.111111111
2023-02-24T00:00:00.000Z,29,27826.0,845.7777777777778,6862447.777777778
2023-02-24T00:00:00.000Z,35,27823.4,777.5333333333333,6304602.2
2023-02-27T00:00:00.000Z,26,27146.9375,23.0,8746910.125
2023-02-24T00:00:00.000Z,19,27809.785714285714,194.78571428571428,3133321.9285714286
2023-02-27T00:00:00.000Z,29,27040.333333333332,16.88888888888889,8171379.222222222
2023-02-27T00:00:00.000Z,21,27209.0,1.0,1.1170453E7
2023-02-27T00:00:00.000Z,20,27281.375,0.0,1.12774261875E7
2023-02-25T00:00:00.000Z,42,27355.85,714.65,6404369.85
2023-02-24T00:00:00.000Z,30,27784.18181818182,875.2727272727273,7648118.545454546
2023-02-25T00:00:00.000Z,41,27469.333333333332,469.1111111111111,6003967.0
2023-02-27T00:00:00.000Z,18,27341.0,0.0,1.1120725E7
2023-02-24T00:00:00.000Z,15,28009.14285714286,105.07142857142857,3592554.5714285714
2023-02-27T00:00:00.000Z,23,27218.666666666668,1.0,1.1081883833333334E7
2023-02-27T00:00:00.000Z,27,27248.666666666668,11.555555555555555,9229727.555555556
2023-02-25T00:00:00.000Z,1,27412.125,197.125,9374082.5
2023-02-27T00:00:00.000Z,33,27237.11111111111,20.77777777777778,8141367.555555556
2023-02-25T00:00:00.000Z,35,27312.666666666668,246.66666666666666,9164209.066666666
2023-02-26T00:00:00.000Z,12,27063.42105263158,70.42105263157895,1.062987047368421E7
2023-02-27T00:00:00.000Z,38,27087.0,14.0,7641550.0
2023-02-25T00:00:00.000Z,13,27502.5,157.5,9490608.0
2023-02-25T00:00:00.000Z,22,27360.363636363636,180.36363636363637,9420554.272727273
2023-02-26T00:00:00.000Z,27,27196.555555555555,136.66666666666666,1.1186186E7
2023-02-27T00:00:00.000Z,32,27118.090909090908,44.36363636363637,7590666.090909091
2023-02-24T00:00:00.000Z,7,27936.823529411766,123.76470588235294,3166768.117647059
2023-02-27T00:00:00.000Z,15,27320.214285714286,0.14285714285714285,1.1369932214285715E7
2023-02-27T00:00:00.000Z,35,27036.866666666665,12.066666666666666,7870046.333333333
2023-02-26T00:00:00.000Z,40,26983.0,195.0,1.0661566055555556E7
2023-02-27T00:00:00.000Z,39,27043.722222222223,14.11111111111111,7882628.333333333
2023-02-25T00:00:00.000Z,0,27451.0,235.0,9354403.333333334
2023-02-27T00:00:00.000Z,7,27247.235294117647,0.0,1.110285405882353E7
2023-02-24T00:00:00.000Z,1,27901.75,373.5,4556411.625
2023-02-25T00:00:00.000Z,27,27521.0,73.0,6942713.0
2023-02-25T00:00:00.000Z,32,27455.0,217.8181818181818,6578730.454545454
2023-02-24T00:00:00.000Z,42,27819.9,917.65,9342552.4
2023-02-26T00:00:00.000Z,18,27298.0,78.0,1.0091501E7
2023-02-26T00:00:00.000Z,22,27030.0,90.9090909090909,1.0260551818181818E7
2023-02-25T00:00:00.000Z,25,27591.333333333332,57.666666666666664,6875978.0
2023-02-26T00:00:00.000Z,32,27108.81818181818,177.9090909090909,1.1132460181818182E7
2023-02-25T00:00:00.000Z,8,27400.777777777777,267.44444444444446,8768422.888888888
2023-02-25T00:00:00.000Z,39,27321.555555555555,247.38888888888889,9321427.111111112
2023-02-25T00:00:00.000Z,30,27296.18181818182,101.9090909090909,7633665.818181818
2023-02-25T00:00:00.000Z,28,27526.08695652174,63.08695652173913,8183819.043478261
2023-02-25T00:00:00.000Z,9,27343.0,365.52941176470586,8821576.0
2023-02-24T00:00:00.000Z,11,27837.714285714286,551.2857142857143,5790495.0
2023-02-24T00:00:00.000Z,21,27963.0,166.0,3694765.0
2023-02-26T00:00:00.000Z,4,27207.875,63.5,1.01944815E7
2023-02-26T00:00:00.000Z,5,27144.272727272728,67.36363636363636,1.0404846363636363E7
2023-02-25T00:00:00.000Z,29,27346.777777777777,125.88888888888889,8318978.0
2023-02-26T00:00:00.000Z,38,27054.0,146.0,1.0674719E7
2023-02-26T00:00:00.000Z,26,27114.8125,149.625,1.15007118125E7
2023-02-26T00:00:00.000Z,20,27236.9375,55.5625,1.022059875E7
2023-02-26T00:00:00.000Z,1,27096.75,74.5,1.0182082E7
2023-02-24T00:00:00.000Z,40,27800.833333333332,1024.888888888889,8200140.833333333
2023-02-26T00:00:00.000Z,16,27181.11111111111,90.77777777777777,1.0433103888888888E7
2023-02-24T00:00:00.000Z,5,27920.81818181818,273.45454545454544,3820643.0
2023-02-26T00:00:00.000Z,13,27167.0,93.5,1.03731105E7
2023-02-25T00:00:00.000Z,40,27332.166666666668,331.22222222222223,8423286.111111112
2023-02-27T00:00:00.000Z,2,27196.0,1.2,9528478.8
2023-02-27T00:00:00.000Z,12,27105.78947368421,2.0,1.026765294736842E7
2023-02-27T00:00:00.000Z,28,27255.565217391304,2.608695652173913,1.0139414391304348E7
2023-02-25T00:00:00.000Z,43,27310.153846153848,214.76923076923077,7988274.076923077
2023-02-27T00:00:00.000Z,8,27171.222222222223,0.4444444444444444,1.0626231111111112E7
2023-02-27T00:00:00.000Z,10,27166.3125,1.0,1.02557718125E7
2023-02-24T00:00:00.000Z,2,27954.4,474.8,4865415.0
2023-02-25T00:00:00.000Z,12,27326.36842105263,356.89473684210526,9191776.684210526
2023-02-26T00:00:00.000Z,0,27159.666666666668,70.0,1.0213579333333334E7
2023-02-24T00:00:00.000Z,23,27961.5,173.33333333333334,3690351.3333333335
2023-02-24T00:00:00.000Z,12,27854.315789473683,335.63157894736844,4311651.684210527
2023-02-27T00:00:00.000Z,25,27313.333333333332,8.666666666666666,9650899.333333334
2023-02-26T00:00:00.000Z,31,26953.88888888889,161.33333333333334,1.1003416E7
2023-02-27T00:00:00.000Z,9,27122.647058823528,0.8823529411764706,1.0502426352941176E7
2023-02-27T00:00:00.000Z,30,26977.0,32.0,8137990.545454546
2023-02-24T00:00:00.000Z,9,27832.29411764706,276.7647058823529,3458812.0
2023-02-25T00:00:00.000Z,3,27356.125,336.625,9536357.5
2023-02-24T00:00:00.000Z,3,27903.375,604.875,5013652.25
2023-02-26T00:00:00.000Z,14,27288.666666666668,76.0,1.0189903333333334E7
2023-02-27T00:00:00.000Z,37,27020.9,16.4,7850047.1
2023-02-25T00:00:00.000Z,11,27311.428571428572,273.7142857142857,9585657.857142856
