{
"type": "FeatureCollection",
"name": "landkreise_bawu_sauber",
"crs": { "type": "name", "properties": { "name": "urn:ogc:def:crs:OGC:1.3:CRS84" } },
"features": [
{ "type": "Feature", "properties": { "OBJID": "DEBKGVG200000CC3", "BEGINN": "2023-10-04T00:00:00", "ADE": 4, "GF": 4, "BSG": 1, "LKZ": "BW", "ARS": "08111", "AGS": "08111", "SDV_ARS": "081110000000", "GEN": "Stuttgart", "BEZ": "Stadtkreis", "IBZ": 41, "BEM": "--", "NBD": "ja", "SN_L": "08", "SN_R": "1", "SN_K": "11", "SN_V1": "00", "SN_V2": "00", "SN_G": "000", "FK_S3": "R", "NUTS": "DE111", "ARS_0": "081110000000", "AGS_0": "08111000", "WSK": "1973-01-01T00:00:00", "DLM_ID": "DEBKGDL20000DZKR" }, "geometry": { "type": "Polygon", "coordinates": [ [ [ 9.244169857552707, 48.8470087154124 ], [ 9.237327462040689, 48.841804366443561 ], [ 9.240006050773427, 48.838884431546944 ], [ 9.238431336835037, 48.837482035478274 ], [ 9.239514095492552, 48.836321281249838 ], [ 9.244397908833069, 48.834508640478766 ], [ 9.241521386683752, 48.828791540347979 ], [ 9.241765100124582, 48.82622182383566 ], [ 9.243601064004187, 48.826062738901996 ], [ 9.243386356605431, 48.822930198614166 ], [ 9.248438614013928, 48.821559205140552 ], [ 9.249965113098266, 48.818848651106698 ], [ 9.253142406430602, 48.819765748990456 ], [ 9.257230928388422, 48.809921861153533 ], [ 9.253240850363801, 48.809160645958023 ], [ 9.25536914786907, 48.802063669430844 ], [ 9.254679868517304, 48.800183849467132 ], [ 9.250237522731187, 48.799270581138181 ], [ 9.249800610270466, 48.796144584790227 ], [ 9.247395990159861, 48.795946649457903 ], [ 9.248432864879117, 48.79427634712345 ], [ 9.251413518977222, 48.792187135858825 ], [ 9.257416155012738, 48.795942055755631 ], [ 9.261384401824982, 48.796220149692282 ], [ 9.264086590828828, 48.79382169075712 ], [ 9.263029183365051, 48.792577702961282 ], [ 9.265440531596742, 48.791435205302449 ], [ 9.273198761516213, 48.794174364328015 ], [ 9.27465387954908, 48.791537043033479 ], [ 9.273401442073586, 48.789382574815903 ], [ 9.29000680021668, 48.79163309263172 ], [ 9.291606267940422, 48.790813996478427 ], [ 9.288907829497857, 48.787663612480031 ], [ 9.291259643539787, 48.786690812438763 ], [ 9.295229804359682, 48.789063409521646 ], [ 9.299088934996766, 48.78548040711172 ], [ 9.293642378321943, 48.782306687894319 ], [ 9.29937756366474, 48.778558577507859 ], [ 9.307069327170549, 48.78087122929697 ], [ 9.307292417960943, 48.778436168866492 ], [ 9.315226228053501, 48.779006637226338 ], [ 9.315387276076816, 48.777983005750698 ], [ 9.313649107964078, 48.774483704468317 ], [ 9.307574847853452, 48.773197141720424 ], [ 9.300465007893422, 48.7755025764043 ], [ 9.288245534367121, 48.76892123190887 ], [ 9.279945288118752, 48.768389773701358 ], [ 9.276146128396674, 48.770128905934691 ], [ 9.272675821822451, 48.762607414774322 ], [ 9.275438594547349, 48.759867637368863 ], [ 9.275375308817065, 48.756979786312201 ], [ 9.269831857273687, 48.755641414464733 ], [ 9.264963198929753, 48.748634897610884 ], [ 9.258680126621929, 48.745416944745457 ], [ 9.261153243610542, 48.74389752713558 ], [ 9.256580938807177, 48.741338405826141 ], [ 9.25588381182831, 48.742552507780516 ], [ 9.252645367916223, 48.742093489175311 ], [ 9.252903246919367, 48.740522395473256 ], [ 9.251313765767566, 48.740143089087098 ], [ 9.243649629274094, 48.743793156959846 ], [ 9.240254962923137, 48.738157615980192 ], [ 9.235657856885567, 48.73642408698997 ], [ 9.232865325748513, 48.737138808215668 ], [ 9.231783472221249, 48.735345612293479 ], [ 9.227435571033041, 48.734702298082965 ], [ 9.227723056879931, 48.733068639836482 ], [ 9.224431055320753, 48.733129843731433 ], [ 9.224917329111717, 48.731696347323492 ], [ 9.219466582564513, 48.73267701044054 ], [ 9.214278457796322, 48.731429873798277 ], [ 9.213171692665293, 48.726170165549149 ], [ 9.22300748972768, 48.718992605355389 ], [ 9.229711654586277, 48.71003035524523 ], [ 9.237762489874642, 48.711667125393582 ], [ 9.240769968055785, 48.709834973890857 ], [ 9.238272574829468, 48.707141195306491 ], [ 9.238407124803217, 48.702060517580854 ], [ 9.239705802591528, 48.698281026782922 ], [ 9.24367167773647, 48.698865598339658 ], [ 9.245221137221529, 48.694628949966656 ], [ 9.218101613731809, 48.69035068736877 ], [ 9.202245908199725, 48.690150709686932 ], [ 9.192937465568852, 48.692281064943671 ], [ 9.166795422030255, 48.705309155387305 ], [ 9.139426426319169, 48.708241741448468 ], [ 9.118270937108941, 48.707135150270595 ], [ 9.09808854274724, 48.71048902638023 ], [ 9.083808322709473, 48.715029982448264 ], [ 9.074570846394407, 48.720884191682764 ], [ 9.078385405695471, 48.723856275326675 ], [ 9.063140754291876, 48.728337835372976 ], [ 9.067274514025288, 48.730918212416512 ], [ 9.066938283495633, 48.734484726949795 ], [ 9.056115317816422, 48.733085405458304 ], [ 9.054751191877545, 48.738266569648289 ], [ 9.05236273982522, 48.740385209966277 ], [ 9.038993798183137, 48.741316644073265 ], [ 9.040096768237962, 48.743534835969513 ], [ 9.047449876984096, 48.747786709184197 ], [ 9.06795140445719, 48.747180201325691 ], [ 9.068066717451824, 48.74926844721908 ], [ 9.062980228295162, 48.748789063121805 ], [ 9.062162420562714, 48.75022663259282 ], [ 9.064160900223508, 48.754866735300133 ], [ 9.067997356264485, 48.756579804909528 ], [ 9.074994745050589, 48.754236753624951 ], [ 9.077892905640025, 48.75480156258881 ], [ 9.076097832148367, 48.759562083772437 ], [ 9.077460445411024, 48.763852478998714 ], [ 9.075947446587161, 48.767197141910522 ], [ 9.083002421735152, 48.768834343420799 ], [ 9.085798146484979, 48.773763059395499 ], [ 9.083512944945591, 48.775128168074943 ], [ 9.085730544598961, 48.780825903133312 ], [ 9.088169227800741, 48.782031258851319 ], [ 9.074982520062903, 48.787128289520219 ], [ 9.078503560059511, 48.79517666707072 ], [ 9.080164762926016, 48.794703157900301 ], [ 9.083987579211822, 48.797135504502904 ], [ 9.086742088256175, 48.808332051423363 ], [ 9.084172391008391, 48.808372520128621 ], [ 9.083323771795268, 48.811510873337056 ], [ 9.076719014098341, 48.814726787147045 ], [ 9.0816420423604, 48.817272657944301 ], [ 9.080199200490595, 48.818623223918991 ], [ 9.083403727597229, 48.819021689773848 ], [ 9.08417666574889, 48.824278098323809 ], [ 9.086932516794681, 48.82590960587634 ], [ 9.085228030090514, 48.833077076797707 ], [ 9.092493136481451, 48.837675640759556 ], [ 9.094127005679903, 48.838191003466925 ], [ 9.099383302787373, 48.82934318653664 ], [ 9.102962321744965, 48.828065885351016 ], [ 9.108116535650623, 48.829335754214128 ], [ 9.10867889530549, 48.824926264562038 ], [ 9.111350824798775, 48.825337406295645 ], [ 9.115220800965027, 48.822912001145021 ], [ 9.122276936552041, 48.824357764852479 ], [ 9.138084473359209, 48.828051240309627 ], [ 9.138996529824604, 48.837309149181323 ], [ 9.131902496528699, 48.842925033096193 ], [ 9.134761887765382, 48.84543373156572 ], [ 9.138257405025001, 48.843740490977687 ], [ 9.142575113246597, 48.845286352958766 ], [ 9.13863433821076, 48.851678663609022 ], [ 9.134167063011065, 48.853009215584727 ], [ 9.133686684394469, 48.85748284445436 ], [ 9.140682670340391, 48.8564080582481 ], [ 9.140942052671893, 48.860773805924424 ], [ 9.145776550844568, 48.859492409313795 ], [ 9.153552974184949, 48.861241729757232 ], [ 9.155566520339177, 48.857946891159166 ], [ 9.159998742904124, 48.856399178727145 ], [ 9.159572445446061, 48.855053801543534 ], [ 9.165413642390979, 48.85130114425224 ], [ 9.169283613672009, 48.853191868735877 ], [ 9.171383736204589, 48.8493305883392 ], [ 9.176350931180583, 48.847608729211046 ], [ 9.177006252079451, 48.849506930363752 ], [ 9.190106035132189, 48.847750120797357 ], [ 9.193906740637432, 48.851233694015413 ], [ 9.207492013520426, 48.852759646298622 ], [ 9.204858896149211, 48.854384120540068 ], [ 9.207804975892314, 48.856873924174259 ], [ 9.206195243691894, 48.857430915107223 ], [ 9.205872143208728, 48.861366919354708 ], [ 9.215282224402698, 48.863292772885252 ], [ 9.215957972158252, 48.865576266019112 ], [ 9.21927331465124, 48.865488488814933 ], [ 9.220590270216992, 48.867248622721739 ], [ 9.225176788077519, 48.866005921824204 ], [ 9.224761128137548, 48.864184203603443 ], [ 9.230027757766601, 48.862985069996675 ], [ 9.228717841966811, 48.858346788492547 ], [ 9.230443467458693, 48.856477552143033 ], [ 9.229765959516275, 48.854760816526237 ], [ 9.233945103570891, 48.853926894081908 ], [ 9.233626644892023, 48.849416888648427 ], [ 9.240144929975195, 48.845967255128826 ], [ 9.244169857552707, 48.8470087154124 ] ] ] } },
{ "type": "Feature", "properties": { "OBJID": "DEBKGVG200000CC4", "BEGINN": "2022-12-20T00:00:00", "ADE": 4, "GF": 4, "BSG": 1, "LKZ": "BW", "ARS": "08115", "AGS": "08115", "SDV_ARS": "081150003003", "GEN": "Böblingen", "BEZ": "Landkreis", "IBZ": 43, "BEM": "--", "NBD": "ja", "SN_L": "08", "SN_R": "1", "SN_K": "15", "SN_V1": "00", "SN_V2": "00", "SN_G": "000", "FK_S3": "R", "NUTS": "DE112", "ARS_0": "081150000000", "AGS_0": "08115000", "WSK": "2014-04-01T00:00:00", "DLM_ID": "DEBKGDL20000E096" }, "geometry": { "type": "Polygon", "coordinates": [ [ [ 9.067997356264485, 48.756579804909528 ], [ 9.064160900223508, 48.754866735300133 ], [ 9.062162420562714, 48.75022663259282 ], [ 9.062980228295162, 48.748789063121805 ], [ 9.068066717451824, 48.74926844721908 ], [ 9.06795140445719, 48.747180201325691 ], [ 9.047449876984096, 48.747786709184197 ], [ 9.040096768237962, 48.743534835969513 ], [ 9.038993798183137, 48.741316644073265 ], [ 9.05236273982522, 48.740385209966277 ], [ 9.054751191877545, 48.738266569648289 ], [ 9.056115317816422, 48.733085405458304 ], [ 9.066938283495633, 48.734484726949795 ], [ 9.067274514025288, 48.730918212416512 ], [ 9.063140754291876, 48.728337835372976 ], [ 9.078385405695471, 48.723856275326675 ], [ 9.074570846394407, 48.720884191682764 ], [ 9.083808322709473, 48.715029982448264 ], [ 9.10472049702067, 48.709079452707265 ], [ 9.095261894266239, 48.70483182535019 ], [ 9.099906024895846, 48.702587903046521 ], [ 9.102191022393754, 48.704406558488778 ], [ 9.106761390005564, 48.70092920268668 ], [ 9.108309920627891, 48.698244401092602 ], [ 9.107118699549831, 48.69715858094586 ], [ 9.10335539860786, 48.697927291836919 ], [ 9.112247486658374, 48.691273428721537 ], [ 9.107466150712774, 48.687221742523704 ], [ 9.10038445279033, 48.687843254114114 ], [ 9.087604969911382, 48.683508085953434 ], [ 9.084926226462795, 48.680509351210901 ], [ 9.085295227845974, 48.675231037642554 ], [ 9.093157086822982, 48.673756854133394 ], [ 9.093606218730073, 48.676074061848148 ], [ 9.08952114090356, 48.67691266521274 ], [ 9.095931808681993, 48.680672573527396 ], [ 9.10740111515504, 48.67762407843459 ], [ 9.115093739973171, 48.677432492468618 ], [ 9.115083554486175, 48.678745517856242 ], [ 9.117454691055222, 48.678945960507946 ], [ 9.121314340065082, 48.676943284209379 ], [ 9.127828936460782, 48.676619258162077 ], [ 9.123861446246279, 48.67283757368827 ], [ 9.132169510971497, 48.670044147931542 ], [ 9.140235217684625, 48.664710818658762 ], [ 9.141969065574708, 48.66618958053725 ], [ 9.149406327469887, 48.662118023448976 ], [ 9.148601502375872, 48.661346729489587 ], [ 9.154590011050358, 48.657826186019399 ], [ 9.159174310960697, 48.648509217176048 ], [ 9.166023324967952, 48.643753045528996 ], [ 9.16800716588796, 48.639281331013898 ], [ 9.166886288387269, 48.639238121559998 ], [ 9.174158021506653, 48.633367686252647 ], [ 9.165625175457953, 48.63351322605255 ], [ 9.167133337999728, 48.624510554351147 ], [ 9.143859654199943, 48.617932715599878 ], [ 9.149204456633406, 48.612538722202252 ], [ 9.15122951999474, 48.60405528828457 ], [ 9.123289515315468, 48.600247330151234 ], [ 9.112911714345573, 48.603344711145354 ], [ 9.11047045779538, 48.605912683117893 ], [ 9.117133872742604, 48.61387731562683 ], [ 9.113907097780613, 48.616069367502497 ], [ 9.108280808270122, 48.616250887407325 ], [ 9.107773366817579, 48.622809904256179 ], [ 9.105277030892237, 48.622814512414543 ], [ 9.095623710149445, 48.621667374872956 ], [ 9.096526338091616, 48.617644741023057 ], [ 9.090476647397971, 48.611537862467195 ], [ 9.083719112844255, 48.612575988092409 ], [ 9.081144660281927, 48.611553740450908 ], [ 9.085979491347558, 48.608530596793614 ], [ 9.089581729713323, 48.603090217232605 ], [ 9.086380182624126, 48.601259657617945 ], [ 9.085310595130572, 48.60213640511752 ], [ 9.083308651082739, 48.600096211887319 ], [ 9.085630478751801, 48.599990954116215 ], [ 9.083139603961396, 48.597980494927661 ], [ 9.07790391587792, 48.598039359123973 ], [ 9.079150173732444, 48.588773702698141 ], [ 9.074264287898453, 48.589421464930901 ], [ 9.069811110582769, 48.593339365869738 ], [ 9.057702294482507, 48.59126940651344 ], [ 9.057114161365979, 48.593688979819184 ], [ 9.052052589080695, 48.593243692005132 ], [ 9.040540747671315, 48.587381563999841 ], [ 9.034799541834092, 48.576853112871163 ], [ 9.022347594143481, 48.579774447623912 ], [ 9.0134062114098, 48.586463363508763 ], [ 9.005868774615603, 48.588457481681537 ], [ 8.997626761894916, 48.587307129859433 ], [ 8.992724065421982, 48.584384951031552 ], [ 8.984534759307035, 48.587528650048895 ], [ 8.98571739838561, 48.591028665280469 ], [ 8.984540557426888, 48.591498034024021 ], [ 8.982807538188231, 48.587704908736349 ], [ 8.978868973367714, 48.589897839263415 ], [ 8.975167076594776, 48.589534456758301 ], [ 8.96656032398087, 48.587178790535646 ], [ 8.957384809354501, 48.586893770243421 ], [ 8.95499453010901, 48.583604606581723 ], [ 8.953174135434367, 48.584154831803751 ], [ 8.956423297615956, 48.587654661319142 ], [ 8.949216883631307, 48.587103554851033 ], [ 8.947839782476253, 48.584368050587727 ], [ 8.948869099114534, 48.580210198709409 ], [ 8.94137299684472, 48.577594654088116 ], [ 8.938826315978275, 48.579240696112258 ], [ 8.93569916115171, 48.577424749501716 ], [ 8.937520275204772, 48.574311508229691 ], [ 8.939414285568429, 48.573996429109805 ], [ 8.939595952575647, 48.571282778645163 ], [ 8.945751291707019, 48.568653108701724 ], [ 8.945204058008704, 48.567539163373525 ], [ 8.932242722275914, 48.56435246577248 ], [ 8.9316657996867, 48.567546182209504 ], [ 8.924199148387039, 48.570893947222018 ], [ 8.919199384043162, 48.570022238164292 ], [ 8.917022302505153, 48.572220875045581 ], [ 8.914491810413958, 48.571007273118461 ], [ 8.911308079844869, 48.572220840222954 ], [ 8.900670329610413, 48.564323813656372 ], [ 8.897892608904254, 48.563492187427741 ], [ 8.893590768320738, 48.565741376521032 ], [ 8.891899866439749, 48.563594220984378 ], [ 8.889811189070944, 48.564472286577683 ], [ 8.886630962693088, 48.553049372853827 ], [ 8.88724636462824, 48.544194072542673 ], [ 8.885601222866383, 48.543867804002758 ], [ 8.88695963605408, 48.54180300283285 ], [ 8.88344034329454, 48.540805926168431 ], [ 8.880874425682864, 48.542621206150493 ], [ 8.879683837055556, 48.542172073291134 ], [ 8.880392249127473, 48.540136534573747 ], [ 8.877024259739244, 48.53905714901606 ], [ 8.866242603858986, 48.540185638366175 ], [ 8.850947223002475, 48.537196751435332 ], [ 8.8529686328068, 48.533080565014082 ], [ 8.851254631338632, 48.532076212409279 ], [ 8.860762817806966, 48.52848132819814 ], [ 8.85448790558007, 48.522763581008007 ], [ 8.85725696944994, 48.520336775564743 ], [ 8.85594945905234, 48.518959264370856 ], [ 8.858420104626676, 48.516747444519474 ], [ 8.863678557249232, 48.517382952816348 ], [ 8.864937568050101, 48.516236366591038 ], [ 8.844934275006089, 48.509114109147319 ], [ 8.849057732046301, 48.504960964178551 ], [ 8.846692017837254, 48.500077905111738 ], [ 8.839068483829447, 48.499010346372188 ], [ 8.833849302732904, 48.50020961448628 ], [ 8.835594878882244, 48.503205704227533 ], [ 8.814284645334302, 48.505595868106774 ], [ 8.814277970299184, 48.508280045823383 ], [ 8.799981206020403, 48.508453926953884 ], [ 8.79277173105292, 48.513730400554408 ], [ 8.789855809327957, 48.520071235451205 ], [ 8.771833427963346, 48.524333356934804 ], [ 8.769527448330773, 48.523685714510343 ], [ 8.768902291013976, 48.521841107472376 ], [ 8.76498002131714, 48.522103478391486 ], [ 8.759450303069427, 48.525677326792568 ], [ 8.755680299246432, 48.525078314276975 ], [ 8.755294719958288, 48.526016640237081 ], [ 8.759599475799174, 48.527190717270003 ], [ 8.758268980764198, 48.530704559588756 ], [ 8.762899377721887, 48.531874633283813 ], [ 8.763960443991722, 48.53424464375405 ], [ 8.763417966305351, 48.537855017888383 ], [ 8.757966673564663, 48.538039201159314 ], [ 8.758351694372088, 48.544419936261932 ], [ 8.769785947842351, 48.546407838932964 ], [ 8.771514449020497, 48.545204202821147 ], [ 8.773340863148391, 48.549864811177805 ], [ 8.765363165513614, 48.548292021673809 ], [ 8.766140085771385, 48.555023031249085 ], [ 8.758220897203717, 48.555969100158968 ], [ 8.757625047272287, 48.559755402007042 ], [ 8.760498364611347, 48.564297821411024 ], [ 8.756530774452795, 48.564972990729437 ], [ 8.756307006558712, 48.570778682155627 ], [ 8.750164843375577, 48.570548174828431 ], [ 8.752328420998712, 48.57533211764845 ], [ 8.754973729060918, 48.575544069035999 ], [ 8.755373445243794, 48.582978415256321 ], [ 8.751257953368983, 48.59336684730588 ], [ 8.746464928359954, 48.596187413173865 ], [ 8.748220882003727, 48.599021537812931 ], [ 8.748469543323246, 48.604935021264289 ], [ 8.751454142420231, 48.602265724467976 ], [ 8.759217507744179, 48.60378045195705 ], [ 8.794885838591375, 48.594325503389648 ], [ 8.793295457987881, 48.604123138469156 ], [ 8.794995979382628, 48.609015410612407 ], [ 8.799572240877284, 48.610030135835053 ], [ 8.800778511875842, 48.613169776608018 ], [ 8.797377308129157, 48.620835043360721 ], [ 8.79819069975877, 48.623572929433948 ], [ 8.796193773508163, 48.625584070885644 ], [ 8.790321862325248, 48.627040799152418 ], [ 8.789938026959788, 48.629085689316696 ], [ 8.795643228452645, 48.635119060408016 ], [ 8.79077896249045, 48.638227468606324 ], [ 8.79775154785216, 48.643138826595596 ], [ 8.801939125910147, 48.643715708226175 ], [ 8.797384201718925, 48.646659166380722 ], [ 8.799555512804323, 48.648230586318455 ], [ 8.798730963237098, 48.658625021891709 ], [ 8.808821847370405, 48.662844954924466 ], [ 8.818744751313812, 48.664506861672542 ], [ 8.81788715759952, 48.66889237043884 ], [ 8.825783953790404, 48.669488494810032 ], [ 8.827255451469435, 48.676859515558561 ], [ 8.833872737490838, 48.678767005490521 ], [ 8.836359632373414, 48.683103871091824 ], [ 8.840376255369375, 48.682831172945711 ], [ 8.842129259735797, 48.685205036534931 ], [ 8.850931695224769, 48.684447478428638 ], [ 8.853031843389177, 48.688238900988758 ], [ 8.855856197066773, 48.689756299582008 ], [ 8.854993826561216, 48.690544088017468 ], [ 8.863215617570789, 48.697238237597759 ], [ 8.860627507993456, 48.703478537232932 ], [ 8.855306414528382, 48.706916912029271 ], [ 8.866380084351714, 48.711856656548598 ], [ 8.867197974865007, 48.714621149577972 ], [ 8.864168519278603, 48.715781915436715 ], [ 8.864466393390311, 48.71905149466405 ], [ 8.873249784538933, 48.722661515129992 ], [ 8.875624143492528, 48.721176093520043 ], [ 8.878631015265277, 48.724773041915107 ], [ 8.85450549999012, 48.734618854143271 ], [ 8.829202954792773, 48.736472164489648 ], [ 8.831513009247692, 48.743262282133273 ], [ 8.83349988972793, 48.743229120667742 ], [ 8.835453574118823, 48.754097680498937 ], [ 8.825288499444254, 48.758919446713065 ], [ 8.817558279154969, 48.766183256308416 ], [ 8.811446600397945, 48.765726514533903 ], [ 8.799384795712603, 48.773665619953299 ], [ 8.807796672933293, 48.781449069128108 ], [ 8.811124776949915, 48.780860966042887 ], [ 8.818327945037481, 48.788256431881649 ], [ 8.826082525256705, 48.79196257129243 ], [ 8.827769168804881, 48.794776537130836 ], [ 8.833067722787616, 48.797887521085457 ], [ 8.842410285069347, 48.799430371460247 ], [ 8.847475785281139, 48.792624182722406 ], [ 8.867768551034324, 48.792419969295686 ], [ 8.869728893317095, 48.795264264382446 ], [ 8.8816222910213, 48.799134972703726 ], [ 8.886864053574655, 48.802431422101115 ], [ 8.896098311880365, 48.798256115244911 ], [ 8.900150070697581, 48.800500304132299 ], [ 8.900879358487863, 48.801799593620217 ], [ 8.891553647952849, 48.803506778745323 ], [ 8.890799556523929, 48.808386320675574 ], [ 8.892750405277507, 48.813103162982252 ], [ 8.902414538526202, 48.815504049257939 ], [ 8.900797605536967, 48.81937967491664 ], [ 8.890165605989674, 48.821896528195623 ], [ 8.886165476951291, 48.818945884175477 ], [ 8.884742458712179, 48.820364521764866 ], [ 8.877216338372689, 48.820560921229756 ], [ 8.877943625582429, 48.818180494629331 ], [ 8.873843474615759, 48.815852990920014 ], [ 8.871704749589503, 48.817297366392374 ], [ 8.874205005259915, 48.819770360667704 ], [ 8.872927035133298, 48.822540297965574 ], [ 8.876637920828035, 48.821660153714895 ], [ 8.877319597855399, 48.82358491426168 ], [ 8.874912904263695, 48.824260458170265 ], [ 8.875404241683867, 48.825455036899534 ], [ 8.885919545040316, 48.830355677357083 ], [ 8.877176803409721, 48.833154077060719 ], [ 8.8786361286353, 48.835344704341544 ], [ 8.873033646540884, 48.836917553477903 ], [ 8.894819519133838, 48.846865939343544 ], [ 8.90234527048084, 48.860432689950215 ], [ 8.919473817732738, 48.866560085978833 ], [ 8.928032117336368, 48.865439752933248 ], [ 8.934191034312766, 48.867676403298582 ], [ 8.952576224641271, 48.856418986407746 ], [ 8.957494816018945, 48.85550135551717 ], [ 8.961241673918851, 48.846680024953415 ], [ 8.956854406378218, 48.841099614421665 ], [ 8.958909591633711, 48.839966615061286 ], [ 8.957492167989926, 48.839185384305097 ], [ 8.960559821759469, 48.838529787000148 ], [ 8.964902412468298, 48.830916710377629 ], [ 8.968182917307091, 48.828856985083348 ], [ 8.970833605502618, 48.832509526370501 ], [ 8.981122012500471, 48.830293565877128 ], [ 8.991859159608124, 48.83333597054358 ], [ 8.995445162767542, 48.832377009106267 ], [ 9.000323977022486, 48.827936213270121 ], [ 9.00499614387653, 48.828423131019278 ], [ 9.005640159513071, 48.827175144295268 ], [ 9.024069986648181, 48.829355819427093 ], [ 9.025282322172448, 48.82742030573835 ], [ 9.030789608070275, 48.827856616039689 ], [ 9.031226170224357, 48.82648612071327 ], [ 9.036385948890373, 48.82569952701661 ], [ 9.036323095186148, 48.824169532934604 ], [ 9.038429035516335, 48.823450603973555 ], [ 9.037244864517746, 48.82160904965297 ], [ 9.043103182810585, 48.82112816747518 ], [ 9.043885823718416, 48.817288520432179 ], [ 9.046440575181398, 48.814758319933276 ], [ 9.041045109022788, 48.81391416588464 ], [ 9.042380855859228, 48.809344200113493 ], [ 9.037419440841257, 48.808127756177136 ], [ 9.036786006523693, 48.805196050538193 ], [ 9.030219726784683, 48.799433680956994 ], [ 9.038721943837436, 48.79516509528014 ], [ 9.043377109648421, 48.789298467914847 ], [ 9.0422175889796, 48.783481567618225 ], [ 9.050602015307918, 48.771169238137233 ], [ 9.049459349991212, 48.76705271104484 ], [ 9.051387811408889, 48.76352490759205 ], [ 9.067997356264485, 48.756579804909528 ] ] ] } },
{ "type": "Feature", "properties": { "OBJID": "DEBKGVG200000CC5", "BEGINN": "2022-12-20T00:00:00", "ADE": 4, "GF": 4, "BSG": 1, "LKZ": "BW", "ARS": "08116", "AGS": "08116", "SDV_ARS": "081160019019", "GEN": "Esslingen", "BEZ": "Landkreis", "IBZ": 43, "BEM": "--", "NBD": "ja", "SN_L": "08", "SN_R": "1", "SN_K": "16", "SN_V1": "00", "SN_V2": "00", "SN_G": "000", "FK_S3": "R", "NUTS": "DE113", "ARS_0": "081160000000", "AGS_0": "08116000", "WSK": "2014-04-01T00:00:00", "DLM_ID": "DEBKGDL20000E5HV" }, "geometry": { "type": "MultiPolygon", "coordinates": [ [ [ [ 9.164320851249656, 48.604366687055787 ], [ 9.172044811920372, 48.604081745997838 ], [ 9.171650666541362, 48.601991839223977 ], [ 9.169445433237602, 48.601813098440537 ], [ 9.171596320488284, 48.598609475988944 ], [ 9.16387626005719, 48.597545819287653 ], [ 9.163658110198782, 48.598982385889123 ], [ 9.167728594379186, 48.599933693563678 ], [ 9.16384387313526, 48.601482957535104 ], [ 9.164320851249656, 48.604366687055787 ] ] ], [ [ [ 9.401868008086224, 48.783556214136112 ], [ 9.405948802426355, 48.778217940476473 ], [ 9.407469675741044, 48.778970402616153 ], [ 9.411737918986349, 48.773723721181405 ], [ 9.408136898033318, 48.772896955412214 ], [ 9.412827660237019, 48.770631428856639 ], [ 9.413125154414995, 48.767063703938462 ], [ 9.415100087868442, 48.765140277473471 ], [ 9.418609695976272, 48.765236356623696 ], [ 9.419128324802161, 48.760125116433535 ], [ 9.416802469627214, 48.757478263120205 ], [ 9.41970628639441, 48.758673465151361 ], [ 9.423121605451197, 48.76354535212355 ], [ 9.429825750511911, 48.764914192813457 ], [ 9.428439539660559, 48.767931822456099 ], [ 9.435683565355617, 48.773883456448694 ], [ 9.43577154591078, 48.775458252355399 ], [ 9.446368816030757, 48.777492842477322 ], [ 9.453498384546844, 48.775023830971513 ], [ 9.457587126474762, 48.775359022303078 ], [ 9.457192864403108, 48.773439608323862 ], [ 9.463090816962641, 48.770607680632445 ], [ 9.472714033492759, 48.774951111322387 ], [ 9.478457862314144, 48.769059013663778 ], [ 9.486338426162144, 48.765668459308571 ], [ 9.492739415317429, 48.767318531250737 ], [ 9.496818189906149, 48.757570075546987 ], [ 9.510548704806174, 48.750623969916255 ], [ 9.503864692055258, 48.741624484044181 ], [ 9.497236275237913, 48.737301856167484 ], [ 9.493957943082092, 48.729483671882853 ], [ 9.487038252221465, 48.726866606865961 ], [ 9.486915042781993, 48.724949826758184 ], [ 9.49091838655947, 48.722000349474847 ], [ 9.493844514850375, 48.71231833023274 ], [ 9.48400712776308, 48.707662340418857 ], [ 9.487731086400233, 48.703372539787459 ], [ 9.491717658661605, 48.703112009132767 ], [ 9.491166310379459, 48.701524135020463 ], [ 9.493792954521403, 48.698106903369421 ], [ 9.490150705992413, 48.69677530302743 ], [ 9.490413952469583, 48.69390875848562 ], [ 9.487660157981477, 48.693065280095773 ], [ 9.489282039102475, 48.692810246452183 ], [ 9.488111748151304, 48.687066414101636 ], [ 9.493379114874596, 48.686507038826086 ], [ 9.48873573314428, 48.684450308222964 ], [ 9.488595793196206, 48.680725735724288 ], [ 9.49269192652473, 48.680331286465822 ], [ 9.49122088964967, 48.677669539709619 ], [ 9.495248639788326, 48.669634291732272 ], [ 9.491054159147403, 48.668921742278627 ], [ 9.493322741144519, 48.668213873640894 ], [ 9.49205990016536, 48.666250848622575 ], [ 9.495992035232852, 48.665189293213992 ], [ 9.499946081389666, 48.666358152742596 ], [ 9.503065378801482, 48.663211556795339 ], [ 9.50512436927448, 48.6641023862284 ], [ 9.507703606570361, 48.662785466376825 ], [ 9.50759128804547, 48.660302302087523 ], [ 9.510650109432678, 48.659421285584713 ], [ 9.508702264987365, 48.656409131653632 ], [ 9.523653352245869, 48.660192948775673 ], [ 9.523753460267963, 48.657624297916961 ], [ 9.540370529975011, 48.660296682724052 ], [ 9.549273428375791, 48.655249134875888 ], [ 9.554431826438075, 48.655935661200452 ], [ 9.554888461576644, 48.648403417234746 ], [ 9.550782932547829, 48.646659666108206 ], [ 9.550691931297527, 48.64297168486943 ], [ 9.555543364884469, 48.641924916776418 ], [ 9.55604437726579, 48.640580208055688 ], [ 9.534962266774409, 48.634814073993205 ], [ 9.534769577723322, 48.632896857547436 ], [ 9.538316151119741, 48.630562468551645 ], [ 9.559784269350564, 48.629854623122583 ], [ 9.577816975295555, 48.625144041026452 ], [ 9.584261937169535, 48.617893434804408 ], [ 9.592995181095882, 48.616526333142332 ], [ 9.593217970335029, 48.614028113160387 ], [ 9.596039813763557, 48.611056504815259 ], [ 9.587941123859302, 48.60465916361909 ], [ 9.59282136030761, 48.598170370847633 ], [ 9.592163484934224, 48.594181149291302 ], [ 9.596440860500193, 48.590879759642981 ], [ 9.592583920331784, 48.578141431561008 ], [ 9.593666849797374, 48.574562187861247 ], [ 9.589510189405907, 48.571461585091484 ], [ 9.578166952476423, 48.572249074461411 ], [ 9.578184950338299, 48.568427309789215 ], [ 9.573699338804591, 48.567031992622624 ], [ 9.573973390809552, 48.565442571595042 ], [ 9.567086452744658, 48.561401012919319 ], [ 9.569964974393779, 48.558934241590769 ], [ 9.564250122161736, 48.555999455061475 ], [ 9.560695193527128, 48.552075533861718 ], [ 9.56163443699943, 48.549016999567428 ], [ 9.565627164793959, 48.547045401395991 ], [ 9.578479330018517, 48.547099142650801 ], [ 9.576765162462614, 48.542489644433651 ], [ 9.582475263110926, 48.539146907304946 ], [ 9.569387473897228, 48.539487306151251 ], [ 9.565834337008214, 48.538342304035247 ], [ 9.564602186654565, 48.535508231338468 ], [ 9.559592596125787, 48.531967682945165 ], [ 9.551188239753282, 48.528982379950854 ], [ 9.541060737880777, 48.526242305154057 ], [ 9.539482180364207, 48.527343696392755 ], [ 9.530084699368091, 48.526749176175571 ], [ 9.534811695199364, 48.520477722099614 ], [ 9.530859204795471, 48.513644835949776 ], [ 9.527547245040088, 48.516160663930762 ], [ 9.524630022400666, 48.515838238375409 ], [ 9.522031096009066, 48.519760402213628 ], [ 9.520082053892059, 48.517866345680062 ], [ 9.517727552098775, 48.518501929623469 ], [ 9.510693894161021, 48.522926575276024 ], [ 9.509939458574438, 48.526085224055123 ], [ 9.504508832307934, 48.526836860204604 ], [ 9.508185575668172, 48.523785401470448 ], [ 9.509552972470352, 48.517772618250348 ], [ 9.502423215609536, 48.517591678390744 ], [ 9.50227005341606, 48.51647521906888 ], [ 9.506033732301127, 48.515771696309244 ], [ 9.505026675144284, 48.514045069147556 ], [ 9.501791628116939, 48.51273000112586 ], [ 9.498792908364093, 48.514420489103003 ], [ 9.497220971563365, 48.51714899052353 ], [ 9.499136677170053, 48.520763366192369 ], [ 9.497262543819016, 48.521717603573151 ], [ 9.488475393620432, 48.520486590935668 ], [ 9.490647299497555, 48.517574831723394 ], [ 9.479492056907448, 48.518299851309337 ], [ 9.472039972305502, 48.515425188076797 ], [ 9.473824549994241, 48.512303332813246 ], [ 9.468023693382248, 48.513966975756468 ], [ 9.466557392850165, 48.515983848934262 ], [ 9.474378969171221, 48.520707573880621 ], [ 9.472530622224266, 48.522130488145486 ], [ 9.474830995151711, 48.523679334379317 ], [ 9.480213237537276, 48.523306399819781 ], [ 9.478955626718172, 48.527773148284787 ], [ 9.483629486758232, 48.528931251633566 ], [ 9.488066803537551, 48.527793866304883 ], [ 9.489720433172641, 48.53097438683988 ], [ 9.482494778770363, 48.535305634452591 ], [ 9.477497272133991, 48.535349518317787 ], [ 9.478388912406004, 48.536095152191571 ], [ 9.464336553422523, 48.539768522987131 ], [ 9.463549845841728, 48.544293518868507 ], [ 9.451356714978957, 48.546372963942162 ], [ 9.450510744197089, 48.544773221270319 ], [ 9.440496951586292, 48.542510589422896 ], [ 9.43987324120442, 48.540049582471241 ], [ 9.432866218551064, 48.541547020428766 ], [ 9.430716141795992, 48.543873407165705 ], [ 9.426108015043718, 48.544026654246728 ], [ 9.426738289858413, 48.541847504417454 ], [ 9.422161946474596, 48.541425135609465 ], [ 9.418560391405299, 48.53625532498652 ], [ 9.413915590776089, 48.535652301578878 ], [ 9.408687938042799, 48.538109896914172 ], [ 9.39295174846713, 48.530966218544542 ], [ 9.389514260884274, 48.53446598026386 ], [ 9.384096015159406, 48.535733451130454 ], [ 9.369215133278221, 48.534521296002282 ], [ 9.362150156329564, 48.543091121150134 ], [ 9.357931558652254, 48.544531530004683 ], [ 9.351773792898333, 48.543181850132854 ], [ 9.33946305370125, 48.549438549464831 ], [ 9.3359877830888, 48.542945079846454 ], [ 9.331855339577482, 48.540752229800376 ], [ 9.324124260099865, 48.5412369542764 ], [ 9.325005380475526, 48.544016161881899 ], [ 9.322636969465098, 48.546751870424821 ], [ 9.31948747064575, 48.54760865244878 ], [ 9.314577231501728, 48.546225222067065 ], [ 9.314098003468585, 48.547332608750764 ], [ 9.316868936296645, 48.550584395541257 ], [ 9.313759497390022, 48.5514504414543 ], [ 9.314560102182989, 48.552831619964365 ], [ 9.318959639164289, 48.552630157851134 ], [ 9.316866538787693, 48.554595293027688 ], [ 9.320382040942873, 48.557672465210068 ], [ 9.315407078509541, 48.561639067665283 ], [ 9.30919049477998, 48.563323164865707 ], [ 9.321557290639332, 48.56903433167453 ], [ 9.322845329756916, 48.574877491532419 ], [ 9.312321059107191, 48.581218293784168 ], [ 9.306467606480913, 48.576553006919497 ], [ 9.302088279525533, 48.577728829729786 ], [ 9.29978407082965, 48.574430346785242 ], [ 9.294424152165437, 48.573607726633178 ], [ 9.299095106220555, 48.572138596091321 ], [ 9.296920062034328, 48.571314599449764 ], [ 9.297235507910607, 48.568413210056406 ], [ 9.295315136112997, 48.565514512635303 ], [ 9.285608386419439, 48.565174701012275 ], [ 9.27903144322141, 48.568636752612235 ], [ 9.276901955869125, 48.56709207666124 ], [ 9.26837219287672, 48.566973775434107 ], [ 9.268116086147147, 48.565757396047083 ], [ 9.259320230959652, 48.566304326905673 ], [ 9.259478291701804, 48.569147979517687 ], [ 9.254467970006134, 48.568320133857007 ], [ 9.253062854086181, 48.572608458405476 ], [ 9.241839437837024, 48.576332606971889 ], [ 9.241229416107114, 48.578439124568838 ], [ 9.237408440924666, 48.57839565028425 ], [ 9.236402170473687, 48.574337152127782 ], [ 9.235103649968194, 48.574763010755781 ], [ 9.231999661333019, 48.571651792097221 ], [ 9.229617697995794, 48.572491196411477 ], [ 9.227944792080351, 48.567801438649695 ], [ 9.221606959565099, 48.566424112991655 ], [ 9.22082900555111, 48.56809291342541 ], [ 9.216239326746873, 48.56803480800987 ], [ 9.208600847714839, 48.571462451729808 ], [ 9.207170195668979, 48.572776793856519 ], [ 9.208204032091633, 48.580820009255859 ], [ 9.206657228300751, 48.58343705754482 ], [ 9.1977447675624, 48.588261130078074 ], [ 9.198161351515761, 48.592969651959436 ], [ 9.205601502728962, 48.593083774203613 ], [ 9.207196291098207, 48.599034593875821 ], [ 9.205183657499351, 48.603222922114767 ], [ 9.202756665467943, 48.604211551729776 ], [ 9.188314656446142, 48.597647143380271 ], [ 9.1831736137191, 48.599735663506991 ], [ 9.182383907766136, 48.600859477647951 ], [ 9.183739469072174, 48.600875582153343 ], [ 9.180835767071603, 48.602403397413497 ], [ 9.180025547714212, 48.605328248808384 ], [ 9.153857686820093, 48.605625160408273 ], [ 9.15122951999474, 48.60405528828457 ], [ 9.149204456633406, 48.612538722202252 ], [ 9.143859654199943, 48.617932715599878 ], [ 9.167133337999728, 48.624510554351147 ], [ 9.165625175457953, 48.63351322605255 ], [ 9.174158021506653, 48.633367686252647 ], [ 9.166886288387269, 48.639238121559998 ], [ 9.16800716588796, 48.639281331013898 ], [ 9.166023324967952, 48.643753045528996 ], [ 9.159174310960697, 48.648509217176048 ], [ 9.154590011050358, 48.657826186019399 ], [ 9.148601502375872, 48.661346729489587 ], [ 9.149406327469887, 48.662118023448976 ], [ 9.141969065574708, 48.66618958053725 ], [ 9.140235217684625, 48.664710818658762 ], [ 9.132169510971497, 48.670044147931542 ], [ 9.12559419304808, 48.671212338536776 ], [ 9.123861446246279, 48.67283757368827 ], [ 9.127828936460782, 48.676619258162077 ], [ 9.121314340065082, 48.676943284209379 ], [ 9.117454691055222, 48.678945960507946 ], [ 9.115083554486175, 48.678745517856242 ], [ 9.115093739973171, 48.677432492468618 ], [ 9.10740111515504, 48.67762407843459 ], [ 9.095931808681993, 48.680672573527396 ], [ 9.08952114090356, 48.67691266521274 ], [ 9.093606218730073, 48.676074061848148 ], [ 9.093157086822982, 48.673756854133394 ], [ 9.085295227845974, 48.675231037642554 ], [ 9.084926226462795, 48.680509351210901 ], [ 9.087604969911382, 48.683508085953434 ], [ 9.10038445279033, 48.687843254114114 ], [ 9.107466150712774, 48.687221742523704 ], [ 9.112247486658374, 48.691273428721537 ], [ 9.10335539860786, 48.697927291836919 ], [ 9.107118699549831, 48.69715858094586 ], [ 9.108309920627891, 48.698244401092602 ], [ 9.106761390005564, 48.70092920268668 ], [ 9.102191022393754, 48.704406558488778 ], [ 9.099906024895846, 48.702587903046521 ], [ 9.095261894266239, 48.70483182535019 ], [ 9.10472049702067, 48.709079452707265 ], [ 9.121797857820862, 48.706882151240166 ], [ 9.139426426319169, 48.708241741448468 ], [ 9.166795422030255, 48.705309155387305 ], [ 9.192937465568852, 48.692281064943671 ], [ 9.202245908199725, 48.690150709686932 ], [ 9.218101613731809, 48.69035068736877 ], [ 9.245221137221529, 48.694628949966656 ], [ 9.24367167773647, 48.698865598339658 ], [ 9.239705802591528, 48.698281026782922 ], [ 9.238407124803217, 48.702060517580854 ], [ 9.238272574829468, 48.707141195306491 ], [ 9.240769968055785, 48.709834973890857 ], [ 9.237762489874642, 48.711667125393582 ], [ 9.229711654586277, 48.71003035524523 ], [ 9.22300748972768, 48.718992605355389 ], [ 9.213171692665293, 48.726170165549149 ], [ 9.213201402108215, 48.729126131367003 ], [ 9.216512680893082, 48.732292162299444 ], [ 9.224917329111717, 48.731696347323492 ], [ 9.224431055320753, 48.733129843731433 ], [ 9.227723056879931, 48.733068639836482 ], [ 9.227435571033041, 48.734702298082965 ], [ 9.231783472221249, 48.735345612293479 ], [ 9.232865325748513, 48.737138808215668 ], [ 9.235657856885567, 48.73642408698997 ], [ 9.240254962923137, 48.738157615980192 ], [ 9.243649629274094, 48.743793156959846 ], [ 9.251313765767566, 48.740143089087098 ], [ 9.252903246919367, 48.740522395473256 ], [ 9.252645367916223, 48.742093489175311 ], [ 9.25588381182831, 48.742552507780516 ], [ 9.256580938807177, 48.741338405826141 ], [ 9.261153243610542, 48.74389752713558 ], [ 9.258680126621929, 48.745416944745457 ], [ 9.264963198929753, 48.748634897610884 ], [ 9.269831857273687, 48.755641414464733 ], [ 9.275375308817065, 48.756979786312201 ], [ 9.275438594547349, 48.759867637368863 ], [ 9.272675821822451, 48.762607414774322 ], [ 9.276146128396674, 48.770128905934691 ], [ 9.279945288118752, 48.768389773701358 ], [ 9.288245534367121, 48.76892123190887 ], [ 9.302180277882766, 48.77587588294557 ], [ 9.307574847853452, 48.773197141720424 ], [ 9.313649107964078, 48.774483704468317 ], [ 9.326044771671201, 48.768337253070534 ], [ 9.333280467967105, 48.768701003544713 ], [ 9.335556997174161, 48.765640752155285 ], [ 9.342598310593424, 48.768768048710776 ], [ 9.344984129849252, 48.767356314319322 ], [ 9.344680998883179, 48.770203249886492 ], [ 9.35249192073236, 48.76962959215998 ], [ 9.354372856422442, 48.774110084659902 ], [ 9.35679324995546, 48.774764577509423 ], [ 9.365485538961947, 48.76965495546402 ], [ 9.377636293430637, 48.772593385458677 ], [ 9.378799841046686, 48.769933868759736 ], [ 9.3864766912451, 48.770406727496479 ], [ 9.386805313706803, 48.775068962214625 ], [ 9.382613664795391, 48.782779886182951 ], [ 9.390764780099376, 48.788203981021468 ], [ 9.401868008086224, 48.783556214136112 ] ] ] ] } },
{ "type": "Feature", "properties": { "OBJID": "DEBKGVG200000CC6", "BEGINN": "2025-04-12T00:00:00", "ADE": 4, "GF": 4, "BSG": 1, "LKZ": "BW", "ARS": "08117", "AGS": "08117", "SDV_ARS": "081175005026", "GEN": "Göppingen", "BEZ": "Landkreis", "IBZ": 43, "BEM": "--", "NBD": "ja", "SN_L": "08", "SN_R": "1", "SN_K": "17", "SN_V1": "00", "SN_V2": "00", "SN_G": "000", "FK_S3": "R", "NUTS": "DE114", "ARS_0": "081170000000", "AGS_0": "08117000", "WSK": "2009-01-01T00:00:00", "DLM_ID": "DEBKGDL20000E0Q5" }, "geometry": { "type": "Polygon", "coordinates": [ [ [ 9.622953147041622, 48.774267426299211 ], [ 9.634383476213765, 48.772646749819913 ], [ 9.646692671802523, 48.772995082321962 ], [ 9.657881375828701, 48.770409231095876 ], [ 9.669874348621459, 48.774033881787183 ], [ 9.677949628980342, 48.774462588627934 ], [ 9.682437406430642, 48.777040862388006 ], [ 9.709689372895815, 48.77898255981556 ], [ 9.715980814295762, 48.777021499647667 ], [ 9.714112647633154, 48.772214731984086 ], [ 9.72957476912009, 48.768446673737856 ], [ 9.733206556471035, 48.768498750363477 ], [ 9.734354403697937, 48.773363174999112 ], [ 9.737561601296768, 48.776218176407028 ], [ 9.740409806543024, 48.774205114731359 ], [ 9.743234693776255, 48.774548135847454 ], [ 9.741668246646082, 48.772909635102266 ], [ 9.74381840634887, 48.772888297941684 ], [ 9.747418345659247, 48.769746986346732 ], [ 9.752104900632933, 48.762269019532447 ], [ 9.748894449714488, 48.758748919532877 ], [ 9.750517667284059, 48.756691373761356 ], [ 9.74906200539761, 48.755827174727607 ], [ 9.752784340509598, 48.751697278023059 ], [ 9.76377365627131, 48.753488327206441 ], [ 9.762079588629629, 48.747712317932994 ], [ 9.763641498214556, 48.746049901507526 ], [ 9.769940168548237, 48.745770206904439 ], [ 9.771082115863127, 48.744102402415713 ], [ 9.774254567629509, 48.744743699724374 ], [ 9.773983770641816, 48.746486646932496 ], [ 9.770636547496661, 48.747516965565673 ], [ 9.772751516145007, 48.747953508925448 ], [ 9.781289039613696, 48.745391952358197 ], [ 9.779902310958288, 48.741695701597507 ], [ 9.782105501402867, 48.737986708249174 ], [ 9.784505959668413, 48.737480571724497 ], [ 9.785306941928235, 48.740658953992934 ], [ 9.791625492374838, 48.735026028529504 ], [ 9.785501354702671, 48.734510186520104 ], [ 9.793794185981861, 48.731058132657843 ], [ 9.78757028018898, 48.727850445245139 ], [ 9.791933984751518, 48.723174858698449 ], [ 9.791948029829904, 48.720342078375644 ], [ 9.800050147324441, 48.720240522967806 ], [ 9.802463209675512, 48.718780809208724 ], [ 9.802238321076361, 48.717403436596996 ], [ 9.806053813782757, 48.716698881551501 ], [ 9.80762653049803, 48.718876053507593 ], [ 9.805790277097298, 48.723738921655688 ], [ 9.812528077771583, 48.723070342280849 ], [ 9.812744009941062, 48.725104146725741 ], [ 9.823322462113024, 48.724881277564826 ], [ 9.824699835518432, 48.725537167283107 ], [ 9.821715273373439, 48.728037095783108 ], [ 9.827239206328111, 48.72670370045477 ], [ 9.839099913631546, 48.730257103525354 ], [ 9.845722557678011, 48.72899939951953 ], [ 9.852587215022298, 48.724938701305 ], [ 9.860215901484873, 48.725738307416748 ], [ 9.872917436714454, 48.717923710355905 ], [ 9.877526044230944, 48.718884907881055 ], [ 9.878527884457309, 48.72131866147928 ], [ 9.879978905211024, 48.716245650975928 ], [ 9.886033166210478, 48.714651517170033 ], [ 9.887262859142918, 48.716286056579584 ], [ 9.88968257640798, 48.716236421864792 ], [ 9.887265916539263, 48.719280780025663 ], [ 9.892568617456904, 48.720200211570791 ], [ 9.898257671098269, 48.717371355715095 ], [ 9.89997226385643, 48.718297923848965 ], [ 9.902895310450971, 48.716002444176993 ], [ 9.907740955360687, 48.725435167907264 ], [ 9.906518280663196, 48.729835285347427 ], [ 9.905218561218208, 48.73051181757495 ], [ 9.899843972829338, 48.7253928031204 ], [ 9.89558843708849, 48.725468665407249 ], [ 9.895963929061708, 48.72806972695507 ], [ 9.892765360478737, 48.728394037289249 ], [ 9.8973441561567, 48.731872334742427 ], [ 9.892919324518024, 48.733485014231292 ], [ 9.891243424627552, 48.732693441317224 ], [ 9.889048194835954, 48.735370361251341 ], [ 9.888903578655684, 48.740387778299215 ], [ 9.887348172641534, 48.740810892207193 ], [ 9.885746292593515, 48.737375635698683 ], [ 9.882845345093584, 48.737764262669202 ], [ 9.882552990022448, 48.751153589211754 ], [ 9.887644431002723, 48.751838254555324 ], [ 9.891538159657875, 48.750429698799465 ], [ 9.892292850879613, 48.748806044901215 ], [ 9.88707702229547, 48.745063199332009 ], [ 9.892945752206463, 48.744438891660998 ], [ 9.904247463376775, 48.746532497678352 ], [ 9.904064313837667, 48.750380626545621 ], [ 9.909501697027514, 48.753952980606947 ], [ 9.909623781251735, 48.743899180476319 ], [ 9.932107935150208, 48.741012576855809 ], [ 9.933116188051773, 48.736170403196027 ], [ 9.931086760124982, 48.732994445073643 ], [ 9.933201466002579, 48.73001952736572 ], [ 9.941962941956582, 48.734164729661693 ], [ 9.942571830587479, 48.732045404817612 ], [ 9.945150580767072, 48.732418032653364 ], [ 9.945490924599142, 48.729991587745232 ], [ 9.948875943801575, 48.728785360937479 ], [ 9.953641613172028, 48.730508587590677 ], [ 9.958539697298422, 48.730136860055033 ], [ 9.964829257302689, 48.72560782590709 ], [ 9.971587219362332, 48.725397349993294 ], [ 9.979578114187188, 48.728097005492593 ], [ 9.986665528493814, 48.727608368132088 ], [ 9.989221938326155, 48.721055219370577 ], [ 9.994522944101332, 48.714487579635687 ], [ 9.992470318407735, 48.705422296450671 ], [ 9.98574781213066, 48.703835599805906 ], [ 9.982944673148674, 48.70423626397298 ], [ 9.979961096594169, 48.707531748465776 ], [ 9.977031488295468, 48.707032375783974 ], [ 9.972900695737236, 48.70328077199931 ], [ 9.97229267409222, 48.696704044289859 ], [ 9.96886658544666, 48.695707485058925 ], [ 9.962759983082929, 48.697584617657725 ], [ 9.965133696110696, 48.695446762781629 ], [ 9.965237132975636, 48.686031692568434 ], [ 9.967185732410426, 48.686688546294434 ], [ 9.969462420837614, 48.683417049144715 ], [ 9.969619394371032, 48.677734320219209 ], [ 9.97084627819925, 48.67729952549243 ], [ 9.968503210269443, 48.671757752005441 ], [ 9.957308176112688, 48.666280933957381 ], [ 9.953229682634277, 48.667987535723626 ], [ 9.949096962835251, 48.666060630618489 ], [ 9.952043042573294, 48.664852193925242 ], [ 9.946921113813568, 48.662794423060099 ], [ 9.931825364768331, 48.667439397630886 ], [ 9.930608010974602, 48.663566254156777 ], [ 9.926474422283194, 48.660667279924105 ], [ 9.930364892806114, 48.658816817577261 ], [ 9.930691296307536, 48.651795153155696 ], [ 9.925036937336348, 48.652494413249649 ], [ 9.922762304894674, 48.648588750830783 ], [ 9.920916697013032, 48.648579134704953 ], [ 9.921296935442989, 48.637133416178386 ], [ 9.924910124999975, 48.636792498538831 ], [ 9.924996489092647, 48.638672413369498 ], [ 9.927783872945403, 48.639334297171203 ], [ 9.941674446027816, 48.636569204389922 ], [ 9.945263759131366, 48.635359487795945 ], [ 9.943685617326739, 48.633981105230397 ], [ 9.944071589617941, 48.63175538141126 ], [ 9.924083044329933, 48.629854879734381 ], [ 9.925015160329865, 48.627890331687951 ], [ 9.92125501822076, 48.62809559160425 ], [ 9.921574789344438, 48.626298736803868 ], [ 9.914493724237754, 48.626297553612225 ], [ 9.915191639340241, 48.622398444921586 ], [ 9.891873837790577, 48.62247087765882 ], [ 9.887617166683359, 48.61579292803367 ], [ 9.89905880912853, 48.615100145682462 ], [ 9.890067658518779, 48.610716637712791 ], [ 9.892783468678209, 48.609337697925042 ], [ 9.889317781819825, 48.606885188854811 ], [ 9.887018193980506, 48.608300068187468 ], [ 9.883894271328732, 48.606671828527944 ], [ 9.884670422359362, 48.604266139150205 ], [ 9.880810045674361, 48.598786528074726 ], [ 9.876217626153387, 48.597732936328121 ], [ 9.869776369714319, 48.589873472080768 ], [ 9.86735272179226, 48.590916057042826 ], [ 9.856234753872767, 48.588710700021792 ], [ 9.863411121451785, 48.585450698035999 ], [ 9.85143570168257, 48.582935314946873 ], [ 9.847032369996722, 48.583835680450662 ], [ 9.846961308447538, 48.58509420665419 ], [ 9.838927294662549, 48.585837912649502 ], [ 9.839251891265995, 48.583888481452817 ], [ 9.840741818326455, 48.583960302039259 ], [ 9.83841132402353, 48.579908799566695 ], [ 9.832570668413956, 48.579873775062843 ], [ 9.835436304521137, 48.578434221255243 ], [ 9.834462413838947, 48.577304320966476 ], [ 9.836064836338, 48.575001374733979 ], [ 9.82850704919997, 48.566918118796458 ], [ 9.828728942541282, 48.56556161328421 ], [ 9.824564323237308, 48.563980617639245 ], [ 9.817711681753758, 48.564948869023667 ], [ 9.817753374832581, 48.562742893569272 ], [ 9.820106406474856, 48.562879379007889 ], [ 9.820116229967716, 48.561372595426931 ], [ 9.813987051165114, 48.557926699923044 ], [ 9.813622985450879, 48.558985032288852 ], [ 9.809498419416251, 48.55730531305587 ], [ 9.798730671852203, 48.556721884864764 ], [ 9.797754985730903, 48.558771364600524 ], [ 9.78047812718596, 48.560339876335433 ], [ 9.778253328087168, 48.565127357458969 ], [ 9.771854493750521, 48.564482989550079 ], [ 9.770188008897662, 48.566297490429115 ], [ 9.767329571179866, 48.565370384758367 ], [ 9.768863761360173, 48.563348228186769 ], [ 9.765056877158164, 48.564240266370852 ], [ 9.764622297341624, 48.561611589055104 ], [ 9.768572990490094, 48.559672715658472 ], [ 9.744458310212433, 48.56369703069835 ], [ 9.737687357893035, 48.56002667738337 ], [ 9.730114036688025, 48.563490357935272 ], [ 9.726086258479214, 48.562032485901184 ], [ 9.727160948957536, 48.560897943829261 ], [ 9.725346817054744, 48.559113754006809 ], [ 9.71897134161935, 48.557099631161122 ], [ 9.72253601595123, 48.551873119077293 ], [ 9.722887759789357, 48.546794869640593 ], [ 9.716421946279061, 48.544609113332129 ], [ 9.708299578112346, 48.545234763383732 ], [ 9.709696427487138, 48.543308232801529 ], [ 9.7080175111776, 48.540916391188212 ], [ 9.695744046851406, 48.541187619560937 ], [ 9.698169730638666, 48.537788099785836 ], [ 9.690491709406421, 48.534604215449271 ], [ 9.689914413256997, 48.530156422020028 ], [ 9.68478869624977, 48.524957184461869 ], [ 9.682060020134768, 48.524604338098925 ], [ 9.689287456385834, 48.518174051746534 ], [ 9.686608561895699, 48.517291135683593 ], [ 9.684978058139388, 48.519803016206943 ], [ 9.677938504167921, 48.523359839268885 ], [ 9.671931282028538, 48.521570546783217 ], [ 9.669954533883647, 48.523983673731884 ], [ 9.666677885989808, 48.524813327984162 ], [ 9.655820928329589, 48.524020661888784 ], [ 9.65650446057591, 48.521283201643016 ], [ 9.659250446369537, 48.521380718263629 ], [ 9.659247570043769, 48.519459517150075 ], [ 9.65569326530802, 48.518876058798362 ], [ 9.653138403966592, 48.519459026785668 ], [ 9.654196392870046, 48.520896901325116 ], [ 9.650513307455949, 48.520185275171542 ], [ 9.649510416969997, 48.521031847748645 ], [ 9.652474445915791, 48.522619255646731 ], [ 9.64904836021255, 48.525020911726088 ], [ 9.646747714648184, 48.524202878539 ], [ 9.645439349226979, 48.527025390036478 ], [ 9.638881554990276, 48.531165039662866 ], [ 9.63932161435635, 48.533083851783672 ], [ 9.633618711110014, 48.534756928319219 ], [ 9.6325501738896, 48.536978694128734 ], [ 9.621067090348225, 48.536996039754058 ], [ 9.62069671587351, 48.538764621298199 ], [ 9.618799066280692, 48.538866437107856 ], [ 9.618651453667477, 48.537291574042918 ], [ 9.616602773752497, 48.536762674252422 ], [ 9.611222776397728, 48.541458674773821 ], [ 9.603570193922803, 48.539310715417635 ], [ 9.60306327507212, 48.540367729389118 ], [ 9.599973496022908, 48.538283365672442 ], [ 9.587344070112707, 48.540203306536199 ], [ 9.585174510329146, 48.536741253354187 ], [ 9.58054179335117, 48.541145204169659 ], [ 9.576765162462614, 48.542489644433651 ], [ 9.578479330018517, 48.547099142650801 ], [ 9.572051218348676, 48.546110231112152 ], [ 9.56163443699943, 48.549016999567428 ], [ 9.560695193527128, 48.552075533861718 ], [ 9.564250122161736, 48.555999455061475 ], [ 9.569964974393779, 48.558934241590769 ], [ 9.567086452744658, 48.561401012919319 ], [ 9.573973390809552, 48.565442571595042 ], [ 9.573699338804591, 48.567031992622624 ], [ 9.578184950338299, 48.568427309789215 ], [ 9.578166952476423, 48.572249074461411 ], [ 9.589510189405907, 48.571461585091484 ], [ 9.593666849797374, 48.574562187861247 ], [ 9.592583920331784, 48.578141431561008 ], [ 9.596440860500193, 48.590879759642981 ], [ 9.592163484934224, 48.594181149291302 ], [ 9.59282136030761, 48.598170370847633 ], [ 9.587941123859302, 48.60465916361909 ], [ 9.595353900859882, 48.610016723894546 ], [ 9.595667918168513, 48.612096652548409 ], [ 9.593217970335029, 48.614028113160387 ], [ 9.592773685444163, 48.616767331304679 ], [ 9.587593320387649, 48.616724828721303 ], [ 9.582753765109638, 48.618753290317407 ], [ 9.577816975295555, 48.625144041026452 ], [ 9.559784269350564, 48.629854623122583 ], [ 9.538316151119741, 48.630562468551645 ], [ 9.534769577723322, 48.632896857547436 ], [ 9.534962266774409, 48.634814073993205 ], [ 9.55604437726579, 48.640580208055688 ], [ 9.555543364884469, 48.641924916776418 ], [ 9.550691931297527, 48.64297168486943 ], [ 9.550782932547829, 48.646659666108206 ], [ 9.554888461576644, 48.648403417234746 ], [ 9.554431826438075, 48.655935661200452 ], [ 9.549273428375791, 48.655249134875888 ], [ 9.540370529975011, 48.660296682724052 ], [ 9.523753460267963, 48.657624297916961 ], [ 9.523653352245869, 48.660192948775673 ], [ 9.508702264987365, 48.656409131653632 ], [ 9.510650109432678, 48.659421285584713 ], [ 9.50759128804547, 48.660302302087523 ], [ 9.507703606570361, 48.662785466376825 ], [ 9.50512436927448, 48.6641023862284 ], [ 9.503065378801482, 48.663211556795339 ], [ 9.499946081389666, 48.666358152742596 ], [ 9.495992035232852, 48.665189293213992 ], [ 9.49205990016536, 48.666250848622575 ], [ 9.493322741144519, 48.668213873640894 ], [ 9.491054159147403, 48.668921742278627 ], [ 9.495248639788326, 48.669634291732272 ], [ 9.49122088964967, 48.677669539709619 ], [ 9.49269192652473, 48.680331286465822 ], [ 9.488595793196206, 48.680725735724288 ], [ 9.48873573314428, 48.684450308222964 ], [ 9.493379114874596, 48.686507038826086 ], [ 9.488111748151304, 48.687066414101636 ], [ 9.489282039102475, 48.692810246452183 ], [ 9.487660157981477, 48.693065280095773 ], [ 9.490413952469583, 48.69390875848562 ], [ 9.490150705992413, 48.69677530302743 ], [ 9.493792954521403, 48.698106903369421 ], [ 9.491166310379459, 48.701524135020463 ], [ 9.491717658661605, 48.703112009132767 ], [ 9.487731086400233, 48.703372539787459 ], [ 9.48400712776308, 48.707662340418857 ], [ 9.493844514850375, 48.71231833023274 ], [ 9.49091838655947, 48.722000349474847 ], [ 9.486915042781993, 48.724949826758184 ], [ 9.487038252221465, 48.726866606865961 ], [ 9.493957943082092, 48.729483671882853 ], [ 9.497236275237913, 48.737301856167484 ], [ 9.503864692055258, 48.741624484044181 ], [ 9.510548704806174, 48.750623969916255 ], [ 9.503095504203415, 48.753939062666753 ], [ 9.507210412228096, 48.75625131112286 ], [ 9.504573224236617, 48.758826949684938 ], [ 9.507042673052945, 48.760467915954465 ], [ 9.509665941353004, 48.75924116574479 ], [ 9.517725623622944, 48.762280607285334 ], [ 9.517988460471901, 48.760718003850585 ], [ 9.528932690680975, 48.756964763710904 ], [ 9.528983218668342, 48.758521129419677 ], [ 9.534207582759048, 48.757109632904466 ], [ 9.536390171728343, 48.754052701134697 ], [ 9.541696014949425, 48.751922069505724 ], [ 9.541457651447802, 48.748835166578907 ], [ 9.547632081719506, 48.740506108108626 ], [ 9.552542928393331, 48.74179819068587 ], [ 9.552476873629391, 48.745188243330219 ], [ 9.555730455851005, 48.747815100156458 ], [ 9.562508330166695, 48.74754868561719 ], [ 9.567306725874266, 48.751923997855506 ], [ 9.569745031295101, 48.750307573223459 ], [ 9.581437274550117, 48.750530693188367 ], [ 9.581510144622085, 48.755851133177998 ], [ 9.583473525541029, 48.756700187372594 ], [ 9.585278356892408, 48.760347487033442 ], [ 9.584653882340428, 48.76244687788455 ], [ 9.587760522542968, 48.766063432519964 ], [ 9.584731562418831, 48.764168973336282 ], [ 9.579662801978357, 48.765238713070211 ], [ 9.571076905172406, 48.771714798385077 ], [ 9.571029196512066, 48.776346205083023 ], [ 9.5739902626499, 48.78020225655164 ], [ 9.588385839135242, 48.781067630207161 ], [ 9.5962506797923, 48.775777259603728 ], [ 9.605924226017052, 48.775177532544056 ], [ 9.614243080132351, 48.771035276761559 ], [ 9.6145257674377, 48.769290093290905 ], [ 9.616148635018543, 48.771326585442083 ], [ 9.622626199558802, 48.772780884912223 ], [ 9.622953147041622, 48.774267426299211 ] ], [ [ 9.775312115252234, 48.725792669757844 ], [ 9.78099139737418, 48.728734386721094 ], [ 9.777658624373034, 48.73346123906348 ], [ 9.767940036594016, 48.730609727994178 ], [ 9.765935651579928, 48.728303214782699 ], [ 9.775312115252234, 48.725792669757844 ] ] ] } },
{ "type": "Feature", "properties": { "OBJID": "DEBKGVG200000CC7", "BEGINN": "2023-10-04T00:00:00", "ADE": 4, "GF": 4, "BSG": 1, "LKZ": "BW", "ARS": "08118", "AGS": "08118", "SDV_ARS": "081180048048", "GEN": "Ludwigsburg", "BEZ": "Landkreis", "IBZ": 43, "BEM": "--", "NBD": "ja", "SN_L": "08", "SN_R": "1", "SN_K": "18", "SN_V1": "00", "SN_V2": "00", "SN_G": "000", "FK_S3": "R", "NUTS": "DE115", "ARS_0": "081180000000", "AGS_0": "08118000", "WSK": "2009-01-01T00:00:00", "DLM_ID": "DEBKGDL20000E3AL" }, "geometry": { "type": "MultiPolygon", "coordinates": [ [ [ [ 9.413960018207151, 49.061567586599821 ], [ 9.415039038478149, 49.058015899393176 ], [ 9.412597567765072, 49.051551541731413 ], [ 9.413837815692659, 49.048127385117709 ], [ 9.416235788734689, 49.047377050022178 ], [ 9.41239888017169, 49.044569257908471 ], [ 9.399535762414411, 49.043984674793592 ], [ 9.401327770166585, 49.049426466680437 ], [ 9.38345210081353, 49.046586836051887 ], [ 9.381622707125215, 49.04935711919687 ], [ 9.388817466048213, 49.050706163326986 ], [ 9.382909005750159, 49.052914146934675 ], [ 9.387695072924711, 49.056065241932153 ], [ 9.385030380568944, 49.058845277047027 ], [ 9.392051198757557, 49.058294344771163 ], [ 9.409293121237233, 49.062133873094439 ], [ 9.411253745778648, 49.063817111088063 ], [ 9.413960018207151, 49.061567586599821 ] ] ], [ [ [ 9.125125311023883, 49.063383673874085 ], [ 9.138279400350193, 49.05422478850312 ], [ 9.145420101016558, 49.053393906766324 ], [ 9.152962554364544, 49.057290234221639 ], [ 9.174868317345647, 49.051593982057653 ], [ 9.171796363364319, 49.044381567023294 ], [ 9.166113364867538, 49.040820388191108 ], [ 9.170271094970124, 49.042123497071593 ], [ 9.179475075025893, 49.033639215474018 ], [ 9.18578896294313, 49.030531551131354 ], [ 9.187537808529747, 49.032126337001074 ], [ 9.193325900685528, 49.030062154719197 ], [ 9.204728450934505, 49.030450380283746 ], [ 9.213719307340975, 49.028554893788844 ], [ 9.220276561349573, 49.031075524693243 ], [ 9.218933749857147, 49.031671849262821 ], [ 9.221127840965886, 49.033626062124561 ], [ 9.230634194708909, 49.027892213825197 ], [ 9.231614682026251, 49.025213018374494 ], [ 9.236700072901632, 49.021610343047989 ], [ 9.23604761246194, 49.020347998786889 ], [ 9.246708025545209, 49.022073534621896 ], [ 9.255729092405879, 49.027634577137967 ], [ 9.258679025535004, 49.027289556400198 ], [ 9.258602209103564, 49.028683008067119 ], [ 9.263637305138378, 49.030250044926056 ], [ 9.265953972470815, 49.02952901072662 ], [ 9.268292070396226, 49.031722708573653 ], [ 9.267051256862509, 49.035316236476746 ], [ 9.270860085706524, 49.037795954586208 ], [ 9.277172134432867, 49.03599408753994 ], [ 9.279587388328386, 49.040041466977698 ], [ 9.283221467082019, 49.04134943360738 ], [ 9.282888546912403, 49.043702638368266 ], [ 9.288698298005276, 49.042615977797396 ], [ 9.286939793218352, 49.038763139336915 ], [ 9.288316903639398, 49.036772073691949 ], [ 9.287143630644087, 49.034456509949337 ], [ 9.29490727854855, 49.031895330035091 ], [ 9.306889039204467, 49.034392483212635 ], [ 9.313627248364471, 49.034029986097181 ], [ 9.328872840342619, 49.037779863472267 ], [ 9.333870047968071, 49.035376341079541 ], [ 9.335192899553837, 49.040094723001829 ], [ 9.342378618699554, 49.04193140596 ], [ 9.352885408522171, 49.040637413792197 ], [ 9.355299733055958, 49.036911083866386 ], [ 9.365652405944367, 49.040596725721308 ], [ 9.375005511146682, 49.041437815733779 ], [ 9.380360832891844, 49.037074854546375 ], [ 9.399394445167397, 49.038172324432338 ], [ 9.399954072437986, 49.034378932730171 ], [ 9.398684322658395, 49.032914633010414 ], [ 9.387777938413992, 49.031830880642609 ], [ 9.388154198642734, 49.030163275831356 ], [ 9.385820274461281, 49.027558401542059 ], [ 9.380336186919829, 49.026325236525288 ], [ 9.383790207899892, 49.023652201734528 ], [ 9.384145703930876, 49.019508944833788 ], [ 9.366025164779771, 49.014792991146216 ], [ 9.36035025530381, 49.015355948303402 ], [ 9.341544733158589, 49.004655922066945 ], [ 9.344332975462047, 49.002894971593868 ], [ 9.343969979246458, 49.000921261196872 ], [ 9.340744712085979, 49.000869858270228 ], [ 9.340893438110928, 49.002849891081439 ], [ 9.325963061231059, 49.00011828371089 ], [ 9.325330192965874, 48.997200734128704 ], [ 9.334090548403623, 48.994467985420783 ], [ 9.348001707959519, 48.994090560039716 ], [ 9.347188182533152, 48.990942849360039 ], [ 9.350751440314667, 48.99112348251046 ], [ 9.352454194003734, 48.988435987944897 ], [ 9.362790748572824, 48.982544172667119 ], [ 9.362528391427057, 48.981399119622587 ], [ 9.365385875100571, 48.981356782371655 ], [ 9.365183044715353, 48.979212760434571 ], [ 9.367097211390853, 48.979303590004939 ], [ 9.371657601017155, 48.972900086253922 ], [ 9.368022988119421, 48.966833170959454 ], [ 9.347004847768167, 48.965367819613355 ], [ 9.339436385475386, 48.959667496612198 ], [ 9.33773912702538, 48.955826944265333 ], [ 9.330806996476324, 48.951058112735012 ], [ 9.323861161895346, 48.94989037467397 ], [ 9.320749326264677, 48.951437857434662 ], [ 9.318998352272283, 48.950334091529747 ], [ 9.319218773992908, 48.951964306938962 ], [ 9.314032914852612, 48.950576371589264 ], [ 9.308104918567791, 48.952267276921283 ], [ 9.304430455268216, 48.948414069208994 ], [ 9.307230124741761, 48.947859340064348 ], [ 9.306712448724166, 48.946144744659584 ], [ 9.314997566946753, 48.943368754768422 ], [ 9.314428132402419, 48.941834786486048 ], [ 9.31243223295567, 48.94189924542794 ], [ 9.316196115576313, 48.938626937894156 ], [ 9.314840033465414, 48.934897608580961 ], [ 9.31897051739347, 48.932359837806921 ], [ 9.320565605388191, 48.93357303999047 ], [ 9.331975046563294, 48.932613648042079 ], [ 9.333296377176596, 48.930468683545357 ], [ 9.335297177935244, 48.930433515106309 ], [ 9.334609754213028, 48.928979349749191 ], [ 9.338564096517533, 48.927954379556425 ], [ 9.34069716270511, 48.928692863136433 ], [ 9.340595949277674, 48.930533425729607 ], [ 9.350372493604201, 48.934085445570034 ], [ 9.355195272683758, 48.928468956281918 ], [ 9.354801999438486, 48.9267704307019 ], [ 9.362240443203826, 48.92402110343842 ], [ 9.35837350079837, 48.920087128179894 ], [ 9.361012879039338, 48.919286580236033 ], [ 9.358760118126069, 48.916421190158047 ], [ 9.362885954829324, 48.913333126593322 ], [ 9.362897493409115, 48.911678200379747 ], [ 9.365437259782224, 48.911029452514036 ], [ 9.376608145249875, 48.916557376689155 ], [ 9.378334204641085, 48.915099599541698 ], [ 9.374357095799112, 48.913584393325316 ], [ 9.374808088476239, 48.909442351354031 ], [ 9.369324853177904, 48.909341929210854 ], [ 9.366503501562624, 48.906866714426776 ], [ 9.365228457360688, 48.907708252876148 ], [ 9.359213444525791, 48.905281265979006 ], [ 9.354699962302877, 48.906314383428267 ], [ 9.351449214558938, 48.905300522480836 ], [ 9.349255248676172, 48.906905966205393 ], [ 9.337608585367144, 48.905507929828879 ], [ 9.336117586451085, 48.909072323272248 ], [ 9.326990673297663, 48.905603644358855 ], [ 9.315329992600455, 48.903699413238456 ], [ 9.316165232089492, 48.90022727686231 ], [ 9.313010047956011, 48.900373635095804 ], [ 9.311840466022945, 48.897437856948294 ], [ 9.304783811213975, 48.896471955683332 ], [ 9.303378833530106, 48.895359516726458 ], [ 9.306166333990623, 48.894067154870065 ], [ 9.302359535490623, 48.889681830571675 ], [ 9.297903037016283, 48.89007461787606 ], [ 9.300564361689659, 48.885605872943493 ], [ 9.297396030386492, 48.88536054290568 ], [ 9.30115066248171, 48.876487649197777 ], [ 9.304607596458093, 48.876762762853318 ], [ 9.305755255822001, 48.874759941027385 ], [ 9.299988305804902, 48.871383179517792 ], [ 9.293963487065277, 48.862679255139362 ], [ 9.289268342163119, 48.864365637989671 ], [ 9.277806635076297, 48.860470123767996 ], [ 9.268672981862981, 48.859398135447506 ], [ 9.259602396133447, 48.862805492206327 ], [ 9.25681196727778, 48.859977019943493 ], [ 9.255622888320129, 48.861160052666015 ], [ 9.25209815835381, 48.855094136497776 ], [ 9.249441944859045, 48.853966993332413 ], [ 9.244169857552707, 48.8470087154124 ], [ 9.240144929975195, 48.845967255128826 ], [ 9.233626644892023, 48.849416888648427 ], [ 9.233945103570891, 48.853926894081908 ], [ 9.229765959516275, 48.854760816526237 ], [ 9.230443467458693, 48.856477552143033 ], [ 9.228717841966811, 48.858346788492547 ], [ 9.230027757766601, 48.862985069996675 ], [ 9.224761128137548, 48.864184203603443 ], [ 9.225176788077519, 48.866005921824204 ], [ 9.220590270216992, 48.867248622721739 ], [ 9.21927331465124, 48.865488488814933 ], [ 9.215957972158252, 48.865576266019112 ], [ 9.215282224402698, 48.863292772885252 ], [ 9.205872143208728, 48.861366919354708 ], [ 9.206195243691894, 48.857430915107223 ], [ 9.207804975892314, 48.856873924174259 ], [ 9.204858896149211, 48.854384120540068 ], [ 9.207492013520426, 48.852759646298622 ], [ 9.193906740637432, 48.851233694015413 ], [ 9.190106035132189, 48.847750120797357 ], [ 9.177006252079451, 48.849506930363752 ], [ 9.176350931180583, 48.847608729211046 ], [ 9.171383736204589, 48.8493305883392 ], [ 9.169283613672009, 48.853191868735877 ], [ 9.165413642390979, 48.85130114425224 ], [ 9.159572445446061, 48.855053801543534 ], [ 9.159998742904124, 48.856399178727145 ], [ 9.155566520339177, 48.857946891159166 ], [ 9.153552974184949, 48.861241729757232 ], [ 9.145776550844568, 48.859492409313795 ], [ 9.140942052671893, 48.860773805924424 ], [ 9.140682670340391, 48.8564080582481 ], [ 9.133686684394469, 48.85748284445436 ], [ 9.134167063011065, 48.853009215584727 ], [ 9.13863433821076, 48.851678663609022 ], [ 9.142575113246597, 48.845286352958766 ], [ 9.138257405025001, 48.843740490977687 ], [ 9.134761887765382, 48.84543373156572 ], [ 9.131902496528699, 48.842925033096193 ], [ 9.138996529824604, 48.837309149181323 ], [ 9.138084473359209, 48.828051240309627 ], [ 9.122276936552041, 48.824357764852479 ], [ 9.115220800965027, 48.822912001145021 ], [ 9.111350824798775, 48.825337406295645 ], [ 9.10867889530549, 48.824926264562038 ], [ 9.108116535650623, 48.829335754214128 ], [ 9.102962321744965, 48.828065885351016 ], [ 9.099383302787373, 48.82934318653664 ], [ 9.094127005679903, 48.838191003466925 ], [ 9.092493136481451, 48.837675640759556 ], [ 9.085228030090514, 48.833077076797707 ], [ 9.086932516794681, 48.82590960587634 ], [ 9.08417666574889, 48.824278098323809 ], [ 9.083403727597229, 48.819021689773848 ], [ 9.080199200490595, 48.818623223918991 ], [ 9.0816420423604, 48.817272657944301 ], [ 9.076719014098341, 48.814726787147045 ], [ 9.083323771795268, 48.811510873337056 ], [ 9.084172391008391, 48.808372520128621 ], [ 9.086742088256175, 48.808332051423363 ], [ 9.083987579211822, 48.797135504502904 ], [ 9.080164762926016, 48.794703157900301 ], [ 9.078503560059511, 48.79517666707072 ], [ 9.074982520062903, 48.787128289520219 ], [ 9.088169227800741, 48.782031258851319 ], [ 9.085730544598961, 48.780825903133312 ], [ 9.083512944945591, 48.775128168074943 ], [ 9.085798146484979, 48.773763059395499 ], [ 9.083002421735152, 48.768834343420799 ], [ 9.075947446587161, 48.767197141910522 ], [ 9.077460445411024, 48.763852478998714 ], [ 9.076097832148367, 48.759562083772437 ], [ 9.077892905640025, 48.75480156258881 ], [ 9.074994745050589, 48.754236753624951 ], [ 9.051387811408889, 48.76352490759205 ], [ 9.049459349991212, 48.76705271104484 ], [ 9.050602015307918, 48.771169238137233 ], [ 9.0422175889796, 48.783481567618225 ], [ 9.043377109648421, 48.789298467914847 ], [ 9.038721943837436, 48.79516509528014 ], [ 9.030219726784683, 48.799433680956994 ], [ 9.036786006523693, 48.805196050538193 ], [ 9.037419440841257, 48.808127756177136 ], [ 9.042380855859228, 48.809344200113493 ], [ 9.041045109022788, 48.81391416588464 ], [ 9.046440575181398, 48.814758319933276 ], [ 9.043885823718416, 48.817288520432179 ], [ 9.043103182810585, 48.82112816747518 ], [ 9.037244864517746, 48.82160904965297 ], [ 9.038429035516335, 48.823450603973555 ], [ 9.036323095186148, 48.824169532934604 ], [ 9.036385948890373, 48.82569952701661 ], [ 9.031226170224357, 48.82648612071327 ], [ 9.030789608070275, 48.827856616039689 ], [ 9.025282322172448, 48.82742030573835 ], [ 9.024069986648181, 48.829355819427093 ], [ 9.021399176788586, 48.829463186797376 ], [ 9.005640159513071, 48.827175144295268 ], [ 9.00499614387653, 48.828423131019278 ], [ 9.000323977022486, 48.827936213270121 ], [ 8.995445162767542, 48.832377009106267 ], [ 8.991859159608124, 48.83333597054358 ], [ 8.981122012500471, 48.830293565877128 ], [ 8.970833605502618, 48.832509526370501 ], [ 8.968182917307091, 48.828856985083348 ], [ 8.964902412468298, 48.830916710377629 ], [ 8.960559821759469, 48.838529787000148 ], [ 8.957492167989926, 48.839185384305097 ], [ 8.958909591633711, 48.839966615061286 ], [ 8.956854406378218, 48.841099614421665 ], [ 8.961241673918851, 48.846680024953415 ], [ 8.957494816018945, 48.85550135551717 ], [ 8.952576224641271, 48.856418986407746 ], [ 8.938023122236602, 48.866389844508987 ], [ 8.934191034312766, 48.867676403298582 ], [ 8.928800380471786, 48.866557042982372 ], [ 8.926662945758231, 48.868137094556133 ], [ 8.927954704365579, 48.870773040379618 ], [ 8.924061155404123, 48.871833505239344 ], [ 8.923631043675966, 48.875416673868848 ], [ 8.921117799273018, 48.876793414413555 ], [ 8.917519105805356, 48.883426156670438 ], [ 8.917492993778977, 48.888823200799379 ], [ 8.913018281472338, 48.895083591702161 ], [ 8.912337271669617, 48.897547728427384 ], [ 8.915217908660329, 48.899162963835977 ], [ 8.914532279533539, 48.903021397439211 ], [ 8.91265629197685, 48.906157705043803 ], [ 8.90745469727575, 48.907504243773886 ], [ 8.907248046512747, 48.909879314652301 ], [ 8.910169030719402, 48.911977438551084 ], [ 8.915347000439121, 48.912325633855069 ], [ 8.91531024419603, 48.913449588986161 ], [ 8.922930799012125, 48.914142322702986 ], [ 8.922650177373868, 48.916054462121728 ], [ 8.924470230242633, 48.915909263667871 ], [ 8.926421000674138, 48.919724036806592 ], [ 8.915532569290329, 48.92251155935525 ], [ 8.907899957945682, 48.920486772968516 ], [ 8.907081793272502, 48.922121339121112 ], [ 8.90059588795012, 48.923827721759174 ], [ 8.906425736069695, 48.925881248468002 ], [ 8.904382959638763, 48.927146906101925 ], [ 8.905592337338049, 48.92797438398344 ], [ 8.902345695843733, 48.934994124493535 ], [ 8.90297772599776, 48.93883527027603 ], [ 8.904472473011994, 48.944151087340458 ], [ 8.907231296631336, 48.944070546129723 ], [ 8.906815775542947, 48.942422283873881 ], [ 8.908421615355287, 48.941589645146408 ], [ 8.917480223665848, 48.941871392437442 ], [ 8.917958892750383, 48.940177946564013 ], [ 8.924661838450307, 48.939822969294347 ], [ 8.929615891423031, 48.936546317251519 ], [ 8.931821849173657, 48.938844301955086 ], [ 8.940789700710978, 48.938538155710646 ], [ 8.948180293721121, 48.941852690138937 ], [ 8.946098837168263, 48.943568580045429 ], [ 8.945315067089718, 48.961765750510445 ], [ 8.941613769355955, 48.961732141989017 ], [ 8.939171599652864, 48.968409035061555 ], [ 8.930759364707422, 48.971214843645932 ], [ 8.920298977978398, 48.982312470634916 ], [ 8.923580351179201, 48.98353732033528 ], [ 8.925503120116609, 48.986614121579365 ], [ 8.921267256632587, 48.98698615080697 ], [ 8.922019870503965, 48.989056899203923 ], [ 8.933352906732186, 48.990718759512752 ], [ 8.930132007052356, 48.995612421743935 ], [ 8.916647168273542, 49.005362932409056 ], [ 8.919409455007864, 49.008289823645335 ], [ 8.907744780821746, 49.016589730461853 ], [ 8.903771769162734, 49.022173751832142 ], [ 8.894728743135834, 49.024893267223085 ], [ 8.887288493653003, 49.029961941624656 ], [ 8.87850334978936, 49.031643156522897 ], [ 8.876031580740609, 49.03516987528041 ], [ 8.877801142181367, 49.035852303013115 ], [ 8.877302517639476, 49.037662352647523 ], [ 8.885018045501434, 49.040589939820379 ], [ 8.886001197740644, 49.044751502090847 ], [ 8.909184280321409, 49.041017298199783 ], [ 8.91163379319894, 49.039351800834119 ], [ 8.919397093206475, 49.039632732489011 ], [ 8.928407077855036, 49.036925877540753 ], [ 8.930487651659888, 49.040274744092201 ], [ 8.937738419694526, 49.040331293003376 ], [ 8.942016928443707, 49.037503171875201 ], [ 8.955587740395918, 49.039310754154606 ], [ 8.955139382625749, 49.036641668449029 ], [ 8.964767601265919, 49.034633172474933 ], [ 8.963380511054051, 49.040821522168265 ], [ 8.973859518028402, 49.041351858275952 ], [ 8.986213896412643, 49.039684551542592 ], [ 8.989339878150068, 49.037738669131812 ], [ 8.987437804186237, 49.03468124802658 ], [ 8.988125662549745, 49.027124792669809 ], [ 9.007530230664376, 49.021610042454235 ], [ 9.013445672366682, 49.020960183900399 ], [ 9.019715614982347, 49.024362923358254 ], [ 9.016733382403952, 49.028380615618985 ], [ 9.022693107640325, 49.028990290684149 ], [ 9.030660195295043, 49.02747599390505 ], [ 9.026910521461962, 49.023927196314943 ], [ 9.034426649632495, 49.02372011970818 ], [ 9.036495934365179, 49.025476816370883 ], [ 9.042913302754316, 49.02438958587706 ], [ 9.060165183110591, 49.025527099803831 ], [ 9.062321659105764, 49.02749708044378 ], [ 9.061396346395268, 49.032634581417852 ], [ 9.05804962593559, 49.038210049960405 ], [ 9.061367990000537, 49.03818473886016 ], [ 9.062600995194197, 49.04273457993142 ], [ 9.067099074905524, 49.046102833415979 ], [ 9.081407265673294, 49.048192378897937 ], [ 9.081243218431723, 49.049584677085981 ], [ 9.106642318046072, 49.051568210797846 ], [ 9.102955521898521, 49.05505763730563 ], [ 9.104128256717225, 49.055684002888484 ], [ 9.101562449219381, 49.057316212757996 ], [ 9.100005440465683, 49.060976098896376 ], [ 9.101842481333781, 49.063049543497542 ], [ 9.109941625562886, 49.064211100410816 ], [ 9.110921963123776, 49.062668475598208 ], [ 9.115944599668486, 49.06272172596352 ], [ 9.118574143036886, 49.06459839766525 ], [ 9.125125311023883, 49.063383673874085 ] ] ] ] } },
{ "type": "Feature", "properties": { "OBJID": "DEBKGVG200000CC8", "BEGINN": "2025-04-12T00:00:00", "ADE": 4, "GF": 4, "BSG": 1, "LKZ": "BW", "ARS": "08119", "AGS": "08119", "SDV_ARS": "081190079079", "GEN": "Rems-Murr-Kreis", "BEZ": "Landkreis", "IBZ": 43, "BEM": "--", "NBD": "nein", "SN_L": "08", "SN_R": "1", "SN_K": "19", "SN_V1": "00", "SN_V2": "00", "SN_G": "000", "FK_S3": "R", "NUTS": "DE116", "ARS_0": "081190000000", "AGS_0": "08119000", "WSK": "2009-01-01T00:00:00", "DLM_ID": "DEBKGDL20000DZT1" }, "geometry": { "type": "Polygon", "coordinates": [ [ [ 9.693308877013456, 48.964017082926226 ], [ 9.690945513376493, 48.962389969799126 ], [ 9.691729606010576, 48.958788859603281 ], [ 9.687872052654022, 48.9526176461153 ], [ 9.697535071587632, 48.950519861054545 ], [ 9.695720005613447, 48.946333385557693 ], [ 9.688922080612389, 48.947003753555997 ], [ 9.684681857380177, 48.944175597024739 ], [ 9.676804817412988, 48.944072811179623 ], [ 9.676838292001854, 48.942103278264995 ], [ 9.673526020144774, 48.939870587144519 ], [ 9.677123377620688, 48.938635885206018 ], [ 9.679593770532041, 48.935679355993223 ], [ 9.679306609490803, 48.933440261495264 ], [ 9.686098104950224, 48.929087436631157 ], [ 9.686181383862207, 48.926279928851571 ], [ 9.700516563356434, 48.928747867649321 ], [ 9.700157648442136, 48.920722366638039 ], [ 9.697334405713944, 48.917311242716593 ], [ 9.701695976705773, 48.911847040515504 ], [ 9.706309131664568, 48.909289616870581 ], [ 9.709316076375163, 48.912324042618835 ], [ 9.717114246739733, 48.915302173141399 ], [ 9.72023630312613, 48.914640476595473 ], [ 9.72075181074462, 48.913133046530085 ], [ 9.716084886951585, 48.908072573644091 ], [ 9.725069995125729, 48.908486132998668 ], [ 9.745327693035232, 48.899632172064337 ], [ 9.747778256442942, 48.895811458149353 ], [ 9.747237084698289, 48.892892676360908 ], [ 9.737429418832551, 48.891189993223996 ], [ 9.749185518829576, 48.886510389968983 ], [ 9.751971904487846, 48.881323560203342 ], [ 9.751002697167412, 48.877948405211129 ], [ 9.742163157978462, 48.875550210883446 ], [ 9.741451263406157, 48.873989400749274 ], [ 9.750502400716908, 48.869733503408092 ], [ 9.749750261526058, 48.866355695668126 ], [ 9.751380359615698, 48.863002876231846 ], [ 9.75633936702808, 48.861615067337887 ], [ 9.757236471342175, 48.858221338757723 ], [ 9.765935897670998, 48.853503217173795 ], [ 9.757314940333083, 48.85309532388041 ], [ 9.753391806063377, 48.848536174612534 ], [ 9.76486364728755, 48.845113844873644 ], [ 9.768364851044273, 48.838880925032058 ], [ 9.765860870900108, 48.837879445010159 ], [ 9.76929644665425, 48.83686436151676 ], [ 9.769630272725713, 48.833844435478497 ], [ 9.766161491875675, 48.832279204089993 ], [ 9.763653298261978, 48.833278949918707 ], [ 9.762737518355591, 48.832580367947948 ], [ 9.766410782295184, 48.831324584772801 ], [ 9.76640591067267, 48.829627643560904 ], [ 9.764382228899647, 48.831026321176431 ], [ 9.762333599049976, 48.830473142579791 ], [ 9.762763132278032, 48.829099935721132 ], [ 9.757873251618179, 48.829067457473748 ], [ 9.754789930110496, 48.8275988659136 ], [ 9.755246853419548, 48.825429921865378 ], [ 9.752339127895354, 48.823103531340664 ], [ 9.733497564394098, 48.819063127391367 ], [ 9.72828819650095, 48.816059194858099 ], [ 9.719792786626886, 48.814201229286027 ], [ 9.714510421092248, 48.818621070590709 ], [ 9.713793864114624, 48.82059109560138 ], [ 9.716551435029615, 48.821657564582189 ], [ 9.71313632028232, 48.821592258439047 ], [ 9.710548645561186, 48.828283347749021 ], [ 9.707901424071613, 48.828561347603447 ], [ 9.702349077727623, 48.827397483592158 ], [ 9.703452682458622, 48.823232235348769 ], [ 9.701096581419394, 48.823215356214384 ], [ 9.699571478936651, 48.82566871966155 ], [ 9.694578699489519, 48.825290953057554 ], [ 9.694766951802245, 48.82215345853492 ], [ 9.680161904307582, 48.824808002337043 ], [ 9.678430635159497, 48.822474822014435 ], [ 9.673969636754842, 48.824492423643704 ], [ 9.670845524413172, 48.823183078809492 ], [ 9.661467896358904, 48.823562550314918 ], [ 9.658959000427547, 48.825288447243764 ], [ 9.656512295701058, 48.824208659219451 ], [ 9.656816916851474, 48.820001820604944 ], [ 9.655019323236985, 48.817640788589337 ], [ 9.640188444310409, 48.820227359506909 ], [ 9.645098731275201, 48.815649357531221 ], [ 9.644203423715645, 48.814890741340037 ], [ 9.647111178682039, 48.812538712362567 ], [ 9.646631048383496, 48.811254258706242 ], [ 9.65178756776414, 48.809770704696177 ], [ 9.649326814325264, 48.80874296615405 ], [ 9.650596961779867, 48.806982223703301 ], [ 9.646751154152057, 48.807639505743282 ], [ 9.64230880066302, 48.805518793468096 ], [ 9.644459271911439, 48.797836631967286 ], [ 9.64210585329854, 48.797737571666538 ], [ 9.643167000038176, 48.796234787841549 ], [ 9.63493259931152, 48.796144104706286 ], [ 9.634927797853424, 48.794120461670353 ], [ 9.628299403540755, 48.792548786108455 ], [ 9.627709888190536, 48.788991618675375 ], [ 9.619979220836404, 48.78821124526273 ], [ 9.619061777046451, 48.779507008418932 ], [ 9.622763011345063, 48.77801631202837 ], [ 9.621372077713955, 48.775918788928017 ], [ 9.626597886965353, 48.774377045728187 ], [ 9.626125238980721, 48.773420000199167 ], [ 9.622953147041622, 48.774267426299211 ], [ 9.622626199558802, 48.772780884912223 ], [ 9.616148635018543, 48.771326585442083 ], [ 9.6145257674377, 48.769290093290905 ], [ 9.614243080132351, 48.771035276761559 ], [ 9.605924226017052, 48.775177532544056 ], [ 9.5962506797923, 48.775777259603728 ], [ 9.588385839135242, 48.781067630207161 ], [ 9.5739902626499, 48.78020225655164 ], [ 9.572399728127209, 48.778687038548377 ], [ 9.571076905172406, 48.771714798385077 ], [ 9.579662801978357, 48.765238713070211 ], [ 9.584731562418831, 48.764168973336282 ], [ 9.587760522542968, 48.766063432519964 ], [ 9.584653882340428, 48.76244687788455 ], [ 9.585278356892408, 48.760347487033442 ], [ 9.583473525541029, 48.756700187372594 ], [ 9.581510144622085, 48.755851133177998 ], [ 9.580847272203075, 48.750085127832321 ], [ 9.569745031295101, 48.750307573223459 ], [ 9.567306725874266, 48.751923997855506 ], [ 9.562508330166695, 48.74754868561719 ], [ 9.555730455851005, 48.747815100156458 ], [ 9.552476873629391, 48.745188243330219 ], [ 9.552542928393331, 48.74179819068587 ], [ 9.547632081719506, 48.740506108108626 ], [ 9.541457651447802, 48.748835166578907 ], [ 9.541696014949425, 48.751922069505724 ], [ 9.536390171728343, 48.754052701134697 ], [ 9.534207582759048, 48.757109632904466 ], [ 9.528983218668342, 48.758521129419677 ], [ 9.528932690680975, 48.756964763710904 ], [ 9.516542285182597, 48.762270149357306 ], [ 9.509665941353004, 48.75924116574479 ], [ 9.507042673052945, 48.760467915954465 ], [ 9.504573224236617, 48.758826949684938 ], [ 9.507210412228096, 48.75625131112286 ], [ 9.503095504203415, 48.753939062666753 ], [ 9.496818189906149, 48.757570075546987 ], [ 9.492739415317429, 48.767318531250737 ], [ 9.486338426162144, 48.765668459308571 ], [ 9.478457862314144, 48.769059013663778 ], [ 9.472714033492759, 48.774951111322387 ], [ 9.463090816962641, 48.770607680632445 ], [ 9.457192864403108, 48.773439608323862 ], [ 9.457587126474762, 48.775359022303078 ], [ 9.453498384546844, 48.775023830971513 ], [ 9.446368816030757, 48.777492842477322 ], [ 9.43577154591078, 48.775458252355399 ], [ 9.435683565355617, 48.773883456448694 ], [ 9.428439539660559, 48.767931822456099 ], [ 9.429825750511911, 48.764914192813457 ], [ 9.423121605451197, 48.76354535212355 ], [ 9.41970628639441, 48.758673465151361 ], [ 9.416802469627214, 48.757478263120205 ], [ 9.419128324802161, 48.760125116433535 ], [ 9.419220309869814, 48.764082203942245 ], [ 9.417861710321333, 48.765760786612219 ], [ 9.415100087868442, 48.765140277473471 ], [ 9.413125154414995, 48.767063703938462 ], [ 9.412827660237019, 48.770631428856639 ], [ 9.408136898033318, 48.772896955412214 ], [ 9.411737918986349, 48.773723721181405 ], [ 9.407469675741044, 48.778970402616153 ], [ 9.405948802426355, 48.778217940476473 ], [ 9.401868008086224, 48.783556214136112 ], [ 9.390764780099376, 48.788203981021468 ], [ 9.382613664795391, 48.782779886182951 ], [ 9.386805313706803, 48.775068962214625 ], [ 9.3864766912451, 48.770406727496479 ], [ 9.378799841046686, 48.769933868759736 ], [ 9.377636293430637, 48.772593385458677 ], [ 9.365485538961947, 48.76965495546402 ], [ 9.35679324995546, 48.774764577509423 ], [ 9.354372856422442, 48.774110084659902 ], [ 9.35249192073236, 48.76962959215998 ], [ 9.344680998883179, 48.770203249886492 ], [ 9.344984129849252, 48.767356314319322 ], [ 9.342598310593424, 48.768768048710776 ], [ 9.335556997174161, 48.765640752155285 ], [ 9.333280467967105, 48.768701003544713 ], [ 9.326044771671201, 48.768337253070534 ], [ 9.314380671770657, 48.773502136955024 ], [ 9.315226228053501, 48.779006637226338 ], [ 9.307292417960943, 48.778436168866492 ], [ 9.307069327170549, 48.78087122929697 ], [ 9.29937756366474, 48.778558577507859 ], [ 9.294786958372836, 48.781125605456786 ], [ 9.293642378321943, 48.782306687894319 ], [ 9.294777646028084, 48.783575502640801 ], [ 9.299088934996766, 48.78548040711172 ], [ 9.295229804359682, 48.789063409521646 ], [ 9.291259643539787, 48.786690812438763 ], [ 9.288907829497857, 48.787663612480031 ], [ 9.291606267940422, 48.790813996478427 ], [ 9.29000680021668, 48.79163309263172 ], [ 9.273401442073586, 48.789382574815903 ], [ 9.27465387954908, 48.791537043033479 ], [ 9.273198761516213, 48.794174364328015 ], [ 9.265440531596742, 48.791435205302449 ], [ 9.263029183365051, 48.792577702961282 ], [ 9.264086590828828, 48.79382169075712 ], [ 9.262996968281216, 48.795446573803055 ], [ 9.259348417701576, 48.796512276714246 ], [ 9.251413518977222, 48.792187135858825 ], [ 9.247395990159861, 48.795946649457903 ], [ 9.249800610270466, 48.796144584790227 ], [ 9.250237522731187, 48.799270581138181 ], [ 9.254679868517304, 48.800183849467132 ], [ 9.255328175590233, 48.803662437190852 ], [ 9.254154579373191, 48.803676832754569 ], [ 9.253240850363801, 48.809160645958023 ], [ 9.257230928388422, 48.809921861153533 ], [ 9.253142406430602, 48.819765748990456 ], [ 9.249965113098266, 48.818848651106698 ], [ 9.248438614013928, 48.821559205140552 ], [ 9.243386356605431, 48.822930198614166 ], [ 9.244067312795753, 48.824759089159919 ], [ 9.241765100124582, 48.82622182383566 ], [ 9.241521386683752, 48.828791540347979 ], [ 9.244397908833069, 48.834508640478766 ], [ 9.239514095492552, 48.836321281249838 ], [ 9.238431336835037, 48.837482035478274 ], [ 9.240006050773427, 48.838884431546944 ], [ 9.237327462040689, 48.841804366443561 ], [ 9.241477302446446, 48.844153981194751 ], [ 9.249441944859045, 48.853966993332413 ], [ 9.25209815835381, 48.855094136497776 ], [ 9.255622888320129, 48.861160052666015 ], [ 9.25681196727778, 48.859977019943493 ], [ 9.259602396133447, 48.862805492206327 ], [ 9.268672981862981, 48.859398135447506 ], [ 9.277806635076297, 48.860470123767996 ], [ 9.289268342163119, 48.864365637989671 ], [ 9.293963487065277, 48.862679255139362 ], [ 9.299988305804902, 48.871383179517792 ], [ 9.305755255822001, 48.874759941027385 ], [ 9.304607596458093, 48.876762762853318 ], [ 9.30115066248171, 48.876487649197777 ], [ 9.297396030386492, 48.88536054290568 ], [ 9.300564361689659, 48.885605872943493 ], [ 9.297903037016283, 48.89007461787606 ], [ 9.302359535490623, 48.889681830571675 ], [ 9.306166333990623, 48.894067154870065 ], [ 9.303378833530106, 48.895359516726458 ], [ 9.304783811213975, 48.896471955683332 ], [ 9.311840466022945, 48.897437856948294 ], [ 9.313010047956011, 48.900373635095804 ], [ 9.316165232089492, 48.90022727686231 ], [ 9.315329992600455, 48.903699413238456 ], [ 9.326990673297663, 48.905603644358855 ], [ 9.336117586451085, 48.909072323272248 ], [ 9.337608585367144, 48.905507929828879 ], [ 9.349255248676172, 48.906905966205393 ], [ 9.351449214558938, 48.905300522480836 ], [ 9.354699962302877, 48.906314383428267 ], [ 9.359213444525791, 48.905281265979006 ], [ 9.365228457360688, 48.907708252876148 ], [ 9.366503501562624, 48.906866714426776 ], [ 9.369324853177904, 48.909341929210854 ], [ 9.374808088476239, 48.909442351354031 ], [ 9.374357095799112, 48.913584393325316 ], [ 9.378334204641085, 48.915099599541698 ], [ 9.375751044179417, 48.916440804689699 ], [ 9.364125009231898, 48.911124034854147 ], [ 9.358760118126069, 48.916421190158047 ], [ 9.361288834100803, 48.918578805233714 ], [ 9.35837350079837, 48.920087128179894 ], [ 9.362240443203826, 48.92402110343842 ], [ 9.354801999438486, 48.9267704307019 ], [ 9.355195272683758, 48.928468956281918 ], [ 9.350372493604201, 48.934085445570034 ], [ 9.340595949277674, 48.930533425729607 ], [ 9.34069716270511, 48.928692863136433 ], [ 9.338564096517533, 48.927954379556425 ], [ 9.334609754213028, 48.928979349749191 ], [ 9.335297177935244, 48.930433515106309 ], [ 9.333296377176596, 48.930468683545357 ], [ 9.331975046563294, 48.932613648042079 ], [ 9.320565605388191, 48.93357303999047 ], [ 9.31897051739347, 48.932359837806921 ], [ 9.314840033465414, 48.934897608580961 ], [ 9.316196115576313, 48.938626937894156 ], [ 9.31243223295567, 48.94189924542794 ], [ 9.314428132402419, 48.941834786486048 ], [ 9.314997566946753, 48.943368754768422 ], [ 9.306712448724166, 48.946144744659584 ], [ 9.307230124741761, 48.947859340064348 ], [ 9.304430455268216, 48.948414069208994 ], [ 9.308104918567791, 48.952267276921283 ], [ 9.314032914852612, 48.950576371589264 ], [ 9.319218773992908, 48.951964306938962 ], [ 9.318998352272283, 48.950334091529747 ], [ 9.320749326264677, 48.951437857434662 ], [ 9.323861161895346, 48.94989037467397 ], [ 9.330806996476324, 48.951058112735012 ], [ 9.33773912702538, 48.955826944265333 ], [ 9.339436385475386, 48.959667496612198 ], [ 9.347004847768167, 48.965367819613355 ], [ 9.368022988119421, 48.966833170959454 ], [ 9.371475136560175, 48.971422676386837 ], [ 9.367097211390853, 48.979303590004939 ], [ 9.365183044715353, 48.979212760434571 ], [ 9.365385875100571, 48.981356782371655 ], [ 9.362528391427057, 48.981399119622587 ], [ 9.362790748572824, 48.982544172667119 ], [ 9.352454194003734, 48.988435987944897 ], [ 9.350751440314667, 48.99112348251046 ], [ 9.347188182533152, 48.990942849360039 ], [ 9.348001707959519, 48.994090560039716 ], [ 9.334090548403623, 48.994467985420783 ], [ 9.325330192965874, 48.997200734128704 ], [ 9.325963061231059, 49.00011828371089 ], [ 9.340893438110928, 49.002849891081439 ], [ 9.340744712085979, 49.000869858270228 ], [ 9.343969979246458, 49.000921261196872 ], [ 9.344332975462047, 49.002894971593868 ], [ 9.341544733158589, 49.004655922066945 ], [ 9.36035025530381, 49.015355948303402 ], [ 9.366025164779771, 49.014792991146216 ], [ 9.384145703930876, 49.019508944833788 ], [ 9.383790207899892, 49.023652201734528 ], [ 9.380336186919829, 49.026325236525288 ], [ 9.385820274461281, 49.027558401542059 ], [ 9.388154198642734, 49.030163275831356 ], [ 9.387777938413992, 49.031830880642609 ], [ 9.398684322658395, 49.032914633010414 ], [ 9.399954072437986, 49.034378932730171 ], [ 9.399535762414411, 49.043984674793592 ], [ 9.41239888017169, 49.044569257908471 ], [ 9.416235788734689, 49.047377050022178 ], [ 9.419817118448314, 49.046332259395925 ], [ 9.424815157041266, 49.052335292836617 ], [ 9.426860616613148, 49.052669769445323 ], [ 9.427844541566587, 49.05026846757638 ], [ 9.43508370478393, 49.047800955783217 ], [ 9.432915598358973, 49.049309487946338 ], [ 9.44049394209763, 49.052574844315053 ], [ 9.43543770721452, 49.060307768727043 ], [ 9.439904536706605, 49.06447003348935 ], [ 9.449782876346694, 49.069753482935113 ], [ 9.451017719717559, 49.072749057797111 ], [ 9.455132591971008, 49.073707531742983 ], [ 9.46647252094751, 49.071644963461758 ], [ 9.476464724881971, 49.075388499515888 ], [ 9.481586070436718, 49.0749678541656 ], [ 9.483641400991043, 49.076848563369268 ], [ 9.495674566270909, 49.075661872076736 ], [ 9.500877051925428, 49.079000704749006 ], [ 9.507444651605688, 49.07525414645503 ], [ 9.518381593073478, 49.077428507414353 ], [ 9.518317603684947, 49.074513491032917 ], [ 9.519948302886927, 49.075121467940335 ], [ 9.52066597411288, 49.073490620009899 ], [ 9.517795259972315, 49.068554075914442 ], [ 9.520817869497797, 49.067348224028471 ], [ 9.522028460265052, 49.065029057755538 ], [ 9.534591537973917, 49.063826470331101 ], [ 9.535413388027614, 49.062572173578801 ], [ 9.533464570212773, 49.058604605781746 ], [ 9.535258262915722, 49.057644300855102 ], [ 9.550535162598555, 49.056378407902095 ], [ 9.552271269712696, 49.054519537034487 ], [ 9.557969361536161, 49.053672917550031 ], [ 9.56796835391885, 49.05342347861842 ], [ 9.57113310756732, 49.047151497700881 ], [ 9.575428119712244, 49.049390863970252 ], [ 9.575556963615636, 49.051955514402039 ], [ 9.578552944161748, 49.05488563203901 ], [ 9.587638910428264, 49.056706372024642 ], [ 9.605231762471268, 49.054716037999953 ], [ 9.603200352626088, 49.051786733926747 ], [ 9.611977611238531, 49.051746842840359 ], [ 9.614739477001432, 49.050392501542667 ], [ 9.613546287268646, 49.0482962183845 ], [ 9.595762704104235, 49.045779193784242 ], [ 9.597677635135472, 49.041423100915679 ], [ 9.603495951018417, 49.040507430980483 ], [ 9.613473433409508, 49.035855633339608 ], [ 9.604869533552861, 49.032090181245259 ], [ 9.610179132033901, 49.026043015382221 ], [ 9.613616767303231, 49.02505390038187 ], [ 9.606352264010217, 49.019221364359403 ], [ 9.604958692758423, 49.014712790030799 ], [ 9.601067367017796, 49.01291857468577 ], [ 9.602526500432809, 49.010924451983911 ], [ 9.597719185436677, 49.006946013762395 ], [ 9.601834915308689, 49.005459041947908 ], [ 9.600274602161553, 49.004079280959424 ], [ 9.613283012448385, 49.002977950335953 ], [ 9.616339826059745, 49.005529696096978 ], [ 9.635041072731322, 49.004128899130166 ], [ 9.6403267529214, 48.997078839052179 ], [ 9.645550518541656, 48.994148848925782 ], [ 9.649658521453288, 48.996217790723271 ], [ 9.655619803813916, 48.994571996237852 ], [ 9.654562723779573, 48.993268768908791 ], [ 9.655857763438553, 48.992684911870874 ], [ 9.666089967327746, 48.993796134515975 ], [ 9.668986383032594, 48.991488098118715 ], [ 9.67073901864412, 48.992103761537756 ], [ 9.671747061689079, 48.989907550749031 ], [ 9.67627676583305, 48.989572258900019 ], [ 9.675473925665564, 48.986957894863266 ], [ 9.668155620059895, 48.986543858187019 ], [ 9.666372697633825, 48.987699871014264 ], [ 9.663652398678613, 48.986150451321748 ], [ 9.669514193771718, 48.979052459219581 ], [ 9.671609146328318, 48.974013060154888 ], [ 9.67658331119749, 48.97155834933541 ], [ 9.651923177276815, 48.966840547210495 ], [ 9.662768120994729, 48.966958358017209 ], [ 9.666814956742527, 48.962014645719634 ], [ 9.668398518530333, 48.962071423044392 ], [ 9.683135014018234, 48.968692230467532 ], [ 9.690040444245819, 48.966682781736381 ], [ 9.693308877013456, 48.964017082926226 ] ] ] } },
{ "type": "Feature", "properties": { "OBJID": "DEBKGVG200000CC9", "BEGINN": "2025-04-12T00:00:00", "ADE": 4, "GF": 4, "BSG": 1, "LKZ": "BW", "ARS": "08121", "AGS": "08121", "SDV_ARS": "081210000000", "GEN": "Heilbronn", "BEZ": "Stadtkreis", "IBZ": 41, "BEM": "--", "NBD": "ja", "SN_L": "08", "SN_R": "1", "SN_K": "21", "SN_V1": "00", "SN_V2": "00", "SN_G": "000", "FK_S3": "R", "NUTS": "DE117", "ARS_0": "081210000000", "AGS_0": "08121000", "WSK": "1974-04-01T00:00:00", "DLM_ID": "DEBKGDL20000E0MB" }, "geometry": { "type": "Polygon", "coordinates": [ [ [ 9.114333634042056, 49.210537459800086 ], [ 9.15056644915826, 49.20835363500052 ], [ 9.159719559188602, 49.206500516064835 ], [ 9.160872687076647, 49.203545462561429 ], [ 9.163444028152458, 49.203405189868185 ], [ 9.164696624738658, 49.191913806633245 ], [ 9.175855963060734, 49.192965829377684 ], [ 9.175965207427289, 49.191789245188957 ], [ 9.2089264444992, 49.186574916225574 ], [ 9.212830069992936, 49.187822863425787 ], [ 9.214791523551337, 49.183106265381063 ], [ 9.219110624381843, 49.181968668217301 ], [ 9.22085451151162, 49.170554416302146 ], [ 9.235969683016508, 49.169673281090603 ], [ 9.239493311860906, 49.163991420839167 ], [ 9.246549705861749, 49.164844197934968 ], [ 9.249022964927235, 49.164691899845238 ], [ 9.249846702777337, 49.162551025278624 ], [ 9.257664523623429, 49.163132712737074 ], [ 9.262605508773904, 49.155549721544077 ], [ 9.254474981549729, 49.15380096321033 ], [ 9.255180545035042, 49.149889977425758 ], [ 9.272342131862619, 49.144294857402478 ], [ 9.271119130740498, 49.140629096826771 ], [ 9.278263966995313, 49.13733374867774 ], [ 9.276820792044738, 49.135311914884966 ], [ 9.278833304357834, 49.132716058343583 ], [ 9.277692351425859, 49.12580377187453 ], [ 9.274933151587373, 49.12218428005523 ], [ 9.290895624527305, 49.118817577285817 ], [ 9.29765516322472, 49.119675785809036 ], [ 9.300539777891837, 49.114320193986323 ], [ 9.295240659383408, 49.112614517598558 ], [ 9.285634097906835, 49.115095089551531 ], [ 9.269030070747082, 49.111270566102142 ], [ 9.268937412369089, 49.108993602888056 ], [ 9.2556461050943, 49.108990640433625 ], [ 9.253226115383052, 49.108253052283246 ], [ 9.252791301248342, 49.105990252172937 ], [ 9.256672291886215, 49.104261230269621 ], [ 9.25350661591334, 49.103758252636318 ], [ 9.227425877593616, 49.106127676477243 ], [ 9.224004350756635, 49.10802033456914 ], [ 9.217350161495087, 49.107396876756063 ], [ 9.21587341674368, 49.111348378063859 ], [ 9.213880025827605, 49.112257426938413 ], [ 9.204206113455019, 49.112898020250704 ], [ 9.201762008664316, 49.11225620770653 ], [ 9.196740892591574, 49.106881267489385 ], [ 9.193826618882735, 49.107898053260101 ], [ 9.190597949862068, 49.10350808479334 ], [ 9.176026245763925, 49.104776100233956 ], [ 9.176159216726379, 49.101925940630366 ], [ 9.17945075109073, 49.100300551174534 ], [ 9.177544127213098, 49.098883671213997 ], [ 9.1776813274038, 49.096375415260198 ], [ 9.174890568129623, 49.096234467887037 ], [ 9.174818164887562, 49.094380441170472 ], [ 9.170689127089405, 49.095087152480232 ], [ 9.168808065557684, 49.093256610238818 ], [ 9.164196779948524, 49.095054857196814 ], [ 9.159958537463471, 49.093517163455751 ], [ 9.150246119017007, 49.102102356877751 ], [ 9.149282752822621, 49.10862188448646 ], [ 9.151669781958864, 49.111466423196774 ], [ 9.139799554397539, 49.116942719063246 ], [ 9.131187875491735, 49.125305944394412 ], [ 9.133179967511955, 49.126598730027624 ], [ 9.133183521138632, 49.128892802446735 ], [ 9.139544132829048, 49.129384047069429 ], [ 9.149146205777516, 49.136049654916924 ], [ 9.149054495229022, 49.137829592962994 ], [ 9.155964766545612, 49.14077995961398 ], [ 9.156422592872653, 49.143099050967081 ], [ 9.160542100904035, 49.145262025767167 ], [ 9.158236114361774, 49.146136916038145 ], [ 9.1608042995265, 49.149701672342339 ], [ 9.146040535710565, 49.151908300666179 ], [ 9.146403288927894, 49.154620557045916 ], [ 9.14065373876973, 49.154227112538727 ], [ 9.13990705919008, 49.156386159533788 ], [ 9.133384793891404, 49.157159223248854 ], [ 9.133311149357288, 49.159757590283363 ], [ 9.13443989042849, 49.159885598773023 ], [ 9.133053180318152, 49.163976649234151 ], [ 9.129874731965996, 49.166240914774669 ], [ 9.128998194685565, 49.17053045983134 ], [ 9.120539870030399, 49.170759584979471 ], [ 9.110335029607414, 49.168744328143056 ], [ 9.099421799743494, 49.169418214962732 ], [ 9.099124489008695, 49.17115081298806 ], [ 9.091236570553752, 49.170161337888082 ], [ 9.085380007619486, 49.176637039619337 ], [ 9.081996911342868, 49.179221291238498 ], [ 9.079697071491566, 49.179030250507523 ], [ 9.079550771388286, 49.183994479531414 ], [ 9.075544318662377, 49.183493839515386 ], [ 9.074597139182842, 49.185820908376485 ], [ 9.072246799248768, 49.18500831373472 ], [ 9.055849425146189, 49.193129240723174 ], [ 9.05604359520775, 49.194895079517259 ], [ 9.044506190326379, 49.197373006103554 ], [ 9.079995302945012, 49.198957171979288 ], [ 9.105856884818317, 49.195975019467966 ], [ 9.109188819418707, 49.197536787583907 ], [ 9.108162447523254, 49.202652080154785 ], [ 9.109158456928375, 49.205246438478007 ], [ 9.114333634042056, 49.210537459800086 ] ] ] } },
{ "type": "Feature", "properties": { "OBJID": "DEBKGVG200000CCA", "BEGINN": "2025-04-12T00:00:00", "ADE": 4, "GF": 4, "BSG": 1, "LKZ": "BW", "ARS": "08125", "AGS": "08125", "SDV_ARS": "081210000000", "GEN": "Heilbronn", "BEZ": "Landkreis", "IBZ": 43, "BEM": "--", "NBD": "ja", "SN_L": "08", "SN_R": "1", "SN_K": "25", "SN_V1": "00", "SN_V2": "00", "SN_G": "000", "FK_S3": "R", "NUTS": "DE118", "ARS_0": "081250000000", "AGS_0": "08125000", "WSK": "1974-04-01T00:00:00", "DLM_ID": "DEBKGDL20000E0D0" }, "geometry": { "type": "Polygon", "coordinates": [ [ [ 9.443491267058993, 49.364336951380096 ], [ 9.447274206732995, 49.360800813234349 ], [ 9.454848755029325, 49.360214658032056 ], [ 9.457594285711226, 49.356830486588095 ], [ 9.46456944781966, 49.355026924476832 ], [ 9.45728444325902, 49.349865845597897 ], [ 9.465110359437443, 49.347417689460727 ], [ 9.467731117062398, 49.340236728786884 ], [ 9.465455098055999, 49.33716505938682 ], [ 9.473401315978249, 49.321575357552071 ], [ 9.476670810610782, 49.321209317133111 ], [ 9.478284928917921, 49.318435163726811 ], [ 9.501724408337623, 49.312960075518468 ], [ 9.510007759563427, 49.314301756306243 ], [ 9.516490856910885, 49.313530995335171 ], [ 9.519691787501731, 49.310410300914207 ], [ 9.516695589241118, 49.310249199860529 ], [ 9.513503092659478, 49.306244954704795 ], [ 9.514599944897911, 49.303744659092857 ], [ 9.505062970653876, 49.300575006878532 ], [ 9.487800030657567, 49.297649305872042 ], [ 9.484209387537307, 49.298092966700963 ], [ 9.485365740530735, 49.299832216240965 ], [ 9.477158736465366, 49.300034493046695 ], [ 9.463658191703399, 49.289630491778603 ], [ 9.458820662924158, 49.288191384784 ], [ 9.455354299611713, 49.287783277769755 ], [ 9.451551435089119, 49.290435826537696 ], [ 9.445691325612213, 49.291739436755222 ], [ 9.439422593215113, 49.289728294515008 ], [ 9.440070216036213, 49.288192542403451 ], [ 9.444898568331238, 49.2870478501505 ], [ 9.444264294182783, 49.283440576986962 ], [ 9.440516664646017, 49.281893957559411 ], [ 9.432749223017495, 49.283043942767875 ], [ 9.433357094480268, 49.276716420254388 ], [ 9.425123711653587, 49.268595415737806 ], [ 9.423686522626543, 49.261396859055665 ], [ 9.427463429586766, 49.259225837365527 ], [ 9.425787953720212, 49.257932382783899 ], [ 9.426516530680356, 49.254859526024362 ], [ 9.423080422709598, 49.253883523130931 ], [ 9.420296312029448, 49.249539443600419 ], [ 9.415453820977607, 49.248486801830708 ], [ 9.414277381284927, 49.246036841932522 ], [ 9.420707619636255, 49.24177172417135 ], [ 9.420348982575167, 49.235018780219676 ], [ 9.424405053758694, 49.23494323596686 ], [ 9.425803333933924, 49.227687859914056 ], [ 9.431862773058427, 49.226360298054182 ], [ 9.440591170148972, 49.227315615738057 ], [ 9.452209129756545, 49.220479802951253 ], [ 9.439496525152379, 49.215898437370065 ], [ 9.438475524796171, 49.213001098871104 ], [ 9.432825978774396, 49.21016778462522 ], [ 9.429448181510043, 49.205844568404459 ], [ 9.426462598159285, 49.205510184508746 ], [ 9.426161335809264, 49.203627160242306 ], [ 9.42252185139405, 49.20245878822368 ], [ 9.425653953217163, 49.199907003489024 ], [ 9.418241534167477, 49.197433880520151 ], [ 9.417940643559554, 49.195550840549856 ], [ 9.411586879776165, 49.1936542186968 ], [ 9.401293037119618, 49.197835925950201 ], [ 9.382967523581472, 49.197223162618492 ], [ 9.370701876432365, 49.191675808011908 ], [ 9.364398762050589, 49.183650768586482 ], [ 9.36962649293678, 49.180177179005788 ], [ 9.366578421878526, 49.177915431818079 ], [ 9.357132382334653, 49.177567681690824 ], [ 9.359669761850656, 49.175875292085543 ], [ 9.354946286551611, 49.175440337383833 ], [ 9.352591496804882, 49.173491142654839 ], [ 9.343376838887821, 49.1744040222531 ], [ 9.343511418997728, 49.17051017482337 ], [ 9.348255294908334, 49.171215703096657 ], [ 9.357694310227123, 49.168910354461126 ], [ 9.358417074163212, 49.166776696256157 ], [ 9.367184386645411, 49.164976489082171 ], [ 9.371290436327575, 49.16596246413188 ], [ 9.37450768345559, 49.163305050798549 ], [ 9.375500975136042, 49.158358321355408 ], [ 9.379518789164051, 49.158992274713434 ], [ 9.382028573996102, 49.153089107022829 ], [ 9.386557464422696, 49.148798228920832 ], [ 9.39468270976263, 49.149094549813057 ], [ 9.397404408199574, 49.146413643004152 ], [ 9.402415584228967, 49.145545267676361 ], [ 9.43180040981602, 49.151154625543562 ], [ 9.434615731064918, 49.147250313958033 ], [ 9.433843814609347, 49.146190481712424 ], [ 9.437431587185122, 49.143300969475114 ], [ 9.434883119142002, 49.141351710935311 ], [ 9.431405167323136, 49.141759387541278 ], [ 9.422431792178513, 49.138354067971314 ], [ 9.422762524225803, 49.135208774149291 ], [ 9.419676684064736, 49.131589808163817 ], [ 9.42143831752146, 49.1257596337867 ], [ 9.423905003055767, 49.12578335450047 ], [ 9.427815818905142, 49.126819361605861 ], [ 9.428064998651307, 49.130410989455413 ], [ 9.432204779397521, 49.129793841302764 ], [ 9.431853394519861, 49.133901482652639 ], [ 9.433838997225333, 49.134001354060388 ], [ 9.434429554853569, 49.131470211862819 ], [ 9.438782161713414, 49.127409536864498 ], [ 9.43604548502547, 49.127815368634437 ], [ 9.435590630043126, 49.126686600774647 ], [ 9.448119236309559, 49.117863369326848 ], [ 9.44240102668477, 49.117395730694767 ], [ 9.438608919846931, 49.115344863015466 ], [ 9.441637631331385, 49.112836787114567 ], [ 9.436689770940365, 49.110397115632658 ], [ 9.435607904638537, 49.103509798704536 ], [ 9.433205489334517, 49.103378599344893 ], [ 9.437588924496705, 49.100791545382251 ], [ 9.434277488609391, 49.09973665237937 ], [ 9.437042447310711, 49.095978650331674 ], [ 9.440744994360676, 49.095442152100368 ], [ 9.442678574047774, 49.098471841248902 ], [ 9.441659136003496, 49.099982442114772 ], [ 9.457177859048578, 49.105350821345567 ], [ 9.455496579688432, 49.1109750848319 ], [ 9.45683019775379, 49.112848913283869 ], [ 9.473362367636302, 49.110986723184823 ], [ 9.473204523914189, 49.113293925981807 ], [ 9.475156920832472, 49.113549813153114 ], [ 9.478703575106179, 49.108980039471668 ], [ 9.487828112173442, 49.111635567716078 ], [ 9.489833426923539, 49.113897348032083 ], [ 9.490525740847911, 49.122400369725561 ], [ 9.482724664323637, 49.130128997068162 ], [ 9.482721185638876, 49.134194938928182 ], [ 9.485266667688215, 49.136358954743379 ], [ 9.484835099504561, 49.137974241630381 ], [ 9.489573456990533, 49.139537312030924 ], [ 9.495664147157107, 49.137406152869197 ], [ 9.500648127094127, 49.133744565894119 ], [ 9.499138398910901, 49.13250770364985 ], [ 9.500805461654823, 49.13144312414363 ], [ 9.508177136885585, 49.133604567070286 ], [ 9.512544910084737, 49.12716641303529 ], [ 9.509738134256127, 49.122338073290969 ], [ 9.515015049621582, 49.120981310009803 ], [ 9.515650989235116, 49.119367725396309 ], [ 9.511093612080828, 49.118024300000343 ], [ 9.511136855096257, 49.115612861665426 ], [ 9.507513603874283, 49.113880683460039 ], [ 9.516619790385064, 49.114194884626805 ], [ 9.526652090871121, 49.110720351830182 ], [ 9.527490531625352, 49.108550759999098 ], [ 9.520059161633363, 49.105427560979734 ], [ 9.513270428912934, 49.105763745267495 ], [ 9.502584477770368, 49.102953831397471 ], [ 9.506144363376968, 49.099188089261929 ], [ 9.497408448784434, 49.09701429020771 ], [ 9.498126687055469, 49.092360068431624 ], [ 9.500633511702043, 49.090307097768957 ], [ 9.499380048951531, 49.08846837204964 ], [ 9.506248607139669, 49.088133761814817 ], [ 9.500452309856362, 49.081659515008973 ], [ 9.501746439206915, 49.080663592746845 ], [ 9.500877051925428, 49.079000704749006 ], [ 9.497278199360347, 49.076242953092525 ], [ 9.483641400991043, 49.076848563369268 ], [ 9.481586070436718, 49.0749678541656 ], [ 9.476464724881971, 49.075388499515888 ], [ 9.46647252094751, 49.071644963461758 ], [ 9.455132591971008, 49.073707531742983 ], [ 9.451017719717559, 49.072749057797111 ], [ 9.449782876346694, 49.069753482935113 ], [ 9.439904536706605, 49.06447003348935 ], [ 9.43543770721452, 49.060307768727043 ], [ 9.44049394209763, 49.052574844315053 ], [ 9.432915598358973, 49.049309487946338 ], [ 9.43508370478393, 49.047800955783217 ], [ 9.427844541566587, 49.05026846757638 ], [ 9.426860616613148, 49.052669769445323 ], [ 9.424815157041266, 49.052335292836617 ], [ 9.419817118448314, 49.046332259395925 ], [ 9.413837815692659, 49.048127385117709 ], [ 9.412643317577404, 49.052559461778792 ], [ 9.415039038478149, 49.058015899393176 ], [ 9.413960018207151, 49.061567586599821 ], [ 9.411253745778648, 49.063817111088063 ], [ 9.409293121237233, 49.062133873094439 ], [ 9.392051198757557, 49.058294344771163 ], [ 9.385030380568944, 49.058845277047027 ], [ 9.387695072924711, 49.056065241932153 ], [ 9.382909005750159, 49.052914146934675 ], [ 9.388817466048213, 49.050706163326986 ], [ 9.381622707125215, 49.04935711919687 ], [ 9.38345210081353, 49.046586836051887 ], [ 9.401327770166585, 49.049426466680437 ], [ 9.399053843585854, 49.041713115965671 ], [ 9.399915608929586, 49.039319853306225 ], [ 9.397560509206107, 49.037596552775383 ], [ 9.380360832891844, 49.037074854546375 ], [ 9.375005511146682, 49.041437815733779 ], [ 9.365652405944367, 49.040596725721308 ], [ 9.355299733055958, 49.036911083866386 ], [ 9.352885408522171, 49.040637413792197 ], [ 9.342378618699554, 49.04193140596 ], [ 9.335192899553837, 49.040094723001829 ], [ 9.333870047968071, 49.035376341079541 ], [ 9.328872840342619, 49.037779863472267 ], [ 9.313627248364471, 49.034029986097181 ], [ 9.306889039204467, 49.034392483212635 ], [ 9.29490727854855, 49.031895330035091 ], [ 9.287143630644087, 49.034456509949337 ], [ 9.288316903639398, 49.036772073691949 ], [ 9.286939793218352, 49.038763139336915 ], [ 9.288698298005276, 49.042615977797396 ], [ 9.282888546912403, 49.043702638368266 ], [ 9.283221467082019, 49.04134943360738 ], [ 9.279587388328386, 49.040041466977698 ], [ 9.277172134432867, 49.03599408753994 ], [ 9.270860085706524, 49.037795954586208 ], [ 9.267051256862509, 49.035316236476746 ], [ 9.268292070396226, 49.031722708573653 ], [ 9.265953972470815, 49.02952901072662 ], [ 9.263637305138378, 49.030250044926056 ], [ 9.258602209103564, 49.028683008067119 ], [ 9.258679025535004, 49.027289556400198 ], [ 9.255729092405879, 49.027634577137967 ], [ 9.246708025545209, 49.022073534621896 ], [ 9.23604761246194, 49.020347998786889 ], [ 9.236700072901632, 49.021610343047989 ], [ 9.231614682026251, 49.025213018374494 ], [ 9.230634194708909, 49.027892213825197 ], [ 9.221127840965886, 49.033626062124561 ], [ 9.218933749857147, 49.031671849262821 ], [ 9.220276561349573, 49.031075524693243 ], [ 9.213719307340975, 49.028554893788844 ], [ 9.204728450934505, 49.030450380283746 ], [ 9.193325900685528, 49.030062154719197 ], [ 9.187537808529747, 49.032126337001074 ], [ 9.18578896294313, 49.030531551131354 ], [ 9.179475075025893, 49.033639215474018 ], [ 9.170271094970124, 49.042123497071593 ], [ 9.166113364867538, 49.040820388191108 ], [ 9.171796363364319, 49.044381567023294 ], [ 9.174868317345647, 49.051593982057653 ], [ 9.152962554364544, 49.057290234221639 ], [ 9.145420101016558, 49.053393906766324 ], [ 9.138279400350193, 49.05422478850312 ], [ 9.127201855330515, 49.062572549257247 ], [ 9.118574143036886, 49.06459839766525 ], [ 9.115944599668486, 49.06272172596352 ], [ 9.110921963123776, 49.062668475598208 ], [ 9.109941625562886, 49.064211100410816 ], [ 9.101094733088543, 49.062776398673691 ], [ 9.101641995533061, 49.061662269957395 ], [ 9.100005440465683, 49.060976098896376 ], [ 9.101562449219381, 49.057316212757996 ], [ 9.106642318046072, 49.051568210797846 ], [ 9.081243218431723, 49.049584677085981 ], [ 9.081407265673294, 49.048192378897937 ], [ 9.06913112132932, 49.046803549805396 ], [ 9.064853222019826, 49.044769615086771 ], [ 9.06088802051398, 49.040058727209392 ], [ 9.061367990000537, 49.03818473886016 ], [ 9.05804962593559, 49.038210049960405 ], [ 9.061396346395268, 49.032634581417852 ], [ 9.062321659105764, 49.02749708044378 ], [ 9.060165183110591, 49.025527099803831 ], [ 9.042913302754316, 49.02438958587706 ], [ 9.036495934365179, 49.025476816370883 ], [ 9.034426649632495, 49.02372011970818 ], [ 9.026910521461962, 49.023927196314943 ], [ 9.030660195295043, 49.02747599390505 ], [ 9.022693107640325, 49.028990290684149 ], [ 9.016733382403952, 49.028380615618985 ], [ 9.019715614982347, 49.024362923358254 ], [ 9.013445672366682, 49.020960183900399 ], [ 9.007530230664376, 49.021610042454235 ], [ 8.988125662549745, 49.027124792669809 ], [ 8.987437804186237, 49.03468124802658 ], [ 8.989339878150068, 49.037738669131812 ], [ 8.986213896412643, 49.039684551542592 ], [ 8.973859518028402, 49.041351858275952 ], [ 8.963380511054051, 49.040821522168265 ], [ 8.964767601265919, 49.034633172474933 ], [ 8.955139382625749, 49.036641668449029 ], [ 8.955587740395918, 49.039310754154606 ], [ 8.942016928443707, 49.037503171875201 ], [ 8.937738419694526, 49.040331293003376 ], [ 8.930487651659888, 49.040274744092201 ], [ 8.928407077855036, 49.036925877540753 ], [ 8.919397093206475, 49.039632732489011 ], [ 8.91163379319894, 49.039351800834119 ], [ 8.909184280321409, 49.041017298199783 ], [ 8.886001197740644, 49.044751502090847 ], [ 8.885018045501434, 49.040589939820379 ], [ 8.877302517639476, 49.037662352647523 ], [ 8.877801142181367, 49.035852303013115 ], [ 8.876031580740609, 49.03516987528041 ], [ 8.875749005805394, 49.037064023984783 ], [ 8.872444745706959, 49.037200813488866 ], [ 8.873263675776665, 49.042605714185534 ], [ 8.871492682760401, 49.050083031702137 ], [ 8.87739129429195, 49.049691944608334 ], [ 8.880476827055364, 49.056457064096023 ], [ 8.877794372528784, 49.058478404380899 ], [ 8.880030683706508, 49.060373096118283 ], [ 8.877906727759493, 49.061655817181091 ], [ 8.879397108041132, 49.064160467674071 ], [ 8.87631315092651, 49.069558688118128 ], [ 8.864318698838693, 49.071570173197294 ], [ 8.87484605235916, 49.074908366699063 ], [ 8.874796429016289, 49.07638309275152 ], [ 8.867155256118741, 49.077180522853261 ], [ 8.891094821423916, 49.081260845467128 ], [ 8.893285437080577, 49.084576076781332 ], [ 8.893124453913083, 49.091060333541769 ], [ 8.890608445085334, 49.095855393223715 ], [ 8.894158123756929, 49.095402553340158 ], [ 8.894172322826263, 49.097858845045046 ], [ 8.891167314926243, 49.102107119800507 ], [ 8.890134171954134, 49.107202396922922 ], [ 8.891737371007626, 49.109672540105123 ], [ 8.889812996995033, 49.115186874873437 ], [ 8.8817587058965, 49.119137329200626 ], [ 8.879957801895408, 49.117662812979731 ], [ 8.87762693686672, 49.118501762556811 ], [ 8.876426774775991, 49.124026403966774 ], [ 8.873976275010632, 49.123523024486872 ], [ 8.874466778610245, 49.128901251488564 ], [ 8.86949492547015, 49.131974483499761 ], [ 8.861734656346572, 49.129993338164162 ], [ 8.859317079092106, 49.126098297376835 ], [ 8.837501119213382, 49.12704521511985 ], [ 8.828506955470267, 49.12548985351296 ], [ 8.825954261232329, 49.12754802682565 ], [ 8.831260540951599, 49.129507561396885 ], [ 8.826901033110554, 49.132663456886682 ], [ 8.831056023999336, 49.139779069089009 ], [ 8.837812032203878, 49.1399064839784 ], [ 8.83744926232729, 49.146055048442577 ], [ 8.835566680408871, 49.148546268930339 ], [ 8.842161091987137, 49.15021848937721 ], [ 8.832795697640615, 49.156098588626833 ], [ 8.830822772652526, 49.159596078731887 ], [ 8.832867844721964, 49.162343630805587 ], [ 8.825780976304815, 49.160591544101067 ], [ 8.822272253333216, 49.156949241758468 ], [ 8.817688662288672, 49.157789249829861 ], [ 8.816164109364694, 49.165305952539306 ], [ 8.817584348256728, 49.167855472776893 ], [ 8.820016843655111, 49.168530746290521 ], [ 8.819406355785022, 49.174234792135657 ], [ 8.824080774697062, 49.177930611861413 ], [ 8.820958596168481, 49.178522706376064 ], [ 8.823951568481581, 49.179278256698986 ], [ 8.823424754325536, 49.184164851000844 ], [ 8.825901907243509, 49.18792669417563 ], [ 8.825312376680682, 49.190671039486901 ], [ 8.818232824440576, 49.194496909993831 ], [ 8.830218624100013, 49.192093764938228 ], [ 8.833171960345339, 49.188070959705819 ], [ 8.839328406386988, 49.18746492440988 ], [ 8.863503448507538, 49.174446188982245 ], [ 8.870008744862703, 49.175888821220163 ], [ 8.872847924542818, 49.174387512399441 ], [ 8.877971755886378, 49.178381178985369 ], [ 8.876107635611699, 49.179127944730347 ], [ 8.896088793015341, 49.182033628489222 ], [ 8.892759554689983, 49.188031955461298 ], [ 8.893750304368806, 49.193723273416744 ], [ 8.88796979463212, 49.196627376357831 ], [ 8.886538751619733, 49.202463902967835 ], [ 8.896772839916528, 49.202727573258748 ], [ 8.90754648783993, 49.205778054424407 ], [ 8.913654966720783, 49.205262681275272 ], [ 8.957253557022341, 49.213058266486847 ], [ 8.962528264495692, 49.217323230541425 ], [ 8.95934877111381, 49.220113671552198 ], [ 8.962928579646002, 49.220702571365166 ], [ 8.965434018578575, 49.227881087706322 ], [ 8.972462187478225, 49.227234244749333 ], [ 8.972474266008016, 49.228507289369219 ], [ 8.977024614590425, 49.228839024669689 ], [ 8.984201057076557, 49.232157062326714 ], [ 8.985983198951637, 49.236211744689456 ], [ 8.990382478085992, 49.237881436996119 ], [ 8.989114959518368, 49.240617457768835 ], [ 9.005588019726481, 49.242016506481235 ], [ 9.010658336555695, 49.249128468656188 ], [ 9.009156554456521, 49.251024892938723 ], [ 9.002759414228406, 49.249786044446182 ], [ 8.997680663037244, 49.253661034746649 ], [ 9.002708834005787, 49.258595550289215 ], [ 8.997582043028409, 49.265184889858247 ], [ 9.001264094138067, 49.265261063580191 ], [ 9.009765120424976, 49.261109577346978 ], [ 9.015125878819852, 49.255332539753901 ], [ 9.02058127045499, 49.256718082681211 ], [ 9.021634717460012, 49.259116144336865 ], [ 9.017832931451224, 49.25937194035761 ], [ 9.015330378433895, 49.261624122337594 ], [ 9.018959092386549, 49.265657683673112 ], [ 9.031684693706962, 49.269423511807773 ], [ 9.030725419376513, 49.270220698127304 ], [ 9.032468400435286, 49.270579641746963 ], [ 9.033413364834903, 49.273152841212067 ], [ 9.036550050876093, 49.27445331510733 ], [ 9.036208864226213, 49.276176290071241 ], [ 9.039566487892442, 49.278361259298812 ], [ 9.042199070249145, 49.2781615215142 ], [ 9.041750677591782, 49.282519238643992 ], [ 9.036718367177555, 49.284289215435138 ], [ 9.037495371881613, 49.285873805727377 ], [ 9.031315324651562, 49.286476989123429 ], [ 9.031017204017079, 49.284529735777546 ], [ 9.027300606268176, 49.285083895889969 ], [ 9.028319734001084, 49.290432489659302 ], [ 9.024477558885122, 49.293270173909249 ], [ 9.023019022112212, 49.290596883967631 ], [ 9.021097172458543, 49.294944191370348 ], [ 9.021548683647731, 49.298602948026435 ], [ 9.024598449296597, 49.299050555575086 ], [ 9.028221388361018, 49.296379432745333 ], [ 9.049126393428686, 49.292862272505012 ], [ 9.048547549916419, 49.290164695780319 ], [ 9.050198926205175, 49.286488246758488 ], [ 9.056187676507683, 49.2844600508719 ], [ 9.062844870142907, 49.284437414807662 ], [ 9.068701363985397, 49.278970050629233 ], [ 9.071542331297875, 49.278232466505884 ], [ 9.083814411764502, 49.279899272295424 ], [ 9.107298356194445, 49.279086157985617 ], [ 9.114385813503329, 49.277941210306658 ], [ 9.116944626625337, 49.276421597115601 ], [ 9.115052973790336, 49.272370654530732 ], [ 9.120889827080678, 49.271714482397385 ], [ 9.150749428667011, 49.273998882340955 ], [ 9.154342682613974, 49.279591512869466 ], [ 9.153931095821807, 49.284727221790639 ], [ 9.136527654778709, 49.28657904079391 ], [ 9.13119453542523, 49.290814685787552 ], [ 9.131250302347485, 49.294171175747778 ], [ 9.135633152505722, 49.296293724567391 ], [ 9.145677795901888, 49.292538028061252 ], [ 9.15147652513715, 49.296472670023313 ], [ 9.156730807840045, 49.295041573291122 ], [ 9.15872758845232, 49.301788436650263 ], [ 9.154876128707564, 49.309862043454174 ], [ 9.157309975390829, 49.312164162521242 ], [ 9.159676735635697, 49.323585652471287 ], [ 9.161815337042656, 49.323314255501295 ], [ 9.162506102741618, 49.328620297557329 ], [ 9.173427325964781, 49.323502493849446 ], [ 9.192795479425275, 49.327462923352705 ], [ 9.197876699074543, 49.326883085369843 ], [ 9.205785067318905, 49.32400227350734 ], [ 9.211264609221002, 49.314819461218519 ], [ 9.217345628792584, 49.312889463783925 ], [ 9.220768032939688, 49.307730860502403 ], [ 9.226104155374751, 49.30886204418784 ], [ 9.224984318163031, 49.311656312253831 ], [ 9.230847844401548, 49.310031270587359 ], [ 9.233597233803133, 49.305950802928471 ], [ 9.240186754743524, 49.302309226269401 ], [ 9.241855191416869, 49.297315454919946 ], [ 9.244980539568882, 49.299438947060182 ], [ 9.251897326350534, 49.298024943060277 ], [ 9.250795869628892, 49.301754617861803 ], [ 9.257979360757631, 49.303217918503449 ], [ 9.261919534737522, 49.306212251204926 ], [ 9.260332153515151, 49.308012070947036 ], [ 9.261057958076256, 49.312950203504535 ], [ 9.263704197046112, 49.314391792606308 ], [ 9.262536535459549, 49.318589363892173 ], [ 9.269130242273292, 49.330323815341814 ], [ 9.287462811466122, 49.329926662096369 ], [ 9.29467458349079, 49.347538580063713 ], [ 9.315328956439208, 49.357078411640842 ], [ 9.310704277207515, 49.361959811169626 ], [ 9.309704178514396, 49.375633210237282 ], [ 9.315994807157685, 49.380908628934357 ], [ 9.317455994724131, 49.38424377316629 ], [ 9.320416714034508, 49.385453393646671 ], [ 9.324168425336241, 49.385321688004211 ], [ 9.330293213818228, 49.38790454620181 ], [ 9.338695027395431, 49.384698700038399 ], [ 9.34732839466977, 49.37639351055158 ], [ 9.354301619046002, 49.372875023534725 ], [ 9.355670619145332, 49.370351900596383 ], [ 9.354032621573179, 49.369714474218725 ], [ 9.35386249135156, 49.367607536503968 ], [ 9.355240301351738, 49.366443000412332 ], [ 9.358031620124326, 49.368396620425401 ], [ 9.360474849280322, 49.366451123033322 ], [ 9.369045486789295, 49.366942393985795 ], [ 9.376228423981496, 49.363163798066481 ], [ 9.38460285653211, 49.365559195025298 ], [ 9.398881459805043, 49.366437472615026 ], [ 9.405761005145882, 49.364984140983772 ], [ 9.404884080066541, 49.3641749256198 ], [ 9.408822913923453, 49.3617841221484 ], [ 9.415728995683731, 49.35908151671471 ], [ 9.417553193587199, 49.360382266363317 ], [ 9.421078023150223, 49.357664918884943 ], [ 9.424975891731023, 49.358889743695528 ], [ 9.426931168740389, 49.357064131030334 ], [ 9.443491267058993, 49.364336951380096 ] ], [ [ 9.15056644915826, 49.20835363500052 ], [ 9.114333634042056, 49.210537459800086 ], [ 9.109158456928375, 49.205246438478007 ], [ 9.108162447523254, 49.202652080154785 ], [ 9.109188819418707, 49.197536787583907 ], [ 9.105856884818317, 49.195975019467966 ], [ 9.079995302945012, 49.198957171979288 ], [ 9.044506190326379, 49.197373006103554 ], [ 9.05604359520775, 49.194895079517259 ], [ 9.055849425146189, 49.193129240723174 ], [ 9.072246799248768, 49.18500831373472 ], [ 9.074597139182842, 49.185820908376485 ], [ 9.075544318662377, 49.183493839515386 ], [ 9.079550771388286, 49.183994479531414 ], [ 9.079697071491566, 49.179030250507523 ], [ 9.081996911342868, 49.179221291238498 ], [ 9.085380007619486, 49.176637039619337 ], [ 9.091236570553752, 49.170161337888082 ], [ 9.099124489008695, 49.17115081298806 ], [ 9.099421799743494, 49.169418214962732 ], [ 9.110335029607414, 49.168744328143056 ], [ 9.120539870030399, 49.170759584979471 ], [ 9.128998194685565, 49.17053045983134 ], [ 9.129874731965996, 49.166240914774669 ], [ 9.133053180318152, 49.163976649234151 ], [ 9.13443989042849, 49.159885598773023 ], [ 9.133311149357288, 49.159757590283363 ], [ 9.133384793891404, 49.157159223248854 ], [ 9.13990705919008, 49.156386159533788 ], [ 9.14065373876973, 49.154227112538727 ], [ 9.146403288927894, 49.154620557045916 ], [ 9.146040535710565, 49.151908300666179 ], [ 9.1608042995265, 49.149701672342339 ], [ 9.158236114361774, 49.146136916038145 ], [ 9.160542100904035, 49.145262025767167 ], [ 9.156422592872653, 49.143099050967081 ], [ 9.155964766545612, 49.14077995961398 ], [ 9.149054495229022, 49.137829592962994 ], [ 9.149146205777516, 49.136049654916924 ], [ 9.139544132829048, 49.129384047069429 ], [ 9.133183521138632, 49.128892802446735 ], [ 9.133179967511955, 49.126598730027624 ], [ 9.131187875491735, 49.125305944394412 ], [ 9.139799554397539, 49.116942719063246 ], [ 9.151669781958864, 49.111466423196774 ], [ 9.149282752822621, 49.10862188448646 ], [ 9.150246119017007, 49.102102356877751 ], [ 9.159958537463471, 49.093517163455751 ], [ 9.164196779948524, 49.095054857196814 ], [ 9.168808065557684, 49.093256610238818 ], [ 9.170689127089405, 49.095087152480232 ], [ 9.174818164887562, 49.094380441170472 ], [ 9.174890568129623, 49.096234467887037 ], [ 9.1776813274038, 49.096375415260198 ], [ 9.177544127213098, 49.098883671213997 ], [ 9.17945075109073, 49.100300551174534 ], [ 9.176159216726379, 49.101925940630366 ], [ 9.176026245763925, 49.104776100233956 ], [ 9.190597949862068, 49.10350808479334 ], [ 9.193826618882735, 49.107898053260101 ], [ 9.196740892591574, 49.106881267489385 ], [ 9.201762008664316, 49.11225620770653 ], [ 9.204206113455019, 49.112898020250704 ], [ 9.213880025827605, 49.112257426938413 ], [ 9.21587341674368, 49.111348378063859 ], [ 9.217350161495087, 49.107396876756063 ], [ 9.224004350756635, 49.10802033456914 ], [ 9.227425877593616, 49.106127676477243 ], [ 9.25350661591334, 49.103758252636318 ], [ 9.256672291886215, 49.104261230269621 ], [ 9.252791301248342, 49.105990252172937 ], [ 9.253226115383052, 49.108253052283246 ], [ 9.2556461050943, 49.108990640433625 ], [ 9.268937412369089, 49.108993602888056 ], [ 9.269030070747082, 49.111270566102142 ], [ 9.285634097906835, 49.115095089551531 ], [ 9.295240659383408, 49.112614517598558 ], [ 9.300539777891837, 49.114320193986323 ], [ 9.29765516322472, 49.119675785809036 ], [ 9.290895624527305, 49.118817577285817 ], [ 9.274933151587373, 49.12218428005523 ], [ 9.277692351425859, 49.12580377187453 ], [ 9.278833304357834, 49.132716058343583 ], [ 9.276820792044738, 49.135311914884966 ], [ 9.278263966995313, 49.13733374867774 ], [ 9.271119130740498, 49.140629096826771 ], [ 9.272342131862619, 49.144294857402478 ], [ 9.255180545035042, 49.149889977425758 ], [ 9.254474981549729, 49.15380096321033 ], [ 9.262605508773904, 49.155549721544077 ], [ 9.257664523623429, 49.163132712737074 ], [ 9.249846702777337, 49.162551025278624 ], [ 9.249022964927235, 49.164691899845238 ], [ 9.246549705861749, 49.164844197934968 ], [ 9.239493311860906, 49.163991420839167 ], [ 9.235969683016508, 49.169673281090603 ], [ 9.22085451151162, 49.170554416302146 ], [ 9.219110624381843, 49.181968668217301 ], [ 9.214791523551337, 49.183106265381063 ], [ 9.212830069992936, 49.187822863425787 ], [ 9.2089264444992, 49.186574916225574 ], [ 9.175965207427289, 49.191789245188957 ], [ 9.175855963060734, 49.192965829377684 ], [ 9.164696624738658, 49.191913806633245 ], [ 9.163444028152458, 49.203405189868185 ], [ 9.160872687076647, 49.203545462561429 ], [ 9.159719559188602, 49.206500516064835 ], [ 9.15056644915826, 49.20835363500052 ] ] ] } },
{ "type": "Feature", "properties": { "OBJID": "DEBKGVG200000CCB", "BEGINN": "2025-04-12T00:00:00", "ADE": 4, "GF": 4, "BSG": 1, "LKZ": "BW", "ARS": "08126", "AGS": "08126", "SDV_ARS": "081265003046", "GEN": "Hohenlohekreis", "BEZ": "Landkreis", "IBZ": 43, "BEM": "--", "NBD": "nein", "SN_L": "08", "SN_R": "1", "SN_K": "26", "SN_V1": "00", "SN_V2": "00", "SN_G": "000", "FK_S3": "R", "NUTS": "DE119", "ARS_0": "081260000000", "AGS_0": "08126000", "WSK": "2009-01-01T00:00:00", "DLM_ID": "DEBKGDL20000E67W" }, "geometry": { "type": "Polygon", "coordinates": [ [ [ 9.855564439282297, 49.36836743203687 ], [ 9.857662554300834, 49.363926476543803 ], [ 9.852747998181453, 49.363727407623053 ], [ 9.851648295488644, 49.359484039206087 ], [ 9.852377922572554, 49.35542212622007 ], [ 9.856008531476096, 49.353742748185013 ], [ 9.853486423717859, 49.351848165757723 ], [ 9.843414475217779, 49.350260572206984 ], [ 9.843393448617647, 49.346361290198324 ], [ 9.849866907545678, 49.338468573752458 ], [ 9.849077902010379, 49.336754817484596 ], [ 9.851777162431652, 49.336671447241031 ], [ 9.85831723653917, 49.330393927132732 ], [ 9.858837628990708, 49.32646576448596 ], [ 9.850634976334941, 49.325438180557555 ], [ 9.846816968306479, 49.32180879374372 ], [ 9.851696599493955, 49.316115761593643 ], [ 9.855577126192131, 49.316102080203031 ], [ 9.85293148889105, 49.31433273252734 ], [ 9.855306753228374, 49.31266418272849 ], [ 9.85202998132568, 49.311799757637196 ], [ 9.852772101865956, 49.310841494706132 ], [ 9.840706778498911, 49.308765372310319 ], [ 9.855628910745123, 49.307106711529123 ], [ 9.859594767073554, 49.304763513537516 ], [ 9.860092632104957, 49.302499448454284 ], [ 9.853355525351795, 49.302245009340965 ], [ 9.85440644916973, 49.293642240956146 ], [ 9.86028108302725, 49.293504907808405 ], [ 9.860396262789823, 49.290015273892109 ], [ 9.857993822283413, 49.289695728583006 ], [ 9.85794788009448, 49.287986305359162 ], [ 9.855434576983674, 49.286712540142076 ], [ 9.845350126682648, 49.287041069368023 ], [ 9.842355084539435, 49.285827172273393 ], [ 9.843727409079859, 49.284018085120067 ], [ 9.840238657174266, 49.283727792867246 ], [ 9.836990324029346, 49.287945603637169 ], [ 9.834807591726234, 49.286673323402695 ], [ 9.835954386974832, 49.285285786700044 ], [ 9.829989049557666, 49.278179852939843 ], [ 9.824339389338453, 49.281024616321069 ], [ 9.819953339526203, 49.280035633952693 ], [ 9.825736707070069, 49.276490238675819 ], [ 9.825325043977566, 49.272511726849849 ], [ 9.826879879782524, 49.271432588984837 ], [ 9.824834877211662, 49.269234400489083 ], [ 9.827038441001392, 49.26501072043493 ], [ 9.814674626814938, 49.259682590724282 ], [ 9.815142220469461, 49.258695934554822 ], [ 9.788212805573121, 49.255344109631949 ], [ 9.781979896911151, 49.252156001067867 ], [ 9.780504433715182, 49.253414930941531 ], [ 9.778536139917435, 49.250874558539344 ], [ 9.775209182192025, 49.250061531653351 ], [ 9.771112335565972, 49.244646396488491 ], [ 9.765998402751801, 49.248635414234968 ], [ 9.757674589137704, 49.245647137542136 ], [ 9.764397522270652, 49.241787313785331 ], [ 9.762834298889784, 49.235309290252708 ], [ 9.765628272204177, 49.226853855448226 ], [ 9.764989246996059, 49.224627794377426 ], [ 9.745951416352842, 49.223318859432496 ], [ 9.741225444331729, 49.226610613761871 ], [ 9.73649465538892, 49.226426438932606 ], [ 9.73331648131188, 49.224010769015209 ], [ 9.747366208772521, 49.221065759204819 ], [ 9.748788273464246, 49.211962896343067 ], [ 9.754110904114116, 49.211386708239395 ], [ 9.750788846171467, 49.207811389528786 ], [ 9.750673677592575, 49.203542126375098 ], [ 9.748823119568616, 49.203395940558501 ], [ 9.747624764030331, 49.197704919861856 ], [ 9.744731562243553, 49.194844402125938 ], [ 9.740212789834073, 49.194166223782929 ], [ 9.724075941465859, 49.195602987212766 ], [ 9.723368132330636, 49.198754344489465 ], [ 9.717023672220934, 49.198055738354036 ], [ 9.718243946033796, 49.195594954327724 ], [ 9.709002892185916, 49.19646617569537 ], [ 9.704969573537669, 49.192476537985911 ], [ 9.700322036332354, 49.192179665603064 ], [ 9.696787234765745, 49.189869572006231 ], [ 9.695171238972948, 49.187258500863919 ], [ 9.69698592909663, 49.180560290637629 ], [ 9.693412787526135, 49.179168006311642 ], [ 9.693397318605365, 49.175992528418341 ], [ 9.68817484943405, 49.175991849385269 ], [ 9.689761243036838, 49.174480102800985 ], [ 9.690047748572081, 49.167116958546238 ], [ 9.686888274007527, 49.165009492275416 ], [ 9.674311149765034, 49.161909227679679 ], [ 9.670709754183648, 49.158607738744891 ], [ 9.672004287901519, 49.15760817907293 ], [ 9.671521053486812, 49.15531979278343 ], [ 9.674135531326399, 49.153471907442132 ], [ 9.672812623222654, 49.149045461122533 ], [ 9.664557885410336, 49.14344834570052 ], [ 9.667520808691272, 49.141819051050639 ], [ 9.659079140231235, 49.136862598472632 ], [ 9.654570472986398, 49.135983118199675 ], [ 9.65237228954541, 49.138593131848033 ], [ 9.652653126768836, 49.142740167591136 ], [ 9.654876786979194, 49.143161559140552 ], [ 9.652589193488682, 49.146537616678884 ], [ 9.648862415178254, 49.144782052847638 ], [ 9.649467865896018, 49.137698583168159 ], [ 9.652509757625078, 49.133889645816893 ], [ 9.652066900088917, 49.131007813891578 ], [ 9.64985788520775, 49.12956982532814 ], [ 9.646306108939788, 49.129659757350424 ], [ 9.645265917499064, 49.127250095457811 ], [ 9.638358076790142, 49.127233162972942 ], [ 9.643816346271834, 49.135559644877276 ], [ 9.639797180844036, 49.138002567941555 ], [ 9.630745916576833, 49.138922206738471 ], [ 9.622700372204253, 49.136538717760615 ], [ 9.607721655446003, 49.136978158264398 ], [ 9.607063758670947, 49.13993238576861 ], [ 9.610024419260371, 49.139973928019963 ], [ 9.610854084908622, 49.146286258590877 ], [ 9.610093472549417, 49.149608511111168 ], [ 9.607030914648544, 49.149854015870162 ], [ 9.605991948653323, 49.152284423095644 ], [ 9.603406001214779, 49.150841558200831 ], [ 9.606489070429996, 49.147388420395778 ], [ 9.601196047086892, 49.14138770318673 ], [ 9.592044749184748, 49.140990100888438 ], [ 9.592094174867215, 49.139092477777631 ], [ 9.579577568814733, 49.133305294200575 ], [ 9.584925317516067, 49.131783903794258 ], [ 9.58411886804768, 49.128772869094121 ], [ 9.588192288943393, 49.127195929662818 ], [ 9.590728488194904, 49.122080217845848 ], [ 9.602536368682649, 49.118721249936527 ], [ 9.60765160388946, 49.120012458029223 ], [ 9.607979112614544, 49.121571248646816 ], [ 9.613106430627953, 49.119246204993047 ], [ 9.610854312823967, 49.118751602496459 ], [ 9.611731536792659, 49.116509748519249 ], [ 9.609718830287848, 49.113444380672881 ], [ 9.61329663115427, 49.108894191827005 ], [ 9.609482230505538, 49.105472730247598 ], [ 9.603274137730976, 49.105567114759367 ], [ 9.605976699967002, 49.107594656585043 ], [ 9.592539939437041, 49.108107256734087 ], [ 9.588840383383806, 49.111747283769532 ], [ 9.595425247378785, 49.113527749898267 ], [ 9.582634698200041, 49.116715995300424 ], [ 9.583351013845771, 49.117963210412285 ], [ 9.577875238579971, 49.11980728173048 ], [ 9.578011273922895, 49.122012254452024 ], [ 9.572404795555, 49.122064919699895 ], [ 9.561434664704132, 49.118843166844698 ], [ 9.559863540482942, 49.119999385882288 ], [ 9.56062066142832, 49.124755282931126 ], [ 9.562019398515679, 49.125423664001175 ], [ 9.566399653332239, 49.122887582192064 ], [ 9.572173179677108, 49.124131928860521 ], [ 9.566016742950181, 49.129217121854609 ], [ 9.567471548456602, 49.12983192962033 ], [ 9.564190592725325, 49.131495704980452 ], [ 9.560844404296573, 49.130865016508103 ], [ 9.5608671906464, 49.132511363399217 ], [ 9.556656800965854, 49.131909284592446 ], [ 9.553557924594459, 49.13334940207303 ], [ 9.546431529359456, 49.132551356975725 ], [ 9.547150018659536, 49.130182681675265 ], [ 9.541674093621536, 49.127752195420797 ], [ 9.543752808664657, 49.125916905454275 ], [ 9.541435463228984, 49.122514835720438 ], [ 9.53669840982187, 49.123634607210171 ], [ 9.532008782382709, 49.121012504899277 ], [ 9.531234643585423, 49.118613039678976 ], [ 9.532984524982611, 49.116775112368551 ], [ 9.5314240261392, 49.115322369823005 ], [ 9.539286920605386, 49.110649539214435 ], [ 9.537319080218655, 49.107637195158546 ], [ 9.53977883666899, 49.104518946110687 ], [ 9.535815779174992, 49.101957210809722 ], [ 9.526652090871121, 49.110720351830182 ], [ 9.516619790385064, 49.114194884626805 ], [ 9.507513603874283, 49.113880683460039 ], [ 9.511136855096257, 49.115612861665426 ], [ 9.511093612080828, 49.118024300000343 ], [ 9.515650989235116, 49.119367725396309 ], [ 9.515015049621582, 49.120981310009803 ], [ 9.509738134256127, 49.122338073290969 ], [ 9.512544910084737, 49.12716641303529 ], [ 9.508177136885585, 49.133604567070286 ], [ 9.500805461654823, 49.13144312414363 ], [ 9.499138398910901, 49.13250770364985 ], [ 9.500648127094127, 49.133744565894119 ], [ 9.491775353873669, 49.139800023472894 ], [ 9.484835099504561, 49.137974241630381 ], [ 9.485266667688215, 49.136358954743379 ], [ 9.482721185638876, 49.134194938928182 ], [ 9.482724664323637, 49.130128997068162 ], [ 9.490525740847911, 49.122400369725561 ], [ 9.489833426923539, 49.113897348032083 ], [ 9.487828112173442, 49.111635567716078 ], [ 9.478703575106179, 49.108980039471668 ], [ 9.475156920832472, 49.113549813153114 ], [ 9.473204523914189, 49.113293925981807 ], [ 9.473362367636302, 49.110986723184823 ], [ 9.45683019775379, 49.112848913283869 ], [ 9.455496579688432, 49.1109750848319 ], [ 9.457177859048578, 49.105350821345567 ], [ 9.441659136003496, 49.099982442114772 ], [ 9.442678574047774, 49.098471841248902 ], [ 9.440744994360676, 49.095442152100368 ], [ 9.437042447310711, 49.095978650331674 ], [ 9.434277488609391, 49.09973665237937 ], [ 9.437588924496705, 49.100791545382251 ], [ 9.433205489334517, 49.103378599344893 ], [ 9.435607904638537, 49.103509798704536 ], [ 9.436689770940365, 49.110397115632658 ], [ 9.441637631331385, 49.112836787114567 ], [ 9.438608919846931, 49.115344863015466 ], [ 9.44240102668477, 49.117395730694767 ], [ 9.448119236309559, 49.117863369326848 ], [ 9.435590630043126, 49.126686600774647 ], [ 9.43604548502547, 49.127815368634437 ], [ 9.438782161713414, 49.127409536864498 ], [ 9.434429554853569, 49.131470211862819 ], [ 9.433838997225333, 49.134001354060388 ], [ 9.431853394519861, 49.133901482652639 ], [ 9.432204779397521, 49.129793841302764 ], [ 9.428064998651307, 49.130410989455413 ], [ 9.427815818905142, 49.126819361605861 ], [ 9.423905003055767, 49.12578335450047 ], [ 9.42143831752146, 49.1257596337867 ], [ 9.419676684064736, 49.131589808163817 ], [ 9.422762524225803, 49.135208774149291 ], [ 9.422431792178513, 49.138354067971314 ], [ 9.431405167323136, 49.141759387541278 ], [ 9.434883119142002, 49.141351710935311 ], [ 9.437431587185122, 49.143300969475114 ], [ 9.433843814609347, 49.146190481712424 ], [ 9.434615731064918, 49.147250313958033 ], [ 9.43180040981602, 49.151154625543562 ], [ 9.423138492281716, 49.14907469917668 ], [ 9.422090465644278, 49.15029243616118 ], [ 9.409373772977471, 49.146147390676589 ], [ 9.397404408199574, 49.146413643004152 ], [ 9.39468270976263, 49.149094549813057 ], [ 9.389367611771021, 49.148250382508401 ], [ 9.384692422835798, 49.149985117249692 ], [ 9.379518789164051, 49.158992274713434 ], [ 9.375500975136042, 49.158358321355408 ], [ 9.37450768345559, 49.163305050798549 ], [ 9.371290436327575, 49.16596246413188 ], [ 9.367184386645411, 49.164976489082171 ], [ 9.358417074163212, 49.166776696256157 ], [ 9.357694310227123, 49.168910354461126 ], [ 9.348255294908334, 49.171215703096657 ], [ 9.343511418997728, 49.17051017482337 ], [ 9.343376838887821, 49.1744040222531 ], [ 9.352591496804882, 49.173491142654839 ], [ 9.354946286551611, 49.175440337383833 ], [ 9.359669761850656, 49.175875292085543 ], [ 9.357132382334653, 49.177567681690824 ], [ 9.366578421878526, 49.177915431818079 ], [ 9.36962649293678, 49.180177179005788 ], [ 9.364398762050589, 49.183650768586482 ], [ 9.370701876432365, 49.191675808011908 ], [ 9.375815514481486, 49.194875749945425 ], [ 9.388614389625735, 49.198196828548149 ], [ 9.389717217341325, 49.196804382106997 ], [ 9.401293037119618, 49.197835925950201 ], [ 9.411586879776165, 49.1936542186968 ], [ 9.417940643559554, 49.195550840549856 ], [ 9.418241534167477, 49.197433880520151 ], [ 9.425653953217163, 49.199907003489024 ], [ 9.42252185139405, 49.20245878822368 ], [ 9.426161335809264, 49.203627160242306 ], [ 9.426462598159285, 49.205510184508746 ], [ 9.429448181510043, 49.205844568404459 ], [ 9.432825978774396, 49.21016778462522 ], [ 9.438475524796171, 49.213001098871104 ], [ 9.439496525152379, 49.215898437370065 ], [ 9.452209129756545, 49.220479802951253 ], [ 9.440591170148972, 49.227315615738057 ], [ 9.431862773058427, 49.226360298054182 ], [ 9.425803333933924, 49.227687859914056 ], [ 9.424405053758694, 49.23494323596686 ], [ 9.420348982575167, 49.235018780219676 ], [ 9.420707619636255, 49.24177172417135 ], [ 9.414277381284927, 49.246036841932522 ], [ 9.415453820977607, 49.248486801830708 ], [ 9.420296312029448, 49.249539443600419 ], [ 9.423080422709598, 49.253883523130931 ], [ 9.426516530680356, 49.254859526024362 ], [ 9.425787953720212, 49.257932382783899 ], [ 9.427463429586766, 49.259225837365527 ], [ 9.423686522626543, 49.261396859055665 ], [ 9.425123711653587, 49.268595415737806 ], [ 9.433357094480268, 49.276716420254388 ], [ 9.432749223017495, 49.283043942767875 ], [ 9.440516664646017, 49.281893957559411 ], [ 9.444264294182783, 49.283440576986962 ], [ 9.444898568331238, 49.2870478501505 ], [ 9.440070216036213, 49.288192542403451 ], [ 9.439422593215113, 49.289728294515008 ], [ 9.445691325612213, 49.291739436755222 ], [ 9.451551435089119, 49.290435826537696 ], [ 9.455354299611713, 49.287783277769755 ], [ 9.458820662924158, 49.288191384784 ], [ 9.463658191703399, 49.289630491778603 ], [ 9.477158736465366, 49.300034493046695 ], [ 9.485365740530735, 49.299832216240965 ], [ 9.484209387537307, 49.298092966700963 ], [ 9.487800030657567, 49.297649305872042 ], [ 9.505062970653876, 49.300575006878532 ], [ 9.514599944897911, 49.303744659092857 ], [ 9.513503092659478, 49.306244954704795 ], [ 9.516695589241118, 49.310249199860529 ], [ 9.519691787501731, 49.310410300914207 ], [ 9.516490856910885, 49.313530995335171 ], [ 9.510007759563427, 49.314301756306243 ], [ 9.501724408337623, 49.312960075518468 ], [ 9.485719580056049, 49.317620828823635 ], [ 9.481788984959124, 49.317378400163015 ], [ 9.471020648269105, 49.324135524527229 ], [ 9.465455098055999, 49.33716505938682 ], [ 9.467731117062398, 49.340236728786884 ], [ 9.465110359437443, 49.347417689460727 ], [ 9.45728444325902, 49.349865845597897 ], [ 9.46456944781966, 49.355026924476832 ], [ 9.457594285711226, 49.356830486588095 ], [ 9.454848755029325, 49.360214658032056 ], [ 9.447274206732995, 49.360800813234349 ], [ 9.443491267058993, 49.364336951380096 ], [ 9.443209274978905, 49.366995759756691 ], [ 9.440151210247253, 49.367130437500613 ], [ 9.444997555799716, 49.369211940484277 ], [ 9.442551781776837, 49.372595861820926 ], [ 9.450840683164259, 49.376604851036447 ], [ 9.449358026135627, 49.380135633841185 ], [ 9.444995320192238, 49.383027699678188 ], [ 9.446685351578273, 49.383880192196699 ], [ 9.44627469662654, 49.390659710650198 ], [ 9.450909915227809, 49.392889490549379 ], [ 9.458276931874234, 49.393299367503602 ], [ 9.464676254891781, 49.3969479671321 ], [ 9.468174877679182, 49.393219535704958 ], [ 9.471447271838668, 49.392304834105062 ], [ 9.470518152709479, 49.387429258641959 ], [ 9.474215383084369, 49.387894821872337 ], [ 9.475459111897367, 49.385153229878867 ], [ 9.48589280937545, 49.383755273045075 ], [ 9.490459715136094, 49.380882811800198 ], [ 9.499877103986282, 49.380586630806285 ], [ 9.500308286636868, 49.379070070758139 ], [ 9.504391677143513, 49.378836355479585 ], [ 9.503173976383115, 49.377482754852572 ], [ 9.507591224189701, 49.375365013431143 ], [ 9.512991137881208, 49.375412475516036 ], [ 9.518392091391441, 49.377759257773128 ], [ 9.520075773066097, 49.381001592915915 ], [ 9.530509846949936, 49.381880094159776 ], [ 9.546639272757963, 49.377348709170768 ], [ 9.559468550163697, 49.376556966168494 ], [ 9.564273686357033, 49.378144356769234 ], [ 9.566256722060189, 49.376073683393976 ], [ 9.571410692409041, 49.375306640410919 ], [ 9.576157035887173, 49.383099141927545 ], [ 9.57400897658593, 49.383652017458168 ], [ 9.575079664986395, 49.384850951108859 ], [ 9.593832241676399, 49.391808499065384 ], [ 9.591683184461896, 49.393941300794275 ], [ 9.588925878891548, 49.393253308481306 ], [ 9.590379345688257, 49.400920902015869 ], [ 9.586080327143993, 49.399374729908999 ], [ 9.583201842064932, 49.402131204258701 ], [ 9.5764652372799, 49.397605010778349 ], [ 9.575977256579064, 49.398608597174054 ], [ 9.579711449086041, 49.401553971576803 ], [ 9.576946884280238, 49.406245436336881 ], [ 9.574439681137784, 49.407574321564589 ], [ 9.574088506753336, 49.41005443116881 ], [ 9.570661580748709, 49.411870476036405 ], [ 9.573434106169799, 49.413558486873164 ], [ 9.570059276733105, 49.416015718379299 ], [ 9.570976392066818, 49.416974019722055 ], [ 9.593502997032964, 49.423104060561649 ], [ 9.595117817454842, 49.422307362836499 ], [ 9.600254505374089, 49.42564115476771 ], [ 9.606402813713826, 49.425798020217634 ], [ 9.619026432227271, 49.430089687846497 ], [ 9.623823521604086, 49.428741636776948 ], [ 9.622996011034221, 49.425721426868833 ], [ 9.640075679064999, 49.430045304427587 ], [ 9.642261622656449, 49.429675116048081 ], [ 9.63888380087667, 49.424215587257841 ], [ 9.640370952802567, 49.419728788012783 ], [ 9.638211041549305, 49.417139353437285 ], [ 9.638112340084314, 49.413423133602997 ], [ 9.6534736158006, 49.416434775945774 ], [ 9.65438807020313, 49.413897291847306 ], [ 9.658846470193328, 49.412842112025835 ], [ 9.671718564980619, 49.414790681252121 ], [ 9.671522675480631, 49.406971524143508 ], [ 9.682291915679452, 49.408471591180017 ], [ 9.680604192680795, 49.413650144401394 ], [ 9.687123882232763, 49.409712042607111 ], [ 9.701833538835125, 49.417809806272196 ], [ 9.704792412261609, 49.417592698205205 ], [ 9.712905202890171, 49.412341703724536 ], [ 9.71221267132961, 49.407862013685623 ], [ 9.707922671108946, 49.40478523333249 ], [ 9.709788557733656, 49.404441300152683 ], [ 9.712203244439101, 49.398770931169537 ], [ 9.740676214336448, 49.39907439048671 ], [ 9.741892215420998, 49.396266804552816 ], [ 9.748126162491486, 49.394257479549559 ], [ 9.75127886723971, 49.395367002116451 ], [ 9.75102132432959, 49.398621868597267 ], [ 9.757241683340963, 49.402828234993549 ], [ 9.758415343198971, 49.400919801128161 ], [ 9.757519982222188, 49.39820608596505 ], [ 9.758952069869746, 49.397405869194337 ], [ 9.763560973392584, 49.397067253709572 ], [ 9.767945990260158, 49.398751107820821 ], [ 9.774585634959665, 49.39355835995319 ], [ 9.785665309299503, 49.400133294830511 ], [ 9.789604917541228, 49.404971088668347 ], [ 9.788646375006058, 49.406395413930525 ], [ 9.800002312688608, 49.407600035808493 ], [ 9.804932825056474, 49.404140095126195 ], [ 9.803411008883089, 49.403563946818615 ], [ 9.802486110180746, 49.397962698225271 ], [ 9.800685073290106, 49.397645668275409 ], [ 9.800791468908081, 49.39507346947574 ], [ 9.803380386565848, 49.396178025445735 ], [ 9.811251138292569, 49.38845388909656 ], [ 9.81875868998144, 49.391691463045461 ], [ 9.820876819117355, 49.389933699518558 ], [ 9.830432865263383, 49.394470899259488 ], [ 9.840760756473591, 49.383088975009173 ], [ 9.845607529760541, 49.381327054095919 ], [ 9.844865932318978, 49.379127740755528 ], [ 9.847780348581518, 49.378595907620102 ], [ 9.845765617518639, 49.373771417401109 ], [ 9.84765693366721, 49.372468991474655 ], [ 9.841868974025589, 49.370600150047416 ], [ 9.844096136340815, 49.368912925635676 ], [ 9.851716325325325, 49.369748695549376 ], [ 9.85246941595061, 49.368043815137632 ], [ 9.855564439282297, 49.36836743203687 ] ] ] } },
{ "type": "Feature", "properties": { "OBJID": "DEBKGVG200000CCC", "BEGINN": "2025-04-12T00:00:00", "ADE": 4, "GF": 4, "BSG": 1, "LKZ": "BW", "ARS": "08127", "AGS": "08127", "SDV_ARS": "081275009076", "GEN": "Schwäbisch Hall", "BEZ": "Landkreis", "IBZ": 43, "BEM": "--", "NBD": "ja", "SN_L": "08", "SN_R": "1", "SN_K": "27", "SN_V1": "00", "SN_V2": "00", "SN_G": "000", "FK_S3": "R", "NUTS": "DE11A", "ARS_0": "081270000000", "AGS_0": "08127000", "WSK": "2009-01-01T00:00:00", "DLM_ID": "DEBKGDL20000E3WD" }, "geometry": { "type": "Polygon", "coordinates": [ [ [ 10.111966360279929, 49.384910331602349 ], [ 10.107318285270567, 49.378784907678998 ], [ 10.117413522557408, 49.369023145879098 ], [ 10.117385946294865, 49.366995207967953 ], [ 10.113673292873594, 49.366411306445407 ], [ 10.113373867927534, 49.359940546201372 ], [ 10.124592471667082, 49.357023077540056 ], [ 10.1228522784345, 49.356041624779493 ], [ 10.123719470958754, 49.350818094727302 ], [ 10.10761552289952, 49.351698644827323 ], [ 10.109087752659065, 49.348456363828632 ], [ 10.103936611090161, 49.346972075657575 ], [ 10.103278410716175, 49.341644384144445 ], [ 10.104846911232821, 49.338411505848491 ], [ 10.109036161434579, 49.337877411650304 ], [ 10.108610537161891, 49.336049838486389 ], [ 10.11308650231776, 49.335777462090547 ], [ 10.112838389042514, 49.332354761577911 ], [ 10.107993524736807, 49.332504590425124 ], [ 10.110499427080775, 49.328871790760722 ], [ 10.117468971795022, 49.329123631009843 ], [ 10.121334637894075, 49.324956945052861 ], [ 10.130673858564329, 49.325653660155524 ], [ 10.130245839316922, 49.327622265449868 ], [ 10.136885968997786, 49.327188726048647 ], [ 10.140101716878814, 49.325576271784797 ], [ 10.140367357152751, 49.322598375574167 ], [ 10.142827865882294, 49.322559601584757 ], [ 10.14524705964231, 49.316498208189365 ], [ 10.135406315304497, 49.309567239783192 ], [ 10.136475233845566, 49.30830234590919 ], [ 10.131680316161395, 49.305123015153761 ], [ 10.132298987538787, 49.300318837357267 ], [ 10.133888105081235, 49.298962478159787 ], [ 10.133899435309127, 49.296069242975612 ], [ 10.138293386975937, 49.291466893116947 ], [ 10.144107654840635, 49.290120106383888 ], [ 10.141367929591206, 49.288681138606663 ], [ 10.142379483557082, 49.287649896738444 ], [ 10.149933311909805, 49.288019388708229 ], [ 10.149346910999748, 49.284609372054909 ], [ 10.153910514147269, 49.284735522667134 ], [ 10.156620293958664, 49.280758908266911 ], [ 10.152928216938989, 49.281755042620034 ], [ 10.150681257077895, 49.280650653102057 ], [ 10.15036552759125, 49.278688693858989 ], [ 10.146705461968175, 49.277202017636604 ], [ 10.147639772332782, 49.275405891079075 ], [ 10.14538872196945, 49.274913064411408 ], [ 10.147428862496209, 49.268541827978375 ], [ 10.142352479477923, 49.26788633047304 ], [ 10.134156874382295, 49.262229697487527 ], [ 10.131947106710973, 49.263625740697847 ], [ 10.127781571190839, 49.261470117975044 ], [ 10.126639931515784, 49.262380250033026 ], [ 10.12723651747959, 49.266677598117013 ], [ 10.123560393371006, 49.270965089184322 ], [ 10.127423337669848, 49.274504120937266 ], [ 10.131392016840588, 49.275083912881783 ], [ 10.128881550283685, 49.276164082582376 ], [ 10.123625095210029, 49.274995201176772 ], [ 10.119550373494318, 49.266975665617167 ], [ 10.116612086481556, 49.268287985330076 ], [ 10.113974179629722, 49.266407933748695 ], [ 10.117098263485328, 49.264196789871988 ], [ 10.116107897224325, 49.259120080234247 ], [ 10.118701572001104, 49.257869577971817 ], [ 10.109875036636437, 49.258298030293354 ], [ 10.113796335250393, 49.256026785655941 ], [ 10.126014474296024, 49.255897217512512 ], [ 10.12714508002543, 49.253643172065004 ], [ 10.132319517457695, 49.254460803847302 ], [ 10.133209340681107, 49.253105433617272 ], [ 10.131535610295421, 49.250950097822255 ], [ 10.119829081628749, 49.247357974185789 ], [ 10.123989086012616, 49.24601370203662 ], [ 10.123379270621571, 49.244091021349348 ], [ 10.124742199199412, 49.242724713314551 ], [ 10.122662566229209, 49.24091847856846 ], [ 10.12674434887141, 49.236209145955172 ], [ 10.126158632718901, 49.230261399076397 ], [ 10.12818322805226, 49.227767473273012 ], [ 10.125996116828485, 49.227306657713477 ], [ 10.127462295293602, 49.223312495359359 ], [ 10.132589843389383, 49.217248703499394 ], [ 10.138989004362477, 49.215925382701037 ], [ 10.140135950141834, 49.208889741971369 ], [ 10.125622454465397, 49.210893140637928 ], [ 10.124821601689691, 49.209712111836176 ], [ 10.127077889937434, 49.209107967319866 ], [ 10.127394732253277, 49.20434949289195 ], [ 10.130455046439867, 49.203767081188346 ], [ 10.124643724012964, 49.200824404080954 ], [ 10.124899273053948, 49.199736859444414 ], [ 10.130081142281183, 49.198827574817457 ], [ 10.127662573325507, 49.197407356159857 ], [ 10.129171664380582, 49.195721290541471 ], [ 10.135324543256017, 49.200643744321837 ], [ 10.138643369260866, 49.197389288613337 ], [ 10.141222153323543, 49.197613444665606 ], [ 10.142404979142798, 49.195440428278403 ], [ 10.156808452168915, 49.192714953415539 ], [ 10.153172898729721, 49.189609901928868 ], [ 10.153573664819264, 49.188411658518689 ], [ 10.156507089523139, 49.188783224915717 ], [ 10.160266326904223, 49.185025782986024 ], [ 10.159369893563472, 49.183718796047849 ], [ 10.16046036384471, 49.182804617415378 ], [ 10.167031288410262, 49.181070302315334 ], [ 10.166467833424067, 49.179215671813857 ], [ 10.171029492319429, 49.178275682097123 ], [ 10.175833685144754, 49.180007701230707 ], [ 10.176234306625064, 49.181645935883154 ], [ 10.181182663233429, 49.182406689754245 ], [ 10.180989287501337, 49.176379541353377 ], [ 10.178342917410667, 49.176147109874343 ], [ 10.177317878690197, 49.173508657346595 ], [ 10.182761975645992, 49.171779179801732 ], [ 10.185375766366796, 49.172631251234236 ], [ 10.184866803431573, 49.170876630459048 ], [ 10.186296970929366, 49.170515718690616 ], [ 10.18863111165615, 49.174401466725378 ], [ 10.189698005641654, 49.172191112835854 ], [ 10.187715569921927, 49.170043697646939 ], [ 10.195244024107339, 49.16988889054263 ], [ 10.192707093362651, 49.16759726863954 ], [ 10.197326585746481, 49.163742042176132 ], [ 10.195929680694196, 49.162597134118514 ], [ 10.199512652724012, 49.160707663481219 ], [ 10.196814396494785, 49.155762235589236 ], [ 10.205166969866099, 49.155631601733468 ], [ 10.206647721584817, 49.159090290836801 ], [ 10.211908878383722, 49.160389072943353 ], [ 10.212896476319266, 49.162733417074413 ], [ 10.215416662755704, 49.163682278630333 ], [ 10.21837911033073, 49.163489848135214 ], [ 10.219957455389812, 49.161666046412442 ], [ 10.218691044577035, 49.159956883683016 ], [ 10.222623151365218, 49.160044829670525 ], [ 10.224112367181359, 49.161679373111262 ], [ 10.228141118877836, 49.15989024839795 ], [ 10.232271169423251, 49.155641701450499 ], [ 10.23097704617898, 49.153468152840517 ], [ 10.235010753345851, 49.152114898005919 ], [ 10.236613666750072, 49.149262824920669 ], [ 10.248022910293511, 49.14928110722132 ], [ 10.248569530383421, 49.145456313073566 ], [ 10.251882958720122, 49.14366370792213 ], [ 10.251456484289317, 49.141949259758114 ], [ 10.255479653630559, 49.138302641444412 ], [ 10.251562751719074, 49.133985703787687 ], [ 10.256181393116037, 49.131441351635068 ], [ 10.256947319962165, 49.129050426203619 ], [ 10.252748772540759, 49.129913725372809 ], [ 10.251111132114326, 49.12587148373364 ], [ 10.247228171214429, 49.126699296306697 ], [ 10.230287118641614, 49.118968128124131 ], [ 10.224954281238631, 49.119502525618429 ], [ 10.229568828594566, 49.117309929755983 ], [ 10.229330692369059, 49.11322555070533 ], [ 10.226894538352058, 49.113219637253025 ], [ 10.226574537589316, 49.111026092348354 ], [ 10.215249857102132, 49.113283483881141 ], [ 10.213465835926709, 49.111444026658532 ], [ 10.215625560072441, 49.106109204957768 ], [ 10.212011786548549, 49.102544613654466 ], [ 10.206841425220063, 49.101262958250757 ], [ 10.207052286913221, 49.09966156985881 ], [ 10.210181202197628, 49.100069522484816 ], [ 10.208833170374596, 49.098084067479441 ], [ 10.204997648713295, 49.098119001258709 ], [ 10.21273107686668, 49.0944693190851 ], [ 10.222778543098325, 49.097858618248992 ], [ 10.229070019140886, 49.089760921208601 ], [ 10.233162280396046, 49.090229471456382 ], [ 10.232825337373479, 49.09172176327808 ], [ 10.235105060958839, 49.09058487236603 ], [ 10.244375522374412, 49.092753693071536 ], [ 10.243404645031097, 49.090550234521579 ], [ 10.245486126054557, 49.090590963889639 ], [ 10.245602986277831, 49.091805493191174 ], [ 10.250596709598717, 49.092815123456994 ], [ 10.249137749060658, 49.091561621797368 ], [ 10.250309725557285, 49.090044163983016 ], [ 10.247145404755004, 49.079720347977634 ], [ 10.241643574591736, 49.079258059222099 ], [ 10.242783931498453, 49.08109556403069 ], [ 10.240984278912686, 49.082197738800474 ], [ 10.237793027305214, 49.07729729951366 ], [ 10.23416989496369, 49.076362320409913 ], [ 10.23563572982696, 49.073703424839891 ], [ 10.239505317481674, 49.074602951731777 ], [ 10.242488277411473, 49.072343247005691 ], [ 10.24403296427962, 49.0727785251635 ], [ 10.243573263528955, 49.074270555672392 ], [ 10.245544908893041, 49.07433931308173 ], [ 10.258153512291951, 49.070173771029012 ], [ 10.260025265845414, 49.064107333612775 ], [ 10.264630448289841, 49.061364544000561 ], [ 10.258769931368809, 49.060138376787492 ], [ 10.258170716086029, 49.061659252552772 ], [ 10.256055946285191, 49.061364445308207 ], [ 10.256763397636719, 49.059495146985959 ], [ 10.248227245821743, 49.060095224005494 ], [ 10.239764366564719, 49.05684714285163 ], [ 10.240938014428947, 49.054065531713924 ], [ 10.236375556218533, 49.054102469322238 ], [ 10.235289824814627, 49.051882109316658 ], [ 10.234123652551272, 49.048790253374129 ], [ 10.235943731718436, 49.046985941932171 ], [ 10.221312902556164, 49.048025548773929 ], [ 10.213514656026007, 49.045505411544077 ], [ 10.213648508036165, 49.043697886105953 ], [ 10.209570319032345, 49.041573695892119 ], [ 10.197897623462385, 49.040654672284269 ], [ 10.186029887870626, 49.047050630548796 ], [ 10.185608338318691, 49.050854078224241 ], [ 10.190308021401567, 49.054186126076814 ], [ 10.183006323441699, 49.057421659230762 ], [ 10.183022302558616, 49.059630664848328 ], [ 10.174767639239251, 49.059359476295697 ], [ 10.174757516075212, 49.06086347233947 ], [ 10.169790719607803, 49.060121391709274 ], [ 10.160210180755413, 49.055161044208724 ], [ 10.159038792261979, 49.052853851345617 ], [ 10.149199930415607, 49.051528829673003 ], [ 10.144804575118577, 49.046584057684633 ], [ 10.149006346935991, 49.044763937071103 ], [ 10.147067530812274, 49.042329348288938 ], [ 10.139251928355856, 49.042772122159839 ], [ 10.140586905299076, 49.043558932918899 ], [ 10.139712884324361, 49.045175114398454 ], [ 10.134967931528024, 49.043717605788146 ], [ 10.121176972737247, 49.046409070813588 ], [ 10.115649734874985, 49.04288238999402 ], [ 10.115092440183941, 49.040703825761078 ], [ 10.11777400130158, 49.037241184135112 ], [ 10.114947901984177, 49.036520932623091 ], [ 10.10892503913553, 49.038895625103642 ], [ 10.109122974498819, 49.04127609289614 ], [ 10.10195850579249, 49.040917655606222 ], [ 10.10049404566783, 49.044061519912873 ], [ 10.089606843220698, 49.04359936509055 ], [ 10.086202938658538, 49.048048070328797 ], [ 10.083223697470501, 49.044439228913674 ], [ 10.081236217908168, 49.045599354315634 ], [ 10.072163806466071, 49.04339908753505 ], [ 10.072672106955908, 49.046261266954282 ], [ 10.053934838133253, 49.043867542263726 ], [ 10.048048773285077, 49.041226525066534 ], [ 10.038176856460186, 49.043443809833605 ], [ 10.036666302819848, 49.04687345464334 ], [ 10.028993932901237, 49.045069496466446 ], [ 10.027697299507018, 49.04894065687688 ], [ 10.020135639851864, 49.052524270732178 ], [ 10.016147594262279, 49.051733563723694 ], [ 10.017408374896347, 49.050182957600093 ], [ 10.014244549580646, 49.049098916287733 ], [ 10.013761506080195, 49.047595144122447 ], [ 10.017345672857285, 49.044129385043767 ], [ 10.006448057951813, 49.04207605648206 ], [ 10.006417673428341, 49.038352205524937 ], [ 10.002704805654258, 49.037544243519406 ], [ 9.997006767442391, 49.032949569382708 ], [ 9.988458000355042, 49.032874812307682 ], [ 9.98707671401311, 49.036661368610858 ], [ 9.992391828442861, 49.041340503272927 ], [ 9.988996121168327, 49.044098370674362 ], [ 9.981368329810008, 49.044705901960555 ], [ 9.975019493322691, 49.039675330650191 ], [ 9.983774732998432, 49.036746126707783 ], [ 9.985953755182063, 49.030389850432158 ], [ 9.973205567648627, 49.030366497026748 ], [ 9.97402099781716, 49.02833758604848 ], [ 9.979864793499994, 49.028032127634091 ], [ 9.979822692017228, 49.024317224454776 ], [ 9.974170260725842, 49.021359630752023 ], [ 9.974193218820044, 49.018658687835782 ], [ 9.980851505825012, 49.02021155113934 ], [ 9.991533638470381, 49.018776567357925 ], [ 9.992977898067911, 49.016526752651529 ], [ 9.988964743007328, 49.014195340717478 ], [ 9.992827455892529, 49.008101692933906 ], [ 9.993954124086423, 49.002066971402968 ], [ 9.996071333329661, 48.998821034987699 ], [ 9.99939875656324, 48.998122065787904 ], [ 9.997838096046538, 48.996373143490132 ], [ 10.00114623767251, 48.99104535119146 ], [ 10.00542710578647, 48.989418430103278 ], [ 10.006069161535031, 48.988108107377393 ], [ 10.004815664627635, 48.987733793832007 ], [ 10.014410975491399, 48.986228898813039 ], [ 10.014453220889402, 48.981817049812236 ], [ 10.009046284839869, 48.980242270929082 ], [ 9.999893615969315, 48.981325949521278 ], [ 9.997289292819694, 48.980783599759036 ], [ 9.997520707920312, 48.979552430459108 ], [ 9.991800780171962, 48.979040865431053 ], [ 9.980246761071895, 48.981047386184891 ], [ 9.975624892150533, 48.978822193701475 ], [ 9.958339057921382, 48.976455168353439 ], [ 9.955302515795655, 48.974317758147571 ], [ 9.942103360111924, 48.974396517632307 ], [ 9.945017659014544, 48.968079088128299 ], [ 9.947789853950827, 48.966968551759066 ], [ 9.945722814634987, 48.962569134500114 ], [ 9.934084179239056, 48.957959688968685 ], [ 9.922672753568513, 48.964260182668255 ], [ 9.92301245641654, 48.965557108597508 ], [ 9.916075276835404, 48.965368148236593 ], [ 9.917880695268716, 48.968588521787154 ], [ 9.908511763942762, 48.963898257465715 ], [ 9.906190490838101, 48.958255545620688 ], [ 9.903132850549937, 48.955891750589934 ], [ 9.89973076224312, 48.953795847882169 ], [ 9.893101766836375, 48.953130414998647 ], [ 9.894058320303198, 48.951993345786995 ], [ 9.891244315972742, 48.948794088645769 ], [ 9.898931229250426, 48.947792415488429 ], [ 9.900794820325999, 48.943075661285633 ], [ 9.89854996500622, 48.941107692560145 ], [ 9.892324395608691, 48.939985679221472 ], [ 9.894785791379174, 48.938586970899749 ], [ 9.89169620927065, 48.936735368719965 ], [ 9.893623070603105, 48.932221805662103 ], [ 9.892787465574406, 48.930274532577975 ], [ 9.888331093505339, 48.928613266249727 ], [ 9.884939033905985, 48.924853073165892 ], [ 9.879823205043243, 48.924214245652784 ], [ 9.878715623402824, 48.918932224774828 ], [ 9.870694189936748, 48.918189963542218 ], [ 9.869949046795481, 48.920919961261212 ], [ 9.864013363366963, 48.923953275582228 ], [ 9.854093982940872, 48.919615095949041 ], [ 9.834887906573011, 48.917919287427885 ], [ 9.83244797542473, 48.922662611401677 ], [ 9.828098330066931, 48.926297124903172 ], [ 9.837542217499541, 48.927405907861015 ], [ 9.841931356936346, 48.930867648779312 ], [ 9.845603586552421, 48.930853266697561 ], [ 9.844914277123626, 48.934694906192803 ], [ 9.839845831908857, 48.935545535802731 ], [ 9.836409333002223, 48.938547401583506 ], [ 9.81179151069915, 48.939802361703627 ], [ 9.812445176117699, 48.942454325084825 ], [ 9.808310289700572, 48.945163035308198 ], [ 9.796710185939519, 48.943777387538127 ], [ 9.794343522347861, 48.950643088284899 ], [ 9.79706762287689, 48.955841002421749 ], [ 9.789956781234073, 48.955508188331002 ], [ 9.78935273875544, 48.953858381781323 ], [ 9.779451479513162, 48.952005045532275 ], [ 9.776511259661705, 48.952273849114349 ], [ 9.778254457966101, 48.95351735693739 ], [ 9.777395178581926, 48.9543572672818 ], [ 9.77012461400145, 48.953770312257916 ], [ 9.769216619835273, 48.955113526436662 ], [ 9.758374532721117, 48.950517868516357 ], [ 9.75936261976023, 48.952880950179832 ], [ 9.763743708909407, 48.955761141966398 ], [ 9.756883064236279, 48.955158038244321 ], [ 9.745322467858465, 48.95818356107614 ], [ 9.738465366834271, 48.963425725101388 ], [ 9.736214451697396, 48.971028656024771 ], [ 9.728243083931826, 48.971423580911839 ], [ 9.724334497703886, 48.975758835570595 ], [ 9.719168656392732, 48.965658004031447 ], [ 9.712959357901974, 48.960226728778061 ], [ 9.713407375471908, 48.956191379547498 ], [ 9.7046150931602, 48.957640158175224 ], [ 9.702497914967097, 48.964280965483503 ], [ 9.693308877013456, 48.964017082926226 ], [ 9.690040444245819, 48.966682781736381 ], [ 9.683135014018234, 48.968692230467532 ], [ 9.668398518530333, 48.962071423044392 ], [ 9.666814956742527, 48.962014645719634 ], [ 9.662768120994729, 48.966958358017209 ], [ 9.651923177276815, 48.966840547210495 ], [ 9.67658331119749, 48.97155834933541 ], [ 9.671609146328318, 48.974013060154888 ], [ 9.669514193771718, 48.979052459219581 ], [ 9.663652398678613, 48.986150451321748 ], [ 9.666372697633825, 48.987699871014264 ], [ 9.668155620059895, 48.986543858187019 ], [ 9.675473925665564, 48.986957894863266 ], [ 9.67627676583305, 48.989572258900019 ], [ 9.671747061689079, 48.989907550749031 ], [ 9.67073901864412, 48.992103761537756 ], [ 9.668986383032594, 48.991488098118715 ], [ 9.666089967327746, 48.993796134515975 ], [ 9.655857763438553, 48.992684911870874 ], [ 9.654562723779573, 48.993268768908791 ], [ 9.655619803813916, 48.994571996237852 ], [ 9.649658521453288, 48.996217790723271 ], [ 9.645550518541656, 48.994148848925782 ], [ 9.6403267529214, 48.997078839052179 ], [ 9.635041072731322, 49.004128899130166 ], [ 9.616339826059745, 49.005529696096978 ], [ 9.613283012448385, 49.002977950335953 ], [ 9.601195657828274, 49.003807853506501 ], [ 9.601834915308689, 49.005459041947908 ], [ 9.597719185436677, 49.006946013762395 ], [ 9.602526500432809, 49.010924451983911 ], [ 9.601067367017796, 49.01291857468577 ], [ 9.604958692758423, 49.014712790030799 ], [ 9.606352264010217, 49.019221364359403 ], [ 9.613616767303231, 49.02505390038187 ], [ 9.610179132033901, 49.026043015382221 ], [ 9.604869533552861, 49.032090181245259 ], [ 9.613473433409508, 49.035855633339608 ], [ 9.603495951018417, 49.040507430980483 ], [ 9.597677635135472, 49.041423100915679 ], [ 9.595762704104235, 49.045779193784242 ], [ 9.613546287268646, 49.0482962183845 ], [ 9.614739477001432, 49.050392501542667 ], [ 9.611977611238531, 49.051746842840359 ], [ 9.603200352626088, 49.051786733926747 ], [ 9.605231762471268, 49.054716037999953 ], [ 9.587638910428264, 49.056706372024642 ], [ 9.578552944161748, 49.05488563203901 ], [ 9.575556963615636, 49.051955514402039 ], [ 9.575428119712244, 49.049390863970252 ], [ 9.57113310756732, 49.047151497700881 ], [ 9.56796835391885, 49.05342347861842 ], [ 9.557969361536161, 49.053672917550031 ], [ 9.552271269712696, 49.054519537034487 ], [ 9.550535162598555, 49.056378407902095 ], [ 9.535258262915722, 49.057644300855102 ], [ 9.533464570212773, 49.058604605781746 ], [ 9.535413388027614, 49.062572173578801 ], [ 9.534591537973917, 49.063826470331101 ], [ 9.522028460265052, 49.065029057755538 ], [ 9.520817869497797, 49.067348224028471 ], [ 9.517795259972315, 49.068554075914442 ], [ 9.52066597411288, 49.073490620009899 ], [ 9.519948302886927, 49.075121467940335 ], [ 9.518317603684947, 49.074513491032917 ], [ 9.519306698242827, 49.077049822181515 ], [ 9.507444651605688, 49.07525414645503 ], [ 9.500877051925428, 49.079000704749006 ], [ 9.501746439206915, 49.080663592746845 ], [ 9.500452309856362, 49.081659515008973 ], [ 9.506248607139669, 49.088133761814817 ], [ 9.499380048951531, 49.08846837204964 ], [ 9.500633511702043, 49.090307097768957 ], [ 9.498126687055469, 49.092360068431624 ], [ 9.497408448784434, 49.09701429020771 ], [ 9.506144363376968, 49.099188089261929 ], [ 9.502584477770368, 49.102953831397471 ], [ 9.513270428912934, 49.105763745267495 ], [ 9.520059161633363, 49.105427560979734 ], [ 9.527490531625352, 49.108550759999098 ], [ 9.535815779174992, 49.101957210809722 ], [ 9.538956145401734, 49.103864226255489 ], [ 9.53977883666899, 49.104518946110687 ], [ 9.537319080218655, 49.107637195158546 ], [ 9.539286920605386, 49.110649539214435 ], [ 9.5314240261392, 49.115322369823005 ], [ 9.532957133022121, 49.118142172940118 ], [ 9.531234643585423, 49.118613039678976 ], [ 9.532008782382709, 49.121012504899277 ], [ 9.53669840982187, 49.123634607210171 ], [ 9.541435463228984, 49.122514835720438 ], [ 9.543752808664657, 49.125916905454275 ], [ 9.541674093621536, 49.127752195420797 ], [ 9.547150018659536, 49.130182681675265 ], [ 9.546431529359456, 49.132551356975725 ], [ 9.5608671906464, 49.132511363399217 ], [ 9.560844404296573, 49.130865016508103 ], [ 9.564190592725325, 49.131495704980452 ], [ 9.567471548456602, 49.12983192962033 ], [ 9.566016742950181, 49.129217121854609 ], [ 9.572173179677108, 49.124131928860521 ], [ 9.566399653332239, 49.122887582192064 ], [ 9.562019398515679, 49.125423664001175 ], [ 9.56062066142832, 49.124755282931126 ], [ 9.559863540482942, 49.119999385882288 ], [ 9.561434664704132, 49.118843166844698 ], [ 9.572404795555, 49.122064919699895 ], [ 9.578011273922895, 49.122012254452024 ], [ 9.577875238579971, 49.11980728173048 ], [ 9.583351013845771, 49.117963210412285 ], [ 9.582634698200041, 49.116715995300424 ], [ 9.595425247378785, 49.113527749898267 ], [ 9.588840383383806, 49.111747283769532 ], [ 9.592539939437041, 49.108107256734087 ], [ 9.605976699967002, 49.107594656585043 ], [ 9.603274137730976, 49.105567114759367 ], [ 9.609482230505538, 49.105472730247598 ], [ 9.61329663115427, 49.108894191827005 ], [ 9.609718830287848, 49.113444380672881 ], [ 9.611731536792659, 49.116509748519249 ], [ 9.610854312823967, 49.118751602496459 ], [ 9.613106430627953, 49.119246204993047 ], [ 9.607979112614544, 49.121571248646816 ], [ 9.60765160388946, 49.120012458029223 ], [ 9.602536368682649, 49.118721249936527 ], [ 9.590728488194904, 49.122080217845848 ], [ 9.588192288943393, 49.127195929662818 ], [ 9.58411886804768, 49.128772869094121 ], [ 9.584925317516067, 49.131783903794258 ], [ 9.579577568814733, 49.133305294200575 ], [ 9.592094174867215, 49.139092477777631 ], [ 9.592044749184748, 49.140990100888438 ], [ 9.601196047086892, 49.14138770318673 ], [ 9.606489070429996, 49.147388420395778 ], [ 9.603406001214779, 49.150841558200831 ], [ 9.605991948653323, 49.152284423095644 ], [ 9.607030914648544, 49.149854015870162 ], [ 9.610093472549417, 49.149608511111168 ], [ 9.610024419260371, 49.139973928019963 ], [ 9.607063758670947, 49.13993238576861 ], [ 9.607721655446003, 49.136978158264398 ], [ 9.622700372204253, 49.136538717760615 ], [ 9.630745916576833, 49.138922206738471 ], [ 9.639797180844036, 49.138002567941555 ], [ 9.643816346271834, 49.135559644877276 ], [ 9.638358076790142, 49.127233162972942 ], [ 9.645265917499064, 49.127250095457811 ], [ 9.646306108939788, 49.129659757350424 ], [ 9.652066900088917, 49.131007813891578 ], [ 9.652509757625078, 49.133889645816893 ], [ 9.649467865896018, 49.137698583168159 ], [ 9.648154704149185, 49.143257037896248 ], [ 9.649219277347845, 49.145117964784234 ], [ 9.652589193488682, 49.146537616678884 ], [ 9.654876786979194, 49.143161559140552 ], [ 9.652653126768836, 49.142740167591136 ], [ 9.65237228954541, 49.138593131848033 ], [ 9.654570472986398, 49.135983118199675 ], [ 9.665901083289583, 49.140340778751636 ], [ 9.667961414248467, 49.142505963679078 ], [ 9.664557885410336, 49.14344834570052 ], [ 9.672812623222654, 49.149045461122533 ], [ 9.674135531326399, 49.153471907442132 ], [ 9.671521053486812, 49.15531979278343 ], [ 9.672004287901519, 49.15760817907293 ], [ 9.670709754183648, 49.158607738744891 ], [ 9.674311149765034, 49.161909227679679 ], [ 9.686888274007527, 49.165009492275416 ], [ 9.690047748572081, 49.167116958546238 ], [ 9.689761243036838, 49.174480102800985 ], [ 9.68817484943405, 49.175991849385269 ], [ 9.693397318605365, 49.175992528418341 ], [ 9.693412787526135, 49.179168006311642 ], [ 9.69698592909663, 49.180560290637629 ], [ 9.695171238972948, 49.187258500863919 ], [ 9.696787234765745, 49.189869572006231 ], [ 9.700322036332354, 49.192179665603064 ], [ 9.704969573537669, 49.192476537985911 ], [ 9.709002892185916, 49.19646617569537 ], [ 9.712616942412552, 49.195325376610228 ], [ 9.713772860768158, 49.196961985384604 ], [ 9.716571265737548, 49.195166779397056 ], [ 9.718243946033796, 49.195594954327724 ], [ 9.717023672220934, 49.198055738354036 ], [ 9.723368132330636, 49.198754344489465 ], [ 9.724075941465859, 49.195602987212766 ], [ 9.744731562243553, 49.194844402125938 ], [ 9.748408654262789, 49.198906140109969 ], [ 9.748823119568616, 49.203395940558501 ], [ 9.750673677592575, 49.203542126375098 ], [ 9.751390889079685, 49.206006683348392 ], [ 9.750788846171467, 49.207811389528786 ], [ 9.754110904114116, 49.211386708239395 ], [ 9.748788273464246, 49.211962896343067 ], [ 9.747366208772521, 49.221065759204819 ], [ 9.73331648131188, 49.224010769015209 ], [ 9.73649465538892, 49.226426438932606 ], [ 9.741225444331729, 49.226610613761871 ], [ 9.745951416352842, 49.223318859432496 ], [ 9.764989246996059, 49.224627794377426 ], [ 9.765628272204177, 49.226853855448226 ], [ 9.762834298889784, 49.235309290252708 ], [ 9.764397522270652, 49.241787313785331 ], [ 9.757674589137704, 49.245647137542136 ], [ 9.765998402751801, 49.248635414234968 ], [ 9.771112335565972, 49.244646396488491 ], [ 9.775209182192025, 49.250061531653351 ], [ 9.778536139917435, 49.250874558539344 ], [ 9.780504433715182, 49.253414930941531 ], [ 9.781979896911151, 49.252156001067867 ], [ 9.788212805573121, 49.255344109631949 ], [ 9.815142220469461, 49.258695934554822 ], [ 9.814674626814938, 49.259682590724282 ], [ 9.827038441001392, 49.26501072043493 ], [ 9.824834877211662, 49.269234400489083 ], [ 9.826879879782524, 49.271432588984837 ], [ 9.825325043977566, 49.272511726849849 ], [ 9.825736707070069, 49.276490238675819 ], [ 9.819953339526203, 49.280035633952693 ], [ 9.824339389338453, 49.281024616321069 ], [ 9.829989049557666, 49.278179852939843 ], [ 9.835954386974832, 49.285285786700044 ], [ 9.834807591726234, 49.286673323402695 ], [ 9.836990324029346, 49.287945603637169 ], [ 9.840238657174266, 49.283727792867246 ], [ 9.843727409079859, 49.284018085120067 ], [ 9.842355084539435, 49.285827172273393 ], [ 9.845350126682648, 49.287041069368023 ], [ 9.855434576983674, 49.286712540142076 ], [ 9.85794788009448, 49.287986305359162 ], [ 9.857993822283413, 49.289695728583006 ], [ 9.860396262789823, 49.290015273892109 ], [ 9.86028108302725, 49.293504907808405 ], [ 9.85440644916973, 49.293642240956146 ], [ 9.853355525351795, 49.302245009340965 ], [ 9.860092632104957, 49.302499448454284 ], [ 9.859594767073554, 49.304763513537516 ], [ 9.855628910745123, 49.307106711529123 ], [ 9.840706778498911, 49.308765372310319 ], [ 9.852772101865956, 49.310841494706132 ], [ 9.85202998132568, 49.311799757637196 ], [ 9.855306753228374, 49.31266418272849 ], [ 9.85293148889105, 49.31433273252734 ], [ 9.855577126192131, 49.316102080203031 ], [ 9.851696599493955, 49.316115761593643 ], [ 9.846816968306479, 49.32180879374372 ], [ 9.850634976334941, 49.325438180557555 ], [ 9.858837628990708, 49.32646576448596 ], [ 9.85831723653917, 49.330393927132732 ], [ 9.851777162431652, 49.336671447241031 ], [ 9.849077902010379, 49.336754817484596 ], [ 9.849866907545678, 49.338468573752458 ], [ 9.843393448617647, 49.346361290198324 ], [ 9.843414475217779, 49.350260572206984 ], [ 9.853486423717859, 49.351848165757723 ], [ 9.856008531476096, 49.353742748185013 ], [ 9.852377922572554, 49.35542212622007 ], [ 9.851648295488644, 49.359484039206087 ], [ 9.852747998181453, 49.363727407623053 ], [ 9.857662554300834, 49.363926476543803 ], [ 9.855564439282297, 49.36836743203687 ], [ 9.866726990733897, 49.370095002177663 ], [ 9.868815333271616, 49.373660091437351 ], [ 9.876396780089172, 49.374386018407186 ], [ 9.886365388836399, 49.369590323842736 ], [ 9.890628111820847, 49.370046977624149 ], [ 9.892236194002543, 49.374688523311896 ], [ 9.894250194745032, 49.374483475360613 ], [ 9.894848562375689, 49.369637940570492 ], [ 9.90008586571175, 49.367219106568065 ], [ 9.911482877442591, 49.368415333466814 ], [ 9.913894345357324, 49.370089530561806 ], [ 9.910707290072521, 49.372735655600273 ], [ 9.923955680891316, 49.373383803741909 ], [ 9.925003298763807, 49.371128021473965 ], [ 9.930678982002787, 49.368919530714408 ], [ 9.927065365744918, 49.364175126447869 ], [ 9.928528255844082, 49.361618768384311 ], [ 9.933982801567902, 49.359244459472713 ], [ 9.931068039787734, 49.357615859295969 ], [ 9.935250078687917, 49.352198167580774 ], [ 9.944165463111689, 49.360041540318385 ], [ 9.947277285581976, 49.358878725656176 ], [ 9.955214108718184, 49.360950451557052 ], [ 9.959127699241533, 49.359539001917277 ], [ 9.962288951401861, 49.3638001314714 ], [ 9.965972672986917, 49.364483349980517 ], [ 9.973361136000108, 49.375743158045296 ], [ 9.977510805645547, 49.377536345837271 ], [ 9.980092246585883, 49.374525717105563 ], [ 9.988044138754596, 49.374265291073705 ], [ 9.992842337446108, 49.371937165671483 ], [ 10.000200178900057, 49.372398488303844 ], [ 10.000355439909713, 49.370767276201583 ], [ 10.012801758988539, 49.370075173886512 ], [ 10.02000532477906, 49.371545427156178 ], [ 10.020820352212882, 49.369938666216967 ], [ 10.025582129244494, 49.368996290325128 ], [ 10.039960570454372, 49.369271853335128 ], [ 10.03931220322116, 49.37367709506119 ], [ 10.032170907638992, 49.381276026471923 ], [ 10.034064669036685, 49.382066506373157 ], [ 10.031297879969992, 49.383197485121521 ], [ 10.032468638049627, 49.384659662067904 ], [ 10.041150890891885, 49.383094126547491 ], [ 10.040830297426034, 49.384918955085169 ], [ 10.044345396209563, 49.384780303045929 ], [ 10.044263605446764, 49.386138329119163 ], [ 10.050626493284966, 49.389447341830234 ], [ 10.061438325401365, 49.388608373708301 ], [ 10.066925463251893, 49.389862020452661 ], [ 10.067879093600439, 49.392618380264963 ], [ 10.079272885292164, 49.394412234615835 ], [ 10.093684031843207, 49.393586999241734 ], [ 10.106019759665005, 49.39516009103086 ], [ 10.113368536287121, 49.393107540290423 ], [ 10.107883672320714, 49.38969719670785 ], [ 10.109070103489525, 49.387848204941122 ], [ 10.111821941252895, 49.388370477228534 ], [ 10.111966360279929, 49.384910331602349 ] ] ] } },
{ "type": "Feature", "properties": { "OBJID": "DEBKGVG200000CCD", "BEGINN": "2025-04-12T00:00:00", "ADE": 4, "GF": 4, "BSG": 1, "LKZ": "BW", "ARS": "08128", "AGS": "08128", "SDV_ARS": "081285004115", "GEN": "Main-Tauber-Kreis", "BEZ": "Landkreis", "IBZ": 43, "BEM": "--", "NBD": "nein", "SN_L": "08", "SN_R": "1", "SN_K": "28", "SN_V1": "00", "SN_V2": "00", "SN_G": "000", "FK_S3": "R", "NUTS": "DE11B", "ARS_0": "081280000000", "AGS_0": "08128000", "WSK": "2009-01-01T00:00:00", "DLM_ID": "DEBKGDL20000E65D" }, "geometry": { "type": "Polygon", "coordinates": [ [ [ 10.083723462621567, 49.543560763520553 ], [ 10.090080475655027, 49.534038265103362 ], [ 10.088658371509553, 49.533723770188971 ], [ 10.089598028511665, 49.53052124459402 ], [ 10.087737134755336, 49.530538215912017 ], [ 10.087974030752356, 49.52844928250547 ], [ 10.078611449950014, 49.527317378327389 ], [ 10.080641607183448, 49.521195892701805 ], [ 10.076885757838403, 49.519882874454964 ], [ 10.083353480629079, 49.514397471179862 ], [ 10.081353762245637, 49.513677648178323 ], [ 10.084146564662763, 49.511758864179185 ], [ 10.105717540277203, 49.515105816691225 ], [ 10.108475105156238, 49.511476785887567 ], [ 10.113525771253148, 49.51221387143125 ], [ 10.114509168876774, 49.510193113957875 ], [ 10.121323095079713, 49.511046204821184 ], [ 10.120859798583481, 49.507272899823406 ], [ 10.115364093767766, 49.506957442237002 ], [ 10.117116621979676, 49.503742807518073 ], [ 10.109812080996699, 49.501693686235122 ], [ 10.09999135456224, 49.491727679061555 ], [ 10.101621092587056, 49.490051184794758 ], [ 10.1012435092304, 49.485641800408018 ], [ 10.108102174235414, 49.482853609523502 ], [ 10.110712222097991, 49.477623439169911 ], [ 10.116088966853054, 49.478577441935293 ], [ 10.116632887014644, 49.476168368160998 ], [ 10.115118200215907, 49.47395919811499 ], [ 10.118327266639328, 49.473169457381282 ], [ 10.117752405070666, 49.470819564796855 ], [ 10.119313877098907, 49.4706179369824 ], [ 10.117637359102407, 49.469667692266064 ], [ 10.117916193991544, 49.467590571603779 ], [ 10.122251831676184, 49.463907839324534 ], [ 10.115844314042995, 49.46130059270925 ], [ 10.105487697615791, 49.463238735371469 ], [ 10.108231467259904, 49.460207669995022 ], [ 10.10649266100747, 49.458510382402707 ], [ 10.09782662570726, 49.457010595573081 ], [ 10.097290683156546, 49.45157803092598 ], [ 10.094741443539659, 49.447898568225398 ], [ 10.105708278067929, 49.444815869485048 ], [ 10.105971323796892, 49.443026607796547 ], [ 10.111758983648819, 49.438746656203591 ], [ 10.112735345267332, 49.43912784016085 ], [ 10.110624884958074, 49.442503019870152 ], [ 10.11878103030773, 49.443898261306046 ], [ 10.122627670027248, 49.440717666090578 ], [ 10.13370513311737, 49.437146858460785 ], [ 10.134482049319738, 49.434756485781527 ], [ 10.13810835067893, 49.433121946327887 ], [ 10.133620232925463, 49.43200995898161 ], [ 10.13807299264062, 49.428668899978106 ], [ 10.1374270557362, 49.424717663279623 ], [ 10.144132115027876, 49.420636948605576 ], [ 10.146818819595332, 49.415328894647018 ], [ 10.151680498066092, 49.41229446214011 ], [ 10.150891064885936, 49.410888681574207 ], [ 10.147652145010458, 49.410752660441915 ], [ 10.149829434236763, 49.409005275877604 ], [ 10.152217242864756, 49.401015463998398 ], [ 10.142063923061018, 49.403970247760022 ], [ 10.139359103277036, 49.404366431000213 ], [ 10.13863806679116, 49.403095721953285 ], [ 10.146450537964702, 49.401690186487741 ], [ 10.154246715684922, 49.398655837224503 ], [ 10.1542581222017, 49.397072627486381 ], [ 10.16169824022789, 49.395493980592647 ], [ 10.161210777841156, 49.390355977406081 ], [ 10.156770567212485, 49.390738345406682 ], [ 10.149932535457401, 49.387316934137772 ], [ 10.146403978371403, 49.387431851762216 ], [ 10.144924268664075, 49.384413645591437 ], [ 10.126607422287345, 49.387900247369735 ], [ 10.111966360279929, 49.384910331602349 ], [ 10.111821941252895, 49.388370477228534 ], [ 10.109070103489525, 49.387848204941122 ], [ 10.107883672320714, 49.38969719670785 ], [ 10.113368536287121, 49.393107540290423 ], [ 10.108309924001937, 49.394880213786465 ], [ 10.093684031843207, 49.393586999241734 ], [ 10.079272885292164, 49.394412234615835 ], [ 10.067879093600439, 49.392618380264963 ], [ 10.066925463251893, 49.389862020452661 ], [ 10.064823008106082, 49.389197228465221 ], [ 10.050626493284966, 49.389447341830234 ], [ 10.044263605446764, 49.386138329119163 ], [ 10.044345396209563, 49.384780303045929 ], [ 10.040830297426034, 49.384918955085169 ], [ 10.041150890891885, 49.383094126547491 ], [ 10.032468638049627, 49.384659662067904 ], [ 10.031297879969992, 49.383197485121521 ], [ 10.034064669036685, 49.382066506373157 ], [ 10.032170907638992, 49.381276026471923 ], [ 10.03931220322116, 49.37367709506119 ], [ 10.039960570454372, 49.369271853335128 ], [ 10.025582129244494, 49.368996290325128 ], [ 10.020820352212882, 49.369938666216967 ], [ 10.02000532477906, 49.371545427156178 ], [ 10.012801758988539, 49.370075173886512 ], [ 10.000355439909713, 49.370767276201583 ], [ 10.000200178900057, 49.372398488303844 ], [ 9.992842337446108, 49.371937165671483 ], [ 9.988044138754596, 49.374265291073705 ], [ 9.980092246585883, 49.374525717105563 ], [ 9.977510805645547, 49.377536345837271 ], [ 9.973361136000108, 49.375743158045296 ], [ 9.965972672986917, 49.364483349980517 ], [ 9.962288951401861, 49.3638001314714 ], [ 9.959127699241533, 49.359539001917277 ], [ 9.955214108718184, 49.360950451557052 ], [ 9.947277285581976, 49.358878725656176 ], [ 9.944165463111689, 49.360041540318385 ], [ 9.935250078687917, 49.352198167580774 ], [ 9.931068039787734, 49.357615859295969 ], [ 9.933982801567902, 49.359244459472713 ], [ 9.928528255844082, 49.361618768384311 ], [ 9.927065365744918, 49.364175126447869 ], [ 9.930678982002787, 49.368919530714408 ], [ 9.925003298763807, 49.371128021473965 ], [ 9.923955680891316, 49.373383803741909 ], [ 9.910707290072521, 49.372735655600273 ], [ 9.913894345357324, 49.370089530561806 ], [ 9.911482877442591, 49.368415333466814 ], [ 9.90008586571175, 49.367219106568065 ], [ 9.894848562375689, 49.369637940570492 ], [ 9.894250194745032, 49.374483475360613 ], [ 9.892236194002543, 49.374688523311896 ], [ 9.890628111820847, 49.370046977624149 ], [ 9.883667655255747, 49.370349138785443 ], [ 9.876396780089172, 49.374386018407186 ], [ 9.868815333271616, 49.373660091437351 ], [ 9.866726990733897, 49.370095002177663 ], [ 9.85246941595061, 49.368043815137632 ], [ 9.851716325325325, 49.369748695549376 ], [ 9.844096136340815, 49.368912925635676 ], [ 9.841868974025589, 49.370600150047416 ], [ 9.84765693366721, 49.372468991474655 ], [ 9.845765617518639, 49.373771417401109 ], [ 9.847780348581518, 49.378595907620102 ], [ 9.844865932318978, 49.379127740755528 ], [ 9.845607529760541, 49.381327054095919 ], [ 9.840760756473591, 49.383088975009173 ], [ 9.830432865263383, 49.394470899259488 ], [ 9.820876819117355, 49.389933699518558 ], [ 9.81875868998144, 49.391691463045461 ], [ 9.811251138292569, 49.38845388909656 ], [ 9.803380386565848, 49.396178025445735 ], [ 9.800791468908081, 49.39507346947574 ], [ 9.800685073290106, 49.397645668275409 ], [ 9.802486110180746, 49.397962698225271 ], [ 9.803411008883089, 49.403563946818615 ], [ 9.804932825056474, 49.404140095126195 ], [ 9.800002312688608, 49.407600035808493 ], [ 9.788646375006058, 49.406395413930525 ], [ 9.789604917541228, 49.404971088668347 ], [ 9.785665309299503, 49.400133294830511 ], [ 9.774585634959665, 49.39355835995319 ], [ 9.767945990260158, 49.398751107820821 ], [ 9.763560973392584, 49.397067253709572 ], [ 9.758952069869746, 49.397405869194337 ], [ 9.757519982222188, 49.39820608596505 ], [ 9.758415343198971, 49.400919801128161 ], [ 9.757241683340963, 49.402828234993549 ], [ 9.75102132432959, 49.398621868597267 ], [ 9.75127886723971, 49.395367002116451 ], [ 9.748126162491486, 49.394257479549559 ], [ 9.741892215420998, 49.396266804552816 ], [ 9.740676214336448, 49.39907439048671 ], [ 9.712203244439101, 49.398770931169537 ], [ 9.709788557733656, 49.404441300152683 ], [ 9.707922671108946, 49.40478523333249 ], [ 9.71221267132961, 49.407862013685623 ], [ 9.712905202890171, 49.412341703724536 ], [ 9.704792412261609, 49.417592698205205 ], [ 9.701833538835125, 49.417809806272196 ], [ 9.687123882232763, 49.409712042607111 ], [ 9.680604192680795, 49.413650144401394 ], [ 9.682291915679452, 49.408471591180017 ], [ 9.671522675480631, 49.406971524143508 ], [ 9.671718564980619, 49.414790681252121 ], [ 9.658846470193328, 49.412842112025835 ], [ 9.65438807020313, 49.413897291847306 ], [ 9.6534736158006, 49.416434775945774 ], [ 9.638112340084314, 49.413423133602997 ], [ 9.638211041549305, 49.417139353437285 ], [ 9.640370952802567, 49.419728788012783 ], [ 9.63888380087667, 49.424215587257841 ], [ 9.642261622656449, 49.429675116048081 ], [ 9.63223467068527, 49.428878669720085 ], [ 9.629412041030047, 49.426328935852354 ], [ 9.622996011034221, 49.425721426868833 ], [ 9.623823521604086, 49.428741636776948 ], [ 9.619026432227271, 49.430089687846497 ], [ 9.606402813713826, 49.425798020217634 ], [ 9.603822915757988, 49.426578215087602 ], [ 9.600987795770301, 49.431348222926545 ], [ 9.595464649649269, 49.430973662850242 ], [ 9.595654424500843, 49.434807652517705 ], [ 9.5917867161027, 49.435082439516066 ], [ 9.589714172664152, 49.439617915463558 ], [ 9.572383654810009, 49.442607436561062 ], [ 9.570705033196692, 49.441657981988655 ], [ 9.557250305658865, 49.447421002611634 ], [ 9.550225319736567, 49.448198731155443 ], [ 9.549779514785945, 49.44980535322825 ], [ 9.541581777555841, 49.449169200596096 ], [ 9.530625989269167, 49.443504685062535 ], [ 9.51343929609869, 49.444788090864186 ], [ 9.510311060490194, 49.439254780863777 ], [ 9.50902166790525, 49.441564568492346 ], [ 9.511748081490939, 49.446509620464475 ], [ 9.507344890213785, 49.449916639808571 ], [ 9.505765309171982, 49.455142382898856 ], [ 9.506484615979987, 49.45849074697059 ], [ 9.511554954757127, 49.460560614751657 ], [ 9.513498524574789, 49.463366581917072 ], [ 9.514622477277625, 49.471806254124068 ], [ 9.517378096189473, 49.472182799998734 ], [ 9.512723005521668, 49.475550252009157 ], [ 9.512880668075162, 49.479960000019958 ], [ 9.492156723430588, 49.486443381167753 ], [ 9.491559382283125, 49.487922506440967 ], [ 9.495437085587762, 49.492014615788655 ], [ 9.495947617310176, 49.494673198343627 ], [ 9.494954625435236, 49.502500541762629 ], [ 9.499287612526345, 49.50008291604604 ], [ 9.50575307862943, 49.501381595358225 ], [ 9.505740153640239, 49.504665298253983 ], [ 9.509489375200154, 49.505741877330564 ], [ 9.517168399359655, 49.515948335995922 ], [ 9.518709787238473, 49.510860573317196 ], [ 9.524250120663334, 49.511547354810183 ], [ 9.523722715948216, 49.513018264117882 ], [ 9.525920387924712, 49.512983262563019 ], [ 9.524420995480627, 49.514688699566911 ], [ 9.531575034620808, 49.514183482808882 ], [ 9.533114550020912, 49.515951041142714 ], [ 9.530723220699858, 49.518719536739965 ], [ 9.53307566090737, 49.517192260148668 ], [ 9.540477457419135, 49.523643087077517 ], [ 9.544657328899095, 49.523336642814122 ], [ 9.545762963169857, 49.524722492889119 ], [ 9.541743084868644, 49.524625482295356 ], [ 9.544366502982342, 49.530288682056621 ], [ 9.542148339295112, 49.532690029420912 ], [ 9.522052471070337, 49.536611402229347 ], [ 9.523445564361884, 49.544216784045204 ], [ 9.518008216372715, 49.547759408738465 ], [ 9.520028332300102, 49.549720269025421 ], [ 9.515894453621321, 49.550359110867582 ], [ 9.51631088030131, 49.555661902156821 ], [ 9.504006530197099, 49.570740964511884 ], [ 9.503667186520639, 49.572420405719967 ], [ 9.506233766419792, 49.575402994789698 ], [ 9.505754413304508, 49.579825290825795 ], [ 9.499369757503244, 49.587380433228446 ], [ 9.506100370118357, 49.592469110104304 ], [ 9.506815094533485, 49.594706647903536 ], [ 9.505208635437148, 49.596364465354462 ], [ 9.511635623609905, 49.602219622334403 ], [ 9.515013066063604, 49.600420881088766 ], [ 9.524248614442843, 49.60012956688994 ], [ 9.526543785276692, 49.597492747253533 ], [ 9.530023164700399, 49.597122719314036 ], [ 9.535373090437707, 49.599992107121096 ], [ 9.52915662828079, 49.606182847523002 ], [ 9.537788098847841, 49.605860717546072 ], [ 9.538974781280823, 49.603990432393751 ], [ 9.536071565514774, 49.603794790392556 ], [ 9.537001454781016, 49.601616441049607 ], [ 9.540179656856282, 49.602588134145648 ], [ 9.544197494134233, 49.601038683390421 ], [ 9.538302944431299, 49.607106680754605 ], [ 9.537175451847251, 49.615653250568492 ], [ 9.539424381871237, 49.618812324979785 ], [ 9.551583146650282, 49.621586989405699 ], [ 9.548414713575671, 49.624916283953191 ], [ 9.549604673391119, 49.630540433170921 ], [ 9.547451073693784, 49.634346078080618 ], [ 9.542511924860266, 49.638874922114233 ], [ 9.53898815556143, 49.639807753636475 ], [ 9.529168977688238, 49.634874546056608 ], [ 9.526013244261858, 49.635423252859681 ], [ 9.520009830081037, 49.643099963376002 ], [ 9.509597705948293, 49.63986654089571 ], [ 9.507292468610498, 49.643025164581246 ], [ 9.505112022238643, 49.642610151618413 ], [ 9.505591819967973, 49.641525712010903 ], [ 9.50048214723976, 49.638088793842002 ], [ 9.497238858653402, 49.639481663030608 ], [ 9.499344360082922, 49.641479665486585 ], [ 9.491544106477841, 49.643452814275811 ], [ 9.491756425224983, 49.644552360287243 ], [ 9.476602834253974, 49.642410033803763 ], [ 9.468909711435149, 49.645786167448129 ], [ 9.455158856716322, 49.647315606745231 ], [ 9.45030201532337, 49.649528997873524 ], [ 9.451874424146995, 49.65129935717831 ], [ 9.451573302764961, 49.656000811471046 ], [ 9.442882137572584, 49.658014582578438 ], [ 9.428817401810992, 49.657830255146223 ], [ 9.425880759199272, 49.661455357417537 ], [ 9.410919907159856, 49.663507848532795 ], [ 9.405082233319702, 49.666015822221134 ], [ 9.398080490336627, 49.671481329017539 ], [ 9.403767108238201, 49.675594326797288 ], [ 9.41247209227182, 49.675469289175751 ], [ 9.412782527374599, 49.677300542556168 ], [ 9.406391045210201, 49.679581511670406 ], [ 9.413357933321562, 49.682962291005452 ], [ 9.420088259433856, 49.690191890428807 ], [ 9.420791634640597, 49.692205014280759 ], [ 9.419257358793558, 49.693809930593581 ], [ 9.422312960535674, 49.69607938371643 ], [ 9.418738567304734, 49.697727862514853 ], [ 9.416870872253158, 49.702397699792186 ], [ 9.417638917012098, 49.705842062829667 ], [ 9.420314327150558, 49.706627633853557 ], [ 9.418680826541639, 49.711898300601682 ], [ 9.415296154573049, 49.712468802037748 ], [ 9.407930499171776, 49.721458583247411 ], [ 9.401067576045421, 49.720564515122547 ], [ 9.3999606533767, 49.728840513003753 ], [ 9.385645191659819, 49.73091454485786 ], [ 9.38676138429785, 49.728411578427533 ], [ 9.380160749181538, 49.726118346296118 ], [ 9.3830294945507, 49.719245593542084 ], [ 9.382528565801636, 49.707462878386835 ], [ 9.372068999187162, 49.703998474302693 ], [ 9.357409236460922, 49.704288292921362 ], [ 9.353213085214472, 49.707440062615774 ], [ 9.352232357026676, 49.716481717487582 ], [ 9.344114466277912, 49.71698647192806 ], [ 9.34403094226802, 49.718613968135806 ], [ 9.349424222205375, 49.721525568594068 ], [ 9.362948245951959, 49.723518855772483 ], [ 9.366500972479217, 49.726068353084202 ], [ 9.37421119836784, 49.72800202997481 ], [ 9.363404936762384, 49.731614169133245 ], [ 9.358870051690314, 49.730782927783714 ], [ 9.341713435914638, 49.734199093553116 ], [ 9.323027403179594, 49.731115354713921 ], [ 9.316534483832605, 49.735237739070861 ], [ 9.305602726402228, 49.736146846030074 ], [ 9.297691474076183, 49.738158255215673 ], [ 9.295673221401998, 49.740530935953487 ], [ 9.31589725805893, 49.740167967637497 ], [ 9.323124375783172, 49.743797269433884 ], [ 9.322471693942004, 49.749980938492236 ], [ 9.313250661054024, 49.761698950118273 ], [ 9.313238045038281, 49.765549872693377 ], [ 9.316021888896996, 49.768239949034694 ], [ 9.327294960084489, 49.769538020043086 ], [ 9.351035813624064, 49.769006988641827 ], [ 9.361394760400751, 49.772683456700939 ], [ 9.368906175456779, 49.778148172237323 ], [ 9.3726103375436, 49.778976811858918 ], [ 9.379078286824265, 49.776917393882854 ], [ 9.386552064065961, 49.771034474951598 ], [ 9.391546882931555, 49.770120605873096 ], [ 9.39716345740028, 49.774143272999822 ], [ 9.403700681453154, 49.776240055661425 ], [ 9.420280404864016, 49.788506775027997 ], [ 9.425106761489248, 49.789553721195006 ], [ 9.434851987217709, 49.787378692869083 ], [ 9.445002526851988, 49.773959075357169 ], [ 9.457007338185592, 49.769472253026855 ], [ 9.468763638635938, 49.773790498673435 ], [ 9.472125872114768, 49.780866054580919 ], [ 9.479097061989478, 49.786894310387133 ], [ 9.503232404006404, 49.788395361877384 ], [ 9.512861169293826, 49.781794339743762 ], [ 9.510097430995412, 49.769695686064061 ], [ 9.514512299376184, 49.763786793887959 ], [ 9.522996548834614, 49.761205902290456 ], [ 9.528705981258096, 49.762523538149779 ], [ 9.537632589528483, 49.767557138491682 ], [ 9.546462236876676, 49.766426001604565 ], [ 9.552429578484098, 49.760429741877502 ], [ 9.555060677804839, 49.747522500253538 ], [ 9.558298400158009, 49.745291090237551 ], [ 9.563380496662822, 49.744568384542049 ], [ 9.567438408473608, 49.746509237357607 ], [ 9.568927695800429, 49.750588249852434 ], [ 9.560313716558074, 49.760675236936684 ], [ 9.558392977055325, 49.765095014579984 ], [ 9.557604079580891, 49.776182229569955 ], [ 9.56180983562715, 49.780616782059326 ], [ 9.580057328173677, 49.784032129902833 ], [ 9.57628581851464, 49.782894836351936 ], [ 9.577586594084121, 49.780305171084002 ], [ 9.576346450949901, 49.77905345345723 ], [ 9.581076413329129, 49.77803014417988 ], [ 9.590017649249701, 49.781222883937303 ], [ 9.591319738162628, 49.780038015114023 ], [ 9.609444169343728, 49.783220364237032 ], [ 9.61970244205899, 49.783181324831197 ], [ 9.64873620262275, 49.791477649798573 ], [ 9.651418612914188, 49.780557044978877 ], [ 9.644322198699557, 49.778609653049557 ], [ 9.646496047178255, 49.770695151040762 ], [ 9.651865836821997, 49.766371739291912 ], [ 9.637951868620235, 49.753850751024885 ], [ 9.645552783921957, 49.746910388489844 ], [ 9.644548229946773, 49.743931943336605 ], [ 9.639059252786007, 49.742522685224479 ], [ 9.638998493501205, 49.740506854776065 ], [ 9.64693620520397, 49.739145263558832 ], [ 9.64585959317329, 49.736474001927391 ], [ 9.638059303269918, 49.737112664877422 ], [ 9.636562795696504, 49.731653117800299 ], [ 9.627715246400317, 49.731963307769853 ], [ 9.641101794467433, 49.723176274697934 ], [ 9.638664255519544, 49.722132114540393 ], [ 9.64087405413227, 49.720337198744659 ], [ 9.633052601739507, 49.717068951166979 ], [ 9.630970525787497, 49.710120826413842 ], [ 9.627657104607701, 49.708238596877656 ], [ 9.625449125357463, 49.703736738729823 ], [ 9.630463004067279, 49.701565079619982 ], [ 9.632277999114548, 49.698790190445337 ], [ 9.632460374116752, 49.69318609917876 ], [ 9.648879733846313, 49.691736101288228 ], [ 9.648185613508105, 49.690883876407455 ], [ 9.651323725947753, 49.690221841573461 ], [ 9.650455324445938, 49.688149104427573 ], [ 9.653496459171993, 49.687137201403445 ], [ 9.676147907820283, 49.693347264127766 ], [ 9.674090179652621, 49.696718027062815 ], [ 9.677253631350034, 49.707011505170343 ], [ 9.67719387301362, 49.716201213058817 ], [ 9.695889204140032, 49.71922337727824 ], [ 9.700381584220093, 49.716960895794635 ], [ 9.700724817322158, 49.72214561490167 ], [ 9.702737881698239, 49.722096804892487 ], [ 9.704532339110699, 49.725168403175836 ], [ 9.706730267558699, 49.724859903280034 ], [ 9.709719303167192, 49.727058056189748 ], [ 9.711830854663217, 49.726101067510399 ], [ 9.711720269455263, 49.722717410228917 ], [ 9.713938806896534, 49.7211493302393 ], [ 9.713498426236919, 49.716836362592424 ], [ 9.714736569460602, 49.71655928776169 ], [ 9.713238618053163, 49.713892304172568 ], [ 9.719290824452218, 49.70194170856211 ], [ 9.724351979447803, 49.701211707683619 ], [ 9.728354246239727, 49.698189050709409 ], [ 9.727550418742915, 49.688727782527806 ], [ 9.739419988281256, 49.688190701824013 ], [ 9.738774010619794, 49.690043108569995 ], [ 9.745438072747412, 49.691858719212263 ], [ 9.74554350459006, 49.69354477351871 ], [ 9.749890203651521, 49.695859450825772 ], [ 9.752953959059045, 49.710121840689823 ], [ 9.771602621709047, 49.720109572028889 ], [ 9.779188685124883, 49.722500403412639 ], [ 9.786755849166896, 49.721846584912115 ], [ 9.791444324098943, 49.730947288976822 ], [ 9.799993757939381, 49.730943238951269 ], [ 9.80024251441233, 49.72955100694913 ], [ 9.796073403977363, 49.727087037548785 ], [ 9.796514481390444, 49.720710944958704 ], [ 9.803610732195718, 49.718460527030579 ], [ 9.80888261368005, 49.713751408981942 ], [ 9.821427220050865, 49.709733592458782 ], [ 9.82354606515282, 49.707700192313929 ], [ 9.823358965558862, 49.704669849525871 ], [ 9.828160569158998, 49.706453847156148 ], [ 9.831804629422026, 49.703803317206386 ], [ 9.832916699885478, 49.699205807621993 ], [ 9.83178577612833, 49.698199371524488 ], [ 9.833679024406086, 49.696733837229679 ], [ 9.832347478541367, 49.69574534771062 ], [ 9.834460578252779, 49.694399253880903 ], [ 9.833003012934579, 49.693500000603173 ], [ 9.836147407781308, 49.691740750690279 ], [ 9.830027878492922, 49.687708824561867 ], [ 9.836291790220512, 49.68539518741084 ], [ 9.837056790470767, 49.68323143738251 ], [ 9.841172423470312, 49.683417381737158 ], [ 9.840933845544262, 49.68161663707351 ], [ 9.829946964144758, 49.681012395936541 ], [ 9.830873498357086, 49.679209515668305 ], [ 9.828933798556282, 49.678672667290748 ], [ 9.82757074878559, 49.675436757709114 ], [ 9.825635755801173, 49.67531099734444 ], [ 9.82543893416261, 49.673293393721444 ], [ 9.823416618441842, 49.673173373688158 ], [ 9.825613518723923, 49.667541233882972 ], [ 9.822003963088193, 49.666246408308169 ], [ 9.822358443797432, 49.664710082576136 ], [ 9.827487449268556, 49.661325255581922 ], [ 9.832495186153082, 49.660415843029377 ], [ 9.829400800823903, 49.659695819142641 ], [ 9.833814044016963, 49.65628511005086 ], [ 9.832839975170698, 49.65458799164535 ], [ 9.829559007433073, 49.65435269507212 ], [ 9.830060280720025, 49.65174276885309 ], [ 9.83604391070463, 49.648408084353051 ], [ 9.834673916366656, 49.646294814570211 ], [ 9.836748766415386, 49.64532653991558 ], [ 9.850002108520743, 49.643945738807588 ], [ 9.855481315327548, 49.641514664913309 ], [ 9.857533749114966, 49.637162682885993 ], [ 9.856971010611716, 49.634682983670039 ], [ 9.858767670638361, 49.633955449714776 ], [ 9.857721863277334, 49.632411095266981 ], [ 9.860578368347314, 49.632175360328574 ], [ 9.865658154442089, 49.624130844180186 ], [ 9.863903923359521, 49.623787749126599 ], [ 9.864120230643467, 49.621460915059011 ], [ 9.867509196317116, 49.62131939576669 ], [ 9.86920700535161, 49.612491650370906 ], [ 9.867539701062219, 49.612253830596771 ], [ 9.868045003450476, 49.611174238963919 ], [ 9.872038949599645, 49.61172727207429 ], [ 9.872808264220769, 49.610076170413826 ], [ 9.859972097375213, 49.608510464987724 ], [ 9.859673337002882, 49.606903087904051 ], [ 9.857813423306245, 49.607165238074913 ], [ 9.859460116959962, 49.602984070118808 ], [ 9.841046741750764, 49.595141269303603 ], [ 9.84293146464481, 49.59328735617148 ], [ 9.841328199427004, 49.590334977528101 ], [ 9.847142778526848, 49.584551706203584 ], [ 9.8478677569141, 49.577052797927834 ], [ 9.840557790703762, 49.574479685424926 ], [ 9.841664267500052, 49.572773472480073 ], [ 9.835731665188099, 49.570270760527556 ], [ 9.836995639151874, 49.568901716505323 ], [ 9.810230151154306, 49.557316021262601 ], [ 9.811544997648266, 49.555682630860225 ], [ 9.817997679120495, 49.558613668102154 ], [ 9.817992370565186, 49.555887780128089 ], [ 9.828040038254114, 49.551590905303691 ], [ 9.840564908530396, 49.550693514500693 ], [ 9.84319691686107, 49.547652523830479 ], [ 9.849911875475513, 49.545765898733663 ], [ 9.859309914131655, 49.54604448446235 ], [ 9.860457299389829, 49.553515090929196 ], [ 9.864581416198741, 49.553738299235029 ], [ 9.866639552620464, 49.557463132024147 ], [ 9.864550355563436, 49.567881415755885 ], [ 9.869736647835321, 49.568999019147853 ], [ 9.869374433399452, 49.571291096486448 ], [ 9.874058697530266, 49.571694978509711 ], [ 9.875725005755074, 49.578631470992825 ], [ 9.893524694183659, 49.583523453971289 ], [ 9.898791276110398, 49.588346695272861 ], [ 9.901830927667076, 49.585411969276386 ], [ 9.902801189588109, 49.58638871564748 ], [ 9.907331424916087, 49.584847161977166 ], [ 9.90802752701355, 49.586740065179292 ], [ 9.912438199705043, 49.585908401826835 ], [ 9.911537270925308, 49.583780553645994 ], [ 9.915721194574219, 49.582227868827509 ], [ 9.906824528676699, 49.577746303439817 ], [ 9.903976947872081, 49.573107160008227 ], [ 9.901607335108286, 49.572549292472345 ], [ 9.898204855623808, 49.562379837633188 ], [ 9.89906487140493, 49.561079934048202 ], [ 9.911232024537298, 49.561377869377765 ], [ 9.920848873549213, 49.563280806163746 ], [ 9.924984524509703, 49.560064059498089 ], [ 9.922833156877365, 49.558163018541087 ], [ 9.92453271200355, 49.557137101754222 ], [ 9.920733394711798, 49.553402194904479 ], [ 9.925785400166635, 49.553723064971678 ], [ 9.926961113408124, 49.549520530782623 ], [ 9.92439539377793, 49.548831640340246 ], [ 9.920725245815996, 49.551012274365632 ], [ 9.922484669063415, 49.545791250200736 ], [ 9.920181961490796, 49.545125416371043 ], [ 9.92280791275366, 49.542139701811287 ], [ 9.921547139395216, 49.541133535880284 ], [ 9.927050474154637, 49.536077300076023 ], [ 9.924869555415125, 49.53495224865992 ], [ 9.92576060887705, 49.530186710956997 ], [ 9.923229294857615, 49.529031283504075 ], [ 9.924509704642855, 49.528380859126145 ], [ 9.92381499402347, 49.524121393544611 ], [ 9.918395299402452, 49.522379822308672 ], [ 9.916959262744401, 49.517802305005397 ], [ 9.925129288861578, 49.508650092650349 ], [ 9.917806717112059, 49.499598361360967 ], [ 9.916053162539095, 49.499544323629081 ], [ 9.916237665551057, 49.495739883875849 ], [ 9.914457732436343, 49.495595722287099 ], [ 9.913740586226609, 49.493252989146988 ], [ 9.926561179607656, 49.48483546108497 ], [ 9.951881740498473, 49.480364254055864 ], [ 9.958966807370352, 49.483852953063916 ], [ 9.974023623164681, 49.48582230956314 ], [ 9.975700784616249, 49.485245365939832 ], [ 9.97354202611707, 49.481897760634766 ], [ 9.97500905145446, 49.481025132356706 ], [ 9.978410474718199, 49.484016183288311 ], [ 9.992006367243219, 49.486402940347041 ], [ 10.000385053535792, 49.485954775347203 ], [ 10.010118434021383, 49.483213958360302 ], [ 10.018914617416986, 49.485905639055623 ], [ 10.025042178221996, 49.493218419225556 ], [ 10.028177637852957, 49.503989681856439 ], [ 10.03353173773173, 49.503650135102532 ], [ 10.046235533150574, 49.506979673047056 ], [ 10.052403774127065, 49.510674709907157 ], [ 10.051520203183664, 49.514416014643508 ], [ 10.056145910803895, 49.514945306514143 ], [ 10.057305789793013, 49.516827845967065 ], [ 10.057184639489478, 49.519318579362015 ], [ 10.054904148889912, 49.519769531472292 ], [ 10.054891082287583, 49.521174777851634 ], [ 10.049813865733787, 49.521323437068737 ], [ 10.040019271117592, 49.529010433989548 ], [ 10.061367726570818, 49.537468251718295 ], [ 10.057105076030721, 49.540681328085547 ], [ 10.061730829986537, 49.541649279186949 ], [ 10.061427506120953, 49.54513845488281 ], [ 10.075902434292173, 49.544410611523546 ], [ 10.0761352875396, 49.542844127970703 ], [ 10.083723462621567, 49.543560763520553 ] ] ] } },
{ "type": "Feature", "properties": { "OBJID": "DEBKGVG200000CCE", "BEGINN": "2025-01-04T00:00:00", "ADE": 4, "GF": 4, "BSG": 1, "LKZ": "BW", "ARS": "08135", "AGS": "08135", "SDV_ARS": "081355002019", "GEN": "Heidenheim", "BEZ": "Landkreis", "IBZ": 43, "BEM": "--", "NBD": "ja", "SN_L": "08", "SN_R": "1", "SN_K": "35", "SN_V1": "00", "SN_V2": "00", "SN_G": "000", "FK_S3": "R", "NUTS": "DE11C", "ARS_0": "081350000000", "AGS_0": "08135000", "WSK": "2009-01-01T00:00:00", "DLM_ID": "DEBKGDL20000DZ25" }, "geometry": { "type": "MultiPolygon", "coordinates": [ [ [ [ 10.241043485643781, 48.505644691562729 ], [ 10.242472678428337, 48.500099609889126 ], [ 10.237506682643197, 48.500195839969884 ], [ 10.23469157731113, 48.505341381547112 ], [ 10.241043485643781, 48.505644691562729 ] ] ], [ [ [ 10.153556738346015, 48.778345325142119 ], [ 10.149844580378053, 48.772308268550574 ], [ 10.152916213666785, 48.770861001687749 ], [ 10.164928868915826, 48.770987766230299 ], [ 10.164988342466142, 48.768281007061248 ], [ 10.160336444571357, 48.766207469784582 ], [ 10.160989884405049, 48.760291989348261 ], [ 10.163728802894617, 48.755659867930675 ], [ 10.170608488290743, 48.754016739698706 ], [ 10.171788257541619, 48.752518385955639 ], [ 10.170503810787022, 48.749393996984558 ], [ 10.175419198340355, 48.748491163895466 ], [ 10.175896571925108, 48.754400993759361 ], [ 10.180055008204626, 48.76524971461113 ], [ 10.179611130325995, 48.77686758599021 ], [ 10.195019026807854, 48.77827785374722 ], [ 10.196442711223556, 48.776914785116624 ], [ 10.200236010448178, 48.77741070176355 ], [ 10.214340000768075, 48.783167470469024 ], [ 10.220899067038347, 48.78322908254458 ], [ 10.226294229688374, 48.777315985132283 ], [ 10.226804041386115, 48.771345791842528 ], [ 10.233760917328064, 48.773008402337915 ], [ 10.240008639416283, 48.772519564347142 ], [ 10.239621689731946, 48.771097745697766 ], [ 10.241985174817509, 48.769259664193079 ], [ 10.249717949903797, 48.770887098846956 ], [ 10.25354718018062, 48.766992641252308 ], [ 10.251216233936626, 48.762580840539471 ], [ 10.260122329704835, 48.760603944990066 ], [ 10.267228145622274, 48.756644116874376 ], [ 10.282729083619193, 48.754616078715259 ], [ 10.287879436965667, 48.7556062618957 ], [ 10.289647802871501, 48.752408106759702 ], [ 10.288280038744857, 48.751065552965571 ], [ 10.292159551379303, 48.747044011584308 ], [ 10.296086951567631, 48.747662806529632 ], [ 10.294556153628429, 48.746275069501635 ], [ 10.302855591067695, 48.741829585206823 ], [ 10.308744724095822, 48.742107807466006 ], [ 10.308467226235138, 48.739490002990912 ], [ 10.314744265539293, 48.740976060141449 ], [ 10.3172858407442, 48.740847027766591 ], [ 10.317967352971044, 48.738696972980883 ], [ 10.32317030671623, 48.737924846680663 ], [ 10.331744134660733, 48.739004204688861 ], [ 10.328166473509176, 48.736107118739071 ], [ 10.319339688084041, 48.733332299793275 ], [ 10.319046359783846, 48.73178504357567 ], [ 10.335107350124195, 48.733995304602146 ], [ 10.336011099610339, 48.732072161147663 ], [ 10.339638946912961, 48.732635013755939 ], [ 10.34360170878921, 48.730536323915864 ], [ 10.346943290099619, 48.731341342466614 ], [ 10.346297517774447, 48.733507738664905 ], [ 10.349626781586975, 48.733979923148461 ], [ 10.357431883209344, 48.729961623162104 ], [ 10.363710260467355, 48.73428585581852 ], [ 10.362407520834491, 48.738250123602576 ], [ 10.364484260613738, 48.739493697724257 ], [ 10.362629357223373, 48.741541809075564 ], [ 10.36311414044116, 48.743215093644061 ], [ 10.367777626693407, 48.743382610648574 ], [ 10.366586400502106, 48.741429719988837 ], [ 10.368877962886248, 48.738734568523292 ], [ 10.375570032650957, 48.737672103452219 ], [ 10.382117767373398, 48.739945454752203 ], [ 10.383222456030644, 48.738543725285091 ], [ 10.384960997977343, 48.739291950085779 ], [ 10.383625025476897, 48.740765398914888 ], [ 10.386779414218116, 48.74079563495345 ], [ 10.384855135095822, 48.743806291392652 ], [ 10.387501970133515, 48.745841406889056 ], [ 10.385823374526758, 48.748402688653535 ], [ 10.397874579786702, 48.747191368187828 ], [ 10.398237477453915, 48.74273120041584 ], [ 10.406356502655997, 48.742000915194836 ], [ 10.404768562450942, 48.740506740746866 ], [ 10.42692535075658, 48.744417450509253 ], [ 10.434857232541658, 48.741166940682788 ], [ 10.430741535289528, 48.738241755855185 ], [ 10.43180334086844, 48.737307150265877 ], [ 10.435963199419135, 48.73766034759263 ], [ 10.435607586233358, 48.739260879655269 ], [ 10.439877456255994, 48.738768660870001 ], [ 10.438736913801163, 48.737545003052922 ], [ 10.441046513510116, 48.732981174550972 ], [ 10.443075874985974, 48.732382630420602 ], [ 10.443424627702591, 48.72941335779494 ], [ 10.446590262839102, 48.729788196188096 ], [ 10.447883535268081, 48.728044195560066 ], [ 10.450064918842255, 48.734987693678804 ], [ 10.454647665863025, 48.733730653961949 ], [ 10.461704263408555, 48.735941641090292 ], [ 10.46438143729697, 48.734705257077003 ], [ 10.455739515053052, 48.729045808686216 ], [ 10.461489236162615, 48.729470613996142 ], [ 10.464956862526542, 48.727736140222035 ], [ 10.465448700505776, 48.724238078411432 ], [ 10.46229506637296, 48.724560795280119 ], [ 10.462052166433786, 48.722303512250065 ], [ 10.467598126054808, 48.721441956726558 ], [ 10.465492621770601, 48.719804630397221 ], [ 10.468306459999988, 48.719014101295627 ], [ 10.468104167532376, 48.716621958178784 ], [ 10.473732241582656, 48.71197922940086 ], [ 10.4816413737621, 48.712587258899006 ], [ 10.483382299783681, 48.708064172931117 ], [ 10.482146278656836, 48.706822981829617 ], [ 10.483528290720649, 48.70524282887942 ], [ 10.481889245216012, 48.704671534110062 ], [ 10.480162984693701, 48.706498567556174 ], [ 10.479225787084946, 48.704996947632253 ], [ 10.474483674593396, 48.705607465861448 ], [ 10.471250460014049, 48.704788337043993 ], [ 10.471509766204061, 48.702810003044412 ], [ 10.480260345979241, 48.700159050549736 ], [ 10.479542570079559, 48.694799272302753 ], [ 10.487257766655755, 48.696661912102869 ], [ 10.485595622416787, 48.691603328358468 ], [ 10.495748779340088, 48.688434265592413 ], [ 10.492547152391333, 48.686056960070765 ], [ 10.49106313547493, 48.687309906185952 ], [ 10.48901262763022, 48.68574500240986 ], [ 10.485690499974309, 48.687255459931784 ], [ 10.48174628258052, 48.686499427572997 ], [ 10.480987695205215, 48.681418464440043 ], [ 10.464998022718556, 48.67053354189639 ], [ 10.454190511540634, 48.670610541436481 ], [ 10.452847056481483, 48.669899566612663 ], [ 10.454084462860026, 48.667885753174787 ], [ 10.452088628681787, 48.667983827770236 ], [ 10.449172634824887, 48.665158872584342 ], [ 10.441853368044137, 48.666809907287792 ], [ 10.441380465207414, 48.664930217780167 ], [ 10.432815405926261, 48.664089058637224 ], [ 10.432751179282787, 48.661445217517056 ], [ 10.429411269822477, 48.661820829532196 ], [ 10.427941924554098, 48.664032046760731 ], [ 10.423478046110565, 48.662491336901113 ], [ 10.419335308959301, 48.663927208165482 ], [ 10.410638817881944, 48.661033946938808 ], [ 10.40956088729846, 48.66401859263194 ], [ 10.407932337568527, 48.663756470343422 ], [ 10.407384042637204, 48.666534709143946 ], [ 10.408698475848187, 48.667839717849425 ], [ 10.415809676501457, 48.669490976708481 ], [ 10.4147889400938, 48.670902030635041 ], [ 10.419306776064612, 48.672955713100635 ], [ 10.42221573958693, 48.670889497513038 ], [ 10.4261092929436, 48.672951456354291 ], [ 10.426527262155812, 48.674903124195012 ], [ 10.422836734331881, 48.675409200102166 ], [ 10.422744214376692, 48.679377803464739 ], [ 10.424468920111716, 48.679321886096261 ], [ 10.418720957163973, 48.682271622047075 ], [ 10.422574801395578, 48.684162828503219 ], [ 10.422781642702365, 48.690754586680384 ], [ 10.426519975084897, 48.691571939844906 ], [ 10.426916691240748, 48.686845578198849 ], [ 10.429635276849622, 48.686025376470866 ], [ 10.434635232044526, 48.687608293633417 ], [ 10.433797404760682, 48.690689758047704 ], [ 10.437006119453542, 48.690980403230263 ], [ 10.437393747069663, 48.693101879990813 ], [ 10.431747641812469, 48.699492360822504 ], [ 10.425931029145415, 48.695018410221174 ], [ 10.423772179710801, 48.696539714912603 ], [ 10.42025280599635, 48.694728959658363 ], [ 10.413585645807748, 48.698643394324492 ], [ 10.408871360058022, 48.698792502869537 ], [ 10.406539410242878, 48.696353541942692 ], [ 10.407887768853378, 48.694502173151527 ], [ 10.402319398547414, 48.69399382497155 ], [ 10.399244067009633, 48.690043291670179 ], [ 10.393608990904658, 48.68920858602521 ], [ 10.392032310864169, 48.687160854593024 ], [ 10.392777783844885, 48.678139974682168 ], [ 10.390093766139973, 48.677565567032651 ], [ 10.390818838666716, 48.674663540562911 ], [ 10.386757991384334, 48.674087328285211 ], [ 10.38705162604152, 48.672494614245714 ], [ 10.389135405459651, 48.672425336041584 ], [ 10.389421373726266, 48.667201703127908 ], [ 10.379998269867057, 48.667677514668455 ], [ 10.373591781033598, 48.663058374972969 ], [ 10.368441433806652, 48.66387855630952 ], [ 10.36656976748842, 48.661793897299439 ], [ 10.365721938678757, 48.65665364032273 ], [ 10.361803831604472, 48.655392575551872 ], [ 10.361128679630015, 48.652826841138193 ], [ 10.351017332474925, 48.654676859714399 ], [ 10.352779629506839, 48.658013744970781 ], [ 10.347967480003721, 48.660273372959153 ], [ 10.349195592634668, 48.663370527957731 ], [ 10.347902556255828, 48.663368763714317 ], [ 10.347321118782746, 48.665759400922646 ], [ 10.351883032210244, 48.665717995812166 ], [ 10.348302622732986, 48.673305220052278 ], [ 10.34597179357, 48.674215660476158 ], [ 10.34760643148946, 48.675883974949102 ], [ 10.347422983161451, 48.679107381546515 ], [ 10.33678713750772, 48.687678930014592 ], [ 10.338683591298516, 48.687967219180557 ], [ 10.337429497203507, 48.689021806672201 ], [ 10.326574274035668, 48.690780915849146 ], [ 10.321004709255474, 48.687246947813733 ], [ 10.317400067822954, 48.688697893145303 ], [ 10.318616221818083, 48.686730490046052 ], [ 10.317503169527797, 48.682933763267748 ], [ 10.307597698693149, 48.68767416302893 ], [ 10.304263778808895, 48.685869801792172 ], [ 10.301377439344051, 48.687600263396924 ], [ 10.303958469895505, 48.687487944801028 ], [ 10.301109941762251, 48.689910905174024 ], [ 10.292015966370696, 48.691593867209491 ], [ 10.28252216575043, 48.700976783992559 ], [ 10.268706812658321, 48.703547117939529 ], [ 10.268556398310366, 48.698892815747669 ], [ 10.273039774615578, 48.685891310986626 ], [ 10.264688064906879, 48.682888358985984 ], [ 10.268762917158448, 48.679893370495002 ], [ 10.256347050251616, 48.680667166678923 ], [ 10.255371663661183, 48.677490615102251 ], [ 10.264848610157623, 48.672142491204511 ], [ 10.254600217709884, 48.666203177648313 ], [ 10.254379812483378, 48.664143388585735 ], [ 10.25641090106163, 48.662475245739579 ], [ 10.266623162677689, 48.658837217106978 ], [ 10.262200326010625, 48.658369209298471 ], [ 10.262470109744974, 48.655932808996553 ], [ 10.259529864759182, 48.654892336208889 ], [ 10.270384297274811, 48.651921032253959 ], [ 10.268310236790214, 48.646601940772584 ], [ 10.271972364058628, 48.647014188498012 ], [ 10.272355911043709, 48.649155188140007 ], [ 10.274449325166255, 48.645481537266328 ], [ 10.280522996634168, 48.646770648469705 ], [ 10.279528809397169, 48.641553047979514 ], [ 10.285052083801821, 48.638335599455317 ], [ 10.283566456308328, 48.636786013423666 ], [ 10.296510056420509, 48.633564249050814 ], [ 10.297219527240117, 48.626083884923062 ], [ 10.29990974060382, 48.625018679675485 ], [ 10.297810681823826, 48.62418757636658 ], [ 10.323094951505421, 48.609132703773973 ], [ 10.318774912039414, 48.607615026849146 ], [ 10.318197044899733, 48.606220281115547 ], [ 10.320735663223774, 48.605397127730491 ], [ 10.320212232828036, 48.60393953669864 ], [ 10.306866301808132, 48.604996160921978 ], [ 10.307219067077586, 48.601507785654853 ], [ 10.305185127932745, 48.601567175792141 ], [ 10.305013300578651, 48.603850902182813 ], [ 10.301563862562457, 48.605211603752828 ], [ 10.297108769190155, 48.603809741804497 ], [ 10.298063800565318, 48.599808535097154 ], [ 10.295230107964677, 48.599779544641301 ], [ 10.295856542015924, 48.595807444824025 ], [ 10.293114312920761, 48.589765519335756 ], [ 10.304752750972671, 48.584265449354952 ], [ 10.310082234584369, 48.576514513273736 ], [ 10.30864745345529, 48.576098408464617 ], [ 10.313004605549416, 48.567122770124932 ], [ 10.312867714180793, 48.555939262129137 ], [ 10.314320399185963, 48.55562052405044 ], [ 10.30960560600974, 48.55154420627774 ], [ 10.304899110323561, 48.551058065668862 ], [ 10.302382889513032, 48.546980251177416 ], [ 10.30393272515151, 48.545324795343461 ], [ 10.300846789626815, 48.545071209369922 ], [ 10.304002338306606, 48.538278955878383 ], [ 10.301556174090482, 48.537132628962524 ], [ 10.30318336462846, 48.529825147382368 ], [ 10.312374783219019, 48.530074894595785 ], [ 10.314838712270802, 48.526509285558831 ], [ 10.309262093806783, 48.526328972606962 ], [ 10.312023162438223, 48.522943782048259 ], [ 10.29626500355749, 48.516936357577229 ], [ 10.286794508169104, 48.51609127558509 ], [ 10.285615718729742, 48.517890588784951 ], [ 10.272975509773488, 48.516189676746215 ], [ 10.269419909688596, 48.518223461799849 ], [ 10.266243409665336, 48.517344594824792 ], [ 10.264661577249131, 48.519796003033328 ], [ 10.257462406777519, 48.51946574861109 ], [ 10.2538807650797, 48.518432776724588 ], [ 10.255477213597842, 48.515864662657116 ], [ 10.252682296970159, 48.51454565206587 ], [ 10.24983159820637, 48.516220708646813 ], [ 10.250694120018288, 48.514289421421594 ], [ 10.247165598858553, 48.513553082569203 ], [ 10.248273717781593, 48.511244724020834 ], [ 10.247056646969687, 48.511071105393249 ], [ 10.234681337147091, 48.512211057499457 ], [ 10.227503691123388, 48.510682998807411 ], [ 10.225322540166758, 48.513510016277998 ], [ 10.219673556976085, 48.512102125042247 ], [ 10.215542493527277, 48.515013915319024 ], [ 10.213283682373612, 48.517085193425565 ], [ 10.215244928731565, 48.519625949062807 ], [ 10.213256025237282, 48.521796837299512 ], [ 10.216859330644269, 48.523658432309887 ], [ 10.216269279970522, 48.525032674355202 ], [ 10.213588551744493, 48.525106697383258 ], [ 10.209758374322851, 48.531813651485265 ], [ 10.215395427493853, 48.530965065065786 ], [ 10.21487808870782, 48.533342297254869 ], [ 10.211657494025157, 48.532762968924025 ], [ 10.210133507200865, 48.536042166680602 ], [ 10.205839464440242, 48.535231458271646 ], [ 10.200756181996999, 48.542687901083852 ], [ 10.191355118766754, 48.541034552430418 ], [ 10.188916797094945, 48.545424800623877 ], [ 10.193856682395658, 48.545924134078035 ], [ 10.192519445710733, 48.547521002277605 ], [ 10.185372976501743, 48.548957632796451 ], [ 10.193019938986877, 48.549770389225635 ], [ 10.193172005379017, 48.55143433144552 ], [ 10.184720918343897, 48.550276046399219 ], [ 10.187512171271026, 48.555410964925471 ], [ 10.187036984373805, 48.55810425473053 ], [ 10.184906378713615, 48.558299020367791 ], [ 10.178921745335902, 48.550487202777653 ], [ 10.171533413170254, 48.549294998857718 ], [ 10.168253082310823, 48.549999543920727 ], [ 10.166718039901461, 48.554391595774376 ], [ 10.16050690901254, 48.557027864741364 ], [ 10.156893723543206, 48.556595029094197 ], [ 10.154718937113751, 48.551590886697404 ], [ 10.153231657434045, 48.551226558771738 ], [ 10.140003288734443, 48.556156954229024 ], [ 10.135673320548632, 48.55554032814635 ], [ 10.134954857176616, 48.557426297054889 ], [ 10.130941414993051, 48.556145115122959 ], [ 10.123893569922201, 48.558793888295845 ], [ 10.113346370433684, 48.556067107128406 ], [ 10.108937197095932, 48.568163611075605 ], [ 10.110128660129323, 48.569795168633028 ], [ 10.10312355810029, 48.572055802590484 ], [ 10.096592512092592, 48.578397436283957 ], [ 10.062720969441079, 48.587309820005764 ], [ 10.057359274997305, 48.58630510376485 ], [ 10.060648083793971, 48.589222883336745 ], [ 10.052050950033159, 48.592019742361856 ], [ 10.046886935887381, 48.595992468670381 ], [ 10.044917191629654, 48.599329554470643 ], [ 10.046440791031168, 48.601691798408311 ], [ 10.040774855337171, 48.604420142624882 ], [ 10.039992930629118, 48.606817871312323 ], [ 10.027847229646977, 48.606425102802142 ], [ 10.022413141750265, 48.603317432766929 ], [ 10.020237221007886, 48.605358306700239 ], [ 10.015283989996361, 48.605768398278173 ], [ 10.01585606237337, 48.604143271021876 ], [ 10.008380168300821, 48.603283070837328 ], [ 10.002617762897472, 48.604082323838384 ], [ 9.998859409262193, 48.607484870162324 ], [ 9.991456896482926, 48.603467515477639 ], [ 9.993015337395329, 48.60224269141284 ], [ 9.991402503249441, 48.599582542567667 ], [ 9.994052732343397, 48.597652311841784 ], [ 9.992815346432382, 48.596702456320422 ], [ 9.982835513249602, 48.595604235626027 ], [ 9.97629191377214, 48.597731689894225 ], [ 9.972702746511413, 48.594618814986333 ], [ 9.972181240479612, 48.596147174702992 ], [ 9.96478825587948, 48.595198095631545 ], [ 9.96445876376381, 48.597766091312202 ], [ 9.962779099882855, 48.597388262272837 ], [ 9.964137971012164, 48.600802968863007 ], [ 9.962183820281524, 48.60096436221383 ], [ 9.961259426539641, 48.603639622659159 ], [ 9.968744555828554, 48.607317687620487 ], [ 9.968511111635204, 48.611318220828579 ], [ 9.970850219706591, 48.611958882089226 ], [ 9.969364013428043, 48.615189079187815 ], [ 9.960193580263958, 48.619083543918819 ], [ 9.958001556325819, 48.61861423326804 ], [ 9.957176346308533, 48.620858332540365 ], [ 9.959655082670102, 48.621167191082009 ], [ 9.955464507189586, 48.624752711412555 ], [ 9.949583234187587, 48.623033077710886 ], [ 9.9465589521407, 48.624178069383802 ], [ 9.948388275749936, 48.625545061549019 ], [ 9.94769562060398, 48.629210591478781 ], [ 9.952457212329289, 48.628011205499114 ], [ 9.950233521439193, 48.630320296381157 ], [ 9.944071589617941, 48.63175538141126 ], [ 9.943685617326739, 48.633981105230397 ], [ 9.945263759131366, 48.635359487795945 ], [ 9.927783872945403, 48.639334297171203 ], [ 9.924996489092647, 48.638672413369498 ], [ 9.924910124999975, 48.636792498538831 ], [ 9.921296935442989, 48.637133416178386 ], [ 9.920916697013032, 48.648579134704953 ], [ 9.922762304894674, 48.648588750830783 ], [ 9.925036937336348, 48.652494413249649 ], [ 9.930691296307536, 48.651795153155696 ], [ 9.930364892806114, 48.658816817577261 ], [ 9.926474422283194, 48.660667279924105 ], [ 9.930608010974602, 48.663566254156777 ], [ 9.931825364768331, 48.667439397630886 ], [ 9.946921113813568, 48.662794423060099 ], [ 9.952043042573294, 48.664852193925242 ], [ 9.949096962835251, 48.666060630618489 ], [ 9.953229682634277, 48.667987535723626 ], [ 9.957308176112688, 48.666280933957381 ], [ 9.968503210269443, 48.671757752005441 ], [ 9.97084627819925, 48.67729952549243 ], [ 9.969619394371032, 48.677734320219209 ], [ 9.969462420837614, 48.683417049144715 ], [ 9.967185732410426, 48.686688546294434 ], [ 9.965237132975636, 48.686031692568434 ], [ 9.965133696110696, 48.695446762781629 ], [ 9.962759983082929, 48.697584617657725 ], [ 9.96886658544666, 48.695707485058925 ], [ 9.97229267409222, 48.696704044289859 ], [ 9.972900695737236, 48.70328077199931 ], [ 9.977031488295468, 48.707032375783974 ], [ 9.979961096594169, 48.707531748465776 ], [ 9.982944673148674, 48.70423626397298 ], [ 9.98574781213066, 48.703835599805906 ], [ 9.992470318407735, 48.705422296450671 ], [ 9.994522944101332, 48.714487579635687 ], [ 9.989221938326155, 48.721055219370577 ], [ 9.987770331626496, 48.72725374277541 ], [ 9.997076846641455, 48.726414925911797 ], [ 9.995754056264783, 48.72944858740113 ], [ 10.00408330058951, 48.73115877413575 ], [ 10.002867351847692, 48.737070793966808 ], [ 10.005675394703927, 48.737694847345843 ], [ 10.007934114851336, 48.732147140382772 ], [ 10.016002022554105, 48.73288402346175 ], [ 10.018238656727258, 48.737660072927412 ], [ 10.013549998956904, 48.749690443628509 ], [ 10.010248006238481, 48.752122089442125 ], [ 10.012677368023747, 48.755343326901453 ], [ 10.012123212009827, 48.757706106264145 ], [ 10.016865357152357, 48.762304350132453 ], [ 10.026908775706621, 48.766052730612969 ], [ 10.033766649305534, 48.764489888992166 ], [ 10.037704979346465, 48.765198805462113 ], [ 10.039838054487811, 48.759739786360058 ], [ 10.046727190779201, 48.757600722843542 ], [ 10.048638994652732, 48.750926587305798 ], [ 10.045639968253719, 48.747683845981442 ], [ 10.057153945008062, 48.746760937604215 ], [ 10.064790976939324, 48.748409954332928 ], [ 10.070894382662145, 48.747165649053457 ], [ 10.083409806474187, 48.756161394246753 ], [ 10.082610236516457, 48.758991236120487 ], [ 10.085727893989144, 48.757069367567247 ], [ 10.090215511735536, 48.757175925740427 ], [ 10.089867550029505, 48.754890387877971 ], [ 10.0957163876376, 48.753203113302099 ], [ 10.097542257340194, 48.761006780753533 ], [ 10.100372116896173, 48.76094503997043 ], [ 10.100709229042399, 48.762960716879533 ], [ 10.105223131322996, 48.759901174378214 ], [ 10.115130196561648, 48.759324367374852 ], [ 10.118124114024042, 48.760872513566937 ], [ 10.118461729982617, 48.764650793046549 ], [ 10.133946342982581, 48.765970866498868 ], [ 10.135226447956143, 48.769419451653945 ], [ 10.132055614764678, 48.769534912708657 ], [ 10.135518952672815, 48.775769597021359 ], [ 10.140361743606043, 48.774094637997337 ], [ 10.142009665690903, 48.779423926728363 ], [ 10.14734535263662, 48.782975301517197 ], [ 10.144470866540495, 48.785250434822387 ], [ 10.15158842099404, 48.787170522396742 ], [ 10.152777130613732, 48.785330355284181 ], [ 10.149898108388218, 48.780439730423979 ], [ 10.153556738346015, 48.778345325142119 ] ] ] ] } },
{ "type": "Feature", "properties": { "OBJID": "DEBKGVG200000CCF", "BEGINN": "2025-01-04T00:00:00", "ADE": 4, "GF": 4, "BSG": 1, "LKZ": "BW", "ARS": "08136", "AGS": "08136", "SDV_ARS": "081365001088", "GEN": "Ostalbkreis", "BEZ": "Landkreis", "IBZ": 43, "BEM": "--", "NBD": "nein", "SN_L": "08", "SN_R": "1", "SN_K": "36", "SN_V1": "00", "SN_V2": "00", "SN_G": "000", "FK_S3": "R", "NUTS": "DE11D", "ARS_0": "081360000000", "AGS_0": "08136000", "WSK": "2009-01-01T00:00:00", "DLM_ID": "DEBKGDL20000E1I0" }, "geometry": { "type": "MultiPolygon", "coordinates": [ [ [ [ 9.78099139737418, 48.728734386721094 ], [ 9.773451630936744, 48.725672603045972 ], [ 9.765935651579928, 48.728303214782699 ], [ 9.767940036594016, 48.730609727994178 ], [ 9.777658624373034, 48.73346123906348 ], [ 9.78099139737418, 48.728734386721094 ] ] ], [ [ [ 10.174757516075212, 49.06086347233947 ], [ 10.174767639239251, 49.059359476295697 ], [ 10.183022302558616, 49.059630664848328 ], [ 10.183006323441699, 49.057421659230762 ], [ 10.190308021401567, 49.054186126076814 ], [ 10.185608338318691, 49.050854078224241 ], [ 10.186029887870626, 49.047050630548796 ], [ 10.197897623462385, 49.040654672284269 ], [ 10.209570319032345, 49.041573695892119 ], [ 10.213648508036165, 49.043697886105953 ], [ 10.213514656026007, 49.045505411544077 ], [ 10.221312902556164, 49.048025548773929 ], [ 10.234540305462934, 49.046330801917875 ], [ 10.235943731718436, 49.046985941932171 ], [ 10.234123652551272, 49.048790253374129 ], [ 10.236375556218533, 49.054102469322238 ], [ 10.240938014428947, 49.054065531713924 ], [ 10.239764366564719, 49.05684714285163 ], [ 10.246354089959491, 49.058320748563297 ], [ 10.24637405047563, 49.059732916838591 ], [ 10.251589190111368, 49.060129307184262 ], [ 10.256763397636719, 49.059495146985959 ], [ 10.257632752133063, 49.055350613795035 ], [ 10.257328470278729, 49.053263255685408 ], [ 10.251709391205903, 49.049554235498022 ], [ 10.255756684521845, 49.044751162304102 ], [ 10.24979081521087, 49.042450159235493 ], [ 10.251863839016856, 49.039161194524958 ], [ 10.255990992530634, 49.041702590854889 ], [ 10.25957935894945, 49.040936848957379 ], [ 10.260665657537729, 49.042594136720815 ], [ 10.263198432648268, 49.042257742812417 ], [ 10.261745328194509, 49.043637584531254 ], [ 10.264990095690408, 49.045202671932159 ], [ 10.26619038123723, 49.043154476759746 ], [ 10.277220932097046, 49.042520404446357 ], [ 10.274520322102134, 49.040725120991887 ], [ 10.277240661815322, 49.038239145270474 ], [ 10.28483875421708, 49.036575329313585 ], [ 10.28806840746995, 49.03988815867455 ], [ 10.284939365081613, 49.042085795108754 ], [ 10.287207048640337, 49.042872639093822 ], [ 10.292825651984566, 49.040760526616367 ], [ 10.294007324342774, 49.042777437881114 ], [ 10.300568132351362, 49.04034069015735 ], [ 10.302714057085542, 49.031469307892067 ], [ 10.309455680232254, 49.03195769530231 ], [ 10.318593274115988, 49.028258259444506 ], [ 10.320476555801486, 49.025715925089273 ], [ 10.328960582507252, 49.024497013779246 ], [ 10.327269822197636, 49.026886884095212 ], [ 10.327490237423293, 49.030278059849003 ], [ 10.331524721357074, 49.026524611892413 ], [ 10.333616422401454, 49.026788577234598 ], [ 10.33196425127514, 49.029925101978932 ], [ 10.332901137870914, 49.031923233183562 ], [ 10.336382453044076, 49.02987768847504 ], [ 10.336952049551387, 49.027270186264325 ], [ 10.341761612716738, 49.028761147750593 ], [ 10.35025658436556, 49.028422070814798 ], [ 10.35027485486038, 49.022521874274268 ], [ 10.345197407284324, 49.019384970282793 ], [ 10.34543868014414, 49.016633076142824 ], [ 10.356091845160485, 49.013509723380459 ], [ 10.35215795084194, 49.00600205054738 ], [ 10.358808356308307, 49.003906018521235 ], [ 10.372808985720159, 49.003239274200801 ], [ 10.375442808524499, 48.999716541006059 ], [ 10.381896484485308, 48.999048988697162 ], [ 10.380821634031191, 48.997006183280369 ], [ 10.382769117951785, 48.994319005827791 ], [ 10.381068573157824, 48.991079335333758 ], [ 10.378746741666889, 48.990447253838539 ], [ 10.380483235424103, 48.989211710207741 ], [ 10.394683057726805, 48.990157613019463 ], [ 10.394546736090245, 48.988504467727374 ], [ 10.397013831434217, 48.986679079997053 ], [ 10.40125413341883, 48.986201721405244 ], [ 10.40402269394794, 48.98066830152657 ], [ 10.411773416306261, 48.978956831709233 ], [ 10.409390286266781, 48.975632305899758 ], [ 10.401479997048448, 48.974523169614123 ], [ 10.402929086425765, 48.973153046508777 ], [ 10.403681379556927, 48.966790255271995 ], [ 10.418751746690718, 48.968579204282044 ], [ 10.418298774657119, 48.96626226725072 ], [ 10.421126418937391, 48.966264300114695 ], [ 10.421417558885365, 48.963629273338782 ], [ 10.424361942619896, 48.963562063774823 ], [ 10.424932592293128, 48.960681674857497 ], [ 10.420848026362254, 48.961083581937309 ], [ 10.419458015261027, 48.959175871641406 ], [ 10.423772010766246, 48.959262485210679 ], [ 10.426289652268377, 48.955892295197273 ], [ 10.428331991481407, 48.956031907314838 ], [ 10.430666838182921, 48.951872330797308 ], [ 10.43226963495321, 48.95227559057971 ], [ 10.432265967668023, 48.950574255369716 ], [ 10.429752073273692, 48.950878638449872 ], [ 10.430902321187496, 48.946302825577931 ], [ 10.436248622606017, 48.944294357843887 ], [ 10.436944543503646, 48.945525368080126 ], [ 10.443334406278488, 48.945816598690321 ], [ 10.445658351049426, 48.943407395992388 ], [ 10.444825433109719, 48.940371013115644 ], [ 10.451372668919479, 48.938660725315394 ], [ 10.45163391633616, 48.937490063347084 ], [ 10.446567798229868, 48.935879981163502 ], [ 10.448220713011571, 48.934873451000421 ], [ 10.439933224159923, 48.935456939178344 ], [ 10.437809327846646, 48.933151039816075 ], [ 10.44531389753184, 48.930062727286263 ], [ 10.449157751219259, 48.926065530742676 ], [ 10.451991403380772, 48.926667709676458 ], [ 10.457107387715119, 48.92054817754962 ], [ 10.457000572319712, 48.917141425029563 ], [ 10.454626120219805, 48.917140484612567 ], [ 10.453891257949151, 48.914999671842757 ], [ 10.450851626477791, 48.914322088096959 ], [ 10.44923663104208, 48.911979842042463 ], [ 10.444020423024305, 48.910617690376128 ], [ 10.44377022801746, 48.908452135577562 ], [ 10.436705697922575, 48.909155996854068 ], [ 10.436014163347323, 48.90795628793353 ], [ 10.430894622854879, 48.907999670969176 ], [ 10.430916481541283, 48.905982680237742 ], [ 10.424815390984261, 48.907738745571599 ], [ 10.425180745461732, 48.906161268300906 ], [ 10.421320367884453, 48.90576288910912 ], [ 10.429308488975844, 48.901019569017222 ], [ 10.44081140464151, 48.898624955939418 ], [ 10.442328986290134, 48.895747779414364 ], [ 10.445016350821895, 48.895542282743399 ], [ 10.44481336541272, 48.89412118572475 ], [ 10.450215786873281, 48.893089459328145 ], [ 10.449782899690726, 48.889635709741917 ], [ 10.452961140786611, 48.889160433676345 ], [ 10.452226217826482, 48.88758623768139 ], [ 10.453999263379471, 48.887470066258643 ], [ 10.45299299505187, 48.884438800303833 ], [ 10.450824262639939, 48.884869557803611 ], [ 10.4484964576518, 48.88095629274536 ], [ 10.44546847638029, 48.881638365487433 ], [ 10.444774582598637, 48.88027099871946 ], [ 10.448416860437156, 48.878869744975326 ], [ 10.447027708720004, 48.877340186039177 ], [ 10.452580966325764, 48.873475455441472 ], [ 10.45119156629136, 48.872215758867839 ], [ 10.452487677993499, 48.871280990312364 ], [ 10.45167291926194, 48.868024980648229 ], [ 10.4486488460128, 48.865820215543607 ], [ 10.450463028600302, 48.864696847411921 ], [ 10.449865342106461, 48.862664047628094 ], [ 10.447697303244519, 48.863328570496556 ], [ 10.448353934044192, 48.861134462692263 ], [ 10.454106805950801, 48.860300585491338 ], [ 10.452406950148129, 48.85656574002325 ], [ 10.452795141675132, 48.851859522806599 ], [ 10.42917215248098, 48.844944689030854 ], [ 10.429318516442287, 48.843304316960349 ], [ 10.427415498173394, 48.842988997425053 ], [ 10.426268382342558, 48.836920689565041 ], [ 10.431022651669782, 48.837211523453476 ], [ 10.442442715683656, 48.83442106966055 ], [ 10.443180769489079, 48.832361967864074 ], [ 10.447989973729884, 48.831914649502018 ], [ 10.44959408377434, 48.8250656018106 ], [ 10.446309241379288, 48.824287499265701 ], [ 10.448696184154697, 48.82106002461471 ], [ 10.446832402062729, 48.819179550063481 ], [ 10.448862835817277, 48.818002379408547 ], [ 10.447016619285385, 48.812605548400242 ], [ 10.448624089162132, 48.811967779969784 ], [ 10.440770268214527, 48.809481739325889 ], [ 10.440040698820452, 48.804867815877913 ], [ 10.433905473266931, 48.801177120966983 ], [ 10.425124793214724, 48.801072635261299 ], [ 10.421083752753576, 48.799411567458407 ], [ 10.420913694388085, 48.79545796539837 ], [ 10.430771578909098, 48.793548986187453 ], [ 10.427711828972825, 48.791631494978439 ], [ 10.429252179125632, 48.790049687985942 ], [ 10.434329471544608, 48.78964810791075 ], [ 10.434590818761652, 48.787606816118021 ], [ 10.429840096235898, 48.788206463246333 ], [ 10.427460900260526, 48.78648724656346 ], [ 10.427955485580343, 48.783357956633466 ], [ 10.429207748226402, 48.783178897863792 ], [ 10.428760890939916, 48.781658774778677 ], [ 10.426773954437186, 48.781747416055012 ], [ 10.428044022946086, 48.778708572480916 ], [ 10.434060837137324, 48.776985625848639 ], [ 10.431940626449785, 48.77522170287191 ], [ 10.429625151221954, 48.776865998150733 ], [ 10.430131915862082, 48.774564086305389 ], [ 10.428799729670649, 48.773726884908562 ], [ 10.432001393969513, 48.770689229129388 ], [ 10.428519823365225, 48.769769753857233 ], [ 10.427562521485074, 48.773096570586603 ], [ 10.423292519987994, 48.771681795345707 ], [ 10.42120801688452, 48.773451974515851 ], [ 10.420407270201142, 48.772228345871092 ], [ 10.417848569211696, 48.772730098011294 ], [ 10.42011496032892, 48.776239052195763 ], [ 10.416767233101478, 48.776515383926352 ], [ 10.415408354959967, 48.7754801531648 ], [ 10.415740991691221, 48.771973103225847 ], [ 10.413101313481544, 48.772087982483704 ], [ 10.413036407489939, 48.770343275958652 ], [ 10.417717795165194, 48.769609405976524 ], [ 10.416786835783162, 48.765067222340264 ], [ 10.418583216222828, 48.764645878934651 ], [ 10.418218812616772, 48.76292794207604 ], [ 10.422605100841286, 48.759082068291093 ], [ 10.427790365905484, 48.757107094817414 ], [ 10.428186611786206, 48.755884303795469 ], [ 10.424415623241773, 48.756597041045907 ], [ 10.423158317083249, 48.753299955339109 ], [ 10.418655779499453, 48.75380035992761 ], [ 10.417123162195013, 48.751317166004334 ], [ 10.41894918412766, 48.749124227947085 ], [ 10.423069504062182, 48.749262049474368 ], [ 10.422522098340959, 48.747958528483508 ], [ 10.41617671577076, 48.748105967973174 ], [ 10.420449545223709, 48.746400446107337 ], [ 10.424286722076229, 48.746936606844635 ], [ 10.425223980845269, 48.745771340561497 ], [ 10.423689357154137, 48.744234480702843 ], [ 10.418634437699584, 48.74217245170437 ], [ 10.404768562450942, 48.740506740746866 ], [ 10.406356502655997, 48.742000915194836 ], [ 10.398237477453915, 48.74273120041584 ], [ 10.397874579786702, 48.747191368187828 ], [ 10.385823374526758, 48.748402688653535 ], [ 10.387501970133515, 48.745841406889056 ], [ 10.384855135095822, 48.743806291392652 ], [ 10.386779414218116, 48.74079563495345 ], [ 10.383625025476897, 48.740765398914888 ], [ 10.384960997977343, 48.739291950085779 ], [ 10.383222456030644, 48.738543725285091 ], [ 10.382117767373398, 48.739945454752203 ], [ 10.375570032650957, 48.737672103452219 ], [ 10.368877962886248, 48.738734568523292 ], [ 10.366586400502106, 48.741429719988837 ], [ 10.367777626693407, 48.743382610648574 ], [ 10.36311414044116, 48.743215093644061 ], [ 10.362629357223373, 48.741541809075564 ], [ 10.364484260613738, 48.739493697724257 ], [ 10.362407520834491, 48.738250123602576 ], [ 10.363710260467355, 48.73428585581852 ], [ 10.357431883209344, 48.729961623162104 ], [ 10.349626781586975, 48.733979923148461 ], [ 10.346297517774447, 48.733507738664905 ], [ 10.346943290099619, 48.731341342466614 ], [ 10.34360170878921, 48.730536323915864 ], [ 10.339638946912961, 48.732635013755939 ], [ 10.336011099610339, 48.732072161147663 ], [ 10.335107350124195, 48.733995304602146 ], [ 10.319046359783846, 48.73178504357567 ], [ 10.319339688084041, 48.733332299793275 ], [ 10.328166473509176, 48.736107118739071 ], [ 10.331744134660733, 48.739004204688861 ], [ 10.32317030671623, 48.737924846680663 ], [ 10.317967352971044, 48.738696972980883 ], [ 10.3172858407442, 48.740847027766591 ], [ 10.314744265539293, 48.740976060141449 ], [ 10.308467226235138, 48.739490002990912 ], [ 10.308744724095822, 48.742107807466006 ], [ 10.302855591067695, 48.741829585206823 ], [ 10.294556153628429, 48.746275069501635 ], [ 10.296086951567631, 48.747662806529632 ], [ 10.292159551379303, 48.747044011584308 ], [ 10.288280038744857, 48.751065552965571 ], [ 10.289647802871501, 48.752408106759702 ], [ 10.287879436965667, 48.7556062618957 ], [ 10.282729083619193, 48.754616078715259 ], [ 10.267228145622274, 48.756644116874376 ], [ 10.260122329704835, 48.760603944990066 ], [ 10.251216233936626, 48.762580840539471 ], [ 10.25354718018062, 48.766992641252308 ], [ 10.249717949903797, 48.770887098846956 ], [ 10.241985174817509, 48.769259664193079 ], [ 10.239621689731946, 48.771097745697766 ], [ 10.240008639416283, 48.772519564347142 ], [ 10.233760917328064, 48.773008402337915 ], [ 10.226804041386115, 48.771345791842528 ], [ 10.226294229688374, 48.777315985132283 ], [ 10.220899067038347, 48.78322908254458 ], [ 10.214340000768075, 48.783167470469024 ], [ 10.200236010448178, 48.77741070176355 ], [ 10.196442711223556, 48.776914785116624 ], [ 10.195019026807854, 48.77827785374722 ], [ 10.179611130325995, 48.77686758599021 ], [ 10.180055008204626, 48.76524971461113 ], [ 10.175896571925108, 48.754400993759361 ], [ 10.175419198340355, 48.748491163895466 ], [ 10.170503810787022, 48.749393996984558 ], [ 10.171788257541619, 48.752518385955639 ], [ 10.170608488290743, 48.754016739698706 ], [ 10.163728802894617, 48.755659867930675 ], [ 10.160989884405049, 48.760291989348261 ], [ 10.160336444571357, 48.766207469784582 ], [ 10.164988342466142, 48.768281007061248 ], [ 10.164928868915826, 48.770987766230299 ], [ 10.157847703631782, 48.769958977346292 ], [ 10.149844580378053, 48.772308268550574 ], [ 10.153556738346015, 48.778345325142119 ], [ 10.149898108388218, 48.780439730423979 ], [ 10.152777130613732, 48.785330355284181 ], [ 10.15158842099404, 48.787170522396742 ], [ 10.144470866540495, 48.785250434822387 ], [ 10.14734535263662, 48.782975301517197 ], [ 10.142009665690903, 48.779423926728363 ], [ 10.140361743606043, 48.774094637997337 ], [ 10.135518952672815, 48.775769597021359 ], [ 10.132055614764678, 48.769534912708657 ], [ 10.135226447956143, 48.769419451653945 ], [ 10.133946342982581, 48.765970866498868 ], [ 10.118461729982617, 48.764650793046549 ], [ 10.118124114024042, 48.760872513566937 ], [ 10.115130196561648, 48.759324367374852 ], [ 10.105223131322996, 48.759901174378214 ], [ 10.100709229042399, 48.762960716879533 ], [ 10.100372116896173, 48.76094503997043 ], [ 10.097542257340194, 48.761006780753533 ], [ 10.0957163876376, 48.753203113302099 ], [ 10.089867550029505, 48.754890387877971 ], [ 10.090215511735536, 48.757175925740427 ], [ 10.085727893989144, 48.757069367567247 ], [ 10.082610236516457, 48.758991236120487 ], [ 10.083409806474187, 48.756161394246753 ], [ 10.070894382662145, 48.747165649053457 ], [ 10.064790976939324, 48.748409954332928 ], [ 10.057153945008062, 48.746760937604215 ], [ 10.045639968253719, 48.747683845981442 ], [ 10.048638994652732, 48.750926587305798 ], [ 10.046727190779201, 48.757600722843542 ], [ 10.039838054487811, 48.759739786360058 ], [ 10.038267886041908, 48.761792719204777 ], [ 10.038798794099927, 48.764618787687397 ], [ 10.023500096066545, 48.765444626977434 ], [ 10.016865357152357, 48.762304350132453 ], [ 10.012123212009827, 48.757706106264145 ], [ 10.012677368023747, 48.755343326901453 ], [ 10.010248006238481, 48.752122089442125 ], [ 10.013549998956904, 48.749690443628509 ], [ 10.018238656727258, 48.737660072927412 ], [ 10.016002022554105, 48.73288402346175 ], [ 10.007934114851336, 48.732147140382772 ], [ 10.005675394703927, 48.737694847345843 ], [ 10.002867351847692, 48.737070793966808 ], [ 10.00408330058951, 48.73115877413575 ], [ 9.995754056264783, 48.72944858740113 ], [ 9.997076846641455, 48.726414925911797 ], [ 9.98118063896179, 48.728239393882902 ], [ 9.971587219362332, 48.725397349993294 ], [ 9.964829257302689, 48.72560782590709 ], [ 9.958539697298422, 48.730136860055033 ], [ 9.953641613172028, 48.730508587590677 ], [ 9.948875943801575, 48.728785360937479 ], [ 9.945490924599142, 48.729991587745232 ], [ 9.945150580767072, 48.732418032653364 ], [ 9.942571830587479, 48.732045404817612 ], [ 9.941962941956582, 48.734164729661693 ], [ 9.933201466002579, 48.73001952736572 ], [ 9.931086760124982, 48.732994445073643 ], [ 9.933116188051773, 48.736170403196027 ], [ 9.932107935150208, 48.741012576855809 ], [ 9.909623781251735, 48.743899180476319 ], [ 9.909501697027514, 48.753952980606947 ], [ 9.904064313837667, 48.750380626545621 ], [ 9.904247463376775, 48.746532497678352 ], [ 9.892945752206463, 48.744438891660998 ], [ 9.88707702229547, 48.745063199332009 ], [ 9.892292850879613, 48.748806044901215 ], [ 9.891538159657875, 48.750429698799465 ], [ 9.887644431002723, 48.751838254555324 ], [ 9.882552990022448, 48.751153589211754 ], [ 9.882845345093584, 48.737764262669202 ], [ 9.885746292593515, 48.737375635698683 ], [ 9.887348172641534, 48.740810892207193 ], [ 9.888903578655684, 48.740387778299215 ], [ 9.889048194835954, 48.735370361251341 ], [ 9.891243424627552, 48.732693441317224 ], [ 9.892919324518024, 48.733485014231292 ], [ 9.8973441561567, 48.731872334742427 ], [ 9.892765360478737, 48.728394037289249 ], [ 9.895963929061708, 48.72806972695507 ], [ 9.89558843708849, 48.725468665407249 ], [ 9.899843972829338, 48.7253928031204 ], [ 9.905218561218208, 48.73051181757495 ], [ 9.906518280663196, 48.729835285347427 ], [ 9.907740955360687, 48.725435167907264 ], [ 9.902895310450971, 48.716002444176993 ], [ 9.89997226385643, 48.718297923848965 ], [ 9.898257671098269, 48.717371355715095 ], [ 9.892568617456904, 48.720200211570791 ], [ 9.887265916539263, 48.719280780025663 ], [ 9.88968257640798, 48.716236421864792 ], [ 9.887262859142918, 48.716286056579584 ], [ 9.886033166210478, 48.714651517170033 ], [ 9.879978905211024, 48.716245650975928 ], [ 9.878527884457309, 48.72131866147928 ], [ 9.877526044230944, 48.718884907881055 ], [ 9.872917436714454, 48.717923710355905 ], [ 9.860215901484873, 48.725738307416748 ], [ 9.852587215022298, 48.724938701305 ], [ 9.845722557678011, 48.72899939951953 ], [ 9.839099913631546, 48.730257103525354 ], [ 9.827239206328111, 48.72670370045477 ], [ 9.821715273373439, 48.728037095783108 ], [ 9.824699835518432, 48.725537167283107 ], [ 9.823322462113024, 48.724881277564826 ], [ 9.812744009941062, 48.725104146725741 ], [ 9.812528077771583, 48.723070342280849 ], [ 9.805790277097298, 48.723738921655688 ], [ 9.80762653049803, 48.718876053507593 ], [ 9.806053813782757, 48.716698881551501 ], [ 9.802238321076361, 48.717403436596996 ], [ 9.802463209675512, 48.718780809208724 ], [ 9.800050147324441, 48.720240522967806 ], [ 9.791948029829904, 48.720342078375644 ], [ 9.791933984751518, 48.723174858698449 ], [ 9.78757028018898, 48.727850445245139 ], [ 9.793794185981861, 48.731058132657843 ], [ 9.785501354702671, 48.734510186520104 ], [ 9.791625492374838, 48.735026028529504 ], [ 9.785306941928235, 48.740658953992934 ], [ 9.784505959668413, 48.737480571724497 ], [ 9.782105501402867, 48.737986708249174 ], [ 9.779902310958288, 48.741695701597507 ], [ 9.781289039613696, 48.745391952358197 ], [ 9.772751516145007, 48.747953508925448 ], [ 9.770636547496661, 48.747516965565673 ], [ 9.773983770641816, 48.746486646932496 ], [ 9.774254567629509, 48.744743699724374 ], [ 9.771082115863127, 48.744102402415713 ], [ 9.769940168548237, 48.745770206904439 ], [ 9.763641498214556, 48.746049901507526 ], [ 9.762079588629629, 48.747712317932994 ], [ 9.76377365627131, 48.753488327206441 ], [ 9.752784340509598, 48.751697278023059 ], [ 9.74906200539761, 48.755827174727607 ], [ 9.750517667284059, 48.756691373761356 ], [ 9.748894449714488, 48.758748919532877 ], [ 9.752104900632933, 48.762269019532447 ], [ 9.747418345659247, 48.769746986346732 ], [ 9.74381840634887, 48.772888297941684 ], [ 9.741668246646082, 48.772909635102266 ], [ 9.743234693776255, 48.774548135847454 ], [ 9.740409806543024, 48.774205114731359 ], [ 9.737561601296768, 48.776218176407028 ], [ 9.734354403697937, 48.773363174999112 ], [ 9.733206556471035, 48.768498750363477 ], [ 9.72957476912009, 48.768446673737856 ], [ 9.714112647633154, 48.772214731984086 ], [ 9.715244875449306, 48.777933658698018 ], [ 9.705120026372947, 48.778797114946492 ], [ 9.6972452635937, 48.777101346936803 ], [ 9.682437406430642, 48.777040862388006 ], [ 9.677949628980342, 48.774462588627934 ], [ 9.669874348621459, 48.774033881787183 ], [ 9.657881375828701, 48.770409231095876 ], [ 9.646692671802523, 48.772995082321962 ], [ 9.634383476213765, 48.772646749819913 ], [ 9.626597886965353, 48.774377045728187 ], [ 9.621372077713955, 48.775918788928017 ], [ 9.622763011345063, 48.77801631202837 ], [ 9.619061777046451, 48.779507008418932 ], [ 9.619979220836404, 48.78821124526273 ], [ 9.627709888190536, 48.788991618675375 ], [ 9.628299403540755, 48.792548786108455 ], [ 9.634927797853424, 48.794120461670353 ], [ 9.63493259931152, 48.796144104706286 ], [ 9.643167000038176, 48.796234787841549 ], [ 9.64210585329854, 48.797737571666538 ], [ 9.644459271911439, 48.797836631967286 ], [ 9.64230880066302, 48.805518793468096 ], [ 9.646751154152057, 48.807639505743282 ], [ 9.650596961779867, 48.806982223703301 ], [ 9.649326814325264, 48.80874296615405 ], [ 9.65178756776414, 48.809770704696177 ], [ 9.646631048383496, 48.811254258706242 ], [ 9.647111178682039, 48.812538712362567 ], [ 9.644203423715645, 48.814890741340037 ], [ 9.645098731275201, 48.815649357531221 ], [ 9.640188444310409, 48.820227359506909 ], [ 9.655019323236985, 48.817640788589337 ], [ 9.656816916851474, 48.820001820604944 ], [ 9.656512295701058, 48.824208659219451 ], [ 9.658959000427547, 48.825288447243764 ], [ 9.661467896358904, 48.823562550314918 ], [ 9.670845524413172, 48.823183078809492 ], [ 9.673969636754842, 48.824492423643704 ], [ 9.678430635159497, 48.822474822014435 ], [ 9.680161904307582, 48.824808002337043 ], [ 9.694766951802245, 48.82215345853492 ], [ 9.694578699489519, 48.825290953057554 ], [ 9.699571478936651, 48.82566871966155 ], [ 9.701096581419394, 48.823215356214384 ], [ 9.703452682458622, 48.823232235348769 ], [ 9.702349077727623, 48.827397483592158 ], [ 9.707901424071613, 48.828561347603447 ], [ 9.710548645561186, 48.828283347749021 ], [ 9.71313632028232, 48.821592258439047 ], [ 9.716551435029615, 48.821657564582189 ], [ 9.713793864114624, 48.82059109560138 ], [ 9.714510421092248, 48.818621070590709 ], [ 9.719792786626886, 48.814201229286027 ], [ 9.72828819650095, 48.816059194858099 ], [ 9.733497564394098, 48.819063127391367 ], [ 9.752339127895354, 48.823103531340664 ], [ 9.755246853419548, 48.825429921865378 ], [ 9.754789930110496, 48.8275988659136 ], [ 9.757873251618179, 48.829067457473748 ], [ 9.762763132278032, 48.829099935721132 ], [ 9.762333599049976, 48.830473142579791 ], [ 9.764382228899647, 48.831026321176431 ], [ 9.76640591067267, 48.829627643560904 ], [ 9.766410782295184, 48.831324584772801 ], [ 9.762737518355591, 48.832580367947948 ], [ 9.763653298261978, 48.833278949918707 ], [ 9.766161491875675, 48.832279204089993 ], [ 9.769630272725713, 48.833844435478497 ], [ 9.76929644665425, 48.83686436151676 ], [ 9.765860870900108, 48.837879445010159 ], [ 9.768364851044273, 48.838880925032058 ], [ 9.76486364728755, 48.845113844873644 ], [ 9.753391806063377, 48.848536174612534 ], [ 9.757314940333083, 48.85309532388041 ], [ 9.765935897670998, 48.853503217173795 ], [ 9.757236471342175, 48.858221338757723 ], [ 9.75633936702808, 48.861615067337887 ], [ 9.751380359615698, 48.863002876231846 ], [ 9.749750261526058, 48.866355695668126 ], [ 9.750502400716908, 48.869733503408092 ], [ 9.741451263406157, 48.873989400749274 ], [ 9.742163157978462, 48.875550210883446 ], [ 9.751002697167412, 48.877948405211129 ], [ 9.751971904487846, 48.881323560203342 ], [ 9.749185518829576, 48.886510389968983 ], [ 9.737429418832551, 48.891189993223996 ], [ 9.747237084698289, 48.892892676360908 ], [ 9.747778256442942, 48.895811458149353 ], [ 9.745327693035232, 48.899632172064337 ], [ 9.725069995125729, 48.908486132998668 ], [ 9.716084886951585, 48.908072573644091 ], [ 9.72075181074462, 48.913133046530085 ], [ 9.72023630312613, 48.914640476595473 ], [ 9.717114246739733, 48.915302173141399 ], [ 9.709316076375163, 48.912324042618835 ], [ 9.706309131664568, 48.909289616870581 ], [ 9.701695976705773, 48.911847040515504 ], [ 9.697334405713944, 48.917311242716593 ], [ 9.700157648442136, 48.920722366638039 ], [ 9.700516563356434, 48.928747867649321 ], [ 9.686181383862207, 48.926279928851571 ], [ 9.686098104950224, 48.929087436631157 ], [ 9.679306609490803, 48.933440261495264 ], [ 9.679593770532041, 48.935679355993223 ], [ 9.677123377620688, 48.938635885206018 ], [ 9.673526020144774, 48.939870587144519 ], [ 9.676838292001854, 48.942103278264995 ], [ 9.676804817412988, 48.944072811179623 ], [ 9.684681857380177, 48.944175597024739 ], [ 9.688922080612389, 48.947003753555997 ], [ 9.695720005613447, 48.946333385557693 ], [ 9.697535071587632, 48.950519861054545 ], [ 9.687872052654022, 48.9526176461153 ], [ 9.691729606010576, 48.958788859603281 ], [ 9.690945513376493, 48.962389969799126 ], [ 9.693308877013456, 48.964017082926226 ], [ 9.702497914967097, 48.964280965483503 ], [ 9.7046150931602, 48.957640158175224 ], [ 9.713407375471908, 48.956191379547498 ], [ 9.712959357901974, 48.960226728778061 ], [ 9.719168656392732, 48.965658004031447 ], [ 9.724334497703886, 48.975758835570595 ], [ 9.728243083931826, 48.971423580911839 ], [ 9.736214451697396, 48.971028656024771 ], [ 9.738465366834271, 48.963425725101388 ], [ 9.745322467858465, 48.95818356107614 ], [ 9.756883064236279, 48.955158038244321 ], [ 9.763743708909407, 48.955761141966398 ], [ 9.75936261976023, 48.952880950179832 ], [ 9.758374532721117, 48.950517868516357 ], [ 9.769216619835273, 48.955113526436662 ], [ 9.77012461400145, 48.953770312257916 ], [ 9.777395178581926, 48.9543572672818 ], [ 9.778254457966101, 48.95351735693739 ], [ 9.776511259661705, 48.952273849114349 ], [ 9.779451479513162, 48.952005045532275 ], [ 9.78935273875544, 48.953858381781323 ], [ 9.789956781234073, 48.955508188331002 ], [ 9.79706762287689, 48.955841002421749 ], [ 9.794343522347861, 48.950643088284899 ], [ 9.796710185939519, 48.943777387538127 ], [ 9.808310289700572, 48.945163035308198 ], [ 9.812445176117699, 48.942454325084825 ], [ 9.81179151069915, 48.939802361703627 ], [ 9.836409333002223, 48.938547401583506 ], [ 9.839845831908857, 48.935545535802731 ], [ 9.844914277123626, 48.934694906192803 ], [ 9.845603586552421, 48.930853266697561 ], [ 9.841931356936346, 48.930867648779312 ], [ 9.837542217499541, 48.927405907861015 ], [ 9.828098330066931, 48.926297124903172 ], [ 9.83244797542473, 48.922662611401677 ], [ 9.834887906573011, 48.917919287427885 ], [ 9.854093982940872, 48.919615095949041 ], [ 9.864013363366963, 48.923953275582228 ], [ 9.869949046795481, 48.920919961261212 ], [ 9.870694189936748, 48.918189963542218 ], [ 9.874627187078426, 48.917595878426333 ], [ 9.878715623402824, 48.918932224774828 ], [ 9.879823205043243, 48.924214245652784 ], [ 9.884939033905985, 48.924853073165892 ], [ 9.888331093505339, 48.928613266249727 ], [ 9.892787465574406, 48.930274532577975 ], [ 9.893623070603105, 48.932221805662103 ], [ 9.89169620927065, 48.936735368719965 ], [ 9.894785791379174, 48.938586970899749 ], [ 9.892324395608691, 48.939985679221472 ], [ 9.89854996500622, 48.941107692560145 ], [ 9.900794820325999, 48.943075661285633 ], [ 9.898931229250426, 48.947792415488429 ], [ 9.891244315972742, 48.948794088645769 ], [ 9.894058320303198, 48.951993345786995 ], [ 9.893101766836375, 48.953130414998647 ], [ 9.89973076224312, 48.953795847882169 ], [ 9.903132850549937, 48.955891750589934 ], [ 9.907342572204929, 48.960096489096379 ], [ 9.907202587019986, 48.96260513823534 ], [ 9.914168290260887, 48.96717499943356 ], [ 9.917880695268716, 48.968588521787154 ], [ 9.916075276835404, 48.965368148236593 ], [ 9.92301245641654, 48.965557108597508 ], [ 9.922672753568513, 48.964260182668255 ], [ 9.931538205762081, 48.958432442779163 ], [ 9.938174924442611, 48.958537987503746 ], [ 9.945722814634987, 48.962569134500114 ], [ 9.947789853950827, 48.966968551759066 ], [ 9.945017659014544, 48.968079088128299 ], [ 9.942103360111924, 48.974396517632307 ], [ 9.955302515795655, 48.974317758147571 ], [ 9.958339057921382, 48.976455168353439 ], [ 9.975624892150533, 48.978822193701475 ], [ 9.980246761071895, 48.981047386184891 ], [ 9.991800780171962, 48.979040865431053 ], [ 9.997520707920312, 48.979552430459108 ], [ 9.997289292819694, 48.980783599759036 ], [ 9.999893615969315, 48.981325949521278 ], [ 10.009046284839869, 48.980242270929082 ], [ 10.014453220889402, 48.981817049812236 ], [ 10.014410975491399, 48.986228898813039 ], [ 10.004815664627635, 48.987733793832007 ], [ 10.006069161535031, 48.988108107377393 ], [ 10.00542710578647, 48.989418430103278 ], [ 10.00114623767251, 48.99104535119146 ], [ 9.997838096046538, 48.996373143490132 ], [ 9.99939875656324, 48.998122065787904 ], [ 9.996071333329661, 48.998821034987699 ], [ 9.993954124086423, 49.002066971402968 ], [ 9.992827455892529, 49.008101692933906 ], [ 9.988964743007328, 49.014195340717478 ], [ 9.992977898067911, 49.016526752651529 ], [ 9.991533638470381, 49.018776567357925 ], [ 9.980851505825012, 49.02021155113934 ], [ 9.974193218820044, 49.018658687835782 ], [ 9.974170260725842, 49.021359630752023 ], [ 9.979822692017228, 49.024317224454776 ], [ 9.979864793499994, 49.028032127634091 ], [ 9.97402099781716, 49.02833758604848 ], [ 9.973205567648627, 49.030366497026748 ], [ 9.985953755182063, 49.030389850432158 ], [ 9.983774732998432, 49.036746126707783 ], [ 9.975019493322691, 49.039675330650191 ], [ 9.981368329810008, 49.044705901960555 ], [ 9.988996121168327, 49.044098370674362 ], [ 9.992391828442861, 49.041340503272927 ], [ 9.98707671401311, 49.036661368610858 ], [ 9.988458000355042, 49.032874812307682 ], [ 9.997006767442391, 49.032949569382708 ], [ 10.002704805654258, 49.037544243519406 ], [ 10.006417673428341, 49.038352205524937 ], [ 10.006448057951813, 49.04207605648206 ], [ 10.017345672857285, 49.044129385043767 ], [ 10.013761506080195, 49.047595144122447 ], [ 10.014244549580646, 49.049098916287733 ], [ 10.017408374896347, 49.050182957600093 ], [ 10.016147594262279, 49.051733563723694 ], [ 10.020135639851864, 49.052524270732178 ], [ 10.027697299507018, 49.04894065687688 ], [ 10.028993932901237, 49.045069496466446 ], [ 10.036666302819848, 49.04687345464334 ], [ 10.038176856460186, 49.043443809833605 ], [ 10.048048773285077, 49.041226525066534 ], [ 10.053934838133253, 49.043867542263726 ], [ 10.072672106955908, 49.046261266954282 ], [ 10.072163806466071, 49.04339908753505 ], [ 10.081236217908168, 49.045599354315634 ], [ 10.083223697470501, 49.044439228913674 ], [ 10.086202938658538, 49.048048070328797 ], [ 10.089606843220698, 49.04359936509055 ], [ 10.10049404566783, 49.044061519912873 ], [ 10.10195850579249, 49.040917655606222 ], [ 10.109122974498819, 49.04127609289614 ], [ 10.10892503913553, 49.038895625103642 ], [ 10.114947901984177, 49.036520932623091 ], [ 10.11777400130158, 49.037241184135112 ], [ 10.115092440183941, 49.040703825761078 ], [ 10.115649734874985, 49.04288238999402 ], [ 10.121176972737247, 49.046409070813588 ], [ 10.134967931528024, 49.043717605788146 ], [ 10.139712884324361, 49.045175114398454 ], [ 10.140586905299076, 49.043558932918899 ], [ 10.139251928355856, 49.042772122159839 ], [ 10.147067530812274, 49.042329348288938 ], [ 10.149006346935991, 49.044763937071103 ], [ 10.144804575118577, 49.046584057684633 ], [ 10.149199930415607, 49.051528829673003 ], [ 10.159038792261979, 49.052853851345617 ], [ 10.160210180755413, 49.055161044208724 ], [ 10.169790719607803, 49.060121391709274 ], [ 10.174757516075212, 49.06086347233947 ] ] ] ] } },
{ "type": "Feature", "properties": { "OBJID": "DEBKGVG200000CCG", "BEGINN": "2025-04-12T00:00:00", "ADE": 4, "GF": 4, "BSG": 1, "LKZ": "BW", "ARS": "08211", "AGS": "08211", "SDV_ARS": "082110000000", "GEN": "Baden-Baden", "BEZ": "Stadtkreis", "IBZ": 41, "BEM": "--", "NBD": "ja", "SN_L": "08", "SN_R": "2", "SN_K": "11", "SN_V1": "00", "SN_V2": "00", "SN_G": "000", "FK_S3": "R", "NUTS": "DE121", "ARS_0": "082110000000", "AGS_0": "08211000", "WSK": "1975-01-01T00:00:00", "DLM_ID": "DEBKGDL20000DX2G" }, "geometry": { "type": "MultiPolygon", "coordinates": [ [ [ [ 8.125449042990882, 48.760983524198764 ], [ 8.12719465064399, 48.75522682363588 ], [ 8.121268362663518, 48.757034675592713 ], [ 8.125449042990882, 48.760983524198764 ] ] ], [ [ [ 8.133191985811669, 48.748597451890582 ], [ 8.126687700364615, 48.746380308211378 ], [ 8.132064109144748, 48.752478400501893 ], [ 8.135041350053783, 48.751974931545824 ], [ 8.133191985811669, 48.748597451890582 ] ] ], [ [ [ 8.126797819678586, 48.744682108447783 ], [ 8.118047249324624, 48.738070600274334 ], [ 8.113724140315885, 48.739678407255667 ], [ 8.114747344050134, 48.741005032258997 ], [ 8.119227314740927, 48.739447779732963 ], [ 8.12496807667269, 48.745343630818567 ], [ 8.126797819678586, 48.744682108447783 ] ] ], [ [ [ 8.155210282476876, 48.847834817071416 ], [ 8.165483445319461, 48.846150103182687 ], [ 8.167717142232435, 48.841413574039194 ], [ 8.179755752231852, 48.843424844147641 ], [ 8.187635801078036, 48.839980605013913 ], [ 8.196750864042976, 48.833466152894658 ], [ 8.20045702736793, 48.832912913995898 ], [ 8.20109097065664, 48.834203687149639 ], [ 8.203061921399899, 48.829133644519779 ], [ 8.212229772682496, 48.83095099454588 ], [ 8.213550125963982, 48.825489527457052 ], [ 8.215640976104877, 48.82652219432898 ], [ 8.219570583221321, 48.824677259596307 ], [ 8.22155356837583, 48.825977532925819 ], [ 8.226369781665985, 48.8194537549034 ], [ 8.249959149099825, 48.808785196811328 ], [ 8.255333174149364, 48.798305814422108 ], [ 8.254192614791393, 48.794420870332395 ], [ 8.269079954751909, 48.797729691650424 ], [ 8.273745531576186, 48.796776860194015 ], [ 8.271935340938297, 48.793260141901378 ], [ 8.276497478400152, 48.789614711183575 ], [ 8.276318371349134, 48.786767744717757 ], [ 8.279368296988133, 48.7858749626795 ], [ 8.282217941863072, 48.787875215181657 ], [ 8.281247306180912, 48.788854554140137 ], [ 8.287675714431643, 48.79116991185569 ], [ 8.286330919231995, 48.789405120516165 ], [ 8.288016364169806, 48.788584548567385 ], [ 8.295502396413525, 48.788113928338404 ], [ 8.28974379002144, 48.784669041047827 ], [ 8.291155996026136, 48.78355444968566 ], [ 8.289284562096444, 48.782194685124701 ], [ 8.29019609740997, 48.775923779170888 ], [ 8.280933996394641, 48.767398990989939 ], [ 8.280112358013927, 48.764827403585095 ], [ 8.284374763025713, 48.760890710830289 ], [ 8.285245318050176, 48.756121606989268 ], [ 8.29182731678541, 48.756207551397686 ], [ 8.30011169076981, 48.749947930272441 ], [ 8.301369103262477, 48.746212073014718 ], [ 8.305083085060364, 48.742596729364543 ], [ 8.31509672541296, 48.740139949596085 ], [ 8.320567407943759, 48.730071939704509 ], [ 8.320420259066363, 48.708170940652401 ], [ 8.317710267177031, 48.703430444874641 ], [ 8.313537134430453, 48.700109552388753 ], [ 8.305487401586239, 48.699285010944223 ], [ 8.296470136943149, 48.693420510716237 ], [ 8.298214083254093, 48.684611361744651 ], [ 8.278652855896125, 48.672903813673152 ], [ 8.275289320089092, 48.668625997731958 ], [ 8.2490278869631, 48.669041099852478 ], [ 8.241065930185247, 48.666747081821057 ], [ 8.234313057371539, 48.668840627192417 ], [ 8.235416608154864, 48.672857743608752 ], [ 8.229463170148914, 48.680797314930828 ], [ 8.228585445519993, 48.686213497381459 ], [ 8.229694107395073, 48.690410755536305 ], [ 8.224297286764893, 48.691613825026096 ], [ 8.229808682460419, 48.698150492455902 ], [ 8.228912211316302, 48.700759284867452 ], [ 8.220968631478099, 48.695369273151243 ], [ 8.217009714701888, 48.696034698064118 ], [ 8.209460818751216, 48.701358446375608 ], [ 8.210571937933503, 48.705187127651591 ], [ 8.206847414584983, 48.70864615314828 ], [ 8.200947650804794, 48.708929055844152 ], [ 8.19584124650155, 48.713699709966662 ], [ 8.192583937810332, 48.711859643023814 ], [ 8.191869176194611, 48.717468053011885 ], [ 8.189802534347498, 48.715175784162973 ], [ 8.177830950434469, 48.711615161803259 ], [ 8.168201396427003, 48.716235972361432 ], [ 8.160555474418683, 48.717460797564229 ], [ 8.159284511659827, 48.715616558107193 ], [ 8.153648482342666, 48.717171160852004 ], [ 8.146880880802948, 48.715435577181488 ], [ 8.134093338486496, 48.718897774697759 ], [ 8.126884634535999, 48.723395717580239 ], [ 8.113500540304686, 48.725943246210328 ], [ 8.113667102908552, 48.728646099822704 ], [ 8.108811981215888, 48.727533983379679 ], [ 8.109694735997671, 48.729496461998423 ], [ 8.115429975936673, 48.731248262550963 ], [ 8.11713397634821, 48.733390256740826 ], [ 8.119683923403329, 48.731870332099568 ], [ 8.1240591096213, 48.735302073526881 ], [ 8.1259453519211, 48.733443900249235 ], [ 8.123724392960529, 48.729626445845604 ], [ 8.135442377552939, 48.727789016709067 ], [ 8.139570241271731, 48.733248297405886 ], [ 8.13983183939172, 48.736825870157986 ], [ 8.147085484459556, 48.74312092053038 ], [ 8.151836534377676, 48.744021283435544 ], [ 8.156827261956366, 48.742641124199018 ], [ 8.158378568462201, 48.743935383259618 ], [ 8.176649454471624, 48.741191685052947 ], [ 8.18432038656773, 48.743223239944726 ], [ 8.180735079353802, 48.74480400309384 ], [ 8.181752732437484, 48.74771340378696 ], [ 8.195195055588441, 48.752014782025725 ], [ 8.2022002682197, 48.75263666707842 ], [ 8.203065163637557, 48.757369166214666 ], [ 8.200792078118392, 48.761982835593344 ], [ 8.196168714176126, 48.763911554778566 ], [ 8.194889305065482, 48.766782218909569 ], [ 8.18526295720395, 48.769713374550165 ], [ 8.184607983100802, 48.772318018279393 ], [ 8.174408790187496, 48.783650439805484 ], [ 8.170190631226339, 48.782667049671517 ], [ 8.167959776384121, 48.784233901787161 ], [ 8.152764497534983, 48.785635155608915 ], [ 8.146454242846136, 48.790049899581668 ], [ 8.163782746361878, 48.801439849178152 ], [ 8.165797383500195, 48.804865285118503 ], [ 8.160974631215765, 48.806293639697472 ], [ 8.171059582043274, 48.816987564824956 ], [ 8.167525001832731, 48.818468325120406 ], [ 8.192441896543544, 48.834942550170091 ], [ 8.185892693984217, 48.838801668570802 ], [ 8.178752842375063, 48.837888243576572 ], [ 8.166504768212596, 48.835211807701512 ], [ 8.162567216962868, 48.830369325478145 ], [ 8.159331115729191, 48.833603572256017 ], [ 8.162781006250979, 48.835268674314001 ], [ 8.15932922035033, 48.836185937961325 ], [ 8.16326687490562, 48.838482132472286 ], [ 8.160479144984922, 48.844281265593878 ], [ 8.156713414998736, 48.843510181549284 ], [ 8.155210282476876, 48.847834817071416 ] ], [ [ 8.191775645999771, 48.745798615368486 ], [ 8.196059187346709, 48.745266672841758 ], [ 8.19664094900811, 48.746196460746383 ], [ 8.194666130496314, 48.747388157548038 ], [ 8.191775645999771, 48.745798615368486 ] ], [ [ 8.211607866047656, 48.719576895617294 ], [ 8.218381497928217, 48.717502927280812 ], [ 8.223364281588772, 48.7188197693321 ], [ 8.220133205941966, 48.723063135081063 ], [ 8.217029430351953, 48.723134355436613 ], [ 8.211607866047656, 48.719576895617294 ] ], [ [ 8.201776990010037, 48.742595878767979 ], [ 8.202365668186619, 48.739926851889997 ], [ 8.206390410724836, 48.735898431704321 ], [ 8.219016879614735, 48.735267397025787 ], [ 8.211559258817331, 48.739888446998421 ], [ 8.210928101843335, 48.743981931633314 ], [ 8.206252722979443, 48.744901678077674 ], [ 8.201776990010037, 48.742595878767979 ] ] ] ] } },
{ "type": "Feature", "properties": { "OBJID": "DEBKGVG200000CCH", "BEGINN": "2023-10-04T00:00:00", "ADE": 4, "GF": 4, "BSG": 1, "LKZ": "BW", "ARS": "08212", "AGS": "08212", "SDV_ARS": "082120000000", "GEN": "Karlsruhe", "BEZ": "Stadtkreis", "IBZ": 41, "BEM": "--", "NBD": "ja", "SN_L": "08", "SN_R": "2", "SN_K": "12", "SN_V1": "00", "SN_V2": "00", "SN_G": "000", "FK_S3": "R", "NUTS": "DE122", "ARS_0": "082120000000", "AGS_0": "08212000", "WSK": "1975-02-14T00:00:00", "DLM_ID": "DEBKGDL20000E22N" }, "geometry": { "type": "Polygon", "coordinates": [ [ [ 8.277348961251432, 48.989938939109557 ], [ 8.287596667441989, 48.998427460566319 ], [ 8.295935523309961, 49.010762795719884 ], [ 8.300188211319558, 49.021743406452821 ], [ 8.304136846228767, 49.040651705524148 ], [ 8.311686689939615, 49.054307173079202 ], [ 8.320537715625191, 49.064959798229665 ], [ 8.339969984946061, 49.08015013387709 ], [ 8.347003059634112, 49.070801477790248 ], [ 8.34451595924846, 49.06576855071507 ], [ 8.347921823452486, 49.064628358126491 ], [ 8.352445310116739, 49.064526325724472 ], [ 8.355871699392203, 49.066310709392262 ], [ 8.356716860865205, 49.068558462564958 ], [ 8.354686998611918, 49.071093051965875 ], [ 8.358054448907222, 49.071130576581638 ], [ 8.3743447673079, 49.067735054168843 ], [ 8.375267107495477, 49.069419111922379 ], [ 8.393353724851693, 49.068795426626224 ], [ 8.408796575793868, 49.062579571935416 ], [ 8.416309174792907, 49.070943937538559 ], [ 8.410616973690457, 49.07272737205988 ], [ 8.411503497149793, 49.081364068825678 ], [ 8.418051223217827, 49.082952759931679 ], [ 8.423764372556624, 49.091535074829004 ], [ 8.435619617186882, 49.091560971677325 ], [ 8.427260656290114, 49.071714612142884 ], [ 8.449459638496688, 49.050205147676373 ], [ 8.46197567351385, 49.043221668407703 ], [ 8.463818539166935, 49.045727678287427 ], [ 8.466170720641774, 49.045423932433224 ], [ 8.466460085114196, 49.04298375932683 ], [ 8.46973264616855, 49.043277165543259 ], [ 8.46946280916716, 49.041229783186886 ], [ 8.471615163451919, 49.039514294954195 ], [ 8.475453445169535, 49.04165332787953 ], [ 8.475519750114406, 49.044317848828911 ], [ 8.477426382426511, 49.044874217101963 ], [ 8.481089764014701, 49.054280166963913 ], [ 8.480448201791093, 49.058363316206211 ], [ 8.477631557847802, 49.059922143027222 ], [ 8.481740224922177, 49.060878129777755 ], [ 8.485883607590264, 49.058336937950187 ], [ 8.495019730511231, 49.04819434950403 ], [ 8.506591938618374, 49.041999727462546 ], [ 8.510251851750329, 49.035493782934964 ], [ 8.519946215357779, 49.031014171505518 ], [ 8.519509747468897, 49.027974282354052 ], [ 8.522427695429741, 49.02487682184865 ], [ 8.520926999440205, 49.01416071903477 ], [ 8.513883552396328, 49.010298258981159 ], [ 8.511461722833241, 48.99876961798342 ], [ 8.502539548010921, 48.99594722075183 ], [ 8.499635650830829, 48.992764160791275 ], [ 8.50386872216558, 48.989582826419735 ], [ 8.502586448659631, 48.987526496167007 ], [ 8.505193839977574, 48.983308342992601 ], [ 8.509977841147625, 48.982323002407632 ], [ 8.506088047324239, 48.975541618463183 ], [ 8.508362427919439, 48.973746755108962 ], [ 8.509496260171884, 48.967259471105294 ], [ 8.52733882932686, 48.965233709671566 ], [ 8.525974101940649, 48.962409454473054 ], [ 8.542898298189893, 48.959916937841001 ], [ 8.538193678090748, 48.952086916185294 ], [ 8.526011209604341, 48.952529845808243 ], [ 8.51547994313991, 48.947493627429019 ], [ 8.511124737511828, 48.942782561757497 ], [ 8.495018228710082, 48.942197440970993 ], [ 8.491433963484939, 48.940360535477758 ], [ 8.490116486804039, 48.942487149108516 ], [ 8.486865924637675, 48.941168945493025 ], [ 8.462188574296754, 48.940828906991328 ], [ 8.460012054443398, 48.942183818527702 ], [ 8.460630521549408, 48.94468738209725 ], [ 8.455122097911728, 48.944775529745755 ], [ 8.455218683923899, 48.946369831204741 ], [ 8.446726672407268, 48.944333465619316 ], [ 8.438983720410315, 48.946215153092673 ], [ 8.44022636630371, 48.948793360285975 ], [ 8.444927586795375, 48.950355598580941 ], [ 8.444082251450547, 48.954820747363073 ], [ 8.447747881839316, 48.961168412113324 ], [ 8.451635796716213, 48.963255243696707 ], [ 8.439443950965657, 48.971029664530576 ], [ 8.411858631666071, 48.960070988634243 ], [ 8.387714693911548, 48.956620537131961 ], [ 8.388939527311178, 48.963310964567363 ], [ 8.383599198754174, 48.967312799511461 ], [ 8.384493821425288, 48.970919837718576 ], [ 8.381231644429842, 48.973944204012881 ], [ 8.378249609359958, 48.975246241276317 ], [ 8.371812649705515, 48.971497648422265 ], [ 8.362290702755562, 48.977281298229769 ], [ 8.343015694459007, 48.982396634481411 ], [ 8.33046081893815, 48.989354553139137 ], [ 8.329742382466536, 48.991959011789284 ], [ 8.320789706752475, 48.988545424040382 ], [ 8.32211505940934, 48.984009288264126 ], [ 8.320711003382831, 48.98391891387427 ], [ 8.311775780513342, 48.984095126307551 ], [ 8.299529972590271, 48.990882694451088 ], [ 8.293724812516091, 48.985701578915062 ], [ 8.28113166849695, 48.983049598818958 ], [ 8.277348961251432, 48.989938939109557 ] ] ] } },
{ "type": "Feature", "properties": { "OBJID": "DEBKGVG200000CCI", "BEGINN": "2025-04-12T00:00:00", "ADE": 4, "GF": 4, "BSG": 1, "LKZ": "BW", "ARS": "08215", "AGS": "08215", "SDV_ARS": "082120000000", "GEN": "Karlsruhe", "BEZ": "Landkreis", "IBZ": 43, "BEM": "--", "NBD": "ja", "SN_L": "08", "SN_R": "2", "SN_K": "15", "SN_V1": "00", "SN_V2": "00", "SN_G": "000", "FK_S3": "R", "NUTS": "DE123", "ARS_0": "082150000000", "AGS_0": "08215000", "WSK": "1975-02-14T00:00:00", "DLM_ID": "DEBKGDL20000E6RQ" }, "geometry": { "type": "MultiPolygon", "coordinates": [ [ [ [ 8.381719570037273, 48.841340230507107 ], [ 8.380821186509758, 48.840063540063476 ], [ 8.384220260615985, 48.838382730398202 ], [ 8.384802025522196, 48.835667660087012 ], [ 8.379367005857107, 48.830921781357368 ], [ 8.375643131620087, 48.831624545197627 ], [ 8.376944467106323, 48.835833024441378 ], [ 8.366231026131135, 48.839883908850588 ], [ 8.381719570037273, 48.841340230507107 ] ] ], [ [ [ 8.520236959765782, 49.276835556886091 ], [ 8.525506631226287, 49.265392310897198 ], [ 8.528817432128426, 49.267142156267859 ], [ 8.543438892117337, 49.262575653948517 ], [ 8.548089061610344, 49.2696742663938 ], [ 8.574971756087967, 49.26212969793032 ], [ 8.570376058235889, 49.254953695069844 ], [ 8.614404336400582, 49.241050247598956 ], [ 8.626430250804557, 49.243492069902956 ], [ 8.634169944019517, 49.241173026502132 ], [ 8.642287787709259, 49.235355975505328 ], [ 8.646954098221542, 49.24035743340778 ], [ 8.658765636362968, 49.237490372755893 ], [ 8.659265248153604, 49.233363672710183 ], [ 8.670069888028237, 49.23287447789312 ], [ 8.669399220908918, 49.231360906678987 ], [ 8.683812411068233, 49.228436804672036 ], [ 8.694950031933493, 49.231486736903527 ], [ 8.70141832028717, 49.226802051909544 ], [ 8.712789366417262, 49.234669428139135 ], [ 8.725536899183929, 49.237372993102035 ], [ 8.729450813971264, 49.228095227783207 ], [ 8.736057263219614, 49.230016756999063 ], [ 8.738961922264723, 49.226103418047295 ], [ 8.746475616593059, 49.223863687370617 ], [ 8.749981464408004, 49.220004471433157 ], [ 8.750869483857207, 49.217490008164958 ], [ 8.74787528508579, 49.216732495880095 ], [ 8.753002025660814, 49.206411311733866 ], [ 8.765366676336624, 49.202437337969791 ], [ 8.772186219085993, 49.203334341935701 ], [ 8.784101891040775, 49.198019820172931 ], [ 8.793824683536625, 49.200669374447372 ], [ 8.799170407184683, 49.198204303410861 ], [ 8.806081357080025, 49.198452825567337 ], [ 8.81338144444055, 49.201789099607282 ], [ 8.815958644425672, 49.196325224173499 ], [ 8.824548348670016, 49.191325423794332 ], [ 8.825810787664537, 49.188969009886016 ], [ 8.823424754325536, 49.184164851000844 ], [ 8.823951568481581, 49.179278256698986 ], [ 8.820958596168481, 49.178522706376064 ], [ 8.824080774697062, 49.177930611861413 ], [ 8.819406355785022, 49.174234792135657 ], [ 8.820016843655111, 49.168530746290521 ], [ 8.817584348256728, 49.167855472776893 ], [ 8.816164109364694, 49.165305952539306 ], [ 8.817688662288672, 49.157789249829861 ], [ 8.822272253333216, 49.156949241758468 ], [ 8.825780976304815, 49.160591544101067 ], [ 8.832867844721964, 49.162343630805587 ], [ 8.830822772652526, 49.159596078731887 ], [ 8.832795697640615, 49.156098588626833 ], [ 8.842161091987137, 49.15021848937721 ], [ 8.835566680408871, 49.148546268930339 ], [ 8.83744926232729, 49.146055048442577 ], [ 8.837812032203878, 49.1399064839784 ], [ 8.831056023999336, 49.139779069089009 ], [ 8.826901033110554, 49.132663456886682 ], [ 8.831260540951599, 49.129507561396885 ], [ 8.825954261232329, 49.12754802682565 ], [ 8.826426108737666, 49.126592401688896 ], [ 8.828506955470267, 49.12548985351296 ], [ 8.837501119213382, 49.12704521511985 ], [ 8.859317079092106, 49.126098297376835 ], [ 8.861734656346572, 49.129993338164162 ], [ 8.86949492547015, 49.131974483499761 ], [ 8.874466778610245, 49.128901251488564 ], [ 8.873976275010632, 49.123523024486872 ], [ 8.876426774775991, 49.124026403966774 ], [ 8.87762693686672, 49.118501762556811 ], [ 8.879957801895408, 49.117662812979731 ], [ 8.8817587058965, 49.119137329200626 ], [ 8.884705103978227, 49.116696751312958 ], [ 8.887493350578749, 49.117339712539881 ], [ 8.891526463041394, 49.111477852149704 ], [ 8.890134171954134, 49.107202396922922 ], [ 8.894158123756929, 49.095402553340158 ], [ 8.890608445085334, 49.095855393223715 ], [ 8.890608732529328, 49.094613857811567 ], [ 8.891940263773623, 49.094534028841409 ], [ 8.893124453913083, 49.091060333541769 ], [ 8.893285437080577, 49.084576076781332 ], [ 8.891094821423916, 49.081260845467128 ], [ 8.867155256118741, 49.077180522853261 ], [ 8.874796429016289, 49.07638309275152 ], [ 8.87484605235916, 49.074908366699063 ], [ 8.864318698838693, 49.071570173197294 ], [ 8.87631315092651, 49.069558688118128 ], [ 8.879397108041132, 49.064160467674071 ], [ 8.877906727759493, 49.061655817181091 ], [ 8.880030683706508, 49.060373096118283 ], [ 8.877794372528784, 49.058478404380899 ], [ 8.866750118764273, 49.061683027462557 ], [ 8.835585405436408, 49.062167759852606 ], [ 8.841874059580933, 49.058842413784184 ], [ 8.839745992863476, 49.057029514158693 ], [ 8.838939013573111, 49.052231322768925 ], [ 8.835227779172733, 49.049899999190693 ], [ 8.834230607194796, 49.046268509642736 ], [ 8.836340128637223, 49.045022391478689 ], [ 8.836326674731714, 49.040244999187351 ], [ 8.838833904643895, 49.038168077365476 ], [ 8.827482453472362, 49.036010619480095 ], [ 8.822491331183103, 49.037492264794587 ], [ 8.812588282267939, 49.033456714857472 ], [ 8.803112948273174, 49.036381171794559 ], [ 8.801987127513692, 49.038046457973174 ], [ 8.807650325151357, 49.040057597417245 ], [ 8.803689909189561, 49.04333535929085 ], [ 8.796719386584334, 49.0454066142294 ], [ 8.778894197941263, 49.04595241721703 ], [ 8.77689013978042, 49.042277866388943 ], [ 8.764366422883231, 49.040797650663102 ], [ 8.759663757229344, 49.041039449593661 ], [ 8.761017362143674, 49.046017751234587 ], [ 8.755041259667603, 49.045123948251053 ], [ 8.743908545019258, 49.036996472064487 ], [ 8.7445145412626, 49.031917995861761 ], [ 8.732646652889828, 49.02726438177902 ], [ 8.732785165680712, 49.019358375544819 ], [ 8.730677322257753, 49.019019138607824 ], [ 8.729753056764721, 49.016242488221067 ], [ 8.735782740434828, 49.011434592044338 ], [ 8.73638246511843, 49.006990671666756 ], [ 8.734553738765079, 49.006511958704564 ], [ 8.739074193589806, 49.0017970346073 ], [ 8.7310115636784, 48.997171321859888 ], [ 8.734588327188327, 48.994699827460245 ], [ 8.726760455626511, 48.993037419720054 ], [ 8.723425021295688, 48.991535957741732 ], [ 8.723653156207462, 48.990163090708279 ], [ 8.710486462593893, 48.989098253974603 ], [ 8.706975199840643, 48.994206084311905 ], [ 8.704375085840852, 48.993534549503352 ], [ 8.703531449814472, 48.995635228447505 ], [ 8.701306752707014, 48.99626519548633 ], [ 8.687101813211044, 48.992589813808976 ], [ 8.683473091768843, 48.992377921664243 ], [ 8.682319178296769, 48.99470732590872 ], [ 8.671897118457441, 48.993358680757041 ], [ 8.668084985191303, 48.995927198363368 ], [ 8.665325847237886, 49.002206279280806 ], [ 8.660740838284582, 49.007594936949957 ], [ 8.653514870170364, 49.003213906900591 ], [ 8.647606682586844, 49.002353698499178 ], [ 8.647839563408477, 48.99020624058079 ], [ 8.639270366867233, 48.989572668867325 ], [ 8.625255668659527, 48.993532153053415 ], [ 8.614614639150512, 48.991997632459785 ], [ 8.601723937507561, 48.985539477002547 ], [ 8.576856797926668, 48.989693629039138 ], [ 8.572695708284277, 48.985357263909769 ], [ 8.573161531550761, 48.982585186827066 ], [ 8.569523546056127, 48.981262766311751 ], [ 8.568936914232026, 48.976439163573097 ], [ 8.562829247475822, 48.974686908480706 ], [ 8.55724290629378, 48.97017226841006 ], [ 8.560267767142696, 48.967327787808031 ], [ 8.558390238294022, 48.966440429074609 ], [ 8.559255570855818, 48.963778568014135 ], [ 8.554170270611291, 48.960599820346992 ], [ 8.554713254029496, 48.958057766585327 ], [ 8.54912588955302, 48.953206145220044 ], [ 8.545017921119298, 48.955473516600897 ], [ 8.542687379351738, 48.95229268827898 ], [ 8.539841607031612, 48.953390155690727 ], [ 8.538148068200863, 48.95056977424197 ], [ 8.536429960866084, 48.944086308371013 ], [ 8.539601466174865, 48.942809590523829 ], [ 8.538706346854088, 48.940292680520855 ], [ 8.541863175549691, 48.93551671272516 ], [ 8.540843380437259, 48.931384397519757 ], [ 8.535159725161316, 48.929267384062506 ], [ 8.535874263837654, 48.926945255715943 ], [ 8.554069126407821, 48.927767932118037 ], [ 8.553881445209084, 48.920325525445584 ], [ 8.543421441994706, 48.918531901966169 ], [ 8.544635423491643, 48.917287686515081 ], [ 8.5412895307696, 48.909856295586309 ], [ 8.533915619579851, 48.903505522210459 ], [ 8.532654394547796, 48.905220996915133 ], [ 8.524949699526717, 48.902199621492599 ], [ 8.523263322634802, 48.899783195148743 ], [ 8.52226354550317, 48.900894868398694 ], [ 8.518094773968439, 48.899630824320504 ], [ 8.516605325409248, 48.894924675467777 ], [ 8.517670585722357, 48.8879451428556 ], [ 8.516176629644153, 48.887404392860887 ], [ 8.522347287386646, 48.881028805365538 ], [ 8.526382649139327, 48.879656056177822 ], [ 8.522108833444195, 48.874501876435971 ], [ 8.519869127300019, 48.868560201197418 ], [ 8.508347221034848, 48.859728067541937 ], [ 8.501877868812015, 48.858378521314243 ], [ 8.48644050427197, 48.848590927933714 ], [ 8.476942203404706, 48.848184899404934 ], [ 8.467530585498951, 48.845203882759606 ], [ 8.475379306224047, 48.840230299560353 ], [ 8.4750950402616, 48.833573162345857 ], [ 8.47989575446751, 48.827015105942031 ], [ 8.493572636659453, 48.820182043208028 ], [ 8.477334193451181, 48.818716310258345 ], [ 8.468842071631526, 48.822024965335842 ], [ 8.458062986467141, 48.822568270637447 ], [ 8.444239545503908, 48.819820927965651 ], [ 8.442364434558359, 48.818589139567912 ], [ 8.441557492573446, 48.813646772418586 ], [ 8.437095986067387, 48.813292806415973 ], [ 8.432414942184549, 48.815048391728688 ], [ 8.434720320108053, 48.819318812609815 ], [ 8.420364732896401, 48.829193916237443 ], [ 8.416624814821951, 48.835367894478502 ], [ 8.416490256231855, 48.842311061122658 ], [ 8.411999686204449, 48.853221364533454 ], [ 8.404856535596315, 48.858751910222495 ], [ 8.396223975653404, 48.855767637096996 ], [ 8.389601512465594, 48.849722243238638 ], [ 8.376496993023393, 48.855402338591631 ], [ 8.361157305401157, 48.851707903443568 ], [ 8.35694284824684, 48.845099102092718 ], [ 8.36457583930277, 48.840106765634246 ], [ 8.359158608248073, 48.84109779383499 ], [ 8.349135300915284, 48.847546337556025 ], [ 8.334980331283754, 48.852747354391113 ], [ 8.331483895462567, 48.85703644310199 ], [ 8.326028484732745, 48.857065074707847 ], [ 8.322061851431075, 48.85521510372034 ], [ 8.311916389025757, 48.858146561778284 ], [ 8.305536797677606, 48.86268065268623 ], [ 8.30855320929096, 48.864596888630615 ], [ 8.304280847544161, 48.868794179251793 ], [ 8.300390840381972, 48.879082664792612 ], [ 8.2914371064227, 48.884256431935171 ], [ 8.289879560885504, 48.886749034746487 ], [ 8.288285423295889, 48.886374129028063 ], [ 8.296375267109454, 48.893597525334279 ], [ 8.292124864298778, 48.900825599329949 ], [ 8.295331969032746, 48.903160853213173 ], [ 8.29383140994465, 48.904392920720127 ], [ 8.296834815795339, 48.906642507514597 ], [ 8.29511644592861, 48.90777103631256 ], [ 8.299239988973996, 48.910141954154518 ], [ 8.29534657059871, 48.912913308530847 ], [ 8.316589627324172, 48.922868808272341 ], [ 8.348653705370907, 48.923680764675147 ], [ 8.354574653283285, 48.934888880679686 ], [ 8.344685624511696, 48.936758762434323 ], [ 8.31083555536514, 48.949281605137422 ], [ 8.301966407375776, 48.949646383559653 ], [ 8.301927237476027, 48.947198954874978 ], [ 8.294805666921965, 48.947292408200511 ], [ 8.295318753831314, 48.950424828706637 ], [ 8.286446479691527, 48.950303825806166 ], [ 8.272235959790345, 48.953268742933346 ], [ 8.26971376642858, 48.957006554233828 ], [ 8.259645798610652, 48.958433591393096 ], [ 8.25881412924045, 48.960459468734186 ], [ 8.260988327060911, 48.966630822836549 ], [ 8.258357846016512, 48.968836574087526 ], [ 8.261284157329605, 48.980916850462684 ], [ 8.277348961251432, 48.989938939109557 ], [ 8.28113166849695, 48.983049598818958 ], [ 8.293724812516091, 48.985701578915062 ], [ 8.299529972590271, 48.990882694451088 ], [ 8.311775780513342, 48.984095126307551 ], [ 8.320711003382831, 48.98391891387427 ], [ 8.32211505940934, 48.984009288264126 ], [ 8.320789706752475, 48.988545424040382 ], [ 8.329742382466536, 48.991959011789284 ], [ 8.33046081893815, 48.989354553139137 ], [ 8.343015694459007, 48.982396634481411 ], [ 8.362290702755562, 48.977281298229769 ], [ 8.371812649705515, 48.971497648422265 ], [ 8.378249609359958, 48.975246241276317 ], [ 8.381231644429842, 48.973944204012881 ], [ 8.384493821425288, 48.970919837718576 ], [ 8.383599198754174, 48.967312799511461 ], [ 8.388939527311178, 48.963310964567363 ], [ 8.387714693911548, 48.956620537131961 ], [ 8.411858631666071, 48.960070988634243 ], [ 8.439443950965657, 48.971029664530576 ], [ 8.451635796716213, 48.963255243696707 ], [ 8.447747881839316, 48.961168412113324 ], [ 8.444082251450547, 48.954820747363073 ], [ 8.444927586795375, 48.950355598580941 ], [ 8.44022636630371, 48.948793360285975 ], [ 8.438983720410315, 48.946215153092673 ], [ 8.446726672407268, 48.944333465619316 ], [ 8.455218683923899, 48.946369831204741 ], [ 8.455122097911728, 48.944775529745755 ], [ 8.460630521549408, 48.94468738209725 ], [ 8.460012054443398, 48.942183818527702 ], [ 8.462188574296754, 48.940828906991328 ], [ 8.486865924637675, 48.941168945493025 ], [ 8.490116486804039, 48.942487149108516 ], [ 8.491433963484939, 48.940360535477758 ], [ 8.495018228710082, 48.942197440970993 ], [ 8.508886413576949, 48.942409753051116 ], [ 8.513264236515534, 48.943900329232079 ], [ 8.51547994313991, 48.947493627429019 ], [ 8.526011209604341, 48.952529845808243 ], [ 8.538193678090748, 48.952086916185294 ], [ 8.542898298189893, 48.959916937841001 ], [ 8.525974101940649, 48.962409454473054 ], [ 8.52733882932686, 48.965233709671566 ], [ 8.509496260171884, 48.967259471105294 ], [ 8.508362427919439, 48.973746755108962 ], [ 8.506088047324239, 48.975541618463183 ], [ 8.509977841147625, 48.982323002407632 ], [ 8.505193839977574, 48.983308342992601 ], [ 8.502586448659631, 48.987526496167007 ], [ 8.50386872216558, 48.989582826419735 ], [ 8.499635650830829, 48.992764160791275 ], [ 8.502539548010921, 48.99594722075183 ], [ 8.511461722833241, 48.99876961798342 ], [ 8.513883552396328, 49.010298258981159 ], [ 8.520926999440205, 49.01416071903477 ], [ 8.522427695429741, 49.02487682184865 ], [ 8.519509747468897, 49.027974282354052 ], [ 8.519946215357779, 49.031014171505518 ], [ 8.510251851750329, 49.035493782934964 ], [ 8.506591938618374, 49.041999727462546 ], [ 8.495019730511231, 49.04819434950403 ], [ 8.485883607590264, 49.058336937950187 ], [ 8.481740224922177, 49.060878129777755 ], [ 8.477631557847802, 49.059922143027222 ], [ 8.480448201791093, 49.058363316206211 ], [ 8.481089764014701, 49.054280166963913 ], [ 8.477426382426511, 49.044874217101963 ], [ 8.475519750114406, 49.044317848828911 ], [ 8.475453445169535, 49.04165332787953 ], [ 8.471615163451919, 49.039514294954195 ], [ 8.46946280916716, 49.041229783186886 ], [ 8.46973264616855, 49.043277165543259 ], [ 8.466460085114196, 49.04298375932683 ], [ 8.466170720641774, 49.045423932433224 ], [ 8.463818539166935, 49.045727678287427 ], [ 8.46197567351385, 49.043221668407703 ], [ 8.449459638496688, 49.050205147676373 ], [ 8.427260656290114, 49.071714612142884 ], [ 8.435619617186882, 49.091560971677325 ], [ 8.423764372556624, 49.091535074829004 ], [ 8.418051223217827, 49.082952759931679 ], [ 8.411503497149793, 49.081364068825678 ], [ 8.410616973690457, 49.07272737205988 ], [ 8.416309174792907, 49.070943937538559 ], [ 8.408796575793868, 49.062579571935416 ], [ 8.393353724851693, 49.068795426626224 ], [ 8.375267107495477, 49.069419111922379 ], [ 8.3743447673079, 49.067735054168843 ], [ 8.358054448907222, 49.071130576581638 ], [ 8.354686998611918, 49.071093051965875 ], [ 8.356716860865205, 49.068558462564958 ], [ 8.355871699392203, 49.066310709392262 ], [ 8.352445310116739, 49.064526325724472 ], [ 8.347921823452486, 49.064628358126491 ], [ 8.34451595924846, 49.06576855071507 ], [ 8.347003059634112, 49.070801477790248 ], [ 8.339969984946061, 49.08015013387709 ], [ 8.354612072053285, 49.093128415509312 ], [ 8.360372220311211, 49.103208820602369 ], [ 8.372708393319064, 49.151981290548235 ], [ 8.367625062093559, 49.164248675554148 ], [ 8.368945758504344, 49.169284417156057 ], [ 8.381210558751256, 49.185686336046174 ], [ 8.385015523683297, 49.198300672043544 ], [ 8.393126245976138, 49.20273175339598 ], [ 8.398497917532936, 49.207718754734714 ], [ 8.405251527887302, 49.220560780290825 ], [ 8.403212176971442, 49.224655938168056 ], [ 8.398535109208467, 49.22575275404575 ], [ 8.393748407670898, 49.224934131899452 ], [ 8.389335233129593, 49.220612832382308 ], [ 8.384803777629468, 49.219627642879928 ], [ 8.38637940810967, 49.228325802357766 ], [ 8.390815976201337, 49.236094873031448 ], [ 8.400686475565633, 49.244159390085905 ], [ 8.439803283457367, 49.262346796895898 ], [ 8.458194880105955, 49.279108691905286 ], [ 8.4693050463821, 49.283746370042564 ], [ 8.482255380925496, 49.286544260439904 ], [ 8.487268219174664, 49.290026630748024 ], [ 8.520236959765782, 49.276835556886091 ] ] ] ] } },
{ "type": "Feature", "properties": { "OBJID": "DEBKGVG200000CCJ", "BEGINN": "2025-04-12T00:00:00", "ADE": 4, "GF": 4, "BSG": 1, "LKZ": "BW", "ARS": "08216", "AGS": "08216", "SDV_ARS": "082165005043", "GEN": "Rastatt", "BEZ": "Landkreis", "IBZ": 43, "BEM": "--", "NBD": "ja", "SN_L": "08", "SN_R": "2", "SN_K": "16", "SN_V1": "00", "SN_V2": "00", "SN_G": "000", "FK_S3": "R", "NUTS": "DE124", "ARS_0": "082160000000", "AGS_0": "08216000", "WSK": "2009-01-01T00:00:00", "DLM_ID": "DEBKGDL20000DZZW" }, "geometry": { "type": "MultiPolygon", "coordinates": [ [ [ [ 8.196705962935516, 48.745972874147569 ], [ 8.194154368973688, 48.744696327337664 ], [ 8.191775645999771, 48.745798615368486 ], [ 8.195114665223374, 48.747397459537474 ], [ 8.196705962935516, 48.745972874147569 ] ] ], [ [ [ 8.223364281588772, 48.7188197693321 ], [ 8.218381497928217, 48.717502927280812 ], [ 8.211607866047656, 48.719576895617294 ], [ 8.217029430351953, 48.723134355436613 ], [ 8.220133205941966, 48.723063135081063 ], [ 8.223364281588772, 48.7188197693321 ] ] ], [ [ [ 8.211559258817331, 48.739888446998421 ], [ 8.219016879614735, 48.735267397025787 ], [ 8.206390410724836, 48.735898431704321 ], [ 8.202365668186619, 48.739926851889997 ], [ 8.201776990010037, 48.742595878767979 ], [ 8.206252722979443, 48.744901678077674 ], [ 8.210928101843335, 48.743981931633314 ], [ 8.211559258817331, 48.739888446998421 ] ] ], [ [ [ 8.260601555586055, 48.957858894848705 ], [ 8.26971376642858, 48.957006554233828 ], [ 8.272235959790345, 48.953268742933346 ], [ 8.286446479691527, 48.950303825806166 ], [ 8.295318753831314, 48.950424828706637 ], [ 8.294805666921965, 48.947292408200511 ], [ 8.301927237476027, 48.947198954874978 ], [ 8.301966407375776, 48.949646383559653 ], [ 8.31083555536514, 48.949281605137422 ], [ 8.344685624511696, 48.936758762434323 ], [ 8.354574653283285, 48.934888880679686 ], [ 8.348653705370907, 48.923680764675147 ], [ 8.316589627324172, 48.922868808272341 ], [ 8.29534657059871, 48.912913308530847 ], [ 8.299239988973996, 48.910141954154518 ], [ 8.29511644592861, 48.90777103631256 ], [ 8.296834815795339, 48.906642507514597 ], [ 8.29383140994465, 48.904392920720127 ], [ 8.295331969032746, 48.903160853213173 ], [ 8.292124864298778, 48.900825599329949 ], [ 8.296375267109454, 48.893597525334279 ], [ 8.288285423295889, 48.886374129028063 ], [ 8.289879560885504, 48.886749034746487 ], [ 8.2914371064227, 48.884256431935171 ], [ 8.300390840381972, 48.879082664792612 ], [ 8.304280847544161, 48.868794179251793 ], [ 8.30855320929096, 48.864596888630615 ], [ 8.305536797677606, 48.86268065268623 ], [ 8.311916389025757, 48.858146561778284 ], [ 8.322061851431075, 48.85521510372034 ], [ 8.326028484732745, 48.857065074707847 ], [ 8.331483895462567, 48.85703644310199 ], [ 8.334980331283754, 48.852747354391113 ], [ 8.349135300915284, 48.847546337556025 ], [ 8.359158608248073, 48.84109779383499 ], [ 8.36457583930277, 48.840106765634246 ], [ 8.35694284824684, 48.845099102092718 ], [ 8.361157305401157, 48.851707903443568 ], [ 8.36644758922729, 48.853898523880531 ], [ 8.376496993023393, 48.855402338591631 ], [ 8.389601512465594, 48.849722243238638 ], [ 8.396223975653404, 48.855767637096996 ], [ 8.404856535596315, 48.858751910222495 ], [ 8.411999686204449, 48.853221364533454 ], [ 8.416490256231855, 48.842311061122658 ], [ 8.417110278678324, 48.830725542265043 ], [ 8.397230633350574, 48.831602464987199 ], [ 8.392453359420557, 48.835227927462157 ], [ 8.390335564869462, 48.833469383767628 ], [ 8.387739858495936, 48.834553805726166 ], [ 8.382379755697523, 48.833084439975863 ], [ 8.384802025522196, 48.835667660087012 ], [ 8.384220260615985, 48.838382730398202 ], [ 8.380821186509758, 48.840063540063476 ], [ 8.381719570037273, 48.841340230507107 ], [ 8.366231026131135, 48.839883908850588 ], [ 8.376944467106323, 48.835833024441378 ], [ 8.376153938209351, 48.83085154161855 ], [ 8.382509198051574, 48.83011786358523 ], [ 8.38969731676889, 48.824955078595785 ], [ 8.40417467441522, 48.822277554448114 ], [ 8.403747148313006, 48.817033277652612 ], [ 8.408712506166207, 48.81214238570287 ], [ 8.408472358550517, 48.808863003831988 ], [ 8.396264968323871, 48.81049528722086 ], [ 8.394865063873914, 48.806024333758629 ], [ 8.39046455276063, 48.803853717839544 ], [ 8.399669223872946, 48.802651301753464 ], [ 8.415658007071116, 48.792830519164063 ], [ 8.425809075882825, 48.791728200651612 ], [ 8.424293372306975, 48.788180835956844 ], [ 8.425644209135269, 48.782575494648242 ], [ 8.428303097960571, 48.778861166746871 ], [ 8.43187419844703, 48.77766247680885 ], [ 8.433495476701836, 48.774093497900161 ], [ 8.431876965964939, 48.772520937394859 ], [ 8.433526167348802, 48.770323576502783 ], [ 8.43013926879212, 48.765633172730247 ], [ 8.428762607451535, 48.75940909966895 ], [ 8.42085314854827, 48.754434118124692 ], [ 8.421754802105012, 48.743588984358752 ], [ 8.442801245332534, 48.752527161547086 ], [ 8.442933501219807, 48.757117826411083 ], [ 8.444722883178587, 48.758563372127966 ], [ 8.456792021903894, 48.760189271816749 ], [ 8.46241170116825, 48.764088911109894 ], [ 8.475123796224953, 48.76241387954488 ], [ 8.484560196908799, 48.756701257870553 ], [ 8.4851428785785, 48.754499336504992 ], [ 8.479584129763003, 48.74017980839885 ], [ 8.473614931364605, 48.735228457651175 ], [ 8.474899369925566, 48.734153373432655 ], [ 8.475862272345209, 48.724426798781543 ], [ 8.471750865700258, 48.71965578252626 ], [ 8.462084270665443, 48.719325946438978 ], [ 8.458274265948083, 48.717132871521514 ], [ 8.460248500799793, 48.706364663846244 ], [ 8.467010444734445, 48.700353255187416 ], [ 8.45875737591602, 48.697521005947557 ], [ 8.452904978720996, 48.69772814110577 ], [ 8.449832223491489, 48.700019463036135 ], [ 8.439278192414381, 48.695065114933676 ], [ 8.443256022147054, 48.692583944000937 ], [ 8.448429970692061, 48.68524883598171 ], [ 8.445407864754953, 48.666076238783809 ], [ 8.447211912342906, 48.66484118179126 ], [ 8.447519733524326, 48.662049110393994 ], [ 8.445130546417216, 48.658487450153956 ], [ 8.43794489648975, 48.6611069359532 ], [ 8.430729893748676, 48.66024394499766 ], [ 8.430264112070267, 48.658103190450255 ], [ 8.435655225617969, 48.6558556546874 ], [ 8.436152301660888, 48.653417983760704 ], [ 8.435368753490804, 48.651082434408139 ], [ 8.431329298518834, 48.648371356044507 ], [ 8.429968098899765, 48.644621620763814 ], [ 8.422233241162433, 48.644548980521421 ], [ 8.417147613951153, 48.646333779488849 ], [ 8.413781934425373, 48.642186330538209 ], [ 8.414399914173925, 48.640434730058274 ], [ 8.39262147338952, 48.635848910399382 ], [ 8.389341231886066, 48.636686143061802 ], [ 8.385913989492902, 48.632149811403885 ], [ 8.388353106047232, 48.628480907587054 ], [ 8.386542448938606, 48.627618307963793 ], [ 8.387901211582086, 48.625263988041013 ], [ 8.381732759431305, 48.622183347373017 ], [ 8.382832695126332, 48.619711330168293 ], [ 8.364355449346439, 48.615147449641448 ], [ 8.365603082861869, 48.611240670897303 ], [ 8.349437781439971, 48.609569831670399 ], [ 8.352250739494826, 48.604226729494606 ], [ 8.358412752478113, 48.602906597184052 ], [ 8.35684353874314, 48.600033522782454 ], [ 8.341937248061544, 48.597279348443955 ], [ 8.330449650762946, 48.592098213069008 ], [ 8.323666447264623, 48.59207343404416 ], [ 8.319626848796201, 48.588782132473533 ], [ 8.315363067554461, 48.590152935301333 ], [ 8.31415393537142, 48.588962177040997 ], [ 8.309616026422027, 48.589653880607472 ], [ 8.287739361879739, 48.586905658417464 ], [ 8.275564840602701, 48.589150318719206 ], [ 8.25885471363555, 48.589718096311529 ], [ 8.244149076426199, 48.598444655248585 ], [ 8.231857667064912, 48.602296165275256 ], [ 8.222006886484323, 48.603227692370709 ], [ 8.232762487213032, 48.606174173385391 ], [ 8.247466045280538, 48.602686461619975 ], [ 8.248607225555977, 48.608513199436516 ], [ 8.23291532098939, 48.611136061918693 ], [ 8.233863545329957, 48.616047883392064 ], [ 8.238688081494718, 48.615588613190582 ], [ 8.240785328454352, 48.617763549688569 ], [ 8.241122189348555, 48.629232032886286 ], [ 8.228727461572779, 48.631069822115137 ], [ 8.227366547569162, 48.627363149784891 ], [ 8.202569541265847, 48.629969431765716 ], [ 8.199713303924307, 48.628371775414251 ], [ 8.180604420631861, 48.640047491621651 ], [ 8.17011776080081, 48.638478160539599 ], [ 8.161775452028145, 48.640308636441645 ], [ 8.16493642576596, 48.645467786276676 ], [ 8.14570532898925, 48.653455539584165 ], [ 8.13964120742458, 48.653614592953531 ], [ 8.137129699385676, 48.655279580453254 ], [ 8.139605602127579, 48.656870791881396 ], [ 8.129920081266288, 48.65469393341899 ], [ 8.12845235075782, 48.655553287345761 ], [ 8.128147359803213, 48.654008253087909 ], [ 8.126099342509322, 48.655071100365909 ], [ 8.121428348430953, 48.64922186147475 ], [ 8.113293497965337, 48.650081812169759 ], [ 8.108050434658004, 48.651217891594492 ], [ 8.102332183733949, 48.656150691101935 ], [ 8.096430726176221, 48.656645629190876 ], [ 8.08810334585127, 48.663824739223962 ], [ 8.084389858392493, 48.662565302990664 ], [ 8.083304437006461, 48.665825714069719 ], [ 8.079755342884129, 48.666450160596668 ], [ 8.073166819273599, 48.671911679582458 ], [ 8.074393061438112, 48.671839515534806 ], [ 8.074353611045121, 48.673449199873581 ], [ 8.066819984000785, 48.674139050702976 ], [ 8.063955361429311, 48.671307113563266 ], [ 8.062852381262768, 48.674150967693137 ], [ 8.059588705093047, 48.674484139970417 ], [ 8.058967002222088, 48.676045037708661 ], [ 8.055985510941085, 48.673190182588336 ], [ 8.047148751544368, 48.676279347843149 ], [ 8.032738763613851, 48.675105170594215 ], [ 8.033120733877707, 48.677219112171315 ], [ 8.038308855948044, 48.678333041211332 ], [ 8.036563887536113, 48.681938377795134 ], [ 8.0317717610742, 48.68319057333801 ], [ 8.019823290418771, 48.679541097965355 ], [ 8.018002419809038, 48.682208714976639 ], [ 8.020334759797674, 48.686570763527399 ], [ 8.014469328923546, 48.687267386235348 ], [ 8.016343699710244, 48.683026399758724 ], [ 8.014739067824904, 48.680921000199731 ], [ 8.010446698312993, 48.684612874891606 ], [ 8.001559716415249, 48.687256521986086 ], [ 7.989369742108392, 48.688670957262651 ], [ 7.979727891657168, 48.687122934542529 ], [ 7.973204059879802, 48.690015942895592 ], [ 7.972805653554493, 48.692715266552035 ], [ 7.97721890571069, 48.698034468113228 ], [ 7.98141762917776, 48.697274979299536 ], [ 7.983353448040346, 48.6997933159765 ], [ 7.990381064684594, 48.701113108508437 ], [ 7.987870373350301, 48.703665748800603 ], [ 7.99135425726569, 48.705175184737698 ], [ 7.980376889816135, 48.707923002568926 ], [ 7.981242598812837, 48.711946768081326 ], [ 7.976797174562899, 48.714554284946416 ], [ 7.959630743114506, 48.718581081552365 ], [ 7.966980991386517, 48.726280400421118 ], [ 7.967155081346506, 48.74672699311563 ], [ 7.968908333259229, 48.753709356894703 ], [ 7.972005719278636, 48.758122433765358 ], [ 7.982567486043314, 48.761104792586984 ], [ 8.001481323741167, 48.758845946883419 ], [ 8.014333371256715, 48.76101961707829 ], [ 8.019723741988233, 48.764625441776374 ], [ 8.023551579641614, 48.769702691489762 ], [ 8.025803006063931, 48.782161303270442 ], [ 8.03027897729304, 48.787372957440581 ], [ 8.041557622233777, 48.790752976873961 ], [ 8.058866388433218, 48.788918209603644 ], [ 8.068372918511615, 48.790754853884764 ], [ 8.084135146240152, 48.799840338262683 ], [ 8.094314759810043, 48.808345755240509 ], [ 8.103828136396348, 48.820122497576016 ], [ 8.114551990567625, 48.85034352353707 ], [ 8.127630515137177, 48.876113774996647 ], [ 8.135194999743945, 48.887545251162237 ], [ 8.146550011678036, 48.902290937901881 ], [ 8.179195118459587, 48.934588745554343 ], [ 8.193613841714859, 48.953957319081525 ], [ 8.198662262153046, 48.95812877087215 ], [ 8.232632819749009, 48.966571445701732 ], [ 8.261284157329605, 48.980916850462684 ], [ 8.258357846016512, 48.968836574087526 ], [ 8.260988327060911, 48.966630822836549 ], [ 8.25881412924045, 48.960459468734186 ], [ 8.260601555586055, 48.957858894848705 ] ], [ [ 8.080951233613781, 48.672783762116552 ], [ 8.077851978250578, 48.672490898047663 ], [ 8.079791493696874, 48.670806403375217 ], [ 8.080951233613781, 48.672783762116552 ] ], [ [ 8.12719465064399, 48.75522682363588 ], [ 8.125449042990882, 48.760983524198764 ], [ 8.121268362663518, 48.757034675592713 ], [ 8.12719465064399, 48.75522682363588 ] ], [ [ 8.023287563131394, 48.691567454224995 ], [ 8.024663636426085, 48.693370704726 ], [ 8.017274292425666, 48.695950043424276 ], [ 8.015570569524176, 48.694445288761322 ], [ 8.023287563131394, 48.691567454224995 ] ], [ [ 8.126687700364615, 48.746380308211378 ], [ 8.133191985811669, 48.748597451890582 ], [ 8.135041350053783, 48.751974931545824 ], [ 8.132064109144748, 48.752478400501893 ], [ 8.126687700364615, 48.746380308211378 ] ], [ [ 8.118047249324624, 48.738070600274334 ], [ 8.126797819678586, 48.744682108447783 ], [ 8.12496807667269, 48.745343630818567 ], [ 8.119227314740927, 48.739447779732963 ], [ 8.114747344050134, 48.741005032258997 ], [ 8.113724140315885, 48.739678407255667 ], [ 8.118047249324624, 48.738070600274334 ] ], [ [ 8.046959561810505, 48.692704855096437 ], [ 8.051824265048376, 48.693532045193201 ], [ 8.049640770318197, 48.695598331307792 ], [ 8.049686913919807, 48.699000477569776 ], [ 8.052941051182049, 48.699702078035891 ], [ 8.052842680664034, 48.697063588279029 ], [ 8.057868767909831, 48.699018768715248 ], [ 8.063131458012954, 48.705756669764916 ], [ 8.070548609101747, 48.705865191277205 ], [ 8.0735066552269, 48.711427429206211 ], [ 8.062348588704268, 48.711641949228913 ], [ 8.054728465868267, 48.703740851094125 ], [ 8.043917564691993, 48.697235428540885 ], [ 8.042927165975017, 48.695314998528744 ], [ 8.046959561810505, 48.692704855096437 ] ], [ [ 8.155210282476876, 48.847834817071416 ], [ 8.156713414998736, 48.843510181549284 ], [ 8.160479144984922, 48.844281265593878 ], [ 8.16326687490562, 48.838482132472286 ], [ 8.15932922035033, 48.836185937961325 ], [ 8.162781006250979, 48.835268674314001 ], [ 8.159331115729191, 48.833603572256017 ], [ 8.162567216962868, 48.830369325478145 ], [ 8.166504768212596, 48.835211807701512 ], [ 8.178752842375063, 48.837888243576572 ], [ 8.185892693984217, 48.838801668570802 ], [ 8.192441896543544, 48.834942550170091 ], [ 8.167525001832731, 48.818468325120406 ], [ 8.171059582043274, 48.816987564824956 ], [ 8.160974631215765, 48.806293639697472 ], [ 8.165797383500195, 48.804865285118503 ], [ 8.163782746361878, 48.801439849178152 ], [ 8.146454242846136, 48.790049899581668 ], [ 8.152764497534983, 48.785635155608915 ], [ 8.167959776384121, 48.784233901787161 ], [ 8.170190631226339, 48.782667049671517 ], [ 8.174408790187496, 48.783650439805484 ], [ 8.184607983100802, 48.772318018279393 ], [ 8.18526295720395, 48.769713374550165 ], [ 8.194889305065482, 48.766782218909569 ], [ 8.196168714176126, 48.763911554778566 ], [ 8.200792078118392, 48.761982835593344 ], [ 8.203065163637557, 48.757369166214666 ], [ 8.2022002682197, 48.75263666707842 ], [ 8.195195055588441, 48.752014782025725 ], [ 8.181752732437484, 48.74771340378696 ], [ 8.180735079353802, 48.74480400309384 ], [ 8.18432038656773, 48.743223239944726 ], [ 8.176649454471624, 48.741191685052947 ], [ 8.158378568462201, 48.743935383259618 ], [ 8.156827261956366, 48.742641124199018 ], [ 8.151836534377676, 48.744021283435544 ], [ 8.147085484459556, 48.74312092053038 ], [ 8.13983183939172, 48.736825870157986 ], [ 8.139570241271731, 48.733248297405886 ], [ 8.135442377552939, 48.727789016709067 ], [ 8.123724392960529, 48.729626445845604 ], [ 8.1259453519211, 48.733443900249235 ], [ 8.1240591096213, 48.735302073526881 ], [ 8.119683923403329, 48.731870332099568 ], [ 8.11713397634821, 48.733390256740826 ], [ 8.115429975936673, 48.731248262550963 ], [ 8.109694735997671, 48.729496461998423 ], [ 8.108811981215888, 48.727533983379679 ], [ 8.113667102908552, 48.728646099822704 ], [ 8.113500540304686, 48.725943246210328 ], [ 8.126884634535999, 48.723395717580239 ], [ 8.134093338486496, 48.718897774697759 ], [ 8.146880880802948, 48.715435577181488 ], [ 8.153648482342666, 48.717171160852004 ], [ 8.159284511659827, 48.715616558107193 ], [ 8.160555474418683, 48.717460797564229 ], [ 8.168201396427003, 48.716235972361432 ], [ 8.177830950434469, 48.711615161803259 ], [ 8.189802534347498, 48.715175784162973 ], [ 8.191869176194611, 48.717468053011885 ], [ 8.192583937810332, 48.711859643023814 ], [ 8.19584124650155, 48.713699709966662 ], [ 8.200947650804794, 48.708929055844152 ], [ 8.206847414584983, 48.70864615314828 ], [ 8.210571937933503, 48.705187127651591 ], [ 8.209460818751216, 48.701358446375608 ], [ 8.217009714701888, 48.696034698064118 ], [ 8.220968631478099, 48.695369273151243 ], [ 8.228912211316302, 48.700759284867452 ], [ 8.229808682460419, 48.698150492455902 ], [ 8.224297286764893, 48.691613825026096 ], [ 8.229694107395073, 48.690410755536305 ], [ 8.228585445519993, 48.686213497381459 ], [ 8.229463170148914, 48.680797314930828 ], [ 8.235416608154864, 48.672857743608752 ], [ 8.234313057371539, 48.668840627192417 ], [ 8.241065930185247, 48.666747081821057 ], [ 8.2490278869631, 48.669041099852478 ], [ 8.275289320089092, 48.668625997731958 ], [ 8.278652855896125, 48.672903813673152 ], [ 8.298214083254093, 48.684611361744651 ], [ 8.296470136943149, 48.693420510716237 ], [ 8.305487401586239, 48.699285010944223 ], [ 8.313537134430453, 48.700109552388753 ], [ 8.317710267177031, 48.703430444874641 ], [ 8.320420259066363, 48.708170940652401 ], [ 8.320567407943759, 48.730071939704509 ], [ 8.31509672541296, 48.740139949596085 ], [ 8.305083085060364, 48.742596729364543 ], [ 8.301369103262477, 48.746212073014718 ], [ 8.30011169076981, 48.749947930272441 ], [ 8.29182731678541, 48.756207551397686 ], [ 8.285245318050176, 48.756121606989268 ], [ 8.284374763025713, 48.760890710830289 ], [ 8.280112358013927, 48.764827403585095 ], [ 8.280933996394641, 48.767398990989939 ], [ 8.29019609740997, 48.775923779170888 ], [ 8.289284562096444, 48.782194685124701 ], [ 8.291155996026136, 48.78355444968566 ], [ 8.28974379002144, 48.784669041047827 ], [ 8.295502396413525, 48.788113928338404 ], [ 8.288016364169806, 48.788584548567385 ], [ 8.286330919231995, 48.789405120516165 ], [ 8.287675714431643, 48.79116991185569 ], [ 8.281247306180912, 48.788854554140137 ], [ 8.282217941863072, 48.787875215181657 ], [ 8.279368296988133, 48.7858749626795 ], [ 8.276318371349134, 48.786767744717757 ], [ 8.276497478400152, 48.789614711183575 ], [ 8.271935340938297, 48.793260141901378 ], [ 8.273745531576186, 48.796776860194015 ], [ 8.269079954751909, 48.797729691650424 ], [ 8.254192614791393, 48.794420870332395 ], [ 8.255333174149364, 48.798305814422108 ], [ 8.249959149099825, 48.808785196811328 ], [ 8.226369781665985, 48.8194537549034 ], [ 8.22155356837583, 48.825977532925819 ], [ 8.219570583221321, 48.824677259596307 ], [ 8.215640976104877, 48.82652219432898 ], [ 8.213550125963982, 48.825489527457052 ], [ 8.212229772682496, 48.83095099454588 ], [ 8.203061921399899, 48.829133644519779 ], [ 8.20109097065664, 48.834203687149639 ], [ 8.20045702736793, 48.832912913995898 ], [ 8.196750864042976, 48.833466152894658 ], [ 8.187635801078036, 48.839980605013913 ], [ 8.179755752231852, 48.843424844147641 ], [ 8.167717142232435, 48.841413574039194 ], [ 8.164883165754862, 48.846521894406322 ], [ 8.155210282476876, 48.847834817071416 ] ] ] ] } },
{ "type": "Feature", "properties": { "OBJID": "DEBKGVG200000CCK", "BEGINN": "2023-10-04T00:00:00", "ADE": 4, "GF": 4, "BSG": 1, "LKZ": "BW", "ARS": "08221", "AGS": "08221", "SDV_ARS": "082210000000", "GEN": "Heidelberg", "BEZ": "Stadtkreis", "IBZ": 41, "BEM": "--", "NBD": "ja", "SN_L": "08", "SN_R": "2", "SN_K": "21", "SN_V1": "00", "SN_V2": "00", "SN_G": "000", "FK_S3": "R", "NUTS": "DE125", "ARS_0": "082210000000", "AGS_0": "08221000", "WSK": "2008-06-03T00:00:00", "DLM_ID": "DEBKGDL20000E3GT" }, "geometry": { "type": "Polygon", "coordinates": [ [ [ 8.574910938685756, 49.412781376980774 ], [ 8.573136547059903, 49.42364854909799 ], [ 8.579571569916688, 49.426242050976157 ], [ 8.590424223896603, 49.427398321223237 ], [ 8.592233591318422, 49.429426682720752 ], [ 8.600857491616631, 49.425918850478929 ], [ 8.60151615524642, 49.428098635008659 ], [ 8.610233159801895, 49.424654661658352 ], [ 8.614927869221525, 49.42770284348812 ], [ 8.628560161477292, 49.442968254215657 ], [ 8.639527804512976, 49.440817639370977 ], [ 8.64630974118416, 49.437086954604212 ], [ 8.655030427932257, 49.439956586867531 ], [ 8.656516886115963, 49.438622119880776 ], [ 8.672192744820372, 49.442084230731261 ], [ 8.674124566840028, 49.440829867445196 ], [ 8.680269960597192, 49.443579285414735 ], [ 8.69006407494471, 49.443323010752593 ], [ 8.709739319907053, 49.446381671070732 ], [ 8.709519721002691, 49.447826931838357 ], [ 8.715173719425573, 49.452397788879644 ], [ 8.718137470275336, 49.452129714906164 ], [ 8.722971127206705, 49.448705611888947 ], [ 8.736395211730319, 49.449213319929086 ], [ 8.739679345910824, 49.446601127284474 ], [ 8.746050731906452, 49.447105343851284 ], [ 8.744625433408913, 49.450223582204799 ], [ 8.745965997090286, 49.45555528822463 ], [ 8.741643943187706, 49.457487873159231 ], [ 8.74570553394196, 49.459753503872811 ], [ 8.754856775664051, 49.459587677694131 ], [ 8.757763150934514, 49.456726152858643 ], [ 8.763265718691386, 49.456487086837662 ], [ 8.767942352982764, 49.45427344449741 ], [ 8.761811362636166, 49.450534800966871 ], [ 8.761830450534136, 49.448105557795486 ], [ 8.766170096381821, 49.444123152288775 ], [ 8.766469190042136, 49.437379066455343 ], [ 8.777817774525781, 49.432972925915855 ], [ 8.786963024488401, 49.432644373218068 ], [ 8.788356297318114, 49.431163031689216 ], [ 8.791209297506825, 49.423053825408097 ], [ 8.789503065597208, 49.417908013526613 ], [ 8.794128861302765, 49.40728841731994 ], [ 8.793744746979909, 49.405294029575025 ], [ 8.789075501235232, 49.40205589640933 ], [ 8.777924343631328, 49.402376049450076 ], [ 8.775388572230476, 49.396194923970342 ], [ 8.776672983317818, 49.394557584000388 ], [ 8.773607855601822, 49.389726489127227 ], [ 8.768742606723089, 49.387033364739857 ], [ 8.76329748975426, 49.388191259827202 ], [ 8.762952881684111, 49.38628734898888 ], [ 8.768901813951702, 49.379180510343502 ], [ 8.755019342453421, 49.377409553219309 ], [ 8.745668342435666, 49.373089124552671 ], [ 8.740587131368402, 49.374872439241877 ], [ 8.730083515416945, 49.371963375169216 ], [ 8.72583853218414, 49.37534284876876 ], [ 8.724081113688239, 49.373677476824135 ], [ 8.725565401649739, 49.370056632179107 ], [ 8.730132995843865, 49.368004978304818 ], [ 8.724157930492096, 49.357446066749574 ], [ 8.711030120382322, 49.35522257673891 ], [ 8.707850055337479, 49.357016600275969 ], [ 8.673959204249247, 49.361286515705018 ], [ 8.673566867871566, 49.357598376446447 ], [ 8.664368488775104, 49.357539561322 ], [ 8.665176376643256, 49.353701475085458 ], [ 8.657197091080283, 49.355235778838797 ], [ 8.655189818520681, 49.353323356712835 ], [ 8.651688004864319, 49.353826699267415 ], [ 8.656397903562471, 49.359303623633643 ], [ 8.655052876924529, 49.359166255567445 ], [ 8.656722811810297, 49.362417395201788 ], [ 8.650041816842743, 49.366117717201234 ], [ 8.650837593481837, 49.367279214676458 ], [ 8.645553806975812, 49.371109838364227 ], [ 8.642174820309769, 49.368960746634926 ], [ 8.640250086358467, 49.369912290588829 ], [ 8.633866519040655, 49.356183083638022 ], [ 8.634014330409169, 49.352379227001158 ], [ 8.625675617176368, 49.352159661219943 ], [ 8.620378292546979, 49.354122939540929 ], [ 8.624524713060854, 49.359077799958762 ], [ 8.601321218708573, 49.365973924033248 ], [ 8.604826444655814, 49.37039822783391 ], [ 8.606205621608378, 49.370039411012584 ], [ 8.607314645983818, 49.376967099225567 ], [ 8.624244542548807, 49.380687846559603 ], [ 8.623737923282608, 49.38166024041859 ], [ 8.6319411915731, 49.386907764437538 ], [ 8.639844948181889, 49.386430870010265 ], [ 8.647605896318611, 49.388543288333103 ], [ 8.643471506931041, 49.393505342943214 ], [ 8.636260494351024, 49.392375548475577 ], [ 8.634355325038777, 49.407020943611926 ], [ 8.631407526495513, 49.414092617928411 ], [ 8.622782738230541, 49.408900877145875 ], [ 8.611558454362187, 49.405390332679346 ], [ 8.60359372353256, 49.409056434156462 ], [ 8.574910938685756, 49.412781376980774 ] ] ] } },
{ "type": "Feature", "properties": { "OBJID": "DEBKGVG200000CCL", "BEGINN": "2023-10-04T00:00:00", "ADE": 4, "GF": 4, "BSG": 1, "LKZ": "BW", "ARS": "08222", "AGS": "08222", "SDV_ARS": "082220000000", "GEN": "Mannheim", "BEZ": "Stadtkreis", "IBZ": 41, "BEM": "--", "NBD": "ja", "SN_L": "08", "SN_R": "2", "SN_K": "22", "SN_V1": "00", "SN_V2": "00", "SN_G": "000", "FK_S3": "R", "NUTS": "DE126", "ARS_0": "082220000000", "AGS_0": "08222000", "WSK": "1973-01-01T00:00:00", "DLM_ID": "DEBKGDL20000DZNO" }, "geometry": { "type": "Polygon", "coordinates": [ [ [ 8.573055375632741, 49.521493435123929 ], [ 8.583379850081023, 49.519418508749702 ], [ 8.582759157187878, 49.513864566157601 ], [ 8.585506034425112, 49.512570324539681 ], [ 8.580875982333566, 49.509126081504988 ], [ 8.587665029161812, 49.501772129058182 ], [ 8.572596674690999, 49.496458388768524 ], [ 8.574698009455899, 49.493677568407392 ], [ 8.56470550149821, 49.493296753313544 ], [ 8.555925367935991, 49.49072385405119 ], [ 8.546646124564946, 49.477382874704865 ], [ 8.552962946380264, 49.47711541172869 ], [ 8.558129564330017, 49.475035702705611 ], [ 8.569904706067357, 49.463123976081405 ], [ 8.582430267062644, 49.45963132787012 ], [ 8.590068469763926, 49.459535970486854 ], [ 8.577262531420722, 49.443579746846183 ], [ 8.585093033419875, 49.441363956969127 ], [ 8.587624758302962, 49.433595991546461 ], [ 8.582913202363931, 49.428926581756421 ], [ 8.584571350039456, 49.428171881549666 ], [ 8.573136547059903, 49.42364854909799 ], [ 8.573519057290081, 49.415844157973588 ], [ 8.564892808998893, 49.418036025285275 ], [ 8.545111887079026, 49.417405973204545 ], [ 8.545543343688955, 49.416160151167716 ], [ 8.537614063557388, 49.41515566507276 ], [ 8.53876432903354, 49.41198323890012 ], [ 8.533632583576855, 49.412410476278573 ], [ 8.531171989092527, 49.411123665528997 ], [ 8.524653497474509, 49.413090305867932 ], [ 8.524759694746852, 49.417879589315909 ], [ 8.522597790133675, 49.418203608037459 ], [ 8.503388151228755, 49.411041657441686 ], [ 8.49731594438426, 49.411346935436214 ], [ 8.507987280196618, 49.431145991067268 ], [ 8.507830567396644, 49.435971883560022 ], [ 8.504458756429251, 49.440140904028986 ], [ 8.49190900187209, 49.443718155544587 ], [ 8.455527662023998, 49.443760370130157 ], [ 8.448358257726673, 49.445860818530242 ], [ 8.442690860357771, 49.450239189839188 ], [ 8.441570552848644, 49.454790391679971 ], [ 8.444322354409152, 49.459187259011529 ], [ 8.460875914062816, 49.46502234043141 ], [ 8.463795388280692, 49.470402658542234 ], [ 8.457083747097155, 49.47980258921401 ], [ 8.442963907164692, 49.492695590370509 ], [ 8.423910170240461, 49.540600893490172 ], [ 8.415667434765952, 49.551428228285971 ], [ 8.414583418286886, 49.561983363142474 ], [ 8.423488769101979, 49.576114900991939 ], [ 8.422439262554519, 49.583385413238567 ], [ 8.429815091612303, 49.584708672229453 ], [ 8.438266104766798, 49.583900123715956 ], [ 8.440464790328313, 49.589412016415871 ], [ 8.44600231318284, 49.590376710560889 ], [ 8.464284652816039, 49.589528366979145 ], [ 8.475795984519374, 49.584452261763317 ], [ 8.474351715291254, 49.580970557669986 ], [ 8.479947343280472, 49.578586799980329 ], [ 8.479900127812025, 49.5744641657665 ], [ 8.495032435031096, 49.572996670879625 ], [ 8.526260278548937, 49.547997100389942 ], [ 8.532395957304596, 49.536360071585854 ], [ 8.541559976486273, 49.528580439665951 ], [ 8.556350953326071, 49.521613454786554 ], [ 8.566901411785127, 49.519119606039808 ], [ 8.573055375632741, 49.521493435123929 ] ] ] } },
{ "type": "Feature", "properties": { "OBJID": "DEBKGVG200000CCM", "BEGINN": "2025-01-04T00:00:00", "ADE": 4, "GF": 4, "BSG": 1, "LKZ": "BW", "ARS": "08225", "AGS": "08225", "SDV_ARS": "082255005058", "GEN": "Neckar-Odenwald-Kreis", "BEZ": "Landkreis", "IBZ": 43, "BEM": "--", "NBD": "nein", "SN_L": "08", "SN_R": "2", "SN_K": "25", "SN_V1": "00", "SN_V2": "00", "SN_G": "000", "FK_S3": "R", "NUTS": "DE127", "ARS_0": "082250000000", "AGS_0": "08225000", "WSK": "2009-01-01T00:00:00", "DLM_ID": "DEBKGDL20000E2A8" }, "geometry": { "type": "Polygon", "coordinates": [ [ [ 9.603822915757988, 49.426578215087602 ], [ 9.595117817454842, 49.422307362836499 ], [ 9.593502997032964, 49.423104060561649 ], [ 9.570059276733105, 49.416015718379299 ], [ 9.573434106169799, 49.413558486873164 ], [ 9.570661580748709, 49.411870476036405 ], [ 9.574088506753336, 49.41005443116881 ], [ 9.574439681137784, 49.407574321564589 ], [ 9.576946884280238, 49.406245436336881 ], [ 9.579711449086041, 49.401553971576803 ], [ 9.575977256579064, 49.398608597174054 ], [ 9.5764652372799, 49.397605010778349 ], [ 9.583201842064932, 49.402131204258701 ], [ 9.586080327143993, 49.399374729908999 ], [ 9.590379345688257, 49.400920902015869 ], [ 9.588925878891548, 49.393253308481306 ], [ 9.591683184461896, 49.393941300794275 ], [ 9.593832241676399, 49.391808499065384 ], [ 9.575079664986395, 49.384850951108859 ], [ 9.57400897658593, 49.383652017458168 ], [ 9.576157035887173, 49.383099141927545 ], [ 9.571410692409041, 49.375306640410919 ], [ 9.566256722060189, 49.376073683393976 ], [ 9.564273686357033, 49.378144356769234 ], [ 9.559468550163697, 49.376556966168494 ], [ 9.546639272757963, 49.377348709170768 ], [ 9.530509846949936, 49.381880094159776 ], [ 9.520075773066097, 49.381001592915915 ], [ 9.518392091391441, 49.377759257773128 ], [ 9.512991137881208, 49.375412475516036 ], [ 9.507591224189701, 49.375365013431143 ], [ 9.503173976383115, 49.377482754852572 ], [ 9.504391677143513, 49.378836355479585 ], [ 9.500308286636868, 49.379070070758139 ], [ 9.499877103986282, 49.380586630806285 ], [ 9.490459715136094, 49.380882811800198 ], [ 9.48589280937545, 49.383755273045075 ], [ 9.475459111897367, 49.385153229878867 ], [ 9.474215383084369, 49.387894821872337 ], [ 9.470518152709479, 49.387429258641959 ], [ 9.471447271838668, 49.392304834105062 ], [ 9.468174877679182, 49.393219535704958 ], [ 9.464676254891781, 49.3969479671321 ], [ 9.458276931874234, 49.393299367503602 ], [ 9.45310500929282, 49.393449341864816 ], [ 9.44627469662654, 49.390659710650198 ], [ 9.446685351578273, 49.383880192196699 ], [ 9.444995320192238, 49.383027699678188 ], [ 9.449358026135627, 49.380135633841185 ], [ 9.450840683164259, 49.376604851036447 ], [ 9.442551781776837, 49.372595861820926 ], [ 9.444997555799716, 49.369211940484277 ], [ 9.440151210247253, 49.367130437500613 ], [ 9.443209274978905, 49.366995759756691 ], [ 9.443491267058993, 49.364336951380096 ], [ 9.426931168740389, 49.357064131030334 ], [ 9.424975891731023, 49.358889743695528 ], [ 9.421078023150223, 49.357664918884943 ], [ 9.417553193587199, 49.360382266363317 ], [ 9.415728995683731, 49.35908151671471 ], [ 9.408822913923453, 49.3617841221484 ], [ 9.404884080066541, 49.3641749256198 ], [ 9.405761005145882, 49.364984140983772 ], [ 9.398881459805043, 49.366437472615026 ], [ 9.38460285653211, 49.365559195025298 ], [ 9.376228423981496, 49.363163798066481 ], [ 9.369045486789295, 49.366942393985795 ], [ 9.360474849280322, 49.366451123033322 ], [ 9.358031620124326, 49.368396620425401 ], [ 9.355240301351738, 49.366443000412332 ], [ 9.35386249135156, 49.367607536503968 ], [ 9.354032621573179, 49.369714474218725 ], [ 9.355670619145332, 49.370351900596383 ], [ 9.354301619046002, 49.372875023534725 ], [ 9.34732839466977, 49.37639351055158 ], [ 9.338695027395431, 49.384698700038399 ], [ 9.330293213818228, 49.38790454620181 ], [ 9.324168425336241, 49.385321688004211 ], [ 9.320416714034508, 49.385453393646671 ], [ 9.317455994724131, 49.38424377316629 ], [ 9.315994807157685, 49.380908628934357 ], [ 9.309704178514396, 49.375633210237282 ], [ 9.310704277207515, 49.361959811169626 ], [ 9.315328956439208, 49.357078411640842 ], [ 9.29467458349079, 49.347538580063713 ], [ 9.287462811466122, 49.329926662096369 ], [ 9.269130242273292, 49.330323815341814 ], [ 9.262536535459549, 49.318589363892173 ], [ 9.263704197046112, 49.314391792606308 ], [ 9.261057958076256, 49.312950203504535 ], [ 9.260332153515151, 49.308012070947036 ], [ 9.261919534737522, 49.306212251204926 ], [ 9.257979360757631, 49.303217918503449 ], [ 9.250795869628892, 49.301754617861803 ], [ 9.251897326350534, 49.298024943060277 ], [ 9.244980539568882, 49.299438947060182 ], [ 9.241855191416869, 49.297315454919946 ], [ 9.240186754743524, 49.302309226269401 ], [ 9.233597233803133, 49.305950802928471 ], [ 9.230847844401548, 49.310031270587359 ], [ 9.224984318163031, 49.311656312253831 ], [ 9.226104155374751, 49.30886204418784 ], [ 9.220768032939688, 49.307730860502403 ], [ 9.217345628792584, 49.312889463783925 ], [ 9.211264609221002, 49.314819461218519 ], [ 9.205785067318905, 49.32400227350734 ], [ 9.197876699074543, 49.326883085369843 ], [ 9.192795479425275, 49.327462923352705 ], [ 9.173427325964781, 49.323502493849446 ], [ 9.162506102741618, 49.328620297557329 ], [ 9.161815337042656, 49.323314255501295 ], [ 9.159676735635697, 49.323585652471287 ], [ 9.157309975390829, 49.312164162521242 ], [ 9.154876128707564, 49.309862043454174 ], [ 9.15872758845232, 49.301788436650263 ], [ 9.156730807840045, 49.295041573291122 ], [ 9.15147652513715, 49.296472670023313 ], [ 9.145677795901888, 49.292538028061252 ], [ 9.135633152505722, 49.296293724567391 ], [ 9.131250302347485, 49.294171175747778 ], [ 9.13119453542523, 49.290814685787552 ], [ 9.136527654778709, 49.28657904079391 ], [ 9.153931095821807, 49.284727221790639 ], [ 9.154342682613974, 49.279591512869466 ], [ 9.150749428667011, 49.273998882340955 ], [ 9.120889827080678, 49.271714482397385 ], [ 9.115052973790336, 49.272370654530732 ], [ 9.116944626625337, 49.276421597115601 ], [ 9.114385813503329, 49.277941210306658 ], [ 9.083814411764502, 49.279899272295424 ], [ 9.071542331297875, 49.278232466505884 ], [ 9.068701363985397, 49.278970050629233 ], [ 9.062844870142907, 49.284437414807662 ], [ 9.056187676507683, 49.2844600508719 ], [ 9.050198926205175, 49.286488246758488 ], [ 9.048547549916419, 49.290164695780319 ], [ 9.049126393428686, 49.292862272505012 ], [ 9.053225604056639, 49.300175694816772 ], [ 9.056618025457876, 49.302657493127661 ], [ 9.056531888000301, 49.305526438982646 ], [ 9.046472458199329, 49.309670447404493 ], [ 9.042674749886938, 49.315690956171075 ], [ 9.050707683842294, 49.32300481136101 ], [ 9.047267382846268, 49.324345984566612 ], [ 9.038543494337292, 49.319725406353328 ], [ 9.033878526088436, 49.320150535458239 ], [ 9.033979700200165, 49.322248188246462 ], [ 9.029973766280143, 49.323167594232615 ], [ 9.025185054600309, 49.327162630690886 ], [ 9.013058342509487, 49.332923150554187 ], [ 9.011780024533946, 49.335524443820937 ], [ 9.002296578106181, 49.338088777708734 ], [ 8.994847372599336, 49.33590199533711 ], [ 8.993248433251425, 49.342106725658915 ], [ 8.981804651206772, 49.342573712263544 ], [ 8.978506803532703, 49.339895019918814 ], [ 8.970539163850971, 49.342300860002126 ], [ 8.96569575795383, 49.347249783142715 ], [ 8.970065284857412, 49.351016203269829 ], [ 8.966827080559408, 49.357108374183952 ], [ 8.968032938713431, 49.359464126253336 ], [ 8.952390466875123, 49.370820911440724 ], [ 8.942777407428105, 49.371966005399663 ], [ 8.941026970002971, 49.383863555823304 ], [ 8.938324267303619, 49.383907086081756 ], [ 8.937966287002862, 49.388130993563834 ], [ 8.947905084441645, 49.394917624900671 ], [ 8.96417255074625, 49.397902861216878 ], [ 8.972058655103433, 49.393124439601827 ], [ 8.972663600885186, 49.394473277441165 ], [ 8.977952963430816, 49.394166979880012 ], [ 8.978499069420986, 49.39607283616548 ], [ 8.983489934915575, 49.398236562224824 ], [ 8.983219281605136, 49.399384601603685 ], [ 8.989364921247828, 49.400357937137819 ], [ 8.988973217108878, 49.411482634670207 ], [ 8.987273532669972, 49.411594791914759 ], [ 8.985099855758369, 49.415362562690092 ], [ 8.984519495188353, 49.419763575034438 ], [ 8.990610914416203, 49.423858246595351 ], [ 8.997897471487407, 49.425062296538051 ], [ 8.998696856394037, 49.426845469630116 ], [ 9.001317240534116, 49.427303227992915 ], [ 8.999419503512913, 49.421825452406544 ], [ 9.000236828305297, 49.418183325793322 ], [ 9.008851750262352, 49.414347737089919 ], [ 9.016262472619671, 49.414625509661981 ], [ 9.015690955691564, 49.418387936464967 ], [ 9.024218719780958, 49.421379132545908 ], [ 9.019250461178096, 49.426388564423256 ], [ 9.026744488028516, 49.430751589490754 ], [ 9.034448435193777, 49.438220978977114 ], [ 9.048496328885056, 49.445438765554066 ], [ 9.037021450318344, 49.45970456240434 ], [ 9.024676531442546, 49.471510614073814 ], [ 9.043261712712424, 49.475108234648438 ], [ 9.052388124961796, 49.481982903265333 ], [ 9.055758947345833, 49.480568484243697 ], [ 9.054169316776317, 49.477416961067092 ], [ 9.058793389917057, 49.476558366281019 ], [ 9.060357420795391, 49.482408771598436 ], [ 9.052726929946921, 49.487223866074544 ], [ 9.059190290254952, 49.484940197515449 ], [ 9.068322335977365, 49.490278293653205 ], [ 9.073493515300637, 49.490196546802395 ], [ 9.077094468931087, 49.494515858420513 ], [ 9.086159386872167, 49.500073218584681 ], [ 9.077758975528603, 49.507489793581996 ], [ 9.070151622451032, 49.50868036929122 ], [ 9.077059298157661, 49.523127902237796 ], [ 9.082259361177151, 49.523022344631016 ], [ 9.08390416554017, 49.526291138629588 ], [ 9.099554223773021, 49.526189352095173 ], [ 9.101622620344763, 49.519736692666719 ], [ 9.1058063534296, 49.516549286092932 ], [ 9.104970285110154, 49.511095420447425 ], [ 9.106127381395533, 49.50979606494046 ], [ 9.119530000292995, 49.512210115619908 ], [ 9.126413831553423, 49.516945795672271 ], [ 9.123637692327224, 49.519773216073638 ], [ 9.126459732095627, 49.521607086605734 ], [ 9.120329738002766, 49.52597276754824 ], [ 9.120265900329086, 49.527418899024966 ], [ 9.117749537786741, 49.527930912846166 ], [ 9.113767890370934, 49.534633506751575 ], [ 9.108711403319825, 49.536536005246504 ], [ 9.10523064273929, 49.535833070758201 ], [ 9.10448655351537, 49.538118291444306 ], [ 9.099619101676966, 49.53859183989691 ], [ 9.09523316421916, 49.541451294750104 ], [ 9.084390614943191, 49.54302395277405 ], [ 9.087249729148603, 49.544535364766297 ], [ 9.088190382967253, 49.548740060473499 ], [ 9.0938781457797, 49.548719218467539 ], [ 9.096139000843539, 49.550975617506573 ], [ 9.093748255985171, 49.554631141787709 ], [ 9.100916623562906, 49.559965535851703 ], [ 9.098930718594909, 49.560553906029263 ], [ 9.100091708505429, 49.570662639065574 ], [ 9.103006166766612, 49.577456012620708 ], [ 9.108265918955629, 49.579302435839871 ], [ 9.113879598357075, 49.574683568107353 ], [ 9.120512012379592, 49.573558993984143 ], [ 9.137993425484376, 49.575759436838716 ], [ 9.145904464579456, 49.578814696775069 ], [ 9.158889937153049, 49.579590302171603 ], [ 9.164997222553563, 49.575451683144401 ], [ 9.173276474340398, 49.577762552728672 ], [ 9.180803939809259, 49.573747727725703 ], [ 9.187303514848081, 49.576891554596912 ], [ 9.19441046024437, 49.574040638986119 ], [ 9.200561760425495, 49.576535287958215 ], [ 9.206546173555884, 49.576175399705647 ], [ 9.210719128469233, 49.577822826475057 ], [ 9.213653134091231, 49.576542153135485 ], [ 9.238701537288661, 49.58129153835268 ], [ 9.24547956970367, 49.584552046460665 ], [ 9.248940156303968, 49.584518404803795 ], [ 9.248969618799094, 49.587622859657003 ], [ 9.246443172510586, 49.590024204993107 ], [ 9.249458459246265, 49.593800542215419 ], [ 9.259036536381149, 49.593276213326007 ], [ 9.260211920954266, 49.594386795162066 ], [ 9.259995497294723, 49.598460281354527 ], [ 9.264965318968873, 49.602024685984858 ], [ 9.264577622333166, 49.606819725165373 ], [ 9.285023050533423, 49.614801329114492 ], [ 9.274372842344018, 49.625114591476354 ], [ 9.270099176432971, 49.62648984148192 ], [ 9.274818727968137, 49.630949821714481 ], [ 9.270722601413858, 49.634018565266082 ], [ 9.278305628169084, 49.63762057513572 ], [ 9.285500565401627, 49.63576970271987 ], [ 9.290493301435241, 49.643768920627451 ], [ 9.306487190432684, 49.650803755961661 ], [ 9.304083058097847, 49.65494425259299 ], [ 9.313613862759562, 49.653708808941559 ], [ 9.317605371433778, 49.650665301334847 ], [ 9.336897224105194, 49.644300109782662 ], [ 9.343880585482083, 49.64429965198029 ], [ 9.349388391680648, 49.649992862626775 ], [ 9.363944461784307, 49.655335633440366 ], [ 9.366743561968134, 49.658356821864309 ], [ 9.371885448754043, 49.651247625727507 ], [ 9.383570290583947, 49.642826508564816 ], [ 9.393784063176085, 49.646309764226579 ], [ 9.406000421898668, 49.645312786106985 ], [ 9.416439952215214, 49.653882339385326 ], [ 9.419495463079718, 49.658853552266088 ], [ 9.412035264341567, 49.660792367284969 ], [ 9.410919907159856, 49.663507848532795 ], [ 9.425880759199272, 49.661455357417537 ], [ 9.428817401810992, 49.657830255146223 ], [ 9.442882137572584, 49.658014582578438 ], [ 9.451573302764961, 49.656000811471046 ], [ 9.451874424146995, 49.65129935717831 ], [ 9.45030201532337, 49.649528997873524 ], [ 9.455158856716322, 49.647315606745231 ], [ 9.468909711435149, 49.645786167448129 ], [ 9.476602834253974, 49.642410033803763 ], [ 9.491756425224983, 49.644552360287243 ], [ 9.491544106477841, 49.643452814275811 ], [ 9.499344360082922, 49.641479665486585 ], [ 9.497238858653402, 49.639481663030608 ], [ 9.50048214723976, 49.638088793842002 ], [ 9.505591819967973, 49.641525712010903 ], [ 9.505112022238643, 49.642610151618413 ], [ 9.507292468610498, 49.643025164581246 ], [ 9.509597705948293, 49.63986654089571 ], [ 9.520009830081037, 49.643099963376002 ], [ 9.526013244261858, 49.635423252859681 ], [ 9.529168977688238, 49.634874546056608 ], [ 9.53898815556143, 49.639807753636475 ], [ 9.542511924860266, 49.638874922114233 ], [ 9.547451073693784, 49.634346078080618 ], [ 9.549604673391119, 49.630540433170921 ], [ 9.548414713575671, 49.624916283953191 ], [ 9.551583146650282, 49.621586989405699 ], [ 9.539424381871237, 49.618812324979785 ], [ 9.537175451847251, 49.615653250568492 ], [ 9.538302944431299, 49.607106680754605 ], [ 9.544197494134233, 49.601038683390421 ], [ 9.540179656856282, 49.602588134145648 ], [ 9.537001454781016, 49.601616441049607 ], [ 9.536071565514774, 49.603794790392556 ], [ 9.538974781280823, 49.603990432393751 ], [ 9.537788098847841, 49.605860717546072 ], [ 9.52915662828079, 49.606182847523002 ], [ 9.535373090437707, 49.599992107121096 ], [ 9.530023164700399, 49.597122719314036 ], [ 9.526543785276692, 49.597492747253533 ], [ 9.524248614442843, 49.60012956688994 ], [ 9.515013066063604, 49.600420881088766 ], [ 9.511635623609905, 49.602219622334403 ], [ 9.505208635437148, 49.596364465354462 ], [ 9.506815094533485, 49.594706647903536 ], [ 9.506100370118357, 49.592469110104304 ], [ 9.499369757503244, 49.587380433228446 ], [ 9.505754413304508, 49.579825290825795 ], [ 9.506233766419792, 49.575402994789698 ], [ 9.503667186520639, 49.572420405719967 ], [ 9.504006530197099, 49.570740964511884 ], [ 9.51631088030131, 49.555661902156821 ], [ 9.515894453621321, 49.550359110867582 ], [ 9.520028332300102, 49.549720269025421 ], [ 9.518008216372715, 49.547759408738465 ], [ 9.523445564361884, 49.544216784045204 ], [ 9.522052471070337, 49.536611402229347 ], [ 9.542148339295112, 49.532690029420912 ], [ 9.544366502982342, 49.530288682056621 ], [ 9.541743084868644, 49.524625482295356 ], [ 9.545762963169857, 49.524722492889119 ], [ 9.544657328899095, 49.523336642814122 ], [ 9.540477457419135, 49.523643087077517 ], [ 9.53307566090737, 49.517192260148668 ], [ 9.530723220699858, 49.518719536739965 ], [ 9.533114550020912, 49.515951041142714 ], [ 9.531575034620808, 49.514183482808882 ], [ 9.524420995480627, 49.514688699566911 ], [ 9.525920387924712, 49.512983262563019 ], [ 9.523722715948216, 49.513018264117882 ], [ 9.524250120663334, 49.511547354810183 ], [ 9.518709787238473, 49.510860573317196 ], [ 9.517168399359655, 49.515948335995922 ], [ 9.509489375200154, 49.505741877330564 ], [ 9.505740153640239, 49.504665298253983 ], [ 9.50575307862943, 49.501381595358225 ], [ 9.499287612526345, 49.50008291604604 ], [ 9.494954625435236, 49.502500541762629 ], [ 9.495437085587762, 49.492014615788655 ], [ 9.491559382283125, 49.487922506440967 ], [ 9.494184830992758, 49.485219926007872 ], [ 9.512880668075162, 49.479960000019958 ], [ 9.512723005521668, 49.475550252009157 ], [ 9.516822307906164, 49.473634743327906 ], [ 9.517378096189473, 49.472182799998734 ], [ 9.514622477277625, 49.471806254124068 ], [ 9.513498524574789, 49.463366581917072 ], [ 9.511554954757127, 49.460560614751657 ], [ 9.506484615979987, 49.45849074697059 ], [ 9.505765309171982, 49.455142382898856 ], [ 9.507344890213785, 49.449916639808571 ], [ 9.511748081490939, 49.446509620464475 ], [ 9.50902166790525, 49.441564568492346 ], [ 9.510311060490194, 49.439254780863777 ], [ 9.51343929609869, 49.444788090864186 ], [ 9.530625989269167, 49.443504685062535 ], [ 9.541581777555841, 49.449169200596096 ], [ 9.549779514785945, 49.44980535322825 ], [ 9.550225319736567, 49.448198731155443 ], [ 9.557250305658865, 49.447421002611634 ], [ 9.570705033196692, 49.441657981988655 ], [ 9.572383654810009, 49.442607436561062 ], [ 9.589714172664152, 49.439617915463558 ], [ 9.5917867161027, 49.435082439516066 ], [ 9.595654424500843, 49.434807652517705 ], [ 9.595464649649269, 49.430973662850242 ], [ 9.600987795770301, 49.431348222926545 ], [ 9.603822915757988, 49.426578215087602 ] ] ] } },
{ "type": "Feature", "properties": { "OBJID": "DEBKGVG200000CCN", "BEGINN": "2025-04-12T00:00:00", "ADE": 4, "GF": 4, "BSG": 1, "LKZ": "BW", "ARS": "08226", "AGS": "08226", "SDV_ARS": "082210000000", "GEN": "Rhein-Neckar-Kreis", "BEZ": "Landkreis", "IBZ": 43, "BEM": "--", "NBD": "nein", "SN_L": "08", "SN_R": "2", "SN_K": "26", "SN_V1": "00", "SN_V2": "00", "SN_G": "000", "FK_S3": "R", "NUTS": "DE128", "ARS_0": "082260000000", "AGS_0": "08226000", "WSK": "2008-06-03T00:00:00", "DLM_ID": "DEBKGDL20000DZYR" }, "geometry": { "type": "MultiPolygon", "coordinates": [ [ [ [ 8.684052726827877, 49.620222965816716 ], [ 8.680067485799556, 49.618665101461055 ], [ 8.680116543607726, 49.620285713981545 ], [ 8.684052726827877, 49.620222965816716 ] ] ], [ [ [ 9.082631683250229, 49.56178920365786 ], [ 9.100916623562906, 49.559965535851703 ], [ 9.093748255985171, 49.554631141787709 ], [ 9.096139000843539, 49.550975617506573 ], [ 9.0938781457797, 49.548719218467539 ], [ 9.088190382967253, 49.548740060473499 ], [ 9.085549411091858, 49.553770465060346 ], [ 9.072205635994527, 49.565249228272286 ], [ 9.073074327376276, 49.574941000400159 ], [ 9.07804259467666, 49.57480364100612 ], [ 9.081169126407074, 49.569589934266745 ], [ 9.080988774694275, 49.564944807672674 ], [ 9.082631683250229, 49.56178920365786 ] ] ], [ [ [ 8.679440537617616, 49.62566525895631 ], [ 8.686617351057375, 49.622720823310338 ], [ 8.692313575505461, 49.623738857689666 ], [ 8.693720396842217, 49.622230765937935 ], [ 8.692284524573129, 49.620480759397566 ], [ 8.693836950194504, 49.61935368030813 ], [ 8.690348717398036, 49.618928988049781 ], [ 8.686928638578122, 49.616345521049901 ], [ 8.688392836429436, 49.614623171471194 ], [ 8.684834766234452, 49.614224182258077 ], [ 8.683176143054038, 49.616321323666618 ], [ 8.678879168380288, 49.61386750539851 ], [ 8.679294628515695, 49.61185654147679 ], [ 8.684375838048497, 49.610052459961331 ], [ 8.684755309399566, 49.613035040825572 ], [ 8.686894232787914, 49.613207177080639 ], [ 8.687804404663098, 49.610420224504082 ], [ 8.686368561117161, 49.608480433935178 ], [ 8.677790711611568, 49.60899951641855 ], [ 8.677340981259022, 49.613527770393645 ], [ 8.672985558864317, 49.613340533274211 ], [ 8.672813000024144, 49.609162201506315 ], [ 8.674508285077811, 49.607560749981516 ], [ 8.679996026594718, 49.607091235429188 ], [ 8.682127798161831, 49.603471928728204 ], [ 8.689135867589792, 49.605553602274888 ], [ 8.690572627980609, 49.607352430463514 ], [ 8.692436949210681, 49.606514712945874 ], [ 8.692178543073982, 49.603467696866915 ], [ 8.695515295606537, 49.603364978644542 ], [ 8.697997510902834, 49.599757333962017 ], [ 8.696756529208951, 49.59656466025578 ], [ 8.698123737565236, 49.596443593034522 ], [ 8.69633437323481, 49.592099751677083 ], [ 8.683476957960934, 49.589752092080253 ], [ 8.683840160089384, 49.577366543528548 ], [ 8.681279661901867, 49.57701041981921 ], [ 8.680989340590102, 49.575547927272822 ], [ 8.684669826646235, 49.575562093145422 ], [ 8.684243698897632, 49.572207665269076 ], [ 8.685858177109594, 49.571018808138405 ], [ 8.68430683508373, 49.570222471044339 ], [ 8.693103991552173, 49.560728119082825 ], [ 8.690770781856052, 49.555643193751777 ], [ 8.698615480338297, 49.549004078510585 ], [ 8.703883106549178, 49.55002840309615 ], [ 8.705794410702975, 49.547965529004067 ], [ 8.703848697657524, 49.544706330563351 ], [ 8.705214526648515, 49.539265802039544 ], [ 8.70265022160873, 49.535327898475437 ], [ 8.707008771503371, 49.536351029748147 ], [ 8.710093795175007, 49.532242559569887 ], [ 8.712339598131161, 49.531711209439109 ], [ 8.715214620489769, 49.533583407020615 ], [ 8.718692563638585, 49.533008402297156 ], [ 8.722620579440738, 49.53110857511988 ], [ 8.721228157561269, 49.529142946947132 ], [ 8.724609342618928, 49.525894434859872 ], [ 8.735949885119661, 49.524845988514464 ], [ 8.735513149388115, 49.521315462754195 ], [ 8.724894759655964, 49.522637102425421 ], [ 8.724311162763366, 49.521116062904959 ], [ 8.72668710471166, 49.520986056031163 ], [ 8.727711249976426, 49.518338548989426 ], [ 8.737227042088886, 49.519288374055719 ], [ 8.740428517316094, 49.523189692211631 ], [ 8.748708748466528, 49.522427547761943 ], [ 8.764203624246795, 49.515198032370876 ], [ 8.768485711647894, 49.515406364196956 ], [ 8.772119328764788, 49.517984562224868 ], [ 8.776780529019605, 49.51787195891643 ], [ 8.781854452398807, 49.51466371838125 ], [ 8.791785271642526, 49.514271567773832 ], [ 8.798590607827803, 49.511688750188604 ], [ 8.796617691083167, 49.515344521199566 ], [ 8.79812871138674, 49.518509998990481 ], [ 8.80920613457279, 49.525680103910069 ], [ 8.811397297718981, 49.526765899334528 ], [ 8.8152305810887, 49.523851881308055 ], [ 8.81645403637636, 49.525554423014306 ], [ 8.821874005259517, 49.524636469923735 ], [ 8.823309717862303, 49.523743561523652 ], [ 8.818658605239035, 49.521217408014174 ], [ 8.821020445235238, 49.513938695753644 ], [ 8.81887980828602, 49.512421219129138 ], [ 8.816962864971245, 49.505793060980025 ], [ 8.833855255466474, 49.490683269718815 ], [ 8.839046434572742, 49.493767810369285 ], [ 8.839448611320378, 49.498783704915112 ], [ 8.844550101617196, 49.498401529913025 ], [ 8.844865714197907, 49.500691706885881 ], [ 8.848501613237957, 49.502173275724779 ], [ 8.856782345393245, 49.501232334891782 ], [ 8.882661470497235, 49.506096148597322 ], [ 8.892426988147891, 49.502906335787479 ], [ 8.899572708069138, 49.50365573020467 ], [ 8.896832314049862, 49.497606137122837 ], [ 8.899758638230582, 49.494372373664717 ], [ 8.898530955618199, 49.490188869186682 ], [ 8.899354817593279, 49.484549799923236 ], [ 8.889942049998846, 49.479278279264882 ], [ 8.88989577290476, 49.475462196509014 ], [ 8.876495012635345, 49.466686032757522 ], [ 8.868244751384445, 49.464893353226614 ], [ 8.862923785259882, 49.466678850232661 ], [ 8.866340213304413, 49.474592684408243 ], [ 8.860038489985122, 49.48079092784468 ], [ 8.85193227178809, 49.483588213525415 ], [ 8.840967964889114, 49.475563155403812 ], [ 8.836891237610848, 49.475781233363819 ], [ 8.826286667093457, 49.46948776497576 ], [ 8.823875953448315, 49.46256208801443 ], [ 8.828111652647495, 49.461158342781879 ], [ 8.832161043997415, 49.456052054918999 ], [ 8.832511838667697, 49.452700212358742 ], [ 8.834607504662413, 49.450382680335636 ], [ 8.833118996523103, 49.447148371194537 ], [ 8.832617742908552, 49.436716500644458 ], [ 8.837152294398711, 49.433521896590207 ], [ 8.836452906484327, 49.430218301806654 ], [ 8.830501935576764, 49.42322883401782 ], [ 8.824992384463481, 49.421815375403945 ], [ 8.816640970463341, 49.423175616559938 ], [ 8.806587634482623, 49.419200824528488 ], [ 8.806195791883574, 49.41423364165945 ], [ 8.808340677034794, 49.412514609905777 ], [ 8.80741585265465, 49.410680870767209 ], [ 8.80148895163031, 49.410890860937023 ], [ 8.804291828056334, 49.406892960408975 ], [ 8.808293518626469, 49.406422236834786 ], [ 8.803438836165997, 49.402938982638474 ], [ 8.814087184526954, 49.39839382368077 ], [ 8.814612219808545, 49.396852371990803 ], [ 8.822420886671923, 49.395551891519808 ], [ 8.827513451460851, 49.40212924035049 ], [ 8.828088998179938, 49.40697868459155 ], [ 8.830413501373673, 49.408335856374933 ], [ 8.838182484973217, 49.405391417924029 ], [ 8.845674351826149, 49.396543422495903 ], [ 8.85313534926329, 49.395962355144611 ], [ 8.862846274795228, 49.402127049029467 ], [ 8.873339597382314, 49.412823870018947 ], [ 8.885456855761177, 49.416651268650874 ], [ 8.892389343544641, 49.420907378532462 ], [ 8.900948949071363, 49.443368670355419 ], [ 8.904651843074792, 49.44327929858428 ], [ 8.906510474674816, 49.439256545058491 ], [ 8.912567029648407, 49.437614403179431 ], [ 8.924739492279899, 49.441303289324793 ], [ 8.927449061472542, 49.449142222739184 ], [ 8.94006917945824, 49.450317310299177 ], [ 8.950348719809927, 49.454992882675306 ], [ 8.946924228743912, 49.459723609119735 ], [ 8.941635450992814, 49.463177808363582 ], [ 8.941483068473195, 49.464870970538442 ], [ 8.935691163767125, 49.465542942544936 ], [ 8.931879784499525, 49.470636807495552 ], [ 8.934700681794537, 49.472619525580704 ], [ 8.934567262906407, 49.47670271624321 ], [ 8.942795189422482, 49.485688494028985 ], [ 8.954639722276365, 49.482009228767566 ], [ 8.950599560529398, 49.487793448712587 ], [ 8.951991746607316, 49.491726636281555 ], [ 8.957727435014016, 49.495485296970301 ], [ 8.951222102580482, 49.502711528545149 ], [ 8.951832484400217, 49.505626233682534 ], [ 8.96349617743634, 49.501483156652014 ], [ 8.968002908256834, 49.501599823544588 ], [ 8.977471625950951, 49.503415179951766 ], [ 8.976592173608784, 49.504860298207383 ], [ 8.979174779896645, 49.509180363893556 ], [ 8.985833819292628, 49.51033032663991 ], [ 8.987576770648635, 49.505693630024147 ], [ 8.992255705354253, 49.503385057508787 ], [ 8.997769191067247, 49.504897161294544 ], [ 9.012180163178282, 49.502667600324202 ], [ 9.013702385381633, 49.501117696151795 ], [ 9.012606476748044, 49.498741642713078 ], [ 9.014235957501386, 49.498058426757439 ], [ 9.040756947967473, 49.499069413941854 ], [ 9.042550697148386, 49.501589066115393 ], [ 9.042181768247479, 49.506514140658666 ], [ 9.049575497833281, 49.513649706005253 ], [ 9.049950721979487, 49.519368092339775 ], [ 9.056138333662711, 49.522043577728873 ], [ 9.064950778859309, 49.529606010021723 ], [ 9.069716373452724, 49.526949147205286 ], [ 9.07885755902033, 49.52494108289271 ], [ 9.08390416554017, 49.526291138629588 ], [ 9.082259361177151, 49.523022344631016 ], [ 9.077059298157661, 49.523127902237796 ], [ 9.070151622451032, 49.50868036929122 ], [ 9.077758975528603, 49.507489793581996 ], [ 9.086159386872167, 49.500073218584681 ], [ 9.077094468931087, 49.494515858420513 ], [ 9.073493515300637, 49.490196546802395 ], [ 9.068322335977365, 49.490278293653205 ], [ 9.059190290254952, 49.484940197515449 ], [ 9.052726929946921, 49.487223866074544 ], [ 9.060357420795391, 49.482408771598436 ], [ 9.058793389917057, 49.476558366281019 ], [ 9.054169316776317, 49.477416961067092 ], [ 9.055758947345833, 49.480568484243697 ], [ 9.052388124961796, 49.481982903265333 ], [ 9.043261712712424, 49.475108234648438 ], [ 9.024676531442546, 49.471510614073814 ], [ 9.037021450318344, 49.45970456240434 ], [ 9.048496328885056, 49.445438765554066 ], [ 9.034448435193777, 49.438220978977114 ], [ 9.026744488028516, 49.430751589490754 ], [ 9.019250461178096, 49.426388564423256 ], [ 9.024218719780958, 49.421379132545908 ], [ 9.015690955691564, 49.418387936464967 ], [ 9.016262472619671, 49.414625509661981 ], [ 9.008851750262352, 49.414347737089919 ], [ 9.000236828305297, 49.418183325793322 ], [ 8.999419503512913, 49.421825452406544 ], [ 9.001317240534116, 49.427303227992915 ], [ 8.998696856394037, 49.426845469630116 ], [ 8.997897471487407, 49.425062296538051 ], [ 8.990610914416203, 49.423858246595351 ], [ 8.984519495188353, 49.419763575034438 ], [ 8.985099855758369, 49.415362562690092 ], [ 8.987273532669972, 49.411594791914759 ], [ 8.988973217108878, 49.411482634670207 ], [ 8.989364921247828, 49.400357937137819 ], [ 8.983219281605136, 49.399384601603685 ], [ 8.983489934915575, 49.398236562224824 ], [ 8.978499069420986, 49.39607283616548 ], [ 8.977952963430816, 49.394166979880012 ], [ 8.972663600885186, 49.394473277441165 ], [ 8.972058655103433, 49.393124439601827 ], [ 8.96417255074625, 49.397902861216878 ], [ 8.947905084441645, 49.394917624900671 ], [ 8.937966287002862, 49.388130993563834 ], [ 8.938324267303619, 49.383907086081756 ], [ 8.941026970002971, 49.383863555823304 ], [ 8.942777407428105, 49.371966005399663 ], [ 8.952390466875123, 49.370820911440724 ], [ 8.968032938713431, 49.359464126253336 ], [ 8.966827080559408, 49.357108374183952 ], [ 8.970065284857412, 49.351016203269829 ], [ 8.96569575795383, 49.347249783142715 ], [ 8.970539163850971, 49.342300860002126 ], [ 8.978506803532703, 49.339895019918814 ], [ 8.981804651206772, 49.342573712263544 ], [ 8.993248433251425, 49.342106725658915 ], [ 8.994847372599336, 49.33590199533711 ], [ 9.002296578106181, 49.338088777708734 ], [ 9.011780024533946, 49.335524443820937 ], [ 9.013058342509487, 49.332923150554187 ], [ 9.025185054600309, 49.327162630690886 ], [ 9.029973766280143, 49.323167594232615 ], [ 9.033979700200165, 49.322248188246462 ], [ 9.033878526088436, 49.320150535458239 ], [ 9.038543494337292, 49.319725406353328 ], [ 9.047267382846268, 49.324345984566612 ], [ 9.050707683842294, 49.32300481136101 ], [ 9.042674749886938, 49.315690956171075 ], [ 9.046472458199329, 49.309670447404493 ], [ 9.056531888000301, 49.305526438982646 ], [ 9.056618025457876, 49.302657493127661 ], [ 9.053225604056639, 49.300175694816772 ], [ 9.049126393428686, 49.292862272505012 ], [ 9.028221388361018, 49.296379432745333 ], [ 9.024598449296597, 49.299050555575086 ], [ 9.021548683647731, 49.298602948026435 ], [ 9.021097172458543, 49.294944191370348 ], [ 9.023019022112212, 49.290596883967631 ], [ 9.024477558885122, 49.293270173909249 ], [ 9.028319734001084, 49.290432489659302 ], [ 9.027300606268176, 49.285083895889969 ], [ 9.031017204017079, 49.284529735777546 ], [ 9.031315324651562, 49.286476989123429 ], [ 9.037495371881613, 49.285873805727377 ], [ 9.036718367177555, 49.284289215435138 ], [ 9.041750677591782, 49.282519238643992 ], [ 9.042199070249145, 49.2781615215142 ], [ 9.039566487892442, 49.278361259298812 ], [ 9.036208864226213, 49.276176290071241 ], [ 9.036550050876093, 49.27445331510733 ], [ 9.033413364834903, 49.273152841212067 ], [ 9.032468400435286, 49.270579641746963 ], [ 9.030725419376513, 49.270220698127304 ], [ 9.031684693706962, 49.269423511807773 ], [ 9.018959092386549, 49.265657683673112 ], [ 9.015330378433895, 49.261624122337594 ], [ 9.017832931451224, 49.25937194035761 ], [ 9.021634717460012, 49.259116144336865 ], [ 9.02058127045499, 49.256718082681211 ], [ 9.015125878819852, 49.255332539753901 ], [ 9.009765120424976, 49.261109577346978 ], [ 9.001264094138067, 49.265261063580191 ], [ 8.997582043028409, 49.265184889858247 ], [ 9.002708834005787, 49.258595550289215 ], [ 8.997680663037244, 49.253661034746649 ], [ 9.002759414228406, 49.249786044446182 ], [ 9.009156554456521, 49.251024892938723 ], [ 9.010658336555695, 49.249128468656188 ], [ 9.005588019726481, 49.242016506481235 ], [ 8.989114959518368, 49.240617457768835 ], [ 8.990382478085992, 49.237881436996119 ], [ 8.985983198951637, 49.236211744689456 ], [ 8.984201057076557, 49.232157062326714 ], [ 8.977024614590425, 49.228839024669689 ], [ 8.972474266008016, 49.228507289369219 ], [ 8.972462187478225, 49.227234244749333 ], [ 8.965434018578575, 49.227881087706322 ], [ 8.962928579646002, 49.220702571365166 ], [ 8.95934877111381, 49.220113671552198 ], [ 8.962528264495692, 49.217323230541425 ], [ 8.957253557022341, 49.213058266486847 ], [ 8.913654966720783, 49.205262681275272 ], [ 8.90754648783993, 49.205778054424407 ], [ 8.896772839916528, 49.202727573258748 ], [ 8.886538751619733, 49.202463902967835 ], [ 8.88796979463212, 49.196627376357831 ], [ 8.893750304368806, 49.193723273416744 ], [ 8.892759554689983, 49.188031955461298 ], [ 8.896088793015341, 49.182033628489222 ], [ 8.876107635611699, 49.179127944730347 ], [ 8.877971755886378, 49.178381178985369 ], [ 8.872847924542818, 49.174387512399441 ], [ 8.870008744862703, 49.175888821220163 ], [ 8.863503448507538, 49.174446188982245 ], [ 8.839328406386988, 49.18746492440988 ], [ 8.833171960345339, 49.188070959705819 ], [ 8.830218624100013, 49.192093764938228 ], [ 8.818232824440576, 49.194496909993831 ], [ 8.81338144444055, 49.201789099607282 ], [ 8.806081357080025, 49.198452825567337 ], [ 8.799170407184683, 49.198204303410861 ], [ 8.793824683536625, 49.200669374447372 ], [ 8.784101891040775, 49.198019820172931 ], [ 8.772186219085993, 49.203334341935701 ], [ 8.765366676336624, 49.202437337969791 ], [ 8.753002025660814, 49.206411311733866 ], [ 8.74787528508579, 49.216732495880095 ], [ 8.750869483857207, 49.217490008164958 ], [ 8.749981464408004, 49.220004471433157 ], [ 8.746475616593059, 49.223863687370617 ], [ 8.738961922264723, 49.226103418047295 ], [ 8.736057263219614, 49.230016756999063 ], [ 8.729450813971264, 49.228095227783207 ], [ 8.725536899183929, 49.237372993102035 ], [ 8.712789366417262, 49.234669428139135 ], [ 8.70141832028717, 49.226802051909544 ], [ 8.694950031933493, 49.231486736903527 ], [ 8.683812411068233, 49.228436804672036 ], [ 8.669399220908918, 49.231360906678987 ], [ 8.670069888028237, 49.23287447789312 ], [ 8.659265248153604, 49.233363672710183 ], [ 8.658765636362968, 49.237490372755893 ], [ 8.654230959114642, 49.239237612501618 ], [ 8.646954098221542, 49.24035743340778 ], [ 8.642287787709259, 49.235355975505328 ], [ 8.634169944019517, 49.241173026502132 ], [ 8.626430250804557, 49.243492069902956 ], [ 8.614404336400582, 49.241050247598956 ], [ 8.570376058235889, 49.254953695069844 ], [ 8.574971756087967, 49.26212969793032 ], [ 8.548089061610344, 49.2696742663938 ], [ 8.543438892117337, 49.262575653948517 ], [ 8.528817432128426, 49.267142156267859 ], [ 8.525506631226287, 49.265392310897198 ], [ 8.520617281191738, 49.276617296261556 ], [ 8.487268219174664, 49.290026630748024 ], [ 8.489068840101947, 49.293124370140468 ], [ 8.488881356293804, 49.297606616080337 ], [ 8.487153060937329, 49.301650806541929 ], [ 8.482698257404932, 49.30582732530776 ], [ 8.475023209705762, 49.309324822639617 ], [ 8.458566933328669, 49.312945684109138 ], [ 8.451984757427189, 49.317683107838555 ], [ 8.450484520948546, 49.323141481077641 ], [ 8.452633686596741, 49.32912348555174 ], [ 8.459599883259157, 49.334935789015873 ], [ 8.479772448932849, 49.34595698148113 ], [ 8.489274488562844, 49.354012871162809 ], [ 8.496811191583028, 49.364180495159516 ], [ 8.50091669232958, 49.376360983567757 ], [ 8.500397518613672, 49.389013647851229 ], [ 8.493779263446847, 49.387203688280124 ], [ 8.47821574751759, 49.375100705293335 ], [ 8.473231191770918, 49.373364271131891 ], [ 8.466332793411597, 49.375174643064 ], [ 8.4635371933089, 49.378048780069783 ], [ 8.463528358312487, 49.384428915717407 ], [ 8.465379838077526, 49.387252080491152 ], [ 8.494214168030025, 49.400214909454903 ], [ 8.496188845081656, 49.402136358694001 ], [ 8.49731594438426, 49.411346935436214 ], [ 8.503388151228755, 49.411041657441686 ], [ 8.522597790133675, 49.418203608037459 ], [ 8.524759694746852, 49.417879589315909 ], [ 8.524653497474509, 49.413090305867932 ], [ 8.531171989092527, 49.411123665528997 ], [ 8.533632583576855, 49.412410476278573 ], [ 8.53876432903354, 49.41198323890012 ], [ 8.537614063557388, 49.41515566507276 ], [ 8.545543343688955, 49.416160151167716 ], [ 8.545111887079026, 49.417405973204545 ], [ 8.564892808998893, 49.418036025285275 ], [ 8.573519057290081, 49.415844157973588 ], [ 8.574910938685756, 49.412781376980774 ], [ 8.60359372353256, 49.409056434156462 ], [ 8.611558454362187, 49.405390332679346 ], [ 8.622782738230541, 49.408900877145875 ], [ 8.631407526495513, 49.414092617928411 ], [ 8.634355325038777, 49.407020943611926 ], [ 8.636260494351024, 49.392375548475577 ], [ 8.643471506931041, 49.393505342943214 ], [ 8.647605896318611, 49.388543288333103 ], [ 8.639844948181889, 49.386430870010265 ], [ 8.6319411915731, 49.386907764437538 ], [ 8.623737923282608, 49.38166024041859 ], [ 8.624244542548807, 49.380687846559603 ], [ 8.607314645983818, 49.376967099225567 ], [ 8.606205621608378, 49.370039411012584 ], [ 8.604826444655814, 49.37039822783391 ], [ 8.601321218708573, 49.365973924033248 ], [ 8.624524713060854, 49.359077799958762 ], [ 8.620378292546979, 49.354122939540929 ], [ 8.625675617176368, 49.352159661219943 ], [ 8.634014330409169, 49.352379227001158 ], [ 8.633866519040655, 49.356183083638022 ], [ 8.640250086358467, 49.369912290588829 ], [ 8.642174820309769, 49.368960746634926 ], [ 8.645553806975812, 49.371109838364227 ], [ 8.650837593481837, 49.367279214676458 ], [ 8.650041816842743, 49.366117717201234 ], [ 8.656722811810297, 49.362417395201788 ], [ 8.655052876924529, 49.359166255567445 ], [ 8.656397903562471, 49.359303623633643 ], [ 8.651688004864319, 49.353826699267415 ], [ 8.655189818520681, 49.353323356712835 ], [ 8.657197091080283, 49.355235778838797 ], [ 8.665176376643256, 49.353701475085458 ], [ 8.664368488775104, 49.357539561322 ], [ 8.673566867871566, 49.357598376446447 ], [ 8.673959204249247, 49.361286515705018 ], [ 8.707850055337479, 49.357016600275969 ], [ 8.711030120382322, 49.35522257673891 ], [ 8.724157930492096, 49.357446066749574 ], [ 8.730132995843865, 49.368004978304818 ], [ 8.725565401649739, 49.370056632179107 ], [ 8.724081113688239, 49.373677476824135 ], [ 8.72583853218414, 49.37534284876876 ], [ 8.730083515416945, 49.371963375169216 ], [ 8.740587131368402, 49.374872439241877 ], [ 8.745668342435666, 49.373089124552671 ], [ 8.755019342453421, 49.377409553219309 ], [ 8.768901813951702, 49.379180510343502 ], [ 8.762952881684111, 49.38628734898888 ], [ 8.76329748975426, 49.388191259827202 ], [ 8.768742606723089, 49.387033364739857 ], [ 8.773607855601822, 49.389726489127227 ], [ 8.776672983317818, 49.394557584000388 ], [ 8.775388572230476, 49.396194923970342 ], [ 8.777924343631328, 49.402376049450076 ], [ 8.785844200879003, 49.40142189893173 ], [ 8.793744746979909, 49.405294029575025 ], [ 8.792891291608386, 49.411840692508981 ], [ 8.789503065597208, 49.417908013526613 ], [ 8.791209297506825, 49.423053825408097 ], [ 8.788356297318114, 49.431163031689216 ], [ 8.786963024488401, 49.432644373218068 ], [ 8.777817774525781, 49.432972925915855 ], [ 8.766469190042136, 49.437379066455343 ], [ 8.766170096381821, 49.444123152288775 ], [ 8.761830450534136, 49.448105557795486 ], [ 8.761811362636166, 49.450534800966871 ], [ 8.767942352982764, 49.45427344449741 ], [ 8.763265718691386, 49.456487086837662 ], [ 8.757763150934514, 49.456726152858643 ], [ 8.754856775664051, 49.459587677694131 ], [ 8.74570553394196, 49.459753503872811 ], [ 8.741643943187706, 49.457487873159231 ], [ 8.745965997090286, 49.45555528822463 ], [ 8.744625433408913, 49.450223582204799 ], [ 8.746050731906452, 49.447105343851284 ], [ 8.739679345910824, 49.446601127284474 ], [ 8.736395211730319, 49.449213319929086 ], [ 8.722971127206705, 49.448705611888947 ], [ 8.718137470275336, 49.452129714906164 ], [ 8.715173719425573, 49.452397788879644 ], [ 8.709519721002691, 49.447826931838357 ], [ 8.709739319907053, 49.446381671070732 ], [ 8.69006407494471, 49.443323010752593 ], [ 8.680269960597192, 49.443579285414735 ], [ 8.674124566840028, 49.440829867445196 ], [ 8.672192744820372, 49.442084230731261 ], [ 8.656516886115963, 49.438622119880776 ], [ 8.655030427932257, 49.439956586867531 ], [ 8.64630974118416, 49.437086954604212 ], [ 8.639527804512976, 49.440817639370977 ], [ 8.628560161477292, 49.442968254215657 ], [ 8.614927869221525, 49.42770284348812 ], [ 8.610233159801895, 49.424654661658352 ], [ 8.60151615524642, 49.428098635008659 ], [ 8.600857491616631, 49.425918850478929 ], [ 8.592233591318422, 49.429426682720752 ], [ 8.590424223896603, 49.427398321223237 ], [ 8.582887275164197, 49.426469478360808 ], [ 8.584571350039456, 49.428171881549666 ], [ 8.582913202363931, 49.428926581756421 ], [ 8.587624758302962, 49.433595991546461 ], [ 8.585093033419875, 49.441363956969127 ], [ 8.577262531420722, 49.443579746846183 ], [ 8.590068469763926, 49.459535970486854 ], [ 8.582430267062644, 49.45963132787012 ], [ 8.569904706067357, 49.463123976081405 ], [ 8.558129564330017, 49.475035702705611 ], [ 8.552962946380264, 49.47711541172869 ], [ 8.546646124564946, 49.477382874704865 ], [ 8.555925367935991, 49.49072385405119 ], [ 8.56470550149821, 49.493296753313544 ], [ 8.574698009455899, 49.493677568407392 ], [ 8.572596674690999, 49.496458388768524 ], [ 8.587665029161812, 49.501772129058182 ], [ 8.580875982333566, 49.509126081504988 ], [ 8.585506034425112, 49.512570324539681 ], [ 8.582759157187878, 49.513864566157601 ], [ 8.583379850081023, 49.519418508749702 ], [ 8.581374874244501, 49.51978041708734 ], [ 8.58433152630821, 49.522233360307013 ], [ 8.591295095818055, 49.521280393940778 ], [ 8.59791260187275, 49.531461953228103 ], [ 8.60804767265101, 49.528303970580382 ], [ 8.606927970560594, 49.533539206089905 ], [ 8.61089917465339, 49.538717127830132 ], [ 8.621299695665657, 49.545009890037576 ], [ 8.61846631774142, 49.548481350624684 ], [ 8.616400988720104, 49.556482441464013 ], [ 8.610684174972542, 49.564370720064467 ], [ 8.608874361071942, 49.575597426466963 ], [ 8.603231734827061, 49.593294236535925 ], [ 8.594074036243233, 49.592771301680287 ], [ 8.590976799460543, 49.59594293083547 ], [ 8.589315309899144, 49.604515247912886 ], [ 8.595297405570378, 49.605474317638411 ], [ 8.593888978832467, 49.61094664635813 ], [ 8.650423502486214, 49.620884147832463 ], [ 8.653979511200479, 49.618390330416155 ], [ 8.679440537617616, 49.62566525895631 ] ], [ [ 8.678530027036958, 49.621934005840899 ], [ 8.677987016946718, 49.61982848999569 ], [ 8.675112578793996, 49.621105027121629 ], [ 8.672807336508018, 49.619447998696501 ], [ 8.671863583580855, 49.615878134307955 ], [ 8.685979754289708, 49.618355085940649 ], [ 8.685867890857001, 49.621664925713908 ], [ 8.678530027036958, 49.621934005840899 ] ] ] ] } },
{ "type": "Feature", "properties": { "OBJID": "DEBKGVG200000CCO", "BEGINN": "2022-12-20T00:00:00", "ADE": 4, "GF": 4, "BSG": 1, "LKZ": "BW", "ARS": "08231", "AGS": "08231", "SDV_ARS": "082310000000", "GEN": "Pforzheim", "BEZ": "Stadtkreis", "IBZ": 41, "BEM": "--", "NBD": "ja", "SN_L": "08", "SN_R": "2", "SN_K": "31", "SN_V1": "00", "SN_V2": "00", "SN_G": "000", "FK_S3": "R", "NUTS": "DE129", "ARS_0": "082310000000", "AGS_0": "08231000", "WSK": "1975-09-20T00:00:00", "DLM_ID": "DEBKGDL20000E3GL" }, "geometry": { "type": "Polygon", "coordinates": [ [ [ 8.697871194007027, 48.83729259524862 ], [ 8.690980126051196, 48.838330694309562 ], [ 8.691029700480668, 48.835269516318029 ], [ 8.680730295854843, 48.835191694624861 ], [ 8.674338818887081, 48.840268880569262 ], [ 8.66914280155124, 48.841443049359967 ], [ 8.666203225485742, 48.838803783948158 ], [ 8.666865267374396, 48.836430695926403 ], [ 8.658907588717689, 48.834967983680286 ], [ 8.649481395554893, 48.840938176417204 ], [ 8.634291888576008, 48.845362834625121 ], [ 8.630183973612537, 48.848325713647206 ], [ 8.628865942525954, 48.853591790299966 ], [ 8.625697802261486, 48.853512905240294 ], [ 8.639379817019492, 48.856946568323735 ], [ 8.64089452188689, 48.858838001920525 ], [ 8.639903083974925, 48.863620128193396 ], [ 8.6448789326256, 48.864826583167172 ], [ 8.648712578482458, 48.871449916536505 ], [ 8.647575169842529, 48.87608800979153 ], [ 8.648759960012669, 48.878782776682876 ], [ 8.64394759167657, 48.884775348237326 ], [ 8.64330632266582, 48.892258742475626 ], [ 8.637632819026162, 48.898947500642947 ], [ 8.633033551327747, 48.899320414478701 ], [ 8.630024685394496, 48.903741298191846 ], [ 8.628894027071452, 48.908283614116918 ], [ 8.631694349402654, 48.914592214762706 ], [ 8.644401531309523, 48.917467338920829 ], [ 8.649214097720476, 48.920129321052528 ], [ 8.658350294681496, 48.912498499876648 ], [ 8.664400833765441, 48.909512435234255 ], [ 8.679319897259044, 48.909837955907271 ], [ 8.677743526271408, 48.911107703863472 ], [ 8.680361539522645, 48.914083301478129 ], [ 8.690154063601007, 48.919775459666333 ], [ 8.69762750046919, 48.921177424893656 ], [ 8.694195905689128, 48.923121400689844 ], [ 8.708539613290762, 48.924642432607925 ], [ 8.715351339295255, 48.923923936011285 ], [ 8.717155622352671, 48.922009558339035 ], [ 8.724868569387157, 48.926486815944664 ], [ 8.725197350559569, 48.929577710199212 ], [ 8.735054162100941, 48.926846334534247 ], [ 8.746748298703109, 48.928155261897885 ], [ 8.748745453618275, 48.926162450295543 ], [ 8.755569028630694, 48.924526764824321 ], [ 8.764412230447977, 48.917959767133361 ], [ 8.760426838831103, 48.914524088252762 ], [ 8.764408756131902, 48.908458463227937 ], [ 8.762151054562487, 48.90599308300245 ], [ 8.763946194082308, 48.90606121149397 ], [ 8.757295000157402, 48.899514470360366 ], [ 8.776504548920396, 48.892301272085774 ], [ 8.775312097502018, 48.888621418281069 ], [ 8.776398840618119, 48.886065345130334 ], [ 8.789935488768947, 48.888515857484123 ], [ 8.792790367060034, 48.891390872317146 ], [ 8.793791806154459, 48.886269714441397 ], [ 8.791540776471029, 48.88357416964908 ], [ 8.793073628802709, 48.869864649341871 ], [ 8.795019025027907, 48.866913570450343 ], [ 8.808609273635456, 48.862503582362429 ], [ 8.80688746125232, 48.85870816076239 ], [ 8.775831565332345, 48.85251517411897 ], [ 8.776744646266488, 48.850239640514019 ], [ 8.771374418317583, 48.846342083346315 ], [ 8.769703272019736, 48.847696637118958 ], [ 8.768036079649288, 48.843886250167948 ], [ 8.770183300805394, 48.840301762390396 ], [ 8.769381869082316, 48.834625567422329 ], [ 8.760184344224749, 48.833087890302394 ], [ 8.747088440293988, 48.835752212574214 ], [ 8.745663823116496, 48.836710336348894 ], [ 8.747751652919339, 48.842293705118564 ], [ 8.73888709073259, 48.845190515231145 ], [ 8.732063166789372, 48.843826989830205 ], [ 8.735405450711948, 48.842755215226184 ], [ 8.735131814961225, 48.838900872411529 ], [ 8.739313194988126, 48.84084721410926 ], [ 8.743815236431111, 48.839555873438812 ], [ 8.741152816900238, 48.834462163875415 ], [ 8.749854119583523, 48.83008263179164 ], [ 8.742122565094446, 48.822737812076618 ], [ 8.732800708101724, 48.823201958336391 ], [ 8.724104874299302, 48.819924285332959 ], [ 8.72110999920981, 48.823946579896564 ], [ 8.717881201449369, 48.825489669713797 ], [ 8.71917406089125, 48.826605241550737 ], [ 8.716613565406192, 48.830302553342257 ], [ 8.710268670168853, 48.835346478603526 ], [ 8.706804067336222, 48.836172356446674 ], [ 8.709179996871152, 48.83973704152065 ], [ 8.697871194007027, 48.83729259524862 ] ] ] } },
{ "type": "Feature", "properties": { "OBJID": "DEBKGVG200000CCP", "BEGINN": "2025-01-04T00:00:00", "ADE": 4, "GF": 4, "BSG": 1, "LKZ": "BW", "ARS": "08235", "AGS": "08235", "SDV_ARS": "082355006085", "GEN": "Calw", "BEZ": "Landkreis", "IBZ": 43, "BEM": "--", "NBD": "ja", "SN_L": "08", "SN_R": "2", "SN_K": "35", "SN_V1": "00", "SN_V2": "00", "SN_G": "000", "FK_S3": "R", "NUTS": "DE12A", "ARS_0": "082350000000", "AGS_0": "08235000", "WSK": "2009-01-01T00:00:00", "DLM_ID": "DEBKGDL20000E449" }, "geometry": { "type": "Polygon", "coordinates": [ [ [ 8.416624814821951, 48.835367894478502 ], [ 8.421294829550657, 48.828158643458359 ], [ 8.434720320108053, 48.819318812609815 ], [ 8.432414942184549, 48.815048391728688 ], [ 8.437095986067387, 48.813292806415973 ], [ 8.441557492573446, 48.813646772418586 ], [ 8.442364434558359, 48.818589139567912 ], [ 8.444239545503908, 48.819820927965651 ], [ 8.458062986467141, 48.822568270637447 ], [ 8.468842071631526, 48.822024965335842 ], [ 8.477334193451181, 48.818716310258345 ], [ 8.484668390231867, 48.820039192688299 ], [ 8.50106576750561, 48.819192266698224 ], [ 8.503271765948787, 48.818224236877825 ], [ 8.505249752562809, 48.813851369139947 ], [ 8.519797104491644, 48.812878595927707 ], [ 8.528460489458222, 48.807850408197574 ], [ 8.528394627630357, 48.805447183985912 ], [ 8.532994502580184, 48.803855241166211 ], [ 8.530844802539114, 48.801451159620356 ], [ 8.518879217645615, 48.800321140008826 ], [ 8.516809032868689, 48.797377559757166 ], [ 8.530008224876211, 48.784888381311369 ], [ 8.537823532583877, 48.784514878044043 ], [ 8.543334085976232, 48.785109285004239 ], [ 8.548694396374955, 48.788343030076568 ], [ 8.554250055067333, 48.797652657494588 ], [ 8.553851234666361, 48.8013113295304 ], [ 8.559677066855421, 48.810270259111228 ], [ 8.57897225074006, 48.815818800524461 ], [ 8.580885977644122, 48.814795788527974 ], [ 8.587903194399191, 48.818658766010707 ], [ 8.58942501240859, 48.815709541974414 ], [ 8.595100786965389, 48.812114649448091 ], [ 8.594140017076791, 48.810217980279802 ], [ 8.596540008363158, 48.807623145615153 ], [ 8.608747506102974, 48.810413171683237 ], [ 8.606819695589097, 48.817586396213599 ], [ 8.612131989352481, 48.827410585954752 ], [ 8.617984905953069, 48.828497925926371 ], [ 8.621255803845123, 48.824731089073062 ], [ 8.632629309776453, 48.823110384129485 ], [ 8.636292082337171, 48.819437929051276 ], [ 8.653370172454748, 48.812170005464331 ], [ 8.662965665800922, 48.813444296297725 ], [ 8.665662864050764, 48.810332564163467 ], [ 8.677709473876066, 48.81676958750981 ], [ 8.685538892870358, 48.815559771204967 ], [ 8.695785780149661, 48.816571946696818 ], [ 8.697072075435866, 48.823384769874139 ], [ 8.700041120098732, 48.824881168836427 ], [ 8.692773971713008, 48.826121848230784 ], [ 8.698059411694169, 48.828717407746581 ], [ 8.691029700480668, 48.835269516318029 ], [ 8.690980126051196, 48.838330694309562 ], [ 8.699727449803683, 48.837205614071493 ], [ 8.713639919602937, 48.828727168117304 ], [ 8.712977190833783, 48.824824297988691 ], [ 8.714960769079482, 48.82189181716619 ], [ 8.715270412567717, 48.817158604320419 ], [ 8.722002966087928, 48.813368424075485 ], [ 8.721780703287854, 48.805304565730921 ], [ 8.729021824466574, 48.797967702931402 ], [ 8.740584360234537, 48.803260911364838 ], [ 8.745523078314227, 48.797638613135014 ], [ 8.756122422754242, 48.791097028586073 ], [ 8.761661673748257, 48.780809665390841 ], [ 8.768804364458642, 48.777147802920005 ], [ 8.78207479014582, 48.774304646368556 ], [ 8.784902788427647, 48.777432908741382 ], [ 8.790982762104177, 48.779995621662643 ], [ 8.803441038976027, 48.778354558804367 ], [ 8.799384795712603, 48.773665619953299 ], [ 8.800817425497192, 48.772005361546846 ], [ 8.811446600397945, 48.765726514533903 ], [ 8.817558279154969, 48.766183256308416 ], [ 8.825288499444254, 48.758919446713065 ], [ 8.835453574118823, 48.754097680498937 ], [ 8.83349988972793, 48.743229120667742 ], [ 8.831513009247692, 48.743262282133273 ], [ 8.829202954792773, 48.736472164489648 ], [ 8.85450549999012, 48.734618854143271 ], [ 8.878631015265277, 48.724773041915107 ], [ 8.875624143492528, 48.721176093520043 ], [ 8.873249784538933, 48.722661515129992 ], [ 8.864466393390311, 48.71905149466405 ], [ 8.864168519278603, 48.715781915436715 ], [ 8.867197974865007, 48.714621149577972 ], [ 8.866380084351714, 48.711856656548598 ], [ 8.855306414528382, 48.706916912029271 ], [ 8.860627507993456, 48.703478537232932 ], [ 8.863215617570789, 48.697238237597759 ], [ 8.854993826561216, 48.690544088017468 ], [ 8.855856197066773, 48.689756299582008 ], [ 8.853031843389177, 48.688238900988758 ], [ 8.850931695224769, 48.684447478428638 ], [ 8.842129259735797, 48.685205036534931 ], [ 8.840376255369375, 48.682831172945711 ], [ 8.836359632373414, 48.683103871091824 ], [ 8.833872737490838, 48.678767005490521 ], [ 8.827255451469435, 48.676859515558561 ], [ 8.825783953790404, 48.669488494810032 ], [ 8.81788715759952, 48.66889237043884 ], [ 8.818744751313812, 48.664506861672542 ], [ 8.808821847370405, 48.662844954924466 ], [ 8.798730963237098, 48.658625021891709 ], [ 8.799555512804323, 48.648230586318455 ], [ 8.797384201718925, 48.646659166380722 ], [ 8.801939125910147, 48.643715708226175 ], [ 8.79775154785216, 48.643138826595596 ], [ 8.79077896249045, 48.638227468606324 ], [ 8.795643228452645, 48.635119060408016 ], [ 8.789938026959788, 48.629085689316696 ], [ 8.790321862325248, 48.627040799152418 ], [ 8.796193773508163, 48.625584070885644 ], [ 8.79819069975877, 48.623572929433948 ], [ 8.797377308129157, 48.620835043360721 ], [ 8.800778511875842, 48.613169776608018 ], [ 8.799572240877284, 48.610030135835053 ], [ 8.794995979382628, 48.609015410612407 ], [ 8.793295457987881, 48.604123138469156 ], [ 8.794885838591375, 48.594325503389648 ], [ 8.759217507744179, 48.60378045195705 ], [ 8.751454142420231, 48.602265724467976 ], [ 8.748469543323246, 48.604935021264289 ], [ 8.748220882003727, 48.599021537812931 ], [ 8.746464928359954, 48.596187413173865 ], [ 8.751257953368983, 48.59336684730588 ], [ 8.755373445243794, 48.582978415256321 ], [ 8.754973729060918, 48.575544069035999 ], [ 8.752328420998712, 48.57533211764845 ], [ 8.750164843375577, 48.570548174828431 ], [ 8.756307006558712, 48.570778682155627 ], [ 8.756530774452795, 48.564972990729437 ], [ 8.760498364611347, 48.564297821411024 ], [ 8.757625047272287, 48.559755402007042 ], [ 8.758220897203717, 48.555969100158968 ], [ 8.766140085771385, 48.555023031249085 ], [ 8.765363165513614, 48.548292021673809 ], [ 8.773340863148391, 48.549864811177805 ], [ 8.771514449020497, 48.545204202821147 ], [ 8.769785947842351, 48.546407838932964 ], [ 8.763432529517457, 48.545665833691949 ], [ 8.758351694372088, 48.544419936261932 ], [ 8.757560510097555, 48.542377281505061 ], [ 8.757966673564663, 48.538039201159314 ], [ 8.763417966305351, 48.537855017888383 ], [ 8.763960443991722, 48.53424464375405 ], [ 8.762899377721887, 48.531874633283813 ], [ 8.758268980764198, 48.530704559588756 ], [ 8.759599475799174, 48.527190717270003 ], [ 8.755294719958288, 48.526016640237081 ], [ 8.755680299246432, 48.525078314276975 ], [ 8.762664168649536, 48.524778814047551 ], [ 8.76498002131714, 48.522103478391486 ], [ 8.770664804101237, 48.521391967690448 ], [ 8.771843455061001, 48.519458628512865 ], [ 8.763812812751834, 48.517992782244214 ], [ 8.765718306874252, 48.512752040728621 ], [ 8.761455492344783, 48.505867530238952 ], [ 8.75618211761376, 48.50685484665393 ], [ 8.755710559187802, 48.504140156215918 ], [ 8.752424582888912, 48.506705614365934 ], [ 8.739501486103096, 48.50436009290366 ], [ 8.7389376552694, 48.500852359045894 ], [ 8.740818712349839, 48.499353271368641 ], [ 8.73970124047179, 48.497689552705758 ], [ 8.741512775187449, 48.495110048666085 ], [ 8.733649379689423, 48.492520341268474 ], [ 8.734115741768477, 48.487104295295445 ], [ 8.715603836267265, 48.487960739273603 ], [ 8.716478353971503, 48.484716612010736 ], [ 8.703198714898386, 48.486750201953292 ], [ 8.702235624521244, 48.48387437739899 ], [ 8.693309830425941, 48.484142645029912 ], [ 8.694029139701611, 48.48774311291897 ], [ 8.691634431914457, 48.491952571171005 ], [ 8.692729172908557, 48.492438888584957 ], [ 8.684894846104523, 48.494652719238125 ], [ 8.676246347546297, 48.503794090905394 ], [ 8.67400517759109, 48.510161175734048 ], [ 8.663159784496028, 48.509145162466979 ], [ 8.656631554113053, 48.505294867971855 ], [ 8.6515222484738, 48.5043911142184 ], [ 8.639555237570843, 48.504082572788583 ], [ 8.635982809886661, 48.500357041706152 ], [ 8.621545930427638, 48.501457627814474 ], [ 8.619498385020037, 48.505776229558094 ], [ 8.616752819039625, 48.507474484457468 ], [ 8.60912405424023, 48.504529033215448 ], [ 8.6056188629574, 48.504864829919583 ], [ 8.598348919357568, 48.513590890149288 ], [ 8.600013095761293, 48.517793037725866 ], [ 8.602863782731525, 48.519344070752325 ], [ 8.604414015388105, 48.525088574319334 ], [ 8.612076387354245, 48.524721250891758 ], [ 8.610911461117984, 48.527541463359412 ], [ 8.618686867260314, 48.531368091381708 ], [ 8.622123189005857, 48.535851336966353 ], [ 8.62709309626681, 48.536562396570567 ], [ 8.629432037243987, 48.538556271910487 ], [ 8.618884202445775, 48.542113464279481 ], [ 8.614081686157887, 48.541950804030712 ], [ 8.614506493960358, 48.546032705623659 ], [ 8.606999257874019, 48.549232713277448 ], [ 8.602750308027082, 48.547010206485929 ], [ 8.602258698512429, 48.549898142353015 ], [ 8.5976160872842, 48.553956148340987 ], [ 8.594998822480266, 48.554360901625557 ], [ 8.58991227130727, 48.552078505539335 ], [ 8.586732259049283, 48.544719698016863 ], [ 8.577786118429096, 48.547605037179729 ], [ 8.575678949701558, 48.545040844144197 ], [ 8.559400226117958, 48.549744057446269 ], [ 8.561813355638504, 48.556347452455611 ], [ 8.576740961069881, 48.561965165798235 ], [ 8.578233746868067, 48.56680452233595 ], [ 8.575845407927785, 48.578108795935542 ], [ 8.568774672189344, 48.575054141252359 ], [ 8.562505766768162, 48.569070835242258 ], [ 8.543609201590263, 48.582996154432543 ], [ 8.543747639739109, 48.58585432435774 ], [ 8.539545777717207, 48.587755473051367 ], [ 8.535213765564958, 48.587535943142733 ], [ 8.530003477964099, 48.592578002272703 ], [ 8.522669074228155, 48.591197015176178 ], [ 8.501083320246092, 48.594129071884197 ], [ 8.494694663920622, 48.59779176856491 ], [ 8.492112630355523, 48.604176838384241 ], [ 8.475114584933719, 48.611423956632009 ], [ 8.471446816576039, 48.611869655261223 ], [ 8.467592055041017, 48.6054204754276 ], [ 8.459117309308915, 48.612698951829934 ], [ 8.455063286771162, 48.61436173824562 ], [ 8.454179298053178, 48.617463402877171 ], [ 8.447256018885433, 48.619049136850478 ], [ 8.443726604035932, 48.622720569910065 ], [ 8.443930313149741, 48.624699874024309 ], [ 8.433690814271575, 48.626627195652148 ], [ 8.430151460728272, 48.631041149519184 ], [ 8.422774485340021, 48.635994930999843 ], [ 8.418525680466351, 48.636958808846856 ], [ 8.418355176497917, 48.634913519999586 ], [ 8.413785144494916, 48.634503794302766 ], [ 8.405407421690782, 48.635838277704075 ], [ 8.404283876621637, 48.636911948311358 ], [ 8.405216946872837, 48.637762647880344 ], [ 8.413044161157952, 48.635291981816813 ], [ 8.414245171434143, 48.636122730220762 ], [ 8.409324349399984, 48.63945756742519 ], [ 8.414399914173925, 48.640434730058274 ], [ 8.413781934425373, 48.642186330538209 ], [ 8.417147613951153, 48.646333779488849 ], [ 8.422233241162433, 48.644548980521421 ], [ 8.429968098899765, 48.644621620763814 ], [ 8.431329298518834, 48.648371356044507 ], [ 8.435368753490804, 48.651082434408139 ], [ 8.436152301660888, 48.653417983760704 ], [ 8.435655225617969, 48.6558556546874 ], [ 8.430264112070267, 48.658103190450255 ], [ 8.430729893748676, 48.66024394499766 ], [ 8.43794489648975, 48.6611069359532 ], [ 8.443752345782865, 48.658003122088942 ], [ 8.447519733524326, 48.662049110393994 ], [ 8.447211912342906, 48.66484118179126 ], [ 8.445407864754953, 48.666076238783809 ], [ 8.448429970692061, 48.68524883598171 ], [ 8.443256022147054, 48.692583944000937 ], [ 8.439278192414381, 48.695065114933676 ], [ 8.449832223491489, 48.700019463036135 ], [ 8.452904978720996, 48.69772814110577 ], [ 8.45875737591602, 48.697521005947557 ], [ 8.467010444734445, 48.700353255187416 ], [ 8.460248500799793, 48.706364663846244 ], [ 8.458274265948083, 48.717132871521514 ], [ 8.462084270665443, 48.719325946438978 ], [ 8.471750865700258, 48.71965578252626 ], [ 8.475862272345209, 48.724426798781543 ], [ 8.474899369925566, 48.734153373432655 ], [ 8.473614931364605, 48.735228457651175 ], [ 8.479584129763003, 48.74017980839885 ], [ 8.485198283888455, 48.754856194377702 ], [ 8.484560196908799, 48.756701257870553 ], [ 8.475123796224953, 48.76241387954488 ], [ 8.46241170116825, 48.764088911109894 ], [ 8.456792021903894, 48.760189271816749 ], [ 8.444722883178587, 48.758563372127966 ], [ 8.442933501219807, 48.757117826411083 ], [ 8.442801245332534, 48.752527161547086 ], [ 8.421754802105012, 48.743588984358752 ], [ 8.42085314854827, 48.754434118124692 ], [ 8.428762607451535, 48.75940909966895 ], [ 8.43013926879212, 48.765633172730247 ], [ 8.433526167348802, 48.770323576502783 ], [ 8.431876965964939, 48.772520937394859 ], [ 8.433495476701836, 48.774093497900161 ], [ 8.43187419844703, 48.77766247680885 ], [ 8.428303097960571, 48.778861166746871 ], [ 8.425644209135269, 48.782575494648242 ], [ 8.424293372306975, 48.788180835956844 ], [ 8.425809075882825, 48.791728200651612 ], [ 8.415658007071116, 48.792830519164063 ], [ 8.399669223872946, 48.802651301753464 ], [ 8.39046455276063, 48.803853717839544 ], [ 8.394865063873914, 48.806024333758629 ], [ 8.396264968323871, 48.81049528722086 ], [ 8.408472358550517, 48.808863003831988 ], [ 8.408712506166207, 48.81214238570287 ], [ 8.404111110648161, 48.816176425200084 ], [ 8.40417467441522, 48.822277554448114 ], [ 8.38969731676889, 48.824955078595785 ], [ 8.384736763606799, 48.829035571889051 ], [ 8.379367005857107, 48.830921781357368 ], [ 8.381721314261375, 48.833494779196208 ], [ 8.387739858495936, 48.834553805726166 ], [ 8.390335564869462, 48.833469383767628 ], [ 8.392453359420557, 48.835227927462157 ], [ 8.397230633350574, 48.831602464987199 ], [ 8.417110278678324, 48.830725542265043 ], [ 8.416624814821951, 48.835367894478502 ] ] ] } },
{ "type": "Feature", "properties": { "OBJID": "DEBKGVG200000CCQ", "BEGINN": "2022-12-20T00:00:00", "ADE": 4, "GF": 4, "BSG": 1, "LKZ": "BW", "ARS": "08236", "AGS": "08236", "SDV_ARS": "082310000000", "GEN": "Enzkreis", "BEZ": "Landkreis", "IBZ": 43, "BEM": "--", "NBD": "nein", "SN_L": "08", "SN_R": "2", "SN_K": "36", "SN_V1": "00", "SN_V2": "00", "SN_G": "000", "FK_S3": "R", "NUTS": "DE12B", "ARS_0": "082360000000", "AGS_0": "08236000", "WSK": "1975-09-20T00:00:00", "DLM_ID": "DEBKGDL20000E44A" }, "geometry": { "type": "Polygon", "coordinates": [ [ [ 8.866750118764273, 49.061683027462557 ], [ 8.880476827055364, 49.056457064096023 ], [ 8.87739129429195, 49.049691944608334 ], [ 8.871492682760401, 49.050083031702137 ], [ 8.873263675776665, 49.042605714185534 ], [ 8.872444745706959, 49.037200813488866 ], [ 8.875749005805394, 49.037064023984783 ], [ 8.87850334978936, 49.031643156522897 ], [ 8.887288493653003, 49.029961941624656 ], [ 8.894728743135834, 49.024893267223085 ], [ 8.903771769162734, 49.022173751832142 ], [ 8.907744780821746, 49.016589730461853 ], [ 8.919409455007864, 49.008289823645335 ], [ 8.916647168273542, 49.005362932409056 ], [ 8.932547148257305, 48.993226371150094 ], [ 8.933352906732186, 48.990718759512752 ], [ 8.925564867721214, 48.990177457337381 ], [ 8.920980536249024, 48.98823256081625 ], [ 8.921267256632587, 48.98698615080697 ], [ 8.925503120116609, 48.986614121579365 ], [ 8.923580351179201, 48.98353732033528 ], [ 8.920298977978398, 48.982312470634916 ], [ 8.930759364707422, 48.971214843645932 ], [ 8.939171599652864, 48.968409035061555 ], [ 8.941613769355955, 48.961732141989017 ], [ 8.945315067089718, 48.961765750510445 ], [ 8.946098837168263, 48.943568580045429 ], [ 8.948180293721121, 48.941852690138937 ], [ 8.940789700710978, 48.938538155710646 ], [ 8.931821849173657, 48.938844301955086 ], [ 8.929615891423031, 48.936546317251519 ], [ 8.924661838450307, 48.939822969294347 ], [ 8.917958892750383, 48.940177946564013 ], [ 8.917480223665848, 48.941871392437442 ], [ 8.908421615355287, 48.941589645146408 ], [ 8.906815775542947, 48.942422283873881 ], [ 8.907231296631336, 48.944070546129723 ], [ 8.904472473011994, 48.944151087340458 ], [ 8.902345695843733, 48.934994124493535 ], [ 8.905592337338049, 48.92797438398344 ], [ 8.904382959638763, 48.927146906101925 ], [ 8.906425736069695, 48.925881248468002 ], [ 8.90059588795012, 48.923827721759174 ], [ 8.907081793272502, 48.922121339121112 ], [ 8.907899957945682, 48.920486772968516 ], [ 8.915532569290329, 48.92251155935525 ], [ 8.926421000674138, 48.919724036806592 ], [ 8.924470230242633, 48.915909263667871 ], [ 8.922650177373868, 48.916054462121728 ], [ 8.922930799012125, 48.914142322702986 ], [ 8.91531024419603, 48.913449588986161 ], [ 8.915347000439121, 48.912325633855069 ], [ 8.910169030719402, 48.911977438551084 ], [ 8.907248046512747, 48.909879314652301 ], [ 8.90745469727575, 48.907504243773886 ], [ 8.91265629197685, 48.906157705043803 ], [ 8.914532279533539, 48.903021397439211 ], [ 8.915217908660329, 48.899162963835977 ], [ 8.912337271669617, 48.897547728427384 ], [ 8.917492993778977, 48.888823200799379 ], [ 8.917519105805356, 48.883426156670438 ], [ 8.921117799273018, 48.876793414413555 ], [ 8.923631043675966, 48.875416673868848 ], [ 8.924061155404123, 48.871833505239344 ], [ 8.927954704365579, 48.870773040379618 ], [ 8.926662945758231, 48.868137094556133 ], [ 8.929089908233152, 48.865616590106612 ], [ 8.919473817732738, 48.866560085978833 ], [ 8.913178361942888, 48.863520059283715 ], [ 8.905269604349934, 48.862300691713749 ], [ 8.899786740682812, 48.857814233224822 ], [ 8.898155308248203, 48.851484876201113 ], [ 8.894819519133838, 48.846865939343544 ], [ 8.873033646540884, 48.836917553477903 ], [ 8.8786361286353, 48.835344704341544 ], [ 8.877176803409721, 48.833154077060719 ], [ 8.885919545040316, 48.830355677357083 ], [ 8.875404241683867, 48.825455036899534 ], [ 8.874912904263695, 48.824260458170265 ], [ 8.877319597855399, 48.82358491426168 ], [ 8.876637920828035, 48.821660153714895 ], [ 8.872927035133298, 48.822540297965574 ], [ 8.874205005259915, 48.819770360667704 ], [ 8.871704749589503, 48.817297366392374 ], [ 8.873843474615759, 48.815852990920014 ], [ 8.877943625582429, 48.818180494629331 ], [ 8.877216338372689, 48.820560921229756 ], [ 8.884742458712179, 48.820364521764866 ], [ 8.886165476951291, 48.818945884175477 ], [ 8.890165605989674, 48.821896528195623 ], [ 8.900797605536967, 48.81937967491664 ], [ 8.902414538526202, 48.815504049257939 ], [ 8.892750405277507, 48.813103162982252 ], [ 8.890799556523929, 48.808386320675574 ], [ 8.891553647952849, 48.803506778745323 ], [ 8.900879358487863, 48.801799593620217 ], [ 8.897864270606156, 48.798794287671122 ], [ 8.894564819288854, 48.798512858218466 ], [ 8.886864053574655, 48.802431422101115 ], [ 8.8816222910213, 48.799134972703726 ], [ 8.869728893317095, 48.795264264382446 ], [ 8.867768551034324, 48.792419969295686 ], [ 8.847475785281139, 48.792624182722406 ], [ 8.842410285069347, 48.799430371460247 ], [ 8.833743560166383, 48.79803257533446 ], [ 8.827769168804881, 48.794776537130836 ], [ 8.826082525256705, 48.79196257129243 ], [ 8.818327945037481, 48.788256431881649 ], [ 8.811124776949915, 48.780860966042887 ], [ 8.807796672933293, 48.781449069128108 ], [ 8.804181575811123, 48.777777828274992 ], [ 8.790982762104177, 48.779995621662643 ], [ 8.784902788427647, 48.777432908741382 ], [ 8.78207479014582, 48.774304646368556 ], [ 8.768804364458642, 48.777147802920005 ], [ 8.762392243311432, 48.780173394703361 ], [ 8.756122422754242, 48.791097028586073 ], [ 8.745523078314227, 48.797638613135014 ], [ 8.740584360234537, 48.803260911364838 ], [ 8.729021824466574, 48.797967702931402 ], [ 8.725730317679362, 48.800295418197969 ], [ 8.721537246056517, 48.806002352871509 ], [ 8.722275770900112, 48.812985957721963 ], [ 8.715051203713585, 48.817631125016725 ], [ 8.714960769079482, 48.82189181716619 ], [ 8.712977190833783, 48.824824297988691 ], [ 8.713639919602937, 48.828727168117304 ], [ 8.69816467777421, 48.837994052977109 ], [ 8.709179996871152, 48.83973704152065 ], [ 8.706804067336222, 48.836172356446674 ], [ 8.710268670168853, 48.835346478603526 ], [ 8.716613565406192, 48.830302553342257 ], [ 8.71917406089125, 48.826605241550737 ], [ 8.717881201449369, 48.825489669713797 ], [ 8.72110999920981, 48.823946579896564 ], [ 8.724104874299302, 48.819924285332959 ], [ 8.732800708101724, 48.823201958336391 ], [ 8.742122565094446, 48.822737812076618 ], [ 8.749854119583523, 48.83008263179164 ], [ 8.741152816900238, 48.834462163875415 ], [ 8.743815236431111, 48.839555873438812 ], [ 8.739313194988126, 48.84084721410926 ], [ 8.735131814961225, 48.838900872411529 ], [ 8.735405450711948, 48.842755215226184 ], [ 8.732063166789372, 48.843826989830205 ], [ 8.73888709073259, 48.845190515231145 ], [ 8.747751652919339, 48.842293705118564 ], [ 8.745663823116496, 48.836710336348894 ], [ 8.747088440293988, 48.835752212574214 ], [ 8.760184344224749, 48.833087890302394 ], [ 8.769381869082316, 48.834625567422329 ], [ 8.770183300805394, 48.840301762390396 ], [ 8.768036079649288, 48.843886250167948 ], [ 8.769703272019736, 48.847696637118958 ], [ 8.771374418317583, 48.846342083346315 ], [ 8.776744646266488, 48.850239640514019 ], [ 8.775831565332345, 48.85251517411897 ], [ 8.80688746125232, 48.85870816076239 ], [ 8.808609273635456, 48.862503582362429 ], [ 8.795019025027907, 48.866913570450343 ], [ 8.793073628802709, 48.869864649341871 ], [ 8.791540776471029, 48.88357416964908 ], [ 8.793791806154459, 48.886269714441397 ], [ 8.792790367060034, 48.891390872317146 ], [ 8.789935488768947, 48.888515857484123 ], [ 8.776398840618119, 48.886065345130334 ], [ 8.775312097502018, 48.888621418281069 ], [ 8.776504548920396, 48.892301272085774 ], [ 8.757295000157402, 48.899514470360366 ], [ 8.763946194082308, 48.90606121149397 ], [ 8.762151054562487, 48.90599308300245 ], [ 8.764408756131902, 48.908458463227937 ], [ 8.760426838831103, 48.914524088252762 ], [ 8.764412230447977, 48.917959767133361 ], [ 8.755569028630694, 48.924526764824321 ], [ 8.748745453618275, 48.926162450295543 ], [ 8.746748298703109, 48.928155261897885 ], [ 8.735054162100941, 48.926846334534247 ], [ 8.725197350559569, 48.929577710199212 ], [ 8.724868569387157, 48.926486815944664 ], [ 8.717155622352671, 48.922009558339035 ], [ 8.715351339295255, 48.923923936011285 ], [ 8.708539613290762, 48.924642432607925 ], [ 8.694195905689128, 48.923121400689844 ], [ 8.69762750046919, 48.921177424893656 ], [ 8.690154063601007, 48.919775459666333 ], [ 8.680361539522645, 48.914083301478129 ], [ 8.677743526271408, 48.911107703863472 ], [ 8.679319897259044, 48.909837955907271 ], [ 8.664400833765441, 48.909512435234255 ], [ 8.647683011398655, 48.920184876948468 ], [ 8.644401531309523, 48.917467338920829 ], [ 8.631694349402654, 48.914592214762706 ], [ 8.63016555545676, 48.911408775864295 ], [ 8.629156482525323, 48.906434714219849 ], [ 8.633033551327747, 48.899320414478701 ], [ 8.637632819026162, 48.898947500642947 ], [ 8.64330632266582, 48.892258742475626 ], [ 8.64394759167657, 48.884775348237326 ], [ 8.648759960012669, 48.878782776682876 ], [ 8.647566959861015, 48.874602562786599 ], [ 8.648790379626107, 48.872269880779449 ], [ 8.6448789326256, 48.864826583167172 ], [ 8.639903083974925, 48.863620128193396 ], [ 8.64089452188689, 48.858838001920525 ], [ 8.639379817019492, 48.856946568323735 ], [ 8.625697802261486, 48.853512905240294 ], [ 8.628865942525954, 48.853591790299966 ], [ 8.630183973612537, 48.848325713647206 ], [ 8.634291888576008, 48.845362834625121 ], [ 8.649481395554893, 48.840938176417204 ], [ 8.658907588717689, 48.834967983680286 ], [ 8.666865267374396, 48.836430695926403 ], [ 8.667433297718105, 48.840515314712626 ], [ 8.671337102736553, 48.84144311475923 ], [ 8.680730295854843, 48.835191694624861 ], [ 8.693243240244824, 48.834378854795801 ], [ 8.698059411694169, 48.828717407746581 ], [ 8.692773971713008, 48.826121848230784 ], [ 8.700041120098732, 48.824881168836427 ], [ 8.697072075435866, 48.823384769874139 ], [ 8.695785780149661, 48.816571946696818 ], [ 8.685538892870358, 48.815559771204967 ], [ 8.677709473876066, 48.81676958750981 ], [ 8.665662864050764, 48.810332564163467 ], [ 8.662965665800922, 48.813444296297725 ], [ 8.653370172454748, 48.812170005464331 ], [ 8.636292082337171, 48.819437929051276 ], [ 8.632629309776453, 48.823110384129485 ], [ 8.621255803845123, 48.824731089073062 ], [ 8.617984905953069, 48.828497925926371 ], [ 8.612131989352481, 48.827410585954752 ], [ 8.606819695589097, 48.817586396213599 ], [ 8.608747506102974, 48.810413171683237 ], [ 8.596540008363158, 48.807623145615153 ], [ 8.594140017076791, 48.810217980279802 ], [ 8.595100786965389, 48.812114649448091 ], [ 8.58942501240859, 48.815709541974414 ], [ 8.587903194399191, 48.818658766010707 ], [ 8.580885977644122, 48.814795788527974 ], [ 8.57897225074006, 48.815818800524461 ], [ 8.559677066855421, 48.810270259111228 ], [ 8.553851234666361, 48.8013113295304 ], [ 8.554250055067333, 48.797652657494588 ], [ 8.548223388997624, 48.787866959417237 ], [ 8.541233694948051, 48.784672434263577 ], [ 8.530008224876211, 48.784888381311369 ], [ 8.516809032868689, 48.797377559757166 ], [ 8.518879217645615, 48.800321140008826 ], [ 8.530844802539114, 48.801451159620356 ], [ 8.532994502580184, 48.803855241166211 ], [ 8.528394627630357, 48.805447183985912 ], [ 8.528460489458222, 48.807850408197574 ], [ 8.519797104491644, 48.812878595927707 ], [ 8.505249752562809, 48.813851369139947 ], [ 8.503271765948787, 48.818224236877825 ], [ 8.493572636659453, 48.820182043208028 ], [ 8.482952754507446, 48.824605431353099 ], [ 8.475477245527085, 48.832708885346179 ], [ 8.475379306224047, 48.840230299560353 ], [ 8.467530585498951, 48.845203882759606 ], [ 8.476942203404706, 48.848184899404934 ], [ 8.48644050427197, 48.848590927933714 ], [ 8.501877868812015, 48.858378521314243 ], [ 8.508347221034848, 48.859728067541937 ], [ 8.519869127300019, 48.868560201197418 ], [ 8.522108833444195, 48.874501876435971 ], [ 8.526382649139327, 48.879656056177822 ], [ 8.522347287386646, 48.881028805365538 ], [ 8.516176629644153, 48.887404392860887 ], [ 8.517670585722357, 48.8879451428556 ], [ 8.516605325409248, 48.894924675467777 ], [ 8.518094773968439, 48.899630824320504 ], [ 8.52226354550317, 48.900894868398694 ], [ 8.523263322634802, 48.899783195148743 ], [ 8.524949699526717, 48.902199621492599 ], [ 8.532654394547796, 48.905220996915133 ], [ 8.533915619579851, 48.903505522210459 ], [ 8.5412895307696, 48.909856295586309 ], [ 8.544635423491643, 48.917287686515081 ], [ 8.543421441994706, 48.918531901966169 ], [ 8.553881445209084, 48.920325525445584 ], [ 8.554069126407821, 48.927767932118037 ], [ 8.535874263837654, 48.926945255715943 ], [ 8.535159725161316, 48.929267384062506 ], [ 8.540843380437259, 48.931384397519757 ], [ 8.541863175549691, 48.93551671272516 ], [ 8.538706346854088, 48.940292680520855 ], [ 8.539601466174865, 48.942809590523829 ], [ 8.536429960866084, 48.944086308371013 ], [ 8.538148068200863, 48.95056977424197 ], [ 8.539841607031612, 48.953390155690727 ], [ 8.542687379351738, 48.95229268827898 ], [ 8.545017921119298, 48.955473516600897 ], [ 8.54912588955302, 48.953206145220044 ], [ 8.554713254029496, 48.958057766585327 ], [ 8.554170270611291, 48.960599820346992 ], [ 8.559255570855818, 48.963778568014135 ], [ 8.558390238294022, 48.966440429074609 ], [ 8.560267767142696, 48.967327787808031 ], [ 8.55724290629378, 48.97017226841006 ], [ 8.562829247475822, 48.974686908480706 ], [ 8.568936914232026, 48.976439163573097 ], [ 8.569523546056127, 48.981262766311751 ], [ 8.573161531550761, 48.982585186827066 ], [ 8.572695708284277, 48.985357263909769 ], [ 8.576856797926668, 48.989693629039138 ], [ 8.601723937507561, 48.985539477002547 ], [ 8.614614639150512, 48.991997632459785 ], [ 8.625255668659527, 48.993532153053415 ], [ 8.639270366867233, 48.989572668867325 ], [ 8.647839563408477, 48.99020624058079 ], [ 8.647606682586844, 49.002353698499178 ], [ 8.653514870170364, 49.003213906900591 ], [ 8.660740838284582, 49.007594936949957 ], [ 8.665325847237886, 49.002206279280806 ], [ 8.668084985191303, 48.995927198363368 ], [ 8.671897118457441, 48.993358680757041 ], [ 8.682319178296769, 48.99470732590872 ], [ 8.683473091768843, 48.992377921664243 ], [ 8.687101813211044, 48.992589813808976 ], [ 8.701306752707014, 48.99626519548633 ], [ 8.703531449814472, 48.995635228447505 ], [ 8.704375085840852, 48.993534549503352 ], [ 8.706975199840643, 48.994206084311905 ], [ 8.710486462593893, 48.989098253974603 ], [ 8.723653156207462, 48.990163090708279 ], [ 8.723425021295688, 48.991535957741732 ], [ 8.726760455626511, 48.993037419720054 ], [ 8.734588327188327, 48.994699827460245 ], [ 8.7310115636784, 48.997171321859888 ], [ 8.739074193589806, 49.0017970346073 ], [ 8.734553738765079, 49.006511958704564 ], [ 8.73638246511843, 49.006990671666756 ], [ 8.735782740434828, 49.011434592044338 ], [ 8.729753056764721, 49.016242488221067 ], [ 8.730677322257753, 49.019019138607824 ], [ 8.732785165680712, 49.019358375544819 ], [ 8.732646652889828, 49.02726438177902 ], [ 8.7445145412626, 49.031917995861761 ], [ 8.743908545019258, 49.036996472064487 ], [ 8.755041259667603, 49.045123948251053 ], [ 8.761017362143674, 49.046017751234587 ], [ 8.759663757229344, 49.041039449593661 ], [ 8.764366422883231, 49.040797650663102 ], [ 8.77689013978042, 49.042277866388943 ], [ 8.778894197941263, 49.04595241721703 ], [ 8.796719386584334, 49.0454066142294 ], [ 8.803689909189561, 49.04333535929085 ], [ 8.807650325151357, 49.040057597417245 ], [ 8.801987127513692, 49.038046457973174 ], [ 8.803112948273174, 49.036381171794559 ], [ 8.812588282267939, 49.033456714857472 ], [ 8.822491331183103, 49.037492264794587 ], [ 8.827482453472362, 49.036010619480095 ], [ 8.838833904643895, 49.038168077365476 ], [ 8.836326674731714, 49.040244999187351 ], [ 8.836340128637223, 49.045022391478689 ], [ 8.834230607194796, 49.046268509642736 ], [ 8.835227779172733, 49.049899999190693 ], [ 8.838939013573111, 49.052231322768925 ], [ 8.839745992863476, 49.057029514158693 ], [ 8.841874059580933, 49.058842413784184 ], [ 8.835585405436408, 49.062167759852606 ], [ 8.866750118764273, 49.061683027462557 ] ] ] } },
{ "type": "Feature", "properties": { "OBJID": "DEBKGVG200000CCR", "BEGINN": "2022-12-20T00:00:00", "ADE": 4, "GF": 4, "BSG": 1, "LKZ": "BW", "ARS": "08237", "AGS": "08237", "SDV_ARS": "082375002028", "GEN": "Freudenstadt", "BEZ": "Landkreis", "IBZ": 43, "BEM": "--", "NBD": "ja", "SN_L": "08", "SN_R": "2", "SN_K": "37", "SN_V1": "00", "SN_V2": "00", "SN_G": "000", "FK_S3": "R", "NUTS": "DE12C", "ARS_0": "082370000000", "AGS_0": "08237000", "WSK": "2009-01-01T00:00:00", "DLM_ID": "DEBKGDL20000DXXM" }, "geometry": { "type": "Polygon", "coordinates": [ [ [ 8.755710559187802, 48.504140156215918 ], [ 8.765341352298554, 48.503545069937623 ], [ 8.76857978048727, 48.50191389448495 ], [ 8.770560369005484, 48.498724974772124 ], [ 8.769853385921319, 48.496906100122935 ], [ 8.772307105305215, 48.495253560278073 ], [ 8.77649165106817, 48.486491287321968 ], [ 8.778275752891563, 48.487162029862574 ], [ 8.779312993474042, 48.485370372422999 ], [ 8.785003052883972, 48.487464426091208 ], [ 8.795296059273042, 48.484844421773147 ], [ 8.795646039796734, 48.481791866435223 ], [ 8.798526669049677, 48.481818239545667 ], [ 8.800873828641334, 48.478121846177565 ], [ 8.806903149609246, 48.479014790110817 ], [ 8.806688226228362, 48.476628113504788 ], [ 8.808956454221926, 48.473303498372928 ], [ 8.813047467320198, 48.47383828491165 ], [ 8.814553644321048, 48.468599854283276 ], [ 8.818285999021128, 48.470185644455462 ], [ 8.818934886077582, 48.468621593577588 ], [ 8.821335090473397, 48.469224675667455 ], [ 8.824047072103333, 48.465074711368686 ], [ 8.828929358874214, 48.462693324982347 ], [ 8.817824819915122, 48.46236300640372 ], [ 8.818246638345919, 48.46071456874639 ], [ 8.809631927715932, 48.458784403126302 ], [ 8.810180119943047, 48.455833831223543 ], [ 8.80467182231888, 48.455983314966552 ], [ 8.805237693977388, 48.454481037739505 ], [ 8.790185797849313, 48.451865840392074 ], [ 8.788654536840404, 48.449260917288804 ], [ 8.789908658776215, 48.448192082929438 ], [ 8.780095477448858, 48.447374245664435 ], [ 8.778371383158156, 48.445590371984586 ], [ 8.77785420127042, 48.444605221611326 ], [ 8.780672736972654, 48.444028541577055 ], [ 8.782354557508008, 48.440789957183625 ], [ 8.780426063358883, 48.441047761322245 ], [ 8.776788036019703, 48.43803213064696 ], [ 8.772475404628414, 48.439205924537774 ], [ 8.769303449636149, 48.438114926607582 ], [ 8.770055313915325, 48.435057006792483 ], [ 8.764603853968623, 48.429054504241059 ], [ 8.764936626180855, 48.425768022991093 ], [ 8.770554458616164, 48.426251848618598 ], [ 8.771469869608074, 48.421760333260032 ], [ 8.777962649503069, 48.420791508642679 ], [ 8.767251538551138, 48.416873619721578 ], [ 8.774054824489305, 48.416278647668385 ], [ 8.765408359493854, 48.413744723397599 ], [ 8.766708435370258, 48.410947721127989 ], [ 8.765072814620055, 48.405921127916535 ], [ 8.761233709690513, 48.403342524342911 ], [ 8.760136655922535, 48.39848668533827 ], [ 8.756412454031508, 48.395738846177878 ], [ 8.757646973929457, 48.39482300635698 ], [ 8.7568095661769, 48.392930130051113 ], [ 8.748888187699658, 48.390133659581274 ], [ 8.74912020440553, 48.388176743499002 ], [ 8.75863450557671, 48.382625371568587 ], [ 8.73931404339247, 48.377750112286847 ], [ 8.72921044206141, 48.381266811552514 ], [ 8.717766300997997, 48.377799924921938 ], [ 8.715123717686531, 48.381039880006057 ], [ 8.716570701470904, 48.382457283611942 ], [ 8.712438004434706, 48.381383135774023 ], [ 8.711146113063862, 48.383115961126471 ], [ 8.7088071048228, 48.38246645581826 ], [ 8.707630259661855, 48.384755059057653 ], [ 8.696258625560397, 48.385553766163184 ], [ 8.69370024468145, 48.38829098223556 ], [ 8.69009484166539, 48.387197640770111 ], [ 8.689256050456052, 48.389432316551996 ], [ 8.687049684136628, 48.389575973444508 ], [ 8.689335828717637, 48.394578054075268 ], [ 8.679930192089222, 48.396563899261125 ], [ 8.675736153430323, 48.400851706783079 ], [ 8.654667806348051, 48.39460653941552 ], [ 8.649316326400452, 48.395296070005394 ], [ 8.640100981553324, 48.402294721536549 ], [ 8.626221269091996, 48.40108867088248 ], [ 8.616837208704005, 48.396791750011424 ], [ 8.606042956305892, 48.396175366857925 ], [ 8.598822236001451, 48.401145636261319 ], [ 8.595963735192871, 48.410984361736553 ], [ 8.584766856703068, 48.404235773434074 ], [ 8.574075940330884, 48.404391576175627 ], [ 8.562161519830866, 48.399623031395379 ], [ 8.555999590213881, 48.399694578871994 ], [ 8.552427870234849, 48.403238314881484 ], [ 8.545986325462517, 48.405586394758828 ], [ 8.530174401719618, 48.400702856870225 ], [ 8.522344409960908, 48.400598843968922 ], [ 8.515055604006431, 48.404803315725964 ], [ 8.510944769029981, 48.404243634084558 ], [ 8.516055952225292, 48.398453289398411 ], [ 8.523652377462389, 48.396304995561998 ], [ 8.518588007371717, 48.392958267024639 ], [ 8.518128965489046, 48.390953292006927 ], [ 8.522084018756397, 48.389096044359157 ], [ 8.521479227340375, 48.387086225049813 ], [ 8.500626682567832, 48.387054830573476 ], [ 8.489969612612949, 48.382124290777028 ], [ 8.483937132319376, 48.382050225879929 ], [ 8.48731027982342, 48.379152662889169 ], [ 8.489025943946174, 48.373868309540853 ], [ 8.485668883995343, 48.368323772567926 ], [ 8.487065494673409, 48.366385304845984 ], [ 8.4891548431634, 48.366783177593071 ], [ 8.492002040775317, 48.364829324054021 ], [ 8.495064429013629, 48.365856398641625 ], [ 8.500635993900659, 48.358033218908183 ], [ 8.500381837065014, 48.356386613580639 ], [ 8.499208854584829, 48.355597333841658 ], [ 8.495410040370617, 48.357740922004396 ], [ 8.49061818328715, 48.354162622314753 ], [ 8.491501356438061, 48.352215449175795 ], [ 8.484405861310078, 48.349024946052893 ], [ 8.478093013594092, 48.347876327573708 ], [ 8.476647032175393, 48.350253723098966 ], [ 8.472819585593504, 48.349430693511827 ], [ 8.473643206771916, 48.348013191394443 ], [ 8.47043508582586, 48.346859902850348 ], [ 8.473504541649312, 48.344415971275509 ], [ 8.477747486001828, 48.345039570660781 ], [ 8.478948050949056, 48.341896574302524 ], [ 8.485126815619562, 48.342308460463776 ], [ 8.483865038397187, 48.335304038400359 ], [ 8.48735389945133, 48.332428667384626 ], [ 8.495903962792028, 48.332800280884143 ], [ 8.502204819174771, 48.330774068405944 ], [ 8.498832494859945, 48.322852171925071 ], [ 8.499532611895306, 48.319905874726018 ], [ 8.495575697111486, 48.318727731740374 ], [ 8.494052162548043, 48.314436892299845 ], [ 8.474017594269624, 48.315689325852233 ], [ 8.458566524196888, 48.312732977151619 ], [ 8.444734077989633, 48.301116405115472 ], [ 8.438188648688348, 48.304501783490331 ], [ 8.437541192566353, 48.308357110736324 ], [ 8.434583386970136, 48.310721119390372 ], [ 8.436484675531373, 48.314561242214516 ], [ 8.431721027702048, 48.318807118999679 ], [ 8.433190000772688, 48.322027601422974 ], [ 8.429046034884751, 48.323712679135745 ], [ 8.421398372567126, 48.322777236200373 ], [ 8.416883103237074, 48.324301961932626 ], [ 8.405190981044804, 48.32333385310595 ], [ 8.403579576973566, 48.321909104367805 ], [ 8.395421627719564, 48.32282395849991 ], [ 8.383578741781589, 48.327238283450718 ], [ 8.377123601642698, 48.332717674892024 ], [ 8.363680866715708, 48.335363216011821 ], [ 8.364293519553529, 48.338640088464892 ], [ 8.3597988034276, 48.338382036547827 ], [ 8.358481299889114, 48.344395412222347 ], [ 8.359263487919037, 48.3500195976073 ], [ 8.35588058673329, 48.367502454530914 ], [ 8.360813021096259, 48.370010398593038 ], [ 8.357297007408171, 48.372153259628078 ], [ 8.359587678132657, 48.37750461933328 ], [ 8.353889789502677, 48.380281268922509 ], [ 8.353552606580058, 48.381812821024248 ], [ 8.33781734121016, 48.386497780883843 ], [ 8.32856012931447, 48.386954663206048 ], [ 8.327919362896163, 48.384351517650579 ], [ 8.322001899065565, 48.380578547017429 ], [ 8.319263361240113, 48.373135058477601 ], [ 8.315271715684249, 48.369098343311634 ], [ 8.31787750447956, 48.361534046031927 ], [ 8.32058074444082, 48.359531276282439 ], [ 8.319834557366983, 48.358002929388199 ], [ 8.303991927516574, 48.349094721617178 ], [ 8.299243238586193, 48.348766191373542 ], [ 8.291405136611246, 48.357703290925457 ], [ 8.28442622556747, 48.360414711123589 ], [ 8.275110211715932, 48.362853721335782 ], [ 8.269005124601446, 48.359220174196807 ], [ 8.266356569440953, 48.364187973851053 ], [ 8.26021318753094, 48.366746921916835 ], [ 8.254116144551572, 48.362310493825191 ], [ 8.251383843894285, 48.364837252049675 ], [ 8.253372599110525, 48.369178171059907 ], [ 8.251760682004662, 48.369567354393766 ], [ 8.264012973153239, 48.379275915353297 ], [ 8.255154507583558, 48.38034965529291 ], [ 8.254466733673752, 48.382709135446838 ], [ 8.250791632840794, 48.382437642776253 ], [ 8.247498313125215, 48.385338883355899 ], [ 8.247635425846678, 48.395136274317366 ], [ 8.24134118749792, 48.396735972800897 ], [ 8.23300080068811, 48.401827268367995 ], [ 8.241354630835534, 48.405812533374849 ], [ 8.24111849162186, 48.411357567027451 ], [ 8.246240537239522, 48.413837296873147 ], [ 8.254627556882046, 48.413927210270771 ], [ 8.255181941829186, 48.418337214576802 ], [ 8.25970352003881, 48.423178595494754 ], [ 8.255285687078398, 48.425796506883465 ], [ 8.253980848457591, 48.433954251470198 ], [ 8.261022814392321, 48.433422315340039 ], [ 8.263861620398099, 48.435164893555864 ], [ 8.264627948342579, 48.43717964449371 ], [ 8.263191008011532, 48.43996750487743 ], [ 8.268768441704724, 48.448973223828283 ], [ 8.26627947419731, 48.452906818797722 ], [ 8.266584966442684, 48.455692615189065 ], [ 8.264683309631499, 48.456630656890624 ], [ 8.264161116841985, 48.462858054049313 ], [ 8.265851018163678, 48.463467944578902 ], [ 8.26826226167009, 48.470412290654657 ], [ 8.2669863309, 48.472957030801268 ], [ 8.269283143391101, 48.474215058575055 ], [ 8.267798100936572, 48.477108670831953 ], [ 8.269728128622296, 48.478398019350294 ], [ 8.273775592355102, 48.476869373054981 ], [ 8.27543539914063, 48.477856321111801 ], [ 8.272436972208959, 48.481601112886338 ], [ 8.271289412306553, 48.486588586502037 ], [ 8.266746661742872, 48.490643965031836 ], [ 8.255447819635428, 48.493554741083294 ], [ 8.246672728810408, 48.492485707125532 ], [ 8.243561107864014, 48.493924567923074 ], [ 8.241367566626908, 48.492188570573518 ], [ 8.234265161047647, 48.49737784567025 ], [ 8.228345895450307, 48.497760197046624 ], [ 8.218828040921764, 48.507954666412815 ], [ 8.218581396826648, 48.511206143012657 ], [ 8.222360296324716, 48.514369647271543 ], [ 8.220387273879298, 48.51863812519472 ], [ 8.211038451897553, 48.521926615095552 ], [ 8.21252437726927, 48.523162823777 ], [ 8.215299684014004, 48.53505009881853 ], [ 8.220087079659322, 48.537829676659172 ], [ 8.21466620155673, 48.542215992612967 ], [ 8.214337080859275, 48.549244261551664 ], [ 8.218147978321317, 48.551490969632525 ], [ 8.214346574174568, 48.553670625758521 ], [ 8.212680617184123, 48.558278317490931 ], [ 8.222086796028471, 48.559713701554813 ], [ 8.228525260667116, 48.564353094270579 ], [ 8.229432090950956, 48.569040771130297 ], [ 8.235124160220179, 48.571694271680443 ], [ 8.236917156057562, 48.577826867472361 ], [ 8.235798181567374, 48.580245567665791 ], [ 8.228388743729511, 48.580093882380005 ], [ 8.227518108154257, 48.582774942921205 ], [ 8.220137446772418, 48.587220481980772 ], [ 8.219208070595984, 48.595783990868448 ], [ 8.206727119923205, 48.602192857173719 ], [ 8.209581748787384, 48.604662970237278 ], [ 8.216364874904396, 48.605522661386381 ], [ 8.224028146954831, 48.60206368493489 ], [ 8.231857667064912, 48.602296165275256 ], [ 8.244149076426199, 48.598444655248585 ], [ 8.260849223558973, 48.589258561751855 ], [ 8.275564840602701, 48.589150318719206 ], [ 8.291494532928439, 48.586694943144884 ], [ 8.309616026422027, 48.589653880607472 ], [ 8.31415393537142, 48.588962177040997 ], [ 8.315363067554461, 48.590152935301333 ], [ 8.319626848796201, 48.588782132473533 ], [ 8.323666447264623, 48.59207343404416 ], [ 8.330449650762946, 48.592098213069008 ], [ 8.341937248061544, 48.597279348443955 ], [ 8.35684353874314, 48.600033522782454 ], [ 8.358412752478113, 48.602906597184052 ], [ 8.352250739494826, 48.604226729494606 ], [ 8.349437781439971, 48.609569831670399 ], [ 8.365603082861869, 48.611240670897303 ], [ 8.364355449346439, 48.615147449641448 ], [ 8.382832695126332, 48.619711330168293 ], [ 8.381732759431305, 48.622183347373017 ], [ 8.387901211582086, 48.625263988041013 ], [ 8.386542448938606, 48.627618307963793 ], [ 8.388353106047232, 48.628480907587054 ], [ 8.385913989492902, 48.632149811403885 ], [ 8.389341231886066, 48.636686143061802 ], [ 8.39262147338952, 48.635848910399382 ], [ 8.409324349399984, 48.63945756742519 ], [ 8.414245171434143, 48.636122730220762 ], [ 8.404283876621637, 48.636911948311358 ], [ 8.411571509480172, 48.63453410056853 ], [ 8.418355176497917, 48.634913519999586 ], [ 8.418525680466351, 48.636958808846856 ], [ 8.422774485340021, 48.635994930999843 ], [ 8.430151460728272, 48.631041149519184 ], [ 8.433690814271575, 48.626627195652148 ], [ 8.443930313149741, 48.624699874024309 ], [ 8.443726604035932, 48.622720569910065 ], [ 8.447256018885433, 48.619049136850478 ], [ 8.454179298053178, 48.617463402877171 ], [ 8.455063286771162, 48.61436173824562 ], [ 8.459117309308915, 48.612698951829934 ], [ 8.467592055041017, 48.6054204754276 ], [ 8.471446816576039, 48.611869655261223 ], [ 8.475114584933719, 48.611423956632009 ], [ 8.492112630355523, 48.604176838384241 ], [ 8.494694663920622, 48.59779176856491 ], [ 8.501083320246092, 48.594129071884197 ], [ 8.522669074228155, 48.591197015176178 ], [ 8.530003477964099, 48.592578002272703 ], [ 8.535213765564958, 48.587535943142733 ], [ 8.539545777717207, 48.587755473051367 ], [ 8.543747639739109, 48.58585432435774 ], [ 8.543609201590263, 48.582996154432543 ], [ 8.562505766768162, 48.569070835242258 ], [ 8.568774672189344, 48.575054141252359 ], [ 8.575845407927785, 48.578108795935542 ], [ 8.578233746868067, 48.56680452233595 ], [ 8.576740961069881, 48.561965165798235 ], [ 8.561813355638504, 48.556347452455611 ], [ 8.559400226117958, 48.549744057446269 ], [ 8.575678949701558, 48.545040844144197 ], [ 8.577786118429096, 48.547605037179729 ], [ 8.586732259049283, 48.544719698016863 ], [ 8.58991227130727, 48.552078505539335 ], [ 8.594998822480266, 48.554360901625557 ], [ 8.5976160872842, 48.553956148340987 ], [ 8.602258698512429, 48.549898142353015 ], [ 8.602750308027082, 48.547010206485929 ], [ 8.606999257874019, 48.549232713277448 ], [ 8.614506493960358, 48.546032705623659 ], [ 8.614081686157887, 48.541950804030712 ], [ 8.618884202445775, 48.542113464279481 ], [ 8.629432037243987, 48.538556271910487 ], [ 8.62709309626681, 48.536562396570567 ], [ 8.622123189005857, 48.535851336966353 ], [ 8.618686867260314, 48.531368091381708 ], [ 8.610911461117984, 48.527541463359412 ], [ 8.612076387354245, 48.524721250891758 ], [ 8.604414015388105, 48.525088574319334 ], [ 8.602863782731525, 48.519344070752325 ], [ 8.600013095761293, 48.517793037725866 ], [ 8.598348919357568, 48.513590890149288 ], [ 8.6056188629574, 48.504864829919583 ], [ 8.60912405424023, 48.504529033215448 ], [ 8.616752819039625, 48.507474484457468 ], [ 8.619498385020037, 48.505776229558094 ], [ 8.621545930427638, 48.501457627814474 ], [ 8.635982809886661, 48.500357041706152 ], [ 8.639555237570843, 48.504082572788583 ], [ 8.6515222484738, 48.5043911142184 ], [ 8.656631554113053, 48.505294867971855 ], [ 8.663159784496028, 48.509145162466979 ], [ 8.67400517759109, 48.510161175734048 ], [ 8.676246347546297, 48.503794090905394 ], [ 8.684894846104523, 48.494652719238125 ], [ 8.692729172908557, 48.492438888584957 ], [ 8.691634431914457, 48.491952571171005 ], [ 8.694029139701611, 48.48774311291897 ], [ 8.693309830425941, 48.484142645029912 ], [ 8.702235624521244, 48.48387437739899 ], [ 8.703198714898386, 48.486750201953292 ], [ 8.716478353971503, 48.484716612010736 ], [ 8.715603836267265, 48.487960739273603 ], [ 8.734115741768477, 48.487104295295445 ], [ 8.733649379689423, 48.492520341268474 ], [ 8.741512775187449, 48.495110048666085 ], [ 8.73970124047179, 48.497689552705758 ], [ 8.740818712349839, 48.499353271368641 ], [ 8.7389376552694, 48.500852359045894 ], [ 8.739501486103096, 48.50436009290366 ], [ 8.752424582888912, 48.506705614365934 ], [ 8.755710559187802, 48.504140156215918 ] ] ] } },
{ "type": "Feature", "properties": { "OBJID": "DEBKGVG200000CCS", "BEGINN": "2025-01-04T00:00:00", "ADE": 4, "GF": 4, "BSG": 1, "LKZ": "BW", "ARS": "08311", "AGS": "08311", "SDV_ARS": "083110000000", "GEN": "Freiburg im Breisgau", "BEZ": "Stadtkreis", "IBZ": 41, "BEM": "--", "NBD": "ja", "SN_L": "08", "SN_R": "3", "SN_K": "11", "SN_V1": "00", "SN_V2": "00", "SN_G": "000", "FK_S3": "R", "NUTS": "DE131", "ARS_0": "083110000000", "AGS_0": "08311000", "WSK": "1978-01-01T00:00:00", "DLM_ID": "DEBKGDL20000E07G" }, "geometry": { "type": "Polygon", "coordinates": [ [ [ 7.824708065661198, 48.069025934260111 ], [ 7.835367584632695, 48.058093040403925 ], [ 7.85060231726749, 48.052035982979284 ], [ 7.854768941806762, 48.036395953577056 ], [ 7.858355968098255, 48.034602993639062 ], [ 7.866729316481676, 48.034139439419128 ], [ 7.872533211047776, 48.029456805205989 ], [ 7.875243226627442, 48.03144657280609 ], [ 7.881819822638362, 48.023005236275715 ], [ 7.89363610053862, 48.019273632400406 ], [ 7.898056303625991, 48.015499722540071 ], [ 7.888625122489202, 48.016774546090474 ], [ 7.884440557495179, 48.02130676073881 ], [ 7.87924612155564, 48.018959185705192 ], [ 7.875287662232337, 48.020789219529668 ], [ 7.872990873941165, 48.019609867304659 ], [ 7.872369101165781, 48.016409894736547 ], [ 7.873933616652107, 48.015365231266202 ], [ 7.888158704326423, 48.010150740498155 ], [ 7.90173377597969, 48.010073908204383 ], [ 7.907215652057708, 48.013274777814765 ], [ 7.913415976671339, 48.011856373093813 ], [ 7.921857475238705, 48.015626736513383 ], [ 7.926480048136976, 48.014007881299975 ], [ 7.928326251789918, 48.010735065832215 ], [ 7.928596021938921, 48.002681099517595 ], [ 7.927178610156806, 48.000874925977136 ], [ 7.929914556483523, 47.995947486184747 ], [ 7.929670064963521, 47.988809522021455 ], [ 7.92780729413969, 47.989332395969733 ], [ 7.926254131946012, 47.987515091830119 ], [ 7.927211434244708, 47.986234566596174 ], [ 7.925573673200438, 47.98610088221146 ], [ 7.924769055140246, 47.980465494242246 ], [ 7.914019078434354, 47.979393030511574 ], [ 7.917678886979289, 47.974730632818378 ], [ 7.924124080573841, 47.970574434113438 ], [ 7.921752637925628, 47.967514650457417 ], [ 7.918139323600917, 47.967465444056991 ], [ 7.915087882899243, 47.962824537594415 ], [ 7.920856531262022, 47.953139439481554 ], [ 7.924706747343937, 47.950936732632087 ], [ 7.924728693740827, 47.939991947083165 ], [ 7.913041295141893, 47.930074968072837 ], [ 7.907514676743285, 47.927776631843145 ], [ 7.906625789999395, 47.924571815510461 ], [ 7.909975176391265, 47.917600241824928 ], [ 7.909164125723215, 47.914442282717381 ], [ 7.893685638304881, 47.910135198617958 ], [ 7.891854389525406, 47.906244738493506 ], [ 7.884969989994479, 47.904207145217221 ], [ 7.871988511614554, 47.90450926100749 ], [ 7.865480075907795, 47.912525946906506 ], [ 7.862942672781815, 47.913360518140372 ], [ 7.862465118422126, 47.915376209812138 ], [ 7.864748343282613, 47.916749969419172 ], [ 7.863345337380605, 47.917834555211101 ], [ 7.862458703244353, 47.923833575566171 ], [ 7.867785837799167, 47.923428584606505 ], [ 7.865849053426786, 47.928545704233407 ], [ 7.868581555470005, 47.930672260503535 ], [ 7.8675947073021, 47.931749085122966 ], [ 7.869189834117641, 47.934056405585409 ], [ 7.874438075210206, 47.93099871591469 ], [ 7.877113723788606, 47.934795343067911 ], [ 7.878215104823997, 47.940865075366062 ], [ 7.876773575178557, 47.941199785924844 ], [ 7.878712623640381, 47.943503726858253 ], [ 7.879018604856292, 47.948583604877541 ], [ 7.871005747570406, 47.951485257581737 ], [ 7.868345905758476, 47.951151491818401 ], [ 7.869372759182911, 47.949722126078079 ], [ 7.858174729620668, 47.948828748334691 ], [ 7.855584159263446, 47.950205200781554 ], [ 7.854100457006267, 47.954986119176795 ], [ 7.84931250853244, 47.956812959040846 ], [ 7.848870741168015, 47.960790642048657 ], [ 7.846881123347316, 47.962403416824458 ], [ 7.834633459087365, 47.966642686256364 ], [ 7.836831885944623, 47.969735344524288 ], [ 7.836621822087319, 47.97263537165199 ], [ 7.82278374976903, 47.972423679829902 ], [ 7.816388670006483, 47.967692822802697 ], [ 7.802093621132925, 47.964060065079188 ], [ 7.790901626472605, 47.968832905291158 ], [ 7.780157530345565, 47.970824032917072 ], [ 7.767944240357648, 47.97840495988838 ], [ 7.763182867125001, 47.976829559717189 ], [ 7.75530571567734, 47.978517152096188 ], [ 7.755892728728448, 47.979401840875148 ], [ 7.749811239773586, 47.977957820001066 ], [ 7.738827879127356, 47.979009225909365 ], [ 7.731098396830451, 47.975752315915479 ], [ 7.727877708917953, 47.977783938638368 ], [ 7.72067945473515, 47.973491145410705 ], [ 7.723548574977555, 47.97103458951333 ], [ 7.719440185666184, 47.967072989526493 ], [ 7.717350326051577, 47.967399275392879 ], [ 7.700664812641922, 47.959213153963901 ], [ 7.689702338935368, 47.96335759944629 ], [ 7.687725745472089, 47.960990046106033 ], [ 7.683617729760233, 47.962193329848745 ], [ 7.677701849479006, 47.959387818482071 ], [ 7.671693788003554, 47.964227247949481 ], [ 7.668062976695425, 47.962601818639499 ], [ 7.662455039927259, 47.965568803047965 ], [ 7.667399054571756, 47.973136931703081 ], [ 7.678578255302428, 47.975259535644476 ], [ 7.680583930187834, 47.983487637725396 ], [ 7.682456355364806, 47.98331097134637 ], [ 7.684827362657725, 47.987877965577681 ], [ 7.679119616150589, 47.991343962082837 ], [ 7.679868534201818, 47.993070131150411 ], [ 7.678355902336075, 47.994236015574835 ], [ 7.679579666215845, 47.996837460521441 ], [ 7.708242257069808, 48.012117985571265 ], [ 7.704976490528278, 48.012466847395679 ], [ 7.706022414343374, 48.016270901689992 ], [ 7.703586421747761, 48.018693433412651 ], [ 7.703484324784306, 48.025983109050557 ], [ 7.701829185703513, 48.026084772768911 ], [ 7.708256096928904, 48.035265548408503 ], [ 7.713673875326659, 48.033030424014868 ], [ 7.716703766873874, 48.034421179632233 ], [ 7.721556080140002, 48.033908882469554 ], [ 7.728531817283246, 48.03530887845406 ], [ 7.731526547390445, 48.038343987533118 ], [ 7.734457444445827, 48.036546998519185 ], [ 7.733530041120198, 48.032997495031815 ], [ 7.74636766868887, 48.02631722013907 ], [ 7.751547025266594, 48.022763140831884 ], [ 7.750998283089338, 48.021329837486718 ], [ 7.758164906982331, 48.018588003172184 ], [ 7.758886753401297, 48.022211114693846 ], [ 7.76748853725556, 48.018563937456392 ], [ 7.768954861254579, 48.016096908377264 ], [ 7.778719722295927, 48.022979811554627 ], [ 7.777547855021536, 48.02566273077742 ], [ 7.779515320182208, 48.02718676088805 ], [ 7.78373933361419, 48.026455038897339 ], [ 7.789268214620795, 48.028570832800305 ], [ 7.786335752839893, 48.032878746725409 ], [ 7.790298893140109, 48.036655727561133 ], [ 7.790774617685639, 48.042397248180556 ], [ 7.794344403044746, 48.044737218027443 ], [ 7.79341240878122, 48.045317788809875 ], [ 7.79629650818403, 48.053537744078781 ], [ 7.792890916751671, 48.053441381221056 ], [ 7.797084598109513, 48.059063263898409 ], [ 7.795590854547806, 48.059112105524797 ], [ 7.796055166196988, 48.061057292493622 ], [ 7.805706823442023, 48.061874377598635 ], [ 7.80521314234598, 48.063889948029789 ], [ 7.815017489164337, 48.071111956610629 ], [ 7.817506174280267, 48.06952677763617 ], [ 7.824708065661198, 48.069025934260111 ] ] ] } },
{ "type": "Feature", "properties": { "OBJID": "DEBKGVG200000CCT", "BEGINN": "2025-01-04T00:00:00", "ADE": 4, "GF": 4, "BSG": 1, "LKZ": "BW", "ARS": "08315", "AGS": "08315", "SDV_ARS": "083110000000", "GEN": "Breisgau-Hochschwarzwald", "BEZ": "Landkreis", "IBZ": 43, "BEM": "--", "NBD": "ja", "SN_L": "08", "SN_R": "3", "SN_K": "15", "SN_V1": "00", "SN_V2": "00", "SN_G": "000", "FK_S3": "R", "NUTS": "DE132", "ARS_0": "083150000000", "AGS_0": "08315000", "WSK": "1978-01-01T00:00:00", "DLM_ID": "DEBKGDL20000E07H" }, "geometry": { "type": "Polygon", "coordinates": [ [ [ 7.824708065661198, 48.069025934260111 ], [ 7.817506174280267, 48.06952677763617 ], [ 7.815017489164337, 48.071111956610629 ], [ 7.80521314234598, 48.063889948029789 ], [ 7.805706823442023, 48.061874377598635 ], [ 7.796055166196988, 48.061057292493622 ], [ 7.795590854547806, 48.059112105524797 ], [ 7.797084598109513, 48.059063263898409 ], [ 7.792890916751671, 48.053441381221056 ], [ 7.79629650818403, 48.053537744078781 ], [ 7.79341240878122, 48.045317788809875 ], [ 7.794344403044746, 48.044737218027443 ], [ 7.790774617685639, 48.042397248180556 ], [ 7.790298893140109, 48.036655727561133 ], [ 7.786335752839893, 48.032878746725409 ], [ 7.789268214620795, 48.028570832800305 ], [ 7.78373933361419, 48.026455038897339 ], [ 7.779515320182208, 48.02718676088805 ], [ 7.777547855021536, 48.02566273077742 ], [ 7.778719722295927, 48.022979811554627 ], [ 7.768954861254579, 48.016096908377264 ], [ 7.76748853725556, 48.018563937456392 ], [ 7.758886753401297, 48.022211114693846 ], [ 7.758164906982331, 48.018588003172184 ], [ 7.750998283089338, 48.021329837486718 ], [ 7.751547025266594, 48.022763140831884 ], [ 7.74636766868887, 48.02631722013907 ], [ 7.733530041120198, 48.032997495031815 ], [ 7.734457444445827, 48.036546998519185 ], [ 7.731526547390445, 48.038343987533118 ], [ 7.728531817283246, 48.03530887845406 ], [ 7.721556080140002, 48.033908882469554 ], [ 7.716703766873874, 48.034421179632233 ], [ 7.713673875326659, 48.033030424014868 ], [ 7.708256096928904, 48.035265548408503 ], [ 7.701829185703513, 48.026084772768911 ], [ 7.703484324784306, 48.025983109050557 ], [ 7.703586421747761, 48.018693433412651 ], [ 7.706022414343374, 48.016270901689992 ], [ 7.704976490528278, 48.012466847395679 ], [ 7.708242257069808, 48.012117985571265 ], [ 7.679579666215845, 47.996837460521441 ], [ 7.678355902336075, 47.994236015574835 ], [ 7.679868534201818, 47.993070131150411 ], [ 7.679119616150589, 47.991343962082837 ], [ 7.684827362657725, 47.987877965577681 ], [ 7.682456355364806, 47.98331097134637 ], [ 7.680583930187834, 47.983487637725396 ], [ 7.678578255302428, 47.975259535644476 ], [ 7.667399054571756, 47.973136931703081 ], [ 7.662455039927259, 47.965568803047965 ], [ 7.668062976695425, 47.962601818639499 ], [ 7.671693788003554, 47.964227247949481 ], [ 7.677701849479006, 47.959387818482071 ], [ 7.683617729760233, 47.962193329848745 ], [ 7.687725745472089, 47.960990046106033 ], [ 7.689702338935368, 47.96335759944629 ], [ 7.700664812641922, 47.959213153963901 ], [ 7.717350326051577, 47.967399275392879 ], [ 7.719440185666184, 47.967072989526493 ], [ 7.723548574977555, 47.97103458951333 ], [ 7.72067945473515, 47.973491145410705 ], [ 7.727877708917953, 47.977783938638368 ], [ 7.731098396830451, 47.975752315915479 ], [ 7.738827879127356, 47.979009225909365 ], [ 7.749811239773586, 47.977957820001066 ], [ 7.755892728728448, 47.979401840875148 ], [ 7.75530571567734, 47.978517152096188 ], [ 7.763182867125001, 47.976829559717189 ], [ 7.767944240357648, 47.97840495988838 ], [ 7.780157530345565, 47.970824032917072 ], [ 7.790901626472605, 47.968832905291158 ], [ 7.802093621132925, 47.964060065079188 ], [ 7.816388670006483, 47.967692822802697 ], [ 7.82278374976903, 47.972423679829902 ], [ 7.836621822087319, 47.97263537165199 ], [ 7.836831885944623, 47.969735344524288 ], [ 7.834633459087365, 47.966642686256364 ], [ 7.846881123347316, 47.962403416824458 ], [ 7.848870741168015, 47.960790642048657 ], [ 7.84931250853244, 47.956812959040846 ], [ 7.854100457006267, 47.954986119176795 ], [ 7.855584159263446, 47.950205200781554 ], [ 7.858174729620668, 47.948828748334691 ], [ 7.869372759182911, 47.949722126078079 ], [ 7.868345905758476, 47.951151491818401 ], [ 7.871005747570406, 47.951485257581737 ], [ 7.879018604856292, 47.948583604877541 ], [ 7.878712623640381, 47.943503726858253 ], [ 7.876773575178557, 47.941199785924844 ], [ 7.878215104823997, 47.940865075366062 ], [ 7.877113723788606, 47.934795343067911 ], [ 7.874438075210206, 47.93099871591469 ], [ 7.869189834117641, 47.934056405585409 ], [ 7.867978917169155, 47.933094466384759 ], [ 7.868581555470005, 47.930672260503535 ], [ 7.865784793442525, 47.927758882648305 ], [ 7.867785837799167, 47.923428584606505 ], [ 7.862458703244353, 47.923833575566171 ], [ 7.863345337380605, 47.917834555211101 ], [ 7.864748343282613, 47.916749969419172 ], [ 7.862465118422126, 47.915376209812138 ], [ 7.871988511614554, 47.90450926100749 ], [ 7.884969989994479, 47.904207145217221 ], [ 7.891854389525406, 47.906244738493506 ], [ 7.893685638304881, 47.910135198617958 ], [ 7.909164125723215, 47.914442282717381 ], [ 7.909975176391265, 47.917600241824928 ], [ 7.906625789999395, 47.924571815510461 ], [ 7.907514676743285, 47.927776631843145 ], [ 7.913041295141893, 47.930074968072837 ], [ 7.924728693740827, 47.939991947083165 ], [ 7.924706747343937, 47.950936732632087 ], [ 7.920856531262022, 47.953139439481554 ], [ 7.915087882899243, 47.962824537594415 ], [ 7.918139323600917, 47.967465444056991 ], [ 7.921752637925628, 47.967514650457417 ], [ 7.924124080573841, 47.970574434113438 ], [ 7.917678886979289, 47.974730632818378 ], [ 7.914019078434354, 47.979393030511574 ], [ 7.924769055140246, 47.980465494242246 ], [ 7.925573673200438, 47.98610088221146 ], [ 7.927211434244708, 47.986234566596174 ], [ 7.926254131946012, 47.987515091830119 ], [ 7.92780729413969, 47.989332395969733 ], [ 7.929670064963521, 47.988809522021455 ], [ 7.929914556483523, 47.995947486184747 ], [ 7.927178610156806, 48.000874925977136 ], [ 7.928596021938921, 48.002681099517595 ], [ 7.928326251789918, 48.010735065832215 ], [ 7.926480048136976, 48.014007881299975 ], [ 7.921857475238705, 48.015626736513383 ], [ 7.913415976671339, 48.011856373093813 ], [ 7.907215652057708, 48.013274777814765 ], [ 7.90173377597969, 48.010073908204383 ], [ 7.888158704326423, 48.010150740498155 ], [ 7.873933616652107, 48.015365231266202 ], [ 7.872369101165781, 48.016409894736547 ], [ 7.872990873941165, 48.019609867304659 ], [ 7.875287662232337, 48.020789219529668 ], [ 7.87924612155564, 48.018959185705192 ], [ 7.884440557495179, 48.02130676073881 ], [ 7.888625122489202, 48.016774546090474 ], [ 7.898056303625991, 48.015499722540071 ], [ 7.89363610053862, 48.019273632400406 ], [ 7.881819822638362, 48.023005236275715 ], [ 7.875243226627442, 48.03144657280609 ], [ 7.872533211047776, 48.029456805205989 ], [ 7.866729316481676, 48.034139439419128 ], [ 7.858355968098255, 48.034602993639062 ], [ 7.854768941806762, 48.036395953577056 ], [ 7.85060231726749, 48.052035982979284 ], [ 7.851776907592093, 48.054394000507493 ], [ 7.86577245244657, 48.055847085580282 ], [ 7.887300108829382, 48.053135203189846 ], [ 7.902246446910205, 48.057297029974066 ], [ 7.90776003031895, 48.056750434127927 ], [ 7.91367031511423, 48.055826669012461 ], [ 7.910272323733333, 48.051606266860851 ], [ 7.912340779455367, 48.048749550848719 ], [ 7.917169510778621, 48.04691472808873 ], [ 7.920490318123472, 48.050715269646965 ], [ 7.920775546378684, 48.053671955371648 ], [ 7.918323743327099, 48.057725637735096 ], [ 7.919519679596205, 48.057698629759138 ], [ 7.919290134008627, 48.06208134256751 ], [ 7.921435137869413, 48.065372826960584 ], [ 7.924160620747784, 48.063548041582756 ], [ 7.928320143799827, 48.063807577714918 ], [ 7.932530382330055, 48.061549697880622 ], [ 7.942476870497925, 48.060485905897998 ], [ 7.946900106868917, 48.057675878198552 ], [ 7.951070948266397, 48.057449128853364 ], [ 7.955867092378139, 48.063559748092906 ], [ 7.958498019332714, 48.063800647135842 ], [ 7.962127353741477, 48.061851992312107 ], [ 7.971572893340521, 48.063428347770319 ], [ 7.976559899883931, 48.061681418745778 ], [ 7.987408829053852, 48.063474302176566 ], [ 7.997220010884222, 48.062692694518169 ], [ 8.004106504888558, 48.059280898086016 ], [ 8.014387157524402, 48.062401546856989 ], [ 8.018672139474187, 48.059018727964066 ], [ 8.034606857194513, 48.057578557150798 ], [ 8.045374159608187, 48.059572175859138 ], [ 8.048539416263866, 48.058738723922637 ], [ 8.051789813402555, 48.061904894915429 ], [ 8.057795445706697, 48.063412928694731 ], [ 8.066659284289099, 48.062971420654755 ], [ 8.074012223408824, 48.056424943580474 ], [ 8.075049272913976, 48.047346180015303 ], [ 8.076943370748278, 48.044239008015523 ], [ 8.091641868438904, 48.04348495250639 ], [ 8.092573485505273, 48.042534103693214 ], [ 8.09064602052694, 48.039164104475802 ], [ 8.093330379374244, 48.036920716206446 ], [ 8.094036773655121, 48.038932807179137 ], [ 8.0985334329804, 48.039948772595601 ], [ 8.100752995444358, 48.034574253850231 ], [ 8.104931039713559, 48.033586416964752 ], [ 8.10469760250878, 48.03204342095264 ], [ 8.110633523076318, 48.028530640215436 ], [ 8.109947618007311, 48.026914843121169 ], [ 8.112194726256526, 48.025362998043583 ], [ 8.112475066099728, 48.022895910122969 ], [ 8.120071782972255, 48.020489070523617 ], [ 8.116853170062816, 48.020239240317082 ], [ 8.117321673918132, 48.017781606426645 ], [ 8.121380179600488, 48.01809826603818 ], [ 8.119464781273104, 48.016733624154746 ], [ 8.122484824157779, 48.010477908035604 ], [ 8.127639845441635, 48.011695847540921 ], [ 8.130785251620692, 48.008157618587624 ], [ 8.139174460581069, 48.008725459257462 ], [ 8.141706765816753, 48.00789867199591 ], [ 8.147469345790579, 48.001396195751788 ], [ 8.156288080040694, 48.00142526206465 ], [ 8.161833560335696, 47.999471930650721 ], [ 8.163624147027759, 47.998195250221563 ], [ 8.161187756950969, 47.996418482928817 ], [ 8.161524982050503, 47.993826692543948 ], [ 8.164583832413271, 47.992327066747549 ], [ 8.174171439123493, 47.994986327228183 ], [ 8.177665795400651, 47.992513752711979 ], [ 8.191007811477856, 47.993660931705563 ], [ 8.194289621174407, 47.989927085217573 ], [ 8.193970809171809, 47.986735889692291 ], [ 8.196533965769696, 47.983768245183626 ], [ 8.214415625079976, 47.989033666720516 ], [ 8.215626619406036, 47.993443453390093 ], [ 8.218656517849535, 47.996641500915146 ], [ 8.222619593029371, 47.997608245827983 ], [ 8.239500331859384, 47.993215827836181 ], [ 8.248461400257339, 47.996188179746206 ], [ 8.253100717697487, 47.994637797109242 ], [ 8.25451366417691, 47.991852067969774 ], [ 8.270389516068839, 47.993318522749 ], [ 8.282368051150463, 47.987024158346806 ], [ 8.294745238236514, 47.988524090434915 ], [ 8.299287105183355, 47.991511050038554 ], [ 8.30804681975677, 47.993053597108251 ], [ 8.3140850676961, 47.992230083700122 ], [ 8.319667870964224, 47.988672471020436 ], [ 8.321411835949494, 47.984234358816124 ], [ 8.320135881553211, 47.978676125579071 ], [ 8.314342074383429, 47.976750295822278 ], [ 8.316216705076748, 47.972822089321895 ], [ 8.314570202826747, 47.970388282963967 ], [ 8.305949122914713, 47.970664049571702 ], [ 8.306984974466806, 47.965710547962033 ], [ 8.30048159611408, 47.966675703169066 ], [ 8.296277440137239, 47.962909740949662 ], [ 8.293934362725517, 47.96277488528338 ], [ 8.295682791946206, 47.958690467887656 ], [ 8.293271691252468, 47.958270938037209 ], [ 8.290782042223571, 47.960954370867086 ], [ 8.28773560326062, 47.9611176402531 ], [ 8.281054407053475, 47.95844653761268 ], [ 8.276878971830776, 47.959602741551528 ], [ 8.269865213916134, 47.953048478734033 ], [ 8.28213106594049, 47.950869857776134 ], [ 8.300961214797818, 47.952089199449198 ], [ 8.302734758035804, 47.949806739547888 ], [ 8.314064481655748, 47.951872151238121 ], [ 8.316145645345902, 47.950214187909026 ], [ 8.316430868128256, 47.946488140382392 ], [ 8.314485412500954, 47.945990697674873 ], [ 8.314476589711589, 47.943523602686071 ], [ 8.337665667915847, 47.939110702427904 ], [ 8.346256463893186, 47.935717972257905 ], [ 8.350568437469917, 47.931230360167376 ], [ 8.35848412694852, 47.928530039977097 ], [ 8.35615012792405, 47.925935794649568 ], [ 8.364735206219645, 47.921761747858589 ], [ 8.370523991882582, 47.921712552891975 ], [ 8.369480363370105, 47.92084617316047 ], [ 8.371034224414705, 47.919554647240503 ], [ 8.380403490280319, 47.916232130227435 ], [ 8.3782749478759, 47.915272470910629 ], [ 8.380188825480932, 47.913742947076656 ], [ 8.384632516253903, 47.913180740471866 ], [ 8.383148637514081, 47.912179625731788 ], [ 8.388934695692082, 47.912262568794759 ], [ 8.396884373123052, 47.909097464946676 ], [ 8.400114428684635, 47.90567534635646 ], [ 8.409849492879305, 47.904451300663126 ], [ 8.412585040016399, 47.901104786927867 ], [ 8.412097078046255, 47.899271396800295 ], [ 8.405253018353294, 47.896500751462149 ], [ 8.405551398360929, 47.895248485290495 ], [ 8.416315126845024, 47.893783775199523 ], [ 8.421935306321393, 47.88999265580555 ], [ 8.419236064333152, 47.888661743119087 ], [ 8.422218331395296, 47.88637998569758 ], [ 8.421112682680732, 47.884594059473969 ], [ 8.422441331734049, 47.882633817602944 ], [ 8.426529809359042, 47.880549479110726 ], [ 8.43065677009996, 47.880671831974873 ], [ 8.435327753539108, 47.878460233153668 ], [ 8.434676665745949, 47.877115726672422 ], [ 8.439176851437013, 47.87689143418153 ], [ 8.43930429886893, 47.874681437169848 ], [ 8.437053369831917, 47.873544655736531 ], [ 8.438940714809322, 47.870251006534943 ], [ 8.4360790598965, 47.866389503527003 ], [ 8.439641631268383, 47.864886674690545 ], [ 8.437592250680414, 47.861469960560228 ], [ 8.433798755042863, 47.860042296896943 ], [ 8.437559691432222, 47.857163544762344 ], [ 8.439033563463845, 47.853638514060833 ], [ 8.435952193773145, 47.851637949115243 ], [ 8.429135279996565, 47.853915400041117 ], [ 8.411285187709858, 47.851807650063449 ], [ 8.410751705865415, 47.850206018302266 ], [ 8.407635441262038, 47.850299206492153 ], [ 8.406887320374274, 47.848091038184194 ], [ 8.403858031942764, 47.848193801350028 ], [ 8.404695093149238, 47.845465703019272 ], [ 8.399248243292901, 47.845815807548391 ], [ 8.398384735804054, 47.842849352710708 ], [ 8.394126526839401, 47.843266882635277 ], [ 8.391084370265345, 47.84085305360221 ], [ 8.383934427417309, 47.840310308355711 ], [ 8.377650230846276, 47.841829790885967 ], [ 8.36950709610305, 47.838911658068888 ], [ 8.368281820091584, 47.841347116013111 ], [ 8.357528265508289, 47.844796078991394 ], [ 8.356047061875257, 47.842998536621472 ], [ 8.346384457291313, 47.844164388030343 ], [ 8.342926292328256, 47.842728327130231 ], [ 8.330605908372593, 47.845719350375781 ], [ 8.327391204631837, 47.84327646721615 ], [ 8.324349098127243, 47.844952545852173 ], [ 8.321087164779573, 47.841985156255909 ], [ 8.310495781489657, 47.844888162484864 ], [ 8.307244924286312, 47.848320604986874 ], [ 8.295683246882289, 47.846685162082807 ], [ 8.29208233770801, 47.848356767201217 ], [ 8.290931962701618, 47.853179943402253 ], [ 8.288128173849879, 47.854040334625715 ], [ 8.273594313356565, 47.851344253972577 ], [ 8.264664245598105, 47.852078979632438 ], [ 8.259199161761781, 47.850042765312743 ], [ 8.253111138286297, 47.844378812837292 ], [ 8.257955666019756, 47.838502835401329 ], [ 8.250312694290926, 47.837478568328024 ], [ 8.247808607850905, 47.835277949047857 ], [ 8.227627374965188, 47.833879659093178 ], [ 8.22788838561763, 47.832266594954554 ], [ 8.230686883841642, 47.831227826581262 ], [ 8.234033521614409, 47.824412501443057 ], [ 8.227353923325333, 47.82216818825021 ], [ 8.217816742267404, 47.824328394964517 ], [ 8.211601745313542, 47.822747052131923 ], [ 8.212474839717899, 47.817890751288417 ], [ 8.222091881547483, 47.808399642826679 ], [ 8.219292894442727, 47.800005479873704 ], [ 8.227004562086654, 47.794519828282873 ], [ 8.222258155906298, 47.792635876287427 ], [ 8.21491319331289, 47.79458765656598 ], [ 8.207515494063387, 47.785453269896159 ], [ 8.212470918286519, 47.780126548073845 ], [ 8.211519549425038, 47.776752829915701 ], [ 8.217033795740594, 47.773164012091939 ], [ 8.216920652676588, 47.766787958621144 ], [ 8.219978710252784, 47.767748318213748 ], [ 8.228324180443975, 47.766620460204841 ], [ 8.231759677881323, 47.762654970384226 ], [ 8.22800923998239, 47.762145300298748 ], [ 8.219482376651069, 47.764520886550336 ], [ 8.211052364455739, 47.764344088190008 ], [ 8.200238482184702, 47.761785286539315 ], [ 8.194686815776842, 47.762809920869238 ], [ 8.192365275787646, 47.754976884456283 ], [ 8.19592597076338, 47.751518674482384 ], [ 8.193049017382153, 47.747447760651305 ], [ 8.190643260139241, 47.749869380930697 ], [ 8.191865329055423, 47.752217031516025 ], [ 8.188978071847664, 47.755713121262389 ], [ 8.191146433210156, 47.759192329412613 ], [ 8.189159695030924, 47.761256358670813 ], [ 8.192663349338492, 47.763686109182721 ], [ 8.190587476746371, 47.767660438634138 ], [ 8.185030538437745, 47.768706512668764 ], [ 8.186277111494816, 47.771060819079288 ], [ 8.18385183163541, 47.773697444207876 ], [ 8.184992075920848, 47.775689250693688 ], [ 8.182927741721247, 47.777192051067651 ], [ 8.183250029807811, 47.783329800076046 ], [ 8.173153025651983, 47.781593680080427 ], [ 8.172168149212196, 47.7773495299692 ], [ 8.167250228349861, 47.774708844831558 ], [ 8.161042475449589, 47.773973436282375 ], [ 8.160262209362934, 47.772419155622558 ], [ 8.154446502529662, 47.772707814238863 ], [ 8.145921468187613, 47.786505986568216 ], [ 8.134861145451225, 47.785385517420401 ], [ 8.134482483647947, 47.788210752738465 ], [ 8.1298900058624, 47.792246169513191 ], [ 8.123451948135143, 47.790712368756544 ], [ 8.120643741982228, 47.788340268468382 ], [ 8.117455176812484, 47.790275824433436 ], [ 8.1147936045835, 47.793454696259744 ], [ 8.122417870826787, 47.79362013050423 ], [ 8.124565887414857, 47.801985349326458 ], [ 8.106928942352223, 47.805987955945398 ], [ 8.098913423631913, 47.805308304567191 ], [ 8.099685915712822, 47.80671905429336 ], [ 8.093525610647717, 47.814829027949649 ], [ 8.0940962509841, 47.818195644595612 ], [ 8.089689740405728, 47.821776175490356 ], [ 8.085418283303776, 47.831060575863916 ], [ 8.086152726273939, 47.838180667233352 ], [ 8.080632840949676, 47.840989962279515 ], [ 8.079390011725502, 47.848102310375033 ], [ 8.077040665697002, 47.84833796024418 ], [ 8.074596171320891, 47.854056798845818 ], [ 8.071261848074091, 47.853237289056345 ], [ 8.071571464877266, 47.85499530038431 ], [ 8.067760790480156, 47.855424416224395 ], [ 8.067156921333414, 47.857352438569805 ], [ 8.055583630451221, 47.858237701741594 ], [ 8.043170569740557, 47.855161829598217 ], [ 8.042860606787665, 47.85272380060519 ], [ 8.028056390562554, 47.850405405987878 ], [ 8.027235610407129, 47.845710696769544 ], [ 8.017967747928941, 47.841120371867412 ], [ 8.01844094404219, 47.846231900361296 ], [ 8.007849198217563, 47.845225569267505 ], [ 8.014123238981703, 47.849968328455311 ], [ 8.020575659049271, 47.851989362602978 ], [ 8.020031235964153, 47.856238483736348 ], [ 8.022338700816018, 47.859736059549739 ], [ 8.018854577864651, 47.860466304892029 ], [ 8.016337114055288, 47.864563713116496 ], [ 8.012645850581524, 47.866215314866686 ], [ 8.003859545777171, 47.866599413690231 ], [ 7.999596710385252, 47.865269903921508 ], [ 7.991614672754874, 47.866660635335265 ], [ 7.984271403937242, 47.865205778437094 ], [ 7.98341026295267, 47.866633791860664 ], [ 7.970923900945238, 47.868539674363859 ], [ 7.953983046592287, 47.875430482557526 ], [ 7.947102831785634, 47.87613325918624 ], [ 7.942327577934651, 47.879295063802353 ], [ 7.932423125830506, 47.874377318662134 ], [ 7.929237897804155, 47.876766535890404 ], [ 7.918310781342234, 47.876877584912393 ], [ 7.913119205059777, 47.878760272795404 ], [ 7.909684956025483, 47.875926967333974 ], [ 7.905481797688651, 47.875782261269855 ], [ 7.895845992360945, 47.880310461080029 ], [ 7.88987398661572, 47.878971837019023 ], [ 7.889451618545301, 47.87279231893293 ], [ 7.88593217666056, 47.869074858750501 ], [ 7.887774343511636, 47.867347251218781 ], [ 7.882658996932245, 47.863744394416592 ], [ 7.880051390568711, 47.857971151509162 ], [ 7.87699848433465, 47.856575860451514 ], [ 7.878782056174676, 47.850907990380321 ], [ 7.877593418698355, 47.84938657934282 ], [ 7.869627067498564, 47.847693093798767 ], [ 7.856520341276123, 47.838949889580654 ], [ 7.84427377616267, 47.837906211765663 ], [ 7.841924190743701, 47.836140307071794 ], [ 7.849477442613874, 47.831530588802408 ], [ 7.846422997932765, 47.827220585070883 ], [ 7.843426401573497, 47.827215434241978 ], [ 7.836761662231954, 47.822620049688169 ], [ 7.826508236515876, 47.821338636785583 ], [ 7.821973653415377, 47.819015118843737 ], [ 7.822305758037734, 47.814850423253546 ], [ 7.81886419912983, 47.811834133112733 ], [ 7.806070113197855, 47.811662883816574 ], [ 7.802603094845976, 47.809625692660589 ], [ 7.801343877683517, 47.80529579183969 ], [ 7.794766339633199, 47.805474628488078 ], [ 7.78837413064932, 47.802024400768097 ], [ 7.777243490576123, 47.803204066602426 ], [ 7.778903262183154, 47.797534750970698 ], [ 7.783578861985711, 47.794296819131887 ], [ 7.775949476272799, 47.790329385108087 ], [ 7.765652545700377, 47.792886603621398 ], [ 7.757129940636309, 47.790136492595465 ], [ 7.724270752332831, 47.789233178098812 ], [ 7.718333754879273, 47.783964178640986 ], [ 7.704825690767706, 47.783713943352097 ], [ 7.70174629834694, 47.779565417492101 ], [ 7.691799732953884, 47.780082843706985 ], [ 7.68411751386164, 47.774389668325462 ], [ 7.672326122269854, 47.771305472007512 ], [ 7.662501633769943, 47.776761150166791 ], [ 7.652964839979909, 47.771912194578469 ], [ 7.649475673382709, 47.767319780522435 ], [ 7.639468793605936, 47.765735575491703 ], [ 7.627309543127758, 47.759641855231763 ], [ 7.624130679968891, 47.760637267022098 ], [ 7.619654976707437, 47.757092477807085 ], [ 7.61471970788675, 47.75984892040276 ], [ 7.615673213277636, 47.774174281153627 ], [ 7.607500076770288, 47.775450726950623 ], [ 7.593810435398379, 47.772271563806399 ], [ 7.587668473736159, 47.773034035396151 ], [ 7.58254936345416, 47.766619372176727 ], [ 7.580749684632657, 47.766598171680073 ], [ 7.58258305262305, 47.772457742303423 ], [ 7.573550189442511, 47.775561037334732 ], [ 7.570551878286989, 47.770758636617522 ], [ 7.572417665347332, 47.770341069739843 ], [ 7.568572360462318, 47.762838299425638 ], [ 7.566716101197115, 47.763192902555694 ], [ 7.559117747418346, 47.752065490619216 ], [ 7.55599567888088, 47.751910743574719 ], [ 7.553382796280541, 47.747630948668274 ], [ 7.553441831333767, 47.74439472925328 ], [ 7.545990552428392, 47.743574165614717 ], [ 7.530711395375939, 47.771772372376333 ], [ 7.529846167104715, 47.781258245982073 ], [ 7.549950207754696, 47.823323052658957 ], [ 7.56003127777166, 47.836360395494069 ], [ 7.562921404310861, 47.842692370059595 ], [ 7.562855886172721, 47.853799685893378 ], [ 7.555598572198446, 47.868797321452661 ], [ 7.556309758601523, 47.877526901144115 ], [ 7.56245049844395, 47.884917583777231 ], [ 7.574890870424873, 47.890648968926811 ], [ 7.579778033760698, 47.894892157790174 ], [ 7.582792905397002, 47.901369871645151 ], [ 7.580551626232653, 47.924150082701296 ], [ 7.582469792785894, 47.929863401418125 ], [ 7.587991154411827, 47.937121913268754 ], [ 7.609557864830437, 47.954229994833398 ], [ 7.620942016545575, 47.968981386221685 ], [ 7.621952269808682, 47.972806426886848 ], [ 7.618514332125959, 47.985796507074497 ], [ 7.610186774618916, 47.998686282269119 ], [ 7.571659433733652, 48.030356172750317 ], [ 7.568529046884807, 48.035184227707781 ], [ 7.573904759234945, 48.054856085688819 ], [ 7.569174474334295, 48.080046918981857 ], [ 7.571614270725456, 48.088460603331434 ], [ 7.579012269120648, 48.099786245202836 ], [ 7.579558384603349, 48.104943348771478 ], [ 7.57729115011863, 48.11565498258333 ], [ 7.591404309873203, 48.108041185335992 ], [ 7.602627417510185, 48.110434222569275 ], [ 7.605107517988597, 48.108007716945949 ], [ 7.615627694358036, 48.106818371770707 ], [ 7.618514620772209, 48.110276781230951 ], [ 7.638115466146487, 48.111626342716164 ], [ 7.639741129887812, 48.113009144051389 ], [ 7.64324104652828, 48.111991453850315 ], [ 7.648425640391255, 48.107497399363361 ], [ 7.654087417590212, 48.110467398710313 ], [ 7.667612975063639, 48.10969555278205 ], [ 7.669110775815065, 48.111539667292135 ], [ 7.673469020185904, 48.110500526217422 ], [ 7.681592941320065, 48.115711192817528 ], [ 7.689062277339211, 48.116767714633255 ], [ 7.69050143519446, 48.113798581555841 ], [ 7.700589373944921, 48.111041197343127 ], [ 7.700402963397304, 48.106459155810349 ], [ 7.705362703272751, 48.106396670395227 ], [ 7.71775193793145, 48.110500283550067 ], [ 7.726584241075473, 48.110209500638824 ], [ 7.733672174268875, 48.107441762414851 ], [ 7.749434410511819, 48.112820562360419 ], [ 7.756998551673538, 48.107190598657375 ], [ 7.757324166221899, 48.102850109918748 ], [ 7.762739706253399, 48.100376658568955 ], [ 7.754485832652708, 48.086636095421035 ], [ 7.754854074527924, 48.084451460076323 ], [ 7.757531280546758, 48.08442407035524 ], [ 7.756954784545211, 48.08265002037232 ], [ 7.769747301140398, 48.087346050605284 ], [ 7.777307050095263, 48.085869821371965 ], [ 7.779079164283147, 48.082468607495748 ], [ 7.782653325741183, 48.082869132981052 ], [ 7.783493597170435, 48.081404009397033 ], [ 7.782346045421687, 48.080192849808356 ], [ 7.786047422741663, 48.08025751525566 ], [ 7.785424195458192, 48.085963056972965 ], [ 7.807144675416855, 48.074696837690226 ], [ 7.822419594454357, 48.071540397430248 ], [ 7.824708065661198, 48.069025934260111 ] ] ] } },
{ "type": "Feature", "properties": { "OBJID": "DEBKGVG200000CCU", "BEGINN": "2025-01-04T00:00:00", "ADE": 4, "GF": 4, "BSG": 1, "LKZ": "BW", "ARS": "08316", "AGS": "08316", "SDV_ARS": "083165003011", "GEN": "Emmendingen", "BEZ": "Landkreis", "IBZ": 43, "BEM": "--", "NBD": "ja", "SN_L": "08", "SN_R": "3", "SN_K": "16", "SN_V1": "00", "SN_V2": "00", "SN_G": "000", "FK_S3": "R", "NUTS": "DE133", "ARS_0": "083160000000", "AGS_0": "08316000", "WSK": "2009-01-01T00:00:00", "DLM_ID": "DEBKGDL20000E6TH" }, "geometry": { "type": "Polygon", "coordinates": [ [ [ 8.180335157348198, 48.183919964748291 ], [ 8.171760615511905, 48.1800960004785 ], [ 8.167269817101557, 48.174406360461951 ], [ 8.154601250644239, 48.173309241639451 ], [ 8.143632551139184, 48.165933131506712 ], [ 8.136297213192332, 48.163859792783832 ], [ 8.13482920370542, 48.158602534446921 ], [ 8.139892853466675, 48.155050787551808 ], [ 8.139092975866722, 48.14959211580581 ], [ 8.142238727485291, 48.143408759112887 ], [ 8.142070348914297, 48.140473064597458 ], [ 8.134888451957778, 48.136406189374114 ], [ 8.128831702234262, 48.135502078219439 ], [ 8.125374131322614, 48.131694802879295 ], [ 8.128345374689006, 48.129552230451104 ], [ 8.127145567281245, 48.125608129025771 ], [ 8.132691794547009, 48.117823805808889 ], [ 8.143185148120986, 48.112714513260961 ], [ 8.142679430136553, 48.110374231005927 ], [ 8.148011229329899, 48.104051020863487 ], [ 8.149466392062582, 48.104082198009685 ], [ 8.150389201529668, 48.100502425118997 ], [ 8.153478540069942, 48.099633175156868 ], [ 8.152053678160559, 48.094880963893637 ], [ 8.149536763867165, 48.094422471480414 ], [ 8.15115365997374, 48.09329109093958 ], [ 8.148744845117289, 48.088262657159007 ], [ 8.146317792903231, 48.087365202981836 ], [ 8.147983372371231, 48.085656142055278 ], [ 8.145392305808631, 48.085384710035697 ], [ 8.154148035211469, 48.078818043613254 ], [ 8.156482353637125, 48.07911976336122 ], [ 8.156004049984309, 48.077607606087597 ], [ 8.15898664795837, 48.077257597145056 ], [ 8.161282534730708, 48.079301619664591 ], [ 8.166782706004371, 48.075635253887363 ], [ 8.160642675658469, 48.069490894210666 ], [ 8.154014836606381, 48.069497808658397 ], [ 8.152789785809849, 48.067769976732684 ], [ 8.148186381906603, 48.067303837906692 ], [ 8.140382017721732, 48.072011350304699 ], [ 8.128957207211869, 48.073509729403973 ], [ 8.125617578204166, 48.071521819136159 ], [ 8.12237952340643, 48.071883366740707 ], [ 8.12194818891998, 48.07025514504479 ], [ 8.117668592859108, 48.068291568367385 ], [ 8.117545733341395, 48.066670030649902 ], [ 8.109875848299705, 48.063642627399041 ], [ 8.112945281451882, 48.05832276439952 ], [ 8.11190504087765, 48.05736477037545 ], [ 8.125280832917412, 48.052340072606626 ], [ 8.124596866843058, 48.043988227547892 ], [ 8.128698312142546, 48.04097427363623 ], [ 8.115888685140783, 48.035852713922438 ], [ 8.117332860442001, 48.030197042557894 ], [ 8.114500206505689, 48.027589629642662 ], [ 8.125239451915396, 48.021743359021485 ], [ 8.124057337225299, 48.019289520675279 ], [ 8.127409356455701, 48.0152944438791 ], [ 8.134230574362508, 48.014842138491808 ], [ 8.133106955696071, 48.012839344095099 ], [ 8.136036742757678, 48.009324787904148 ], [ 8.1328517714671, 48.008382161721627 ], [ 8.130785251620692, 48.008157618587624 ], [ 8.127639845441635, 48.011695847540921 ], [ 8.122484824157779, 48.010477908035604 ], [ 8.119464781273104, 48.016733624154746 ], [ 8.121380179600488, 48.01809826603818 ], [ 8.117321673918132, 48.017781606426645 ], [ 8.116853170062816, 48.020239240317082 ], [ 8.120071782972255, 48.020489070523617 ], [ 8.112475066099728, 48.022895910122969 ], [ 8.112194726256526, 48.025362998043583 ], [ 8.109947618007311, 48.026914843121169 ], [ 8.110633523076318, 48.028530640215436 ], [ 8.10469760250878, 48.03204342095264 ], [ 8.104931039713559, 48.033586416964752 ], [ 8.100752995444358, 48.034574253850231 ], [ 8.0985334329804, 48.039948772595601 ], [ 8.094036773655121, 48.038932807179137 ], [ 8.093330379374244, 48.036920716206446 ], [ 8.09064602052694, 48.039164104475802 ], [ 8.092573485505273, 48.042534103693214 ], [ 8.091641868438904, 48.04348495250639 ], [ 8.076943370748278, 48.044239008015523 ], [ 8.075049272913976, 48.047346180015303 ], [ 8.074012223408824, 48.056424943580474 ], [ 8.066659284289099, 48.062971420654755 ], [ 8.057795445706697, 48.063412928694731 ], [ 8.051789813402555, 48.061904894915429 ], [ 8.048539416263866, 48.058738723922637 ], [ 8.045374159608187, 48.059572175859138 ], [ 8.034606857194513, 48.057578557150798 ], [ 8.018672139474187, 48.059018727964066 ], [ 8.014387157524402, 48.062401546856989 ], [ 8.004106504888558, 48.059280898086016 ], [ 7.997220010884222, 48.062692694518169 ], [ 7.987408829053852, 48.063474302176566 ], [ 7.976559899883931, 48.061681418745778 ], [ 7.971572893340521, 48.063428347770319 ], [ 7.962127353741477, 48.061851992312107 ], [ 7.958498019332714, 48.063800647135842 ], [ 7.955867092378139, 48.063559748092906 ], [ 7.951070948266397, 48.057449128853364 ], [ 7.946900106868917, 48.057675878198552 ], [ 7.942476870497925, 48.060485905897998 ], [ 7.932530382330055, 48.061549697880622 ], [ 7.928320143799827, 48.063807577714918 ], [ 7.924160620747784, 48.063548041582756 ], [ 7.921435137869413, 48.065372826960584 ], [ 7.919290134008627, 48.06208134256751 ], [ 7.919519679596205, 48.057698629759138 ], [ 7.918323743327099, 48.057725637735096 ], [ 7.920775546378684, 48.053671955371648 ], [ 7.920490318123472, 48.050715269646965 ], [ 7.917169510778621, 48.04691472808873 ], [ 7.912340779455367, 48.048749550848719 ], [ 7.910272323733333, 48.051606266860851 ], [ 7.91367031511423, 48.055826669012461 ], [ 7.902246446910205, 48.057297029974066 ], [ 7.887300108829382, 48.053135203189846 ], [ 7.857154277553628, 48.05582944233911 ], [ 7.851776907592093, 48.054394000507493 ], [ 7.85060231726749, 48.052035982979284 ], [ 7.835367584632695, 48.058093040403925 ], [ 7.822919059156997, 48.071366957622764 ], [ 7.807886660784699, 48.074382236736739 ], [ 7.785424195458192, 48.085963056972965 ], [ 7.786047422741663, 48.08025751525566 ], [ 7.782346045421687, 48.080192849808356 ], [ 7.783493597170435, 48.081404009397033 ], [ 7.782653325741183, 48.082869132981052 ], [ 7.779079164283147, 48.082468607495748 ], [ 7.777307050095263, 48.085869821371965 ], [ 7.769747301140398, 48.087346050605284 ], [ 7.756954784545211, 48.08265002037232 ], [ 7.757531280546758, 48.08442407035524 ], [ 7.754854074527924, 48.084451460076323 ], [ 7.754485832652708, 48.086636095421035 ], [ 7.762739706253399, 48.100376658568955 ], [ 7.757324166221899, 48.102850109918748 ], [ 7.756998551673538, 48.107190598657375 ], [ 7.749434410511819, 48.112820562360419 ], [ 7.733672174268875, 48.107441762414851 ], [ 7.726584241075473, 48.110209500638824 ], [ 7.71775193793145, 48.110500283550067 ], [ 7.705362703272751, 48.106396670395227 ], [ 7.700402963397304, 48.106459155810349 ], [ 7.700589373944921, 48.111041197343127 ], [ 7.69050143519446, 48.113798581555841 ], [ 7.689062277339211, 48.116767714633255 ], [ 7.681592941320065, 48.115711192817528 ], [ 7.673469020185904, 48.110500526217422 ], [ 7.669110775815065, 48.111539667292135 ], [ 7.667612975063639, 48.10969555278205 ], [ 7.654087417590212, 48.110467398710313 ], [ 7.648425640391255, 48.107497399363361 ], [ 7.64324104652828, 48.111991453850315 ], [ 7.639741129887812, 48.113009144051389 ], [ 7.638115466146487, 48.111626342716164 ], [ 7.618514620772209, 48.110276781230951 ], [ 7.615627694358036, 48.106818371770707 ], [ 7.605107517988597, 48.108007716945949 ], [ 7.602627417510185, 48.110434222569275 ], [ 7.591404309873203, 48.108041185335992 ], [ 7.57729115011863, 48.11565498258333 ], [ 7.576981639854147, 48.1190563873404 ], [ 7.58055960305398, 48.124785889491392 ], [ 7.594315396869188, 48.131281586597567 ], [ 7.598775829914338, 48.135576852025451 ], [ 7.600569112891595, 48.142476216507362 ], [ 7.598907496294331, 48.152780880426285 ], [ 7.601754397364418, 48.159177300762138 ], [ 7.629518982893114, 48.183705691501267 ], [ 7.644118372610745, 48.207270334239155 ], [ 7.665698788582398, 48.220478025414558 ], [ 7.680713204652442, 48.257266758297909 ], [ 7.692211480144956, 48.255957181694725 ], [ 7.697180588960028, 48.256744032424486 ], [ 7.703094295908702, 48.260498743750489 ], [ 7.711810990937371, 48.259884458986832 ], [ 7.719366021016558, 48.253005896248396 ], [ 7.722335699073415, 48.252176356520835 ], [ 7.723381470206869, 48.249441537981632 ], [ 7.731071511194189, 48.244539936822555 ], [ 7.734417923031934, 48.236841231146677 ], [ 7.738409103211395, 48.238215442590935 ], [ 7.739148965771596, 48.236074867652576 ], [ 7.745098762177898, 48.237853305335847 ], [ 7.74671935122169, 48.239858297488162 ], [ 7.781089900159611, 48.241222508466286 ], [ 7.783228564308651, 48.239655185071356 ], [ 7.779899395438358, 48.23727055316089 ], [ 7.782387783014343, 48.234407607899321 ], [ 7.792330903508004, 48.235669896425442 ], [ 7.796005220985347, 48.23214326788834 ], [ 7.804914677065706, 48.229771027293481 ], [ 7.81551422830677, 48.224542632736537 ], [ 7.825732307099343, 48.229739332379815 ], [ 7.829386029393032, 48.234353081745986 ], [ 7.84675684004865, 48.232606406836609 ], [ 7.848681277487421, 48.233914295942895 ], [ 7.856731931028393, 48.228644434449635 ], [ 7.862417903169415, 48.22856501788597 ], [ 7.872678248567971, 48.224519576319814 ], [ 7.879788497494696, 48.224986042193507 ], [ 7.884383963459316, 48.222369719323467 ], [ 7.888661076909697, 48.223199998596698 ], [ 7.9120063038335, 48.218561325348965 ], [ 7.916957869137352, 48.21962226030913 ], [ 7.917229694740564, 48.214892777254029 ], [ 7.902455263689598, 48.213865363170299 ], [ 7.906748643126871, 48.211221504550231 ], [ 7.921809230246851, 48.209004484712203 ], [ 7.930655797053753, 48.208914699470931 ], [ 7.934370895407585, 48.21096243962387 ], [ 7.948766720320773, 48.202499947335625 ], [ 7.962649854664821, 48.206690551117475 ], [ 7.971316989711031, 48.205674471348587 ], [ 7.977883901706508, 48.202095112263393 ], [ 7.980680022618216, 48.202318316227213 ], [ 7.991079385974119, 48.20834275621732 ], [ 8.001408179763352, 48.210131309579623 ], [ 8.00288084949255, 48.212665403399313 ], [ 7.992773823349655, 48.221097810039197 ], [ 7.993005227168925, 48.22368471497338 ], [ 7.99753369366768, 48.225164102450066 ], [ 8.001002829379873, 48.228418283707228 ], [ 8.008344594838107, 48.229124532882572 ], [ 8.017595124991816, 48.23415508483609 ], [ 8.029074246793099, 48.232398580336039 ], [ 8.02914558566953, 48.225896710584664 ], [ 8.036352674905149, 48.222577271470449 ], [ 8.042936148721674, 48.223363176969357 ], [ 8.051351159481463, 48.221706853613121 ], [ 8.055821828180823, 48.225188398746916 ], [ 8.067100425343936, 48.227315361205449 ], [ 8.072641289554426, 48.226090280374827 ], [ 8.072164887528677, 48.22496763656364 ], [ 8.080511451390937, 48.224070163922121 ], [ 8.090640571309267, 48.216382467655947 ], [ 8.091929275615943, 48.212570469175986 ], [ 8.104313748745163, 48.208274677059244 ], [ 8.109054613916353, 48.211508005148517 ], [ 8.116752752720844, 48.210388866811705 ], [ 8.121916700875095, 48.212965186899559 ], [ 8.124723533433487, 48.21670465449175 ], [ 8.124122157560183, 48.219399060162502 ], [ 8.126255176737134, 48.22038056002004 ], [ 8.132935824937649, 48.218051005270908 ], [ 8.139473225756682, 48.22008936646052 ], [ 8.141873503616941, 48.223360926356911 ], [ 8.151861346901356, 48.228989342710037 ], [ 8.157685767232277, 48.229086522980168 ], [ 8.165696812350332, 48.22594679693389 ], [ 8.166836185404323, 48.219530885030686 ], [ 8.169956852214925, 48.215882313845043 ], [ 8.172156632339458, 48.215470176940293 ], [ 8.170849184567432, 48.213057099946987 ], [ 8.171800868791472, 48.210312452434202 ], [ 8.187582074604903, 48.202268056989432 ], [ 8.180270936136074, 48.192975829463698 ], [ 8.1792188679012, 48.188762290532956 ], [ 8.180335157348198, 48.183919964748291 ] ] ] } },
{ "type": "Feature", "properties": { "OBJID": "DEBKGVG200000CCV", "BEGINN": "2025-01-04T00:00:00", "ADE": 4, "GF": 4, "BSG": 1, "LKZ": "BW", "ARS": "08317", "AGS": "08317", "SDV_ARS": "083175010096", "GEN": "Ortenaukreis", "BEZ": "Landkreis", "IBZ": 43, "BEM": "--", "NBD": "nein", "SN_L": "08", "SN_R": "3", "SN_K": "17", "SN_V1": "00", "SN_V2": "00", "SN_G": "000", "FK_S3": "R", "NUTS": "DE134", "ARS_0": "083170000000", "AGS_0": "08317000", "WSK": "2009-01-01T00:00:00", "DLM_ID": "DEBKGDL20000E5HN" }, "geometry": { "type": "MultiPolygon", "coordinates": [ [ [ [ 8.080766075441813, 48.671446602629153 ], [ 8.078337646057863, 48.671466790209749 ], [ 8.078085825481965, 48.673251787574706 ], [ 8.080951233613781, 48.672783762116552 ], [ 8.080766075441813, 48.671446602629153 ] ] ], [ [ [ 8.024663636426085, 48.693370704726 ], [ 8.023287563131394, 48.691567454224995 ], [ 8.015570569524176, 48.694445288761322 ], [ 8.017274292425666, 48.695950043424276 ], [ 8.024663636426085, 48.693370704726 ] ] ], [ [ [ 8.062348588704268, 48.711641949228913 ], [ 8.0735066552269, 48.711427429206211 ], [ 8.070548609101747, 48.705865191277205 ], [ 8.063131458012954, 48.705756669764916 ], [ 8.057868767909831, 48.699018768715248 ], [ 8.052842680664034, 48.697063588279029 ], [ 8.052941051182049, 48.699702078035891 ], [ 8.049686913919807, 48.699000477569776 ], [ 8.049640770318197, 48.695598331307792 ], [ 8.051824265048376, 48.693532045193201 ], [ 8.047960117868671, 48.692268076039177 ], [ 8.042927165975017, 48.695314998528744 ], [ 8.045182393251162, 48.698298136469134 ], [ 8.048112821533294, 48.698947735057324 ], [ 8.049795613406843, 48.701703793789378 ], [ 8.060388071349482, 48.708413742315358 ], [ 8.062348588704268, 48.711641949228913 ] ] ], [ [ [ 7.959630743114506, 48.718581081552365 ], [ 7.981242598812837, 48.711946768081326 ], [ 7.980376889816135, 48.707923002568926 ], [ 7.99135425726569, 48.705175184737698 ], [ 7.987870373350301, 48.703665748800603 ], [ 7.990381064684594, 48.701113108508437 ], [ 7.983353448040346, 48.6997933159765 ], [ 7.98141762917776, 48.697274979299536 ], [ 7.97721890571069, 48.698034468113228 ], [ 7.972805653554493, 48.692715266552035 ], [ 7.973204059879802, 48.690015942895592 ], [ 7.979727891657168, 48.687122934542529 ], [ 7.989369742108392, 48.688670957262651 ], [ 8.001559716415249, 48.687256521986086 ], [ 8.010446698312993, 48.684612874891606 ], [ 8.014739067824904, 48.680921000199731 ], [ 8.016343699710244, 48.683026399758724 ], [ 8.015255324178225, 48.687842844482141 ], [ 8.020334759797674, 48.686570763527399 ], [ 8.018002419809038, 48.682208714976639 ], [ 8.019823290418771, 48.679541097965355 ], [ 8.0317717610742, 48.68319057333801 ], [ 8.036563887536113, 48.681938377795134 ], [ 8.038308855948044, 48.678333041211332 ], [ 8.033120733877707, 48.677219112171315 ], [ 8.032738763613851, 48.675105170594215 ], [ 8.047148751544368, 48.676279347843149 ], [ 8.055985510941085, 48.673190182588336 ], [ 8.058967002222088, 48.676045037708661 ], [ 8.059588705093047, 48.674484139970417 ], [ 8.062852381262768, 48.674150967693137 ], [ 8.063955361429311, 48.671307113563266 ], [ 8.066819984000785, 48.674139050702976 ], [ 8.074353611045121, 48.673449199873581 ], [ 8.074393061438112, 48.671839515534806 ], [ 8.073166819273599, 48.671911679582458 ], [ 8.079755342884129, 48.666450160596668 ], [ 8.083304437006461, 48.665825714069719 ], [ 8.084389858392493, 48.662565302990664 ], [ 8.08810334585127, 48.663824739223962 ], [ 8.096430726176221, 48.656645629190876 ], [ 8.102332183733949, 48.656150691101935 ], [ 8.108050434658004, 48.651217891594492 ], [ 8.113293497965337, 48.650081812169759 ], [ 8.121428348430953, 48.64922186147475 ], [ 8.126099342509322, 48.655071100365909 ], [ 8.128147359803213, 48.654008253087909 ], [ 8.12845235075782, 48.655553287345761 ], [ 8.129920081266288, 48.65469393341899 ], [ 8.139605602127579, 48.656870791881396 ], [ 8.137129699385676, 48.655279580453254 ], [ 8.13964120742458, 48.653614592953531 ], [ 8.14570532898925, 48.653455539584165 ], [ 8.16493642576596, 48.645467786276676 ], [ 8.161775452028145, 48.640308636441645 ], [ 8.17011776080081, 48.638478160539599 ], [ 8.180604420631861, 48.640047491621651 ], [ 8.199713303924307, 48.628371775414251 ], [ 8.202569541265847, 48.629969431765716 ], [ 8.227366547569162, 48.627363149784891 ], [ 8.228727461572779, 48.631069822115137 ], [ 8.241122189348555, 48.629232032886286 ], [ 8.240785328454352, 48.617763549688569 ], [ 8.238688081494718, 48.615588613190582 ], [ 8.233863545329957, 48.616047883392064 ], [ 8.23291532098939, 48.611136061918693 ], [ 8.248607225555977, 48.608513199436516 ], [ 8.247466045280538, 48.602686461619975 ], [ 8.232762487213032, 48.606174173385391 ], [ 8.222006886484323, 48.603227692370709 ], [ 8.216364874904396, 48.605522661386381 ], [ 8.211558744266274, 48.605027684199591 ], [ 8.206727119923205, 48.602192857173719 ], [ 8.219208070595984, 48.595783990868448 ], [ 8.220137446772418, 48.587220481980772 ], [ 8.227518108154257, 48.582774942921205 ], [ 8.228388743729511, 48.580093882380005 ], [ 8.235798181567374, 48.580245567665791 ], [ 8.236917156057562, 48.577826867472361 ], [ 8.235124160220179, 48.571694271680443 ], [ 8.229432090950956, 48.569040771130297 ], [ 8.228525260667116, 48.564353094270579 ], [ 8.222086796028471, 48.559713701554813 ], [ 8.212680617184123, 48.558278317490931 ], [ 8.214346574174568, 48.553670625758521 ], [ 8.218147978321317, 48.551490969632525 ], [ 8.214337080859275, 48.549244261551664 ], [ 8.21466620155673, 48.542215992612967 ], [ 8.220087079659322, 48.537829676659172 ], [ 8.215299684014004, 48.53505009881853 ], [ 8.21252437726927, 48.523162823777 ], [ 8.211038451897553, 48.521926615095552 ], [ 8.220387273879298, 48.51863812519472 ], [ 8.222360296324716, 48.514369647271543 ], [ 8.218581396826648, 48.511206143012657 ], [ 8.218828040921764, 48.507954666412815 ], [ 8.228345895450307, 48.497760197046624 ], [ 8.234265161047647, 48.49737784567025 ], [ 8.241367566626908, 48.492188570573518 ], [ 8.243561107864014, 48.493924567923074 ], [ 8.246672728810408, 48.492485707125532 ], [ 8.255447819635428, 48.493554741083294 ], [ 8.266746661742872, 48.490643965031836 ], [ 8.271289412306553, 48.486588586502037 ], [ 8.272436972208959, 48.481601112886338 ], [ 8.27543539914063, 48.477856321111801 ], [ 8.273775592355102, 48.476869373054981 ], [ 8.269728128622296, 48.478398019350294 ], [ 8.267798100936572, 48.477108670831953 ], [ 8.269283143391101, 48.474215058575055 ], [ 8.2669863309, 48.472957030801268 ], [ 8.26826226167009, 48.470412290654657 ], [ 8.265851018163678, 48.463467944578902 ], [ 8.264161116841985, 48.462858054049313 ], [ 8.264683309631499, 48.456630656890624 ], [ 8.266584966442684, 48.455692615189065 ], [ 8.26627947419731, 48.452906818797722 ], [ 8.268768441704724, 48.448973223828283 ], [ 8.263191008011532, 48.43996750487743 ], [ 8.264627948342579, 48.43717964449371 ], [ 8.263861620398099, 48.435164893555864 ], [ 8.261022814392321, 48.433422315340039 ], [ 8.253980848457591, 48.433954251470198 ], [ 8.255285687078398, 48.425796506883465 ], [ 8.25970352003881, 48.423178595494754 ], [ 8.255181941829186, 48.418337214576802 ], [ 8.254627556882046, 48.413927210270771 ], [ 8.246240537239522, 48.413837296873147 ], [ 8.24111849162186, 48.411357567027451 ], [ 8.241354630835534, 48.405812533374849 ], [ 8.234239032649128, 48.403094049896445 ], [ 8.233016857121045, 48.401188927523201 ], [ 8.247635425846678, 48.395136274317366 ], [ 8.247498313125215, 48.385338883355899 ], [ 8.250791632840794, 48.382437642776253 ], [ 8.254466733673752, 48.382709135446838 ], [ 8.255154507583558, 48.38034965529291 ], [ 8.264012973153239, 48.379275915353297 ], [ 8.251760682004662, 48.369567354393766 ], [ 8.253372599110525, 48.369178171059907 ], [ 8.251383843894285, 48.364837252049675 ], [ 8.25327383868132, 48.362921646157893 ], [ 8.26021318753094, 48.366746921916835 ], [ 8.266356569440953, 48.364187973851053 ], [ 8.269005124601446, 48.359220174196807 ], [ 8.275110211715932, 48.362853721335782 ], [ 8.291405136611246, 48.357703290925457 ], [ 8.299243238586193, 48.348766191373542 ], [ 8.303991927516574, 48.349094721617178 ], [ 8.307942278269168, 48.346456896884526 ], [ 8.307701856684666, 48.342179613332078 ], [ 8.317510176297642, 48.336993851791597 ], [ 8.322087707173678, 48.330373239952166 ], [ 8.323938002093403, 48.311204701306309 ], [ 8.330473935175332, 48.298766770003311 ], [ 8.322790381913816, 48.299271470824443 ], [ 8.324622711468917, 48.29655267094536 ], [ 8.322617447593824, 48.291925917227147 ], [ 8.305891739859463, 48.2940135369454 ], [ 8.293114194027483, 48.289207086821378 ], [ 8.28932914895486, 48.291080414999499 ], [ 8.283260946133574, 48.288840439338429 ], [ 8.278795593731811, 48.290214480579088 ], [ 8.276832583330565, 48.287134729578142 ], [ 8.281243873276267, 48.280783635527811 ], [ 8.286990148938342, 48.283345744504054 ], [ 8.287575324704095, 48.273058892659854 ], [ 8.291420390661985, 48.268886918631964 ], [ 8.291674877049642, 48.265607960119688 ], [ 8.289355416220056, 48.262256457174246 ], [ 8.286792022605601, 48.261449429855006 ], [ 8.296672200487135, 48.258452591160115 ], [ 8.287193899458504, 48.247659612486387 ], [ 8.291167891229319, 48.243234027467672 ], [ 8.300859564783574, 48.24090077312168 ], [ 8.294851350797584, 48.233915047174847 ], [ 8.295002334244238, 48.227112507080882 ], [ 8.292303953887831, 48.225925304998825 ], [ 8.292883001333072, 48.224451999526373 ], [ 8.295781284181535, 48.224624336321313 ], [ 8.296375386817722, 48.221410808788498 ], [ 8.299827015227345, 48.222078164173887 ], [ 8.300770334081779, 48.220098103536287 ], [ 8.298344439391478, 48.217717721387984 ], [ 8.312286533067114, 48.213617358859608 ], [ 8.311450754997084, 48.210146938296631 ], [ 8.312952067342243, 48.206406994330571 ], [ 8.309006010519546, 48.199852857710525 ], [ 8.310588287896918, 48.196044009250791 ], [ 8.309109095532836, 48.19060027108128 ], [ 8.299106101449601, 48.18376006946086 ], [ 8.293135699867831, 48.183682377048413 ], [ 8.282725389430771, 48.17166992989781 ], [ 8.272230964322453, 48.175772816359853 ], [ 8.260156282055933, 48.177732791213288 ], [ 8.252145653452322, 48.182938622450635 ], [ 8.241663196291583, 48.186869983743911 ], [ 8.243476440238293, 48.181357927943665 ], [ 8.236574427898329, 48.179327221001678 ], [ 8.238922726788918, 48.177781184032447 ], [ 8.240071024553734, 48.174473285205359 ], [ 8.242642815313539, 48.175025867877892 ], [ 8.242039533148546, 48.173442905248237 ], [ 8.237636017589248, 48.172495666062318 ], [ 8.239262728938533, 48.170387459835489 ], [ 8.238323351866889, 48.169154510293623 ], [ 8.231570752189608, 48.169015319870162 ], [ 8.233939532396541, 48.16701769802382 ], [ 8.230799855977759, 48.163773279148415 ], [ 8.232143632057083, 48.161036990056225 ], [ 8.225927224692951, 48.158367417829346 ], [ 8.216170645538901, 48.159170264603105 ], [ 8.213066606541085, 48.160600774933719 ], [ 8.214354396663689, 48.163262803635646 ], [ 8.212438290326826, 48.166883479282369 ], [ 8.208921078369912, 48.165038379829888 ], [ 8.206155595062512, 48.166104932200916 ], [ 8.205845922776556, 48.168316405451847 ], [ 8.208622002755961, 48.170302637969691 ], [ 8.20694707669151, 48.17282281454041 ], [ 8.198982159183915, 48.174022623954002 ], [ 8.194658070173508, 48.179922090860025 ], [ 8.191937518641833, 48.177715390077793 ], [ 8.186075268351523, 48.182846779925015 ], [ 8.180335157348198, 48.183919964748291 ], [ 8.1792188679012, 48.188762290532956 ], [ 8.180270936136074, 48.192975829463698 ], [ 8.187582074604903, 48.202268056989432 ], [ 8.171800868791472, 48.210312452434202 ], [ 8.170849184567432, 48.213057099946987 ], [ 8.172156632339458, 48.215470176940293 ], [ 8.169956852214925, 48.215882313845043 ], [ 8.166836185404323, 48.219530885030686 ], [ 8.165696812350332, 48.22594679693389 ], [ 8.157685767232277, 48.229086522980168 ], [ 8.151861346901356, 48.228989342710037 ], [ 8.141873503616941, 48.223360926356911 ], [ 8.139473225756682, 48.22008936646052 ], [ 8.132935824937649, 48.218051005270908 ], [ 8.126255176737134, 48.22038056002004 ], [ 8.124122157560183, 48.219399060162502 ], [ 8.124723533433487, 48.21670465449175 ], [ 8.121916700875095, 48.212965186899559 ], [ 8.116752752720844, 48.210388866811705 ], [ 8.109054613916353, 48.211508005148517 ], [ 8.104313748745163, 48.208274677059244 ], [ 8.091929275615943, 48.212570469175986 ], [ 8.090640571309267, 48.216382467655947 ], [ 8.080511451390937, 48.224070163922121 ], [ 8.072164887528677, 48.22496763656364 ], [ 8.072641289554426, 48.226090280374827 ], [ 8.067100425343936, 48.227315361205449 ], [ 8.055821828180823, 48.225188398746916 ], [ 8.051351159481463, 48.221706853613121 ], [ 8.042936148721674, 48.223363176969357 ], [ 8.036352674905149, 48.222577271470449 ], [ 8.02914558566953, 48.225896710584664 ], [ 8.029074246793099, 48.232398580336039 ], [ 8.017595124991816, 48.23415508483609 ], [ 8.008344594838107, 48.229124532882572 ], [ 8.001002829379873, 48.228418283707228 ], [ 7.99753369366768, 48.225164102450066 ], [ 7.993005227168925, 48.22368471497338 ], [ 7.992773823349655, 48.221097810039197 ], [ 8.00288084949255, 48.212665403399313 ], [ 8.001408179763352, 48.210131309579623 ], [ 7.991079385974119, 48.20834275621732 ], [ 7.980680022618216, 48.202318316227213 ], [ 7.977883901706508, 48.202095112263393 ], [ 7.971316989711031, 48.205674471348587 ], [ 7.962649854664821, 48.206690551117475 ], [ 7.948766720320773, 48.202499947335625 ], [ 7.934370895407585, 48.21096243962387 ], [ 7.930655797053753, 48.208914699470931 ], [ 7.921809230246851, 48.209004484712203 ], [ 7.906748643126871, 48.211221504550231 ], [ 7.902455263689598, 48.213865363170299 ], [ 7.917229694740564, 48.214892777254029 ], [ 7.916957869137352, 48.21962226030913 ], [ 7.9120063038335, 48.218561325348965 ], [ 7.888661076909697, 48.223199998596698 ], [ 7.884383963459316, 48.222369719323467 ], [ 7.879788497494696, 48.224986042193507 ], [ 7.872678248567971, 48.224519576319814 ], [ 7.862417903169415, 48.22856501788597 ], [ 7.856731931028393, 48.228644434449635 ], [ 7.848681277487421, 48.233914295942895 ], [ 7.84675684004865, 48.232606406836609 ], [ 7.829386029393032, 48.234353081745986 ], [ 7.825732307099343, 48.229739332379815 ], [ 7.81551422830677, 48.224542632736537 ], [ 7.804914677065706, 48.229771027293481 ], [ 7.796005220985347, 48.23214326788834 ], [ 7.792330903508004, 48.235669896425442 ], [ 7.782387783014343, 48.234407607899321 ], [ 7.779899395438358, 48.23727055316089 ], [ 7.783228564308651, 48.239655185071356 ], [ 7.781089900159611, 48.241222508466286 ], [ 7.74671935122169, 48.239858297488162 ], [ 7.745098762177898, 48.237853305335847 ], [ 7.739148965771596, 48.236074867652576 ], [ 7.738409103211395, 48.238215442590935 ], [ 7.734417923031934, 48.236841231146677 ], [ 7.731071511194189, 48.244539936822555 ], [ 7.72775220830645, 48.24588600775396 ], [ 7.722335699073415, 48.252176356520835 ], [ 7.719366021016558, 48.253005896248396 ], [ 7.711810990937371, 48.259884458986832 ], [ 7.703094295908702, 48.260498743750489 ], [ 7.697180588960028, 48.256744032424486 ], [ 7.692211480144956, 48.255957181694725 ], [ 7.680713204652442, 48.257266758297909 ], [ 7.689239766369785, 48.280793626184128 ], [ 7.689769979455446, 48.295067367837092 ], [ 7.693568867771773, 48.301723061766189 ], [ 7.706216052996995, 48.310214210085839 ], [ 7.737080374441971, 48.319610097847821 ], [ 7.744638259502783, 48.327810934040961 ], [ 7.745173818051663, 48.335108685341055 ], [ 7.731872087071447, 48.376378448270216 ], [ 7.731640322099124, 48.391704132616113 ], [ 7.735803547510156, 48.403947339111625 ], [ 7.765037545973497, 48.456610459639066 ], [ 7.76694838864384, 48.487130188550196 ], [ 7.768200957763678, 48.489662530820326 ], [ 7.771469361249079, 48.492460568869497 ], [ 7.795090489264744, 48.501829836560191 ], [ 7.803943709075607, 48.511216294397087 ], [ 7.806109473604112, 48.516382722990109 ], [ 7.806589485775756, 48.523544989166069 ], [ 7.803440488971244, 48.536870258618386 ], [ 7.805573065684769, 48.550306965167863 ], [ 7.805358049985847, 48.561072331963601 ], [ 7.800249939138419, 48.5786651495809 ], [ 7.802141385573786, 48.58884316537528 ], [ 7.830323052426646, 48.619867604923776 ], [ 7.838039494134473, 48.638859496192623 ], [ 7.841996107833202, 48.643732490099701 ], [ 7.889976098623477, 48.662598304622279 ], [ 7.959630743114506, 48.718581081552365 ] ] ] ] } },
{ "type": "Feature", "properties": { "OBJID": "DEBKGVG200000CCW", "BEGINN": "2023-10-04T00:00:00", "ADE": 4, "GF": 4, "BSG": 1, "LKZ": "BW", "ARS": "08325", "AGS": "08325", "SDV_ARS": "083255003049", "GEN": "Rottweil", "BEZ": "Landkreis", "IBZ": 43, "BEM": "--", "NBD": "ja", "SN_L": "08", "SN_R": "3", "SN_K": "25", "SN_V1": "00", "SN_V2": "00", "SN_G": "000", "FK_S3": "R", "NUTS": "DE135", "ARS_0": "083250000000", "AGS_0": "08325000", "WSK": "2009-01-01T00:00:00", "DLM_ID": "DEBKGDL20000DWZH" }, "geometry": { "type": "Polygon", "coordinates": [ [ [ 8.737378881580717, 48.379005294636627 ], [ 8.735675694326257, 48.376441900704961 ], [ 8.736896017857585, 48.37203426144837 ], [ 8.733043514408468, 48.365958326224998 ], [ 8.736114975458886, 48.364244757403014 ], [ 8.735685609213967, 48.361926575439711 ], [ 8.733782412745837, 48.362309819541807 ], [ 8.733587271206609, 48.360984658553704 ], [ 8.739624422149918, 48.358598979618492 ], [ 8.745047130482511, 48.358658404117719 ], [ 8.742670851218746, 48.354177839920176 ], [ 8.743427757444156, 48.350037529842069 ], [ 8.732978457369411, 48.343815515115431 ], [ 8.717352482777915, 48.341324674110439 ], [ 8.714258272837107, 48.339610835122919 ], [ 8.710830154635591, 48.333008097453039 ], [ 8.693340986412759, 48.328496009768052 ], [ 8.705823811786287, 48.323492740487602 ], [ 8.71112759602722, 48.324118535770424 ], [ 8.719246082432161, 48.321138316569225 ], [ 8.720330676709398, 48.318376923718979 ], [ 8.718659545652944, 48.315013443751759 ], [ 8.685253251360672, 48.303973295159601 ], [ 8.682867050159079, 48.305435843804119 ], [ 8.679387680375648, 48.303826402345685 ], [ 8.667579495009592, 48.304858479927034 ], [ 8.662116233832858, 48.299443902603471 ], [ 8.663212665842012, 48.297159907961472 ], [ 8.662216918573398, 48.295317669699472 ], [ 8.648845647600005, 48.293214208897389 ], [ 8.649658742656353, 48.289522639372088 ], [ 8.647754607133086, 48.288915069553475 ], [ 8.659567831050481, 48.283303456161164 ], [ 8.678237187903404, 48.284189385219285 ], [ 8.68352384446823, 48.280787366968987 ], [ 8.684059163328191, 48.278700802415656 ], [ 8.678578681129419, 48.277531129252651 ], [ 8.673031107208063, 48.271656677397225 ], [ 8.66621689290268, 48.268784941495177 ], [ 8.676731207480952, 48.265611720095968 ], [ 8.680652060827212, 48.267394244577623 ], [ 8.685535621219801, 48.266827329883242 ], [ 8.691718141077439, 48.261344396326855 ], [ 8.696381480398147, 48.260152884740407 ], [ 8.697491870123937, 48.257787943492538 ], [ 8.705702852716367, 48.259001224224583 ], [ 8.708245868744894, 48.253161297458774 ], [ 8.710106931101119, 48.252346245631884 ], [ 8.702837611072134, 48.251553339722506 ], [ 8.703926522619051, 48.248657427154278 ], [ 8.699543120968121, 48.247936869153357 ], [ 8.700691738463751, 48.245757121448705 ], [ 8.697910749665441, 48.24527670840537 ], [ 8.702883023257272, 48.233772454570342 ], [ 8.708135554216799, 48.235057297619484 ], [ 8.712234245394193, 48.231274762430836 ], [ 8.703809367430898, 48.227936144771405 ], [ 8.702078080893768, 48.225228038665605 ], [ 8.703333077762336, 48.222559725081354 ], [ 8.706814507424703, 48.222670482249299 ], [ 8.709942524145672, 48.220077990838007 ], [ 8.71356493622166, 48.209163501502971 ], [ 8.723301090566695, 48.208064949615036 ], [ 8.724680250932197, 48.203464358652504 ], [ 8.729579168143161, 48.204145830564272 ], [ 8.730202418934429, 48.202528222559998 ], [ 8.733774618157506, 48.203817621697844 ], [ 8.733468353990501, 48.202607711086273 ], [ 8.741677620264403, 48.202505470852124 ], [ 8.744209450224096, 48.20091829256863 ], [ 8.741290248610273, 48.199046181403439 ], [ 8.742296403030847, 48.197992171012459 ], [ 8.73858172465436, 48.19355342594514 ], [ 8.741026435933717, 48.192135796277725 ], [ 8.73837235526368, 48.189638384041139 ], [ 8.725492379881095, 48.185816308680224 ], [ 8.719245292299794, 48.181569801808607 ], [ 8.726344598929741, 48.170767899029983 ], [ 8.734239412139875, 48.168044480115761 ], [ 8.738634135486162, 48.169571746838741 ], [ 8.749057594275744, 48.165269185069498 ], [ 8.75055541146136, 48.161705164482001 ], [ 8.749078429746751, 48.161285984583145 ], [ 8.752316521982889, 48.157911528937838 ], [ 8.753246503833521, 48.153295380174733 ], [ 8.747093700473107, 48.152487007406428 ], [ 8.744274199595603, 48.150157989468028 ], [ 8.745616205354299, 48.14643872104697 ], [ 8.744438881218535, 48.144037013715717 ], [ 8.74085859939685, 48.142711853285462 ], [ 8.734073495337048, 48.143466219333838 ], [ 8.733897197019694, 48.140891649886221 ], [ 8.731962658817825, 48.140141161150851 ], [ 8.72578043687707, 48.138915096178856 ], [ 8.722912823998019, 48.140855842382209 ], [ 8.705576460319579, 48.140252641352028 ], [ 8.699334214967758, 48.132418847796906 ], [ 8.686977876362398, 48.127511189329844 ], [ 8.685991854795738, 48.121101517191434 ], [ 8.682896306317238, 48.117896715492435 ], [ 8.669050594165881, 48.121269914920362 ], [ 8.660600086912554, 48.120274412277411 ], [ 8.653001171115317, 48.117350275760806 ], [ 8.647676208202761, 48.113137233153971 ], [ 8.639680180604305, 48.109700341336627 ], [ 8.644441726509777, 48.108582460411903 ], [ 8.643543130088048, 48.10570777109632 ], [ 8.634042410091487, 48.105582635559962 ], [ 8.637268945275137, 48.101564010198445 ], [ 8.613638102565723, 48.096043855065496 ], [ 8.60845249302313, 48.088814838715592 ], [ 8.606167224734349, 48.089290689538274 ], [ 8.60611013202494, 48.088004952563715 ], [ 8.599725006444563, 48.085777562588213 ], [ 8.599139051243164, 48.084616421387679 ], [ 8.601815826846986, 48.082019089154173 ], [ 8.601413191728115, 48.078190489731249 ], [ 8.604284290833284, 48.074715261591919 ], [ 8.596652658271021, 48.071166129495282 ], [ 8.590039246898186, 48.071141088990551 ], [ 8.589567166734904, 48.072589581040248 ], [ 8.582735602849505, 48.071953583610401 ], [ 8.582345989481698, 48.076258822818751 ], [ 8.577449865319513, 48.076219786952159 ], [ 8.567341143204411, 48.079960448664458 ], [ 8.569019611765842, 48.081644567490031 ], [ 8.573954323143674, 48.082082008420414 ], [ 8.572819061722589, 48.084687790849792 ], [ 8.577479103497732, 48.087701002949657 ], [ 8.577032629367194, 48.090427092193949 ], [ 8.574067765516519, 48.091778820772376 ], [ 8.575152480351026, 48.094010512706632 ], [ 8.570130187121855, 48.096456336073445 ], [ 8.571827522914777, 48.09973238889895 ], [ 8.566988184847508, 48.100582458689672 ], [ 8.566571546205001, 48.098201148392008 ], [ 8.562902220615044, 48.098657995770772 ], [ 8.561494142328828, 48.101348817721849 ], [ 8.547921913406281, 48.107771624760638 ], [ 8.542866997728023, 48.113337869142022 ], [ 8.551433070824318, 48.122527705421113 ], [ 8.552654948308327, 48.130004196669383 ], [ 8.556771627079694, 48.128753786079244 ], [ 8.557949810167868, 48.12994509320081 ], [ 8.547876061447967, 48.134325714386129 ], [ 8.536762756984743, 48.136429721739674 ], [ 8.535653635664133, 48.138972799122776 ], [ 8.538468156312474, 48.141505080061819 ], [ 8.536825455085548, 48.1435523983792 ], [ 8.520675281105301, 48.145934049137921 ], [ 8.52855098726261, 48.150257314760118 ], [ 8.522940119541092, 48.154778778803433 ], [ 8.517570295630163, 48.166743588504019 ], [ 8.481001175163167, 48.168692620676929 ], [ 8.478748102457235, 48.170521759478355 ], [ 8.477724638468624, 48.176447363077564 ], [ 8.490553848483826, 48.179362603092564 ], [ 8.489105437583719, 48.181899146725726 ], [ 8.475021143481154, 48.178753785236154 ], [ 8.465402073285585, 48.179844184250172 ], [ 8.464496476028073, 48.176059281994831 ], [ 8.458815721006982, 48.181050110223005 ], [ 8.453051489841789, 48.177735292638502 ], [ 8.450195592798876, 48.180119229925161 ], [ 8.436421561663078, 48.181822029566 ], [ 8.433844214203505, 48.176593486233259 ], [ 8.444620108241512, 48.170671162104824 ], [ 8.438654218082107, 48.165136527711915 ], [ 8.447503092267635, 48.162478328230506 ], [ 8.446105179054021, 48.158935898565339 ], [ 8.442749422701118, 48.15625612115668 ], [ 8.429263853042317, 48.159240303999667 ], [ 8.427023884659766, 48.164549010917071 ], [ 8.422631946356367, 48.168593960486483 ], [ 8.407481811115504, 48.167299266322338 ], [ 8.40539789442219, 48.171405479879525 ], [ 8.397026270311084, 48.170984790617389 ], [ 8.385854979802707, 48.174080015459275 ], [ 8.371011058583729, 48.16972842276158 ], [ 8.368571619873993, 48.171416870282975 ], [ 8.340678595555922, 48.162409428783313 ], [ 8.330850108618291, 48.162191378232023 ], [ 8.330517810328324, 48.158604797864918 ], [ 8.324474177392371, 48.162676907201401 ], [ 8.321157957224607, 48.163660889058349 ], [ 8.319292255072025, 48.162382762854712 ], [ 8.319040522759922, 48.166044814345213 ], [ 8.30664327602374, 48.172914372139552 ], [ 8.301981928353865, 48.167703832100344 ], [ 8.297692062481339, 48.165927126326508 ], [ 8.286041892821466, 48.167590681542521 ], [ 8.286979528918168, 48.169759070958719 ], [ 8.282725389430771, 48.17166992989781 ], [ 8.293135699867831, 48.183682377048413 ], [ 8.299106101449601, 48.18376006946086 ], [ 8.309109095532836, 48.19060027108128 ], [ 8.310588287896918, 48.196044009250791 ], [ 8.309006010519546, 48.199852857710525 ], [ 8.312952067342243, 48.206406994330571 ], [ 8.311450754997084, 48.210146938296631 ], [ 8.312286533067114, 48.213617358859608 ], [ 8.298344439391478, 48.217717721387984 ], [ 8.300770334081779, 48.220098103536287 ], [ 8.299827015227345, 48.222078164173887 ], [ 8.296375386817722, 48.221410808788498 ], [ 8.295781284181535, 48.224624336321313 ], [ 8.292883001333072, 48.224451999526373 ], [ 8.292303953887831, 48.225925304998825 ], [ 8.295002334244238, 48.227112507080882 ], [ 8.294851350797584, 48.233915047174847 ], [ 8.300859564783574, 48.24090077312168 ], [ 8.291167891229319, 48.243234027467672 ], [ 8.287193899458504, 48.247659612486387 ], [ 8.296672200487135, 48.258452591160115 ], [ 8.286792022605601, 48.261449429855006 ], [ 8.289355416220056, 48.262256457174246 ], [ 8.291674877049642, 48.265607960119688 ], [ 8.291420390661985, 48.268886918631964 ], [ 8.287575324704095, 48.273058892659854 ], [ 8.286990148938342, 48.283345744504054 ], [ 8.281243873276267, 48.280783635527811 ], [ 8.276832583330565, 48.287134729578142 ], [ 8.278795593731811, 48.290214480579088 ], [ 8.283260946133574, 48.288840439338429 ], [ 8.28932914895486, 48.291080414999499 ], [ 8.293114194027483, 48.289207086821378 ], [ 8.305891739859463, 48.2940135369454 ], [ 8.322617447593824, 48.291925917227147 ], [ 8.324622711468917, 48.29655267094536 ], [ 8.322790381913816, 48.299271470824443 ], [ 8.330473935175332, 48.298766770003311 ], [ 8.323938002093403, 48.311204701306309 ], [ 8.322087707173678, 48.330373239952166 ], [ 8.317510176297642, 48.336993851791597 ], [ 8.307701856684666, 48.342179613332078 ], [ 8.307942278269168, 48.346456896884526 ], [ 8.303991927516574, 48.349094721617178 ], [ 8.319834557366983, 48.358002929388199 ], [ 8.32058074444082, 48.359531276282439 ], [ 8.31787750447956, 48.361534046031927 ], [ 8.315271715684249, 48.369098343311634 ], [ 8.319263361240113, 48.373135058477601 ], [ 8.322001899065565, 48.380578547017429 ], [ 8.327919362896163, 48.384351517650579 ], [ 8.32856012931447, 48.386954663206048 ], [ 8.345293534281081, 48.384467246991029 ], [ 8.353552606580058, 48.381812821024248 ], [ 8.353889789502677, 48.380281268922509 ], [ 8.359587678132657, 48.37750461933328 ], [ 8.357297007408171, 48.372153259628078 ], [ 8.360813021096259, 48.370010398593038 ], [ 8.35588058673329, 48.367502454530914 ], [ 8.356502449215112, 48.3597701158224 ], [ 8.359263487919037, 48.3500195976073 ], [ 8.358755248421268, 48.340034757592484 ], [ 8.3597988034276, 48.338382036547827 ], [ 8.364293519553529, 48.338640088464892 ], [ 8.363680866715708, 48.335363216011821 ], [ 8.377123601642698, 48.332717674892024 ], [ 8.383578741781589, 48.327238283450718 ], [ 8.395421627719564, 48.32282395849991 ], [ 8.403579576973566, 48.321909104367805 ], [ 8.405190981044804, 48.32333385310595 ], [ 8.416883103237074, 48.324301961932626 ], [ 8.421398372567126, 48.322777236200373 ], [ 8.429046034884751, 48.323712679135745 ], [ 8.433190000772688, 48.322027601422974 ], [ 8.431721027702048, 48.318807118999679 ], [ 8.436484675531373, 48.314561242214516 ], [ 8.434583386970136, 48.310721119390372 ], [ 8.437541192566353, 48.308357110736324 ], [ 8.438188648688348, 48.304501783490331 ], [ 8.444734077989633, 48.301116405115472 ], [ 8.458566524196888, 48.312732977151619 ], [ 8.474017594269624, 48.315689325852233 ], [ 8.494052162548043, 48.314436892299845 ], [ 8.495575697111486, 48.318727731740374 ], [ 8.499532611895306, 48.319905874726018 ], [ 8.498832494859945, 48.322852171925071 ], [ 8.502204819174771, 48.330774068405944 ], [ 8.495903962792028, 48.332800280884143 ], [ 8.48735389945133, 48.332428667384626 ], [ 8.483865038397187, 48.335304038400359 ], [ 8.485126815619562, 48.342308460463776 ], [ 8.478948050949056, 48.341896574302524 ], [ 8.477747486001828, 48.345039570660781 ], [ 8.473504541649312, 48.344415971275509 ], [ 8.47043508582586, 48.346859902850348 ], [ 8.473643206771916, 48.348013191394443 ], [ 8.472819585593504, 48.349430693511827 ], [ 8.476647032175393, 48.350253723098966 ], [ 8.478093013594092, 48.347876327573708 ], [ 8.484405861310078, 48.349024946052893 ], [ 8.491501356438061, 48.352215449175795 ], [ 8.49061818328715, 48.354162622314753 ], [ 8.495410040370617, 48.357740922004396 ], [ 8.499208854584829, 48.355597333841658 ], [ 8.500381837065014, 48.356386613580639 ], [ 8.500635993900659, 48.358033218908183 ], [ 8.495064429013629, 48.365856398641625 ], [ 8.492002040775317, 48.364829324054021 ], [ 8.4891548431634, 48.366783177593071 ], [ 8.487065494673409, 48.366385304845984 ], [ 8.485668883995343, 48.368323772567926 ], [ 8.489025943946174, 48.373868309540853 ], [ 8.48731027982342, 48.379152662889169 ], [ 8.483937132319376, 48.382050225879929 ], [ 8.489969612612949, 48.382124290777028 ], [ 8.500626682567832, 48.387054830573476 ], [ 8.521479227340375, 48.387086225049813 ], [ 8.522084018756397, 48.389096044359157 ], [ 8.518128965489046, 48.390953292006927 ], [ 8.518588007371717, 48.392958267024639 ], [ 8.523652377462389, 48.396304995561998 ], [ 8.516055952225292, 48.398453289398411 ], [ 8.510944769029981, 48.404243634084558 ], [ 8.515055604006431, 48.404803315725964 ], [ 8.522344409960908, 48.400598843968922 ], [ 8.530174401719618, 48.400702856870225 ], [ 8.545986325462517, 48.405586394758828 ], [ 8.552427870234849, 48.403238314881484 ], [ 8.555999590213881, 48.399694578871994 ], [ 8.562161519830866, 48.399623031395379 ], [ 8.574075940330884, 48.404391576175627 ], [ 8.584766856703068, 48.404235773434074 ], [ 8.595963735192871, 48.410984361736553 ], [ 8.598822236001451, 48.401145636261319 ], [ 8.606042956305892, 48.396175366857925 ], [ 8.616837208704005, 48.396791750011424 ], [ 8.626221269091996, 48.40108867088248 ], [ 8.640100981553324, 48.402294721536549 ], [ 8.649316326400452, 48.395296070005394 ], [ 8.654667806348051, 48.39460653941552 ], [ 8.675736153430323, 48.400851706783079 ], [ 8.679930192089222, 48.396563899261125 ], [ 8.689335828717637, 48.394578054075268 ], [ 8.687049684136628, 48.389575973444508 ], [ 8.689256050456052, 48.389432316551996 ], [ 8.69009484166539, 48.387197640770111 ], [ 8.69370024468145, 48.38829098223556 ], [ 8.696258625560397, 48.385553766163184 ], [ 8.707630259661855, 48.384755059057653 ], [ 8.7088071048228, 48.38246645581826 ], [ 8.711146113063862, 48.383115961126471 ], [ 8.712438004434706, 48.381383135774023 ], [ 8.716570701470904, 48.382457283611942 ], [ 8.715123717686531, 48.381039880006057 ], [ 8.717766300997997, 48.377799924921938 ], [ 8.72921044206141, 48.381266811552514 ], [ 8.737378881580717, 48.379005294636627 ] ] ] } },
{ "type": "Feature", "properties": { "OBJID": "DEBKGVG200000CCX", "BEGINN": "2025-04-12T00:00:00", "ADE": 4, "GF": 4, "BSG": 1, "LKZ": "BW", "ARS": "08326", "AGS": "08326", "SDV_ARS": "083265004074", "GEN": "Schwarzwald-Baar-Kreis", "BEZ": "Landkreis", "IBZ": 43, "BEM": "--", "NBD": "nein", "SN_L": "08", "SN_R": "3", "SN_K": "26", "SN_V1": "00", "SN_V2": "00", "SN_G": "000", "FK_S3": "R", "NUTS": "DE136", "ARS_0": "083260000000", "AGS_0": "08326000", "WSK": "2009-01-01T00:00:00", "DLM_ID": "DEBKGDL20000E678" }, "geometry": { "type": "Polygon", "coordinates": [ [ [ 8.272230964322453, 48.175772816359853 ], [ 8.286979528918168, 48.169759070958719 ], [ 8.286041892821466, 48.167590681542521 ], [ 8.297692062481339, 48.165927126326508 ], [ 8.301981928353865, 48.167703832100344 ], [ 8.30664327602374, 48.172914372139552 ], [ 8.319040522759922, 48.166044814345213 ], [ 8.319292255072025, 48.162382762854712 ], [ 8.321157957224607, 48.163660889058349 ], [ 8.324474177392371, 48.162676907201401 ], [ 8.330517810328324, 48.158604797864918 ], [ 8.330850108618291, 48.162191378232023 ], [ 8.340678595555922, 48.162409428783313 ], [ 8.368571619873993, 48.171416870282975 ], [ 8.371011058583729, 48.16972842276158 ], [ 8.385854979802707, 48.174080015459275 ], [ 8.397026270311084, 48.170984790617389 ], [ 8.40539789442219, 48.171405479879525 ], [ 8.407481811115504, 48.167299266322338 ], [ 8.422631946356367, 48.168593960486483 ], [ 8.427023884659766, 48.164549010917071 ], [ 8.429263853042317, 48.159240303999667 ], [ 8.442749422701118, 48.15625612115668 ], [ 8.446105179054021, 48.158935898565339 ], [ 8.447503092267635, 48.162478328230506 ], [ 8.438654218082107, 48.165136527711915 ], [ 8.444620108241512, 48.170671162104824 ], [ 8.433844214203505, 48.176593486233259 ], [ 8.436421561663078, 48.181822029566 ], [ 8.450195592798876, 48.180119229925161 ], [ 8.453051489841789, 48.177735292638502 ], [ 8.458815721006982, 48.181050110223005 ], [ 8.464496476028073, 48.176059281994831 ], [ 8.465402073285585, 48.179844184250172 ], [ 8.475021143481154, 48.178753785236154 ], [ 8.489105437583719, 48.181899146725726 ], [ 8.490553848483826, 48.179362603092564 ], [ 8.477724638468624, 48.176447363077564 ], [ 8.478748102457235, 48.170521759478355 ], [ 8.481001175163167, 48.168692620676929 ], [ 8.517570295630163, 48.166743588504019 ], [ 8.522940119541092, 48.154778778803433 ], [ 8.52855098726261, 48.150257314760118 ], [ 8.520675281105301, 48.145934049137921 ], [ 8.536825455085548, 48.1435523983792 ], [ 8.538468156312474, 48.141505080061819 ], [ 8.535653635664133, 48.138972799122776 ], [ 8.536762756984743, 48.136429721739674 ], [ 8.547876061447967, 48.134325714386129 ], [ 8.557949810167868, 48.12994509320081 ], [ 8.556771627079694, 48.128753786079244 ], [ 8.552654948308327, 48.130004196669383 ], [ 8.551433070824318, 48.122527705421113 ], [ 8.542866997728023, 48.113337869142022 ], [ 8.547921913406281, 48.107771624760638 ], [ 8.561494142328828, 48.101348817721849 ], [ 8.562902220615044, 48.098657995770772 ], [ 8.566571546205001, 48.098201148392008 ], [ 8.566988184847508, 48.100582458689672 ], [ 8.571827522914777, 48.09973238889895 ], [ 8.570130187121855, 48.096456336073445 ], [ 8.575152480351026, 48.094010512706632 ], [ 8.574067765516519, 48.091778820772376 ], [ 8.577032629367194, 48.090427092193949 ], [ 8.577479103497732, 48.087701002949657 ], [ 8.572819061722589, 48.084687790849792 ], [ 8.573954323143674, 48.082082008420414 ], [ 8.569019611765842, 48.081644567490031 ], [ 8.567341143204411, 48.079960448664458 ], [ 8.577449865319513, 48.076219786952159 ], [ 8.582345989481698, 48.076258822818751 ], [ 8.582735602849505, 48.071953583610401 ], [ 8.584050689202902, 48.071729130517681 ], [ 8.589567166734904, 48.072589581040248 ], [ 8.590039246898186, 48.071141088990551 ], [ 8.596652658271021, 48.071166129495282 ], [ 8.604284290833284, 48.074715261591919 ], [ 8.617870031328779, 48.063286648223539 ], [ 8.61942647877294, 48.06362806563196 ], [ 8.623713971269632, 48.056364134760848 ], [ 8.636121447074657, 48.050308458996177 ], [ 8.636617050990735, 48.048905176461666 ], [ 8.631895589337381, 48.04397827437149 ], [ 8.638607781312402, 48.040505493937026 ], [ 8.643968815985986, 48.033869899426861 ], [ 8.638720181283324, 48.027657597136027 ], [ 8.635981903944124, 48.020309886180172 ], [ 8.631580499114493, 48.018328712180718 ], [ 8.630196837029885, 48.014879325966554 ], [ 8.634418102854395, 48.012047021037922 ], [ 8.639199961563785, 48.011391039447489 ], [ 8.64150413776416, 48.004650586649731 ], [ 8.657982075117632, 47.99967794436354 ], [ 8.663061326736226, 47.999628373690165 ], [ 8.654942852351766, 47.995742363294418 ], [ 8.651512757213331, 47.989989294396445 ], [ 8.653493692705219, 47.985728762153002 ], [ 8.657658329701286, 47.982157453149348 ], [ 8.658160610945577, 47.977310645328906 ], [ 8.662905248670837, 47.971078561347007 ], [ 8.657228143353594, 47.971082047568693 ], [ 8.654062556728311, 47.973384403685913 ], [ 8.648232058745913, 47.974256988608957 ], [ 8.649154172542195, 47.972519297277437 ], [ 8.646641351923169, 47.969905303821285 ], [ 8.65109815045977, 47.966375212906875 ], [ 8.648561121977588, 47.96619746386073 ], [ 8.645561226154106, 47.968732973277532 ], [ 8.643349935814992, 47.968627869479505 ], [ 8.642473713011304, 47.970506401141613 ], [ 8.635741862767896, 47.972057947662151 ], [ 8.636255576163267, 47.969090599999085 ], [ 8.640045684079507, 47.965461200485464 ], [ 8.647085316762496, 47.962000601447862 ], [ 8.642555900625887, 47.959990735542462 ], [ 8.637826636354326, 47.961160142789097 ], [ 8.635966911303411, 47.950141338336124 ], [ 8.630730768759586, 47.946689352578247 ], [ 8.628774425828803, 47.946754815877867 ], [ 8.629028304328756, 47.949591350174067 ], [ 8.621671481375335, 47.949132643946761 ], [ 8.614713265275116, 47.951557476485796 ], [ 8.603778857543396, 47.951548372652866 ], [ 8.595431541704372, 47.947618113094521 ], [ 8.594587969229615, 47.945895101218674 ], [ 8.5884832378339, 47.944916475860481 ], [ 8.587110705812236, 47.941655661607804 ], [ 8.587538845877365, 47.929561083843367 ], [ 8.589269643545155, 47.928894805260761 ], [ 8.587174543641762, 47.927567684434408 ], [ 8.587415995823383, 47.925419661883183 ], [ 8.589288406300142, 47.920932508757843 ], [ 8.594370037169565, 47.919474904390377 ], [ 8.594054531970514, 47.917301753391754 ], [ 8.596893481075989, 47.91525779517805 ], [ 8.595482099238966, 47.914234101058788 ], [ 8.591561296233198, 47.915821120658528 ], [ 8.591983197446188, 47.913553767612271 ], [ 8.590035931467643, 47.91307022420591 ], [ 8.591859959052682, 47.90670052279453 ], [ 8.5902947605585, 47.906025849165253 ], [ 8.592152433955093, 47.902701640029342 ], [ 8.597975689565835, 47.89719345458527 ], [ 8.600164509055972, 47.899032084007459 ], [ 8.612781582574982, 47.895285693360101 ], [ 8.61329381891176, 47.892372540781423 ], [ 8.620711548882475, 47.888895052866303 ], [ 8.620730352357748, 47.887364320122543 ], [ 8.614440753260098, 47.88438160818594 ], [ 8.61579801072984, 47.882786695748969 ], [ 8.614469571910925, 47.880120529019834 ], [ 8.607826392695852, 47.876963213346706 ], [ 8.615900219643054, 47.871685033561491 ], [ 8.625290601068004, 47.86860097126646 ], [ 8.628736560926257, 47.863337667165503 ], [ 8.629824350681638, 47.863895724067454 ], [ 8.640145945071557, 47.85481179780578 ], [ 8.636693590231882, 47.85071627427466 ], [ 8.637612116813296, 47.849023772324763 ], [ 8.634892171112357, 47.847835579881334 ], [ 8.635653590266637, 47.846059501819362 ], [ 8.628775971068627, 47.840044209087353 ], [ 8.629059699313025, 47.83246285139375 ], [ 8.626391281399352, 47.827628774467911 ], [ 8.62707128838038, 47.822366378271326 ], [ 8.622829147472249, 47.817978942444093 ], [ 8.625723260308694, 47.814162913081596 ], [ 8.619952518866979, 47.81288594746205 ], [ 8.618309738128923, 47.810106651934959 ], [ 8.615339345419777, 47.810307117922456 ], [ 8.618961868854278, 47.805586877321005 ], [ 8.617716383726117, 47.803245956562527 ], [ 8.613868586409417, 47.801176969673357 ], [ 8.600819881784709, 47.802934509201059 ], [ 8.592737555332661, 47.798737939945909 ], [ 8.587642913288652, 47.802680574780759 ], [ 8.575192668052786, 47.799717147409346 ], [ 8.573013867441437, 47.805989824123124 ], [ 8.567852076685528, 47.808481247867185 ], [ 8.56351187188918, 47.805318155760808 ], [ 8.561915748817229, 47.792746826218981 ], [ 8.574998877891987, 47.789624583280109 ], [ 8.574399158449411, 47.787073612673574 ], [ 8.577304000767569, 47.781706259165709 ], [ 8.56253123326386, 47.777853751686607 ], [ 8.563213586329981, 47.780588757044946 ], [ 8.552648793979747, 47.784627109094238 ], [ 8.532636900605615, 47.777983845797202 ], [ 8.52648233674741, 47.778133363327306 ], [ 8.519450453462822, 47.770569827127538 ], [ 8.510217719761821, 47.776162742425136 ], [ 8.514898649031581, 47.780629193541309 ], [ 8.528974964486268, 47.785883051451663 ], [ 8.530938774389025, 47.789838268127717 ], [ 8.527846179546502, 47.79178723291156 ], [ 8.518069391418598, 47.79139427770761 ], [ 8.515200771876907, 47.795729408809478 ], [ 8.509628608852683, 47.798038298404592 ], [ 8.505834198200054, 47.795828166930391 ], [ 8.491901298367308, 47.796804433190481 ], [ 8.496117453832332, 47.800915230615232 ], [ 8.50795048387239, 47.805028101785879 ], [ 8.509809861023506, 47.809026930451651 ], [ 8.513754536760739, 47.811831904270001 ], [ 8.512411670396149, 47.815405882245415 ], [ 8.508773044056257, 47.818538042313833 ], [ 8.509420970831481, 47.823457142994911 ], [ 8.505922638960152, 47.830326537845636 ], [ 8.497151320587578, 47.8280824310052 ], [ 8.488922141011493, 47.832388230114162 ], [ 8.483925413301066, 47.830165270129996 ], [ 8.476113744506609, 47.830838885820725 ], [ 8.472637009700652, 47.829335855436227 ], [ 8.470362438783221, 47.831406418996835 ], [ 8.470145914628391, 47.83408164563086 ], [ 8.470263931148228, 47.837716123878195 ], [ 8.4733102843908, 47.842241151463483 ], [ 8.472071589070737, 47.846722573773363 ], [ 8.468942980274825, 47.846475621494271 ], [ 8.462586162759402, 47.850349174102867 ], [ 8.4437208268389, 47.856568029779858 ], [ 8.439033563463845, 47.853638514060833 ], [ 8.437559691432222, 47.857163544762344 ], [ 8.433798755042863, 47.860042296896943 ], [ 8.437592250680414, 47.861469960560228 ], [ 8.439641631268383, 47.864886674690545 ], [ 8.4360790598965, 47.866389503527003 ], [ 8.438940714809322, 47.870251006534943 ], [ 8.437053369831917, 47.873544655736531 ], [ 8.43930429886893, 47.874681437169848 ], [ 8.439176851437013, 47.87689143418153 ], [ 8.434676665745949, 47.877115726672422 ], [ 8.435327753539108, 47.878460233153668 ], [ 8.43065677009996, 47.880671831974873 ], [ 8.426529809359042, 47.880549479110726 ], [ 8.422441331734049, 47.882633817602944 ], [ 8.421112682680732, 47.884594059473969 ], [ 8.422218331395296, 47.88637998569758 ], [ 8.419236064333152, 47.888661743119087 ], [ 8.421935306321393, 47.88999265580555 ], [ 8.416315126845024, 47.893783775199523 ], [ 8.405551398360929, 47.895248485290495 ], [ 8.405253018353294, 47.896500751462149 ], [ 8.412097078046255, 47.899271396800295 ], [ 8.412585040016399, 47.901104786927867 ], [ 8.410413644997275, 47.904075450665324 ], [ 8.400114428684635, 47.90567534635646 ], [ 8.396884373123052, 47.909097464946676 ], [ 8.388934695692082, 47.912262568794759 ], [ 8.383148637514081, 47.912179625731788 ], [ 8.384632516253903, 47.913180740471866 ], [ 8.380188825480932, 47.913742947076656 ], [ 8.3782749478759, 47.915272470910629 ], [ 8.380403490280319, 47.916232130227435 ], [ 8.371034224414705, 47.919554647240503 ], [ 8.369480363370105, 47.92084617316047 ], [ 8.370523991882582, 47.921712552891975 ], [ 8.364735206219645, 47.921761747858589 ], [ 8.35615012792405, 47.925935794649568 ], [ 8.35848412694852, 47.928530039977097 ], [ 8.350568437469917, 47.931230360167376 ], [ 8.346256463893186, 47.935717972257905 ], [ 8.337665667915847, 47.939110702427904 ], [ 8.314476589711589, 47.943523602686071 ], [ 8.314485412500954, 47.945990697674873 ], [ 8.316430868128256, 47.946488140382392 ], [ 8.316145645345902, 47.950214187909026 ], [ 8.314064481655748, 47.951872151238121 ], [ 8.302734758035804, 47.949806739547888 ], [ 8.300961214797818, 47.952089199449198 ], [ 8.28213106594049, 47.950869857776134 ], [ 8.269865213916134, 47.953048478734033 ], [ 8.276878971830776, 47.959602741551528 ], [ 8.281054407053475, 47.95844653761268 ], [ 8.28773560326062, 47.9611176402531 ], [ 8.290782042223571, 47.960954370867086 ], [ 8.293271691252468, 47.958270938037209 ], [ 8.295682791946206, 47.958690467887656 ], [ 8.293934362725517, 47.96277488528338 ], [ 8.296277440137239, 47.962909740949662 ], [ 8.30048159611408, 47.966675703169066 ], [ 8.306984974466806, 47.965710547962033 ], [ 8.305949122914713, 47.970664049571702 ], [ 8.314570202826747, 47.970388282963967 ], [ 8.316216705076748, 47.972822089321895 ], [ 8.314342074383429, 47.976750295822278 ], [ 8.320135881553211, 47.978676125579071 ], [ 8.321411835949494, 47.984234358816124 ], [ 8.319667870964224, 47.988672471020436 ], [ 8.3140850676961, 47.992230083700122 ], [ 8.30804681975677, 47.993053597108251 ], [ 8.299287105183355, 47.991511050038554 ], [ 8.294745238236514, 47.988524090434915 ], [ 8.282368051150463, 47.987024158346806 ], [ 8.270389516068839, 47.993318522749 ], [ 8.25451366417691, 47.991852067969774 ], [ 8.253100717697487, 47.994637797109242 ], [ 8.248461400257339, 47.996188179746206 ], [ 8.239500331859384, 47.993215827836181 ], [ 8.222619593029371, 47.997608245827983 ], [ 8.218656517849535, 47.996641500915146 ], [ 8.215626619406036, 47.993443453390093 ], [ 8.214415625079976, 47.989033666720516 ], [ 8.196533965769696, 47.983768245183626 ], [ 8.193970809171809, 47.986735889692291 ], [ 8.194289621174407, 47.989927085217573 ], [ 8.191007811477856, 47.993660931705563 ], [ 8.177665795400651, 47.992513752711979 ], [ 8.174171439123493, 47.994986327228183 ], [ 8.164583832413271, 47.992327066747549 ], [ 8.161524982050503, 47.993826692543948 ], [ 8.161187756950969, 47.996418482928817 ], [ 8.163624147027759, 47.998195250221563 ], [ 8.161833560335696, 47.999471930650721 ], [ 8.156288080040694, 48.00142526206465 ], [ 8.147469345790579, 48.001396195751788 ], [ 8.141706765816753, 48.00789867199591 ], [ 8.134869301176067, 48.010467211405846 ], [ 8.133106955696071, 48.012839344095099 ], [ 8.134230574362508, 48.014842138491808 ], [ 8.126706269464771, 48.015755112818269 ], [ 8.124057337225299, 48.019289520675279 ], [ 8.125239451915396, 48.021743359021485 ], [ 8.122587151398594, 48.02420399048939 ], [ 8.114686213759066, 48.02679326138847 ], [ 8.114533106490015, 48.028849430572237 ], [ 8.117332860442001, 48.030197042557894 ], [ 8.115888685140783, 48.035852713922438 ], [ 8.128698312142546, 48.04097427363623 ], [ 8.124596866843058, 48.043988227547892 ], [ 8.125280832917412, 48.052340072606626 ], [ 8.11190504087765, 48.05736477037545 ], [ 8.112945281451882, 48.05832276439952 ], [ 8.109875848299705, 48.063642627399041 ], [ 8.117545733341395, 48.066670030649902 ], [ 8.117668592859108, 48.068291568367385 ], [ 8.12194818891998, 48.07025514504479 ], [ 8.12237952340643, 48.071883366740707 ], [ 8.125617578204166, 48.071521819136159 ], [ 8.128957207211869, 48.073509729403973 ], [ 8.140382017721732, 48.072011350304699 ], [ 8.148186381906603, 48.067303837906692 ], [ 8.152789785809849, 48.067769976732684 ], [ 8.154014836606381, 48.069497808658397 ], [ 8.160642675658469, 48.069490894210666 ], [ 8.166782706004371, 48.075635253887363 ], [ 8.161282534730708, 48.079301619664591 ], [ 8.15898664795837, 48.077257597145056 ], [ 8.156004049984309, 48.077607606087597 ], [ 8.156482353637125, 48.07911976336122 ], [ 8.154148035211469, 48.078818043613254 ], [ 8.145392305808631, 48.085384710035697 ], [ 8.147983372371231, 48.085656142055278 ], [ 8.146317792903231, 48.087365202981836 ], [ 8.148744845117289, 48.088262657159007 ], [ 8.15115365997374, 48.09329109093958 ], [ 8.149536763867165, 48.094422471480414 ], [ 8.152053678160559, 48.094880963893637 ], [ 8.153478540069942, 48.099633175156868 ], [ 8.150389201529668, 48.100502425118997 ], [ 8.149466392062582, 48.104082198009685 ], [ 8.148011229329899, 48.104051020863487 ], [ 8.142679430136553, 48.110374231005927 ], [ 8.143185148120986, 48.112714513260961 ], [ 8.132691794547009, 48.117823805808889 ], [ 8.127145567281245, 48.125608129025771 ], [ 8.128345374689006, 48.129552230451104 ], [ 8.125374131322614, 48.131694802879295 ], [ 8.125887083234456, 48.13331584104418 ], [ 8.142070348914297, 48.140473064597458 ], [ 8.142238727485291, 48.143408759112887 ], [ 8.139092975866722, 48.14959211580581 ], [ 8.139892853466675, 48.155050787551808 ], [ 8.13482920370542, 48.158602534446921 ], [ 8.136297213192332, 48.163859792783832 ], [ 8.143632551139184, 48.165933131506712 ], [ 8.154601250644239, 48.173309241639451 ], [ 8.167269817101557, 48.174406360461951 ], [ 8.171760615511905, 48.1800960004785 ], [ 8.180335157348198, 48.183919964748291 ], [ 8.186075268351523, 48.182846779925015 ], [ 8.191937518641833, 48.177715390077793 ], [ 8.194658070173508, 48.179922090860025 ], [ 8.198982159183915, 48.174022623954002 ], [ 8.20694707669151, 48.17282281454041 ], [ 8.208622002755961, 48.170302637969691 ], [ 8.205845922776556, 48.168316405451847 ], [ 8.206155595062512, 48.166104932200916 ], [ 8.208921078369912, 48.165038379829888 ], [ 8.212438290326826, 48.166883479282369 ], [ 8.214354396663689, 48.163262803635646 ], [ 8.213066606541085, 48.160600774933719 ], [ 8.216170645538901, 48.159170264603105 ], [ 8.225927224692951, 48.158367417829346 ], [ 8.232143632057083, 48.161036990056225 ], [ 8.230799855977759, 48.163773279148415 ], [ 8.233939532396541, 48.16701769802382 ], [ 8.231570752189608, 48.169015319870162 ], [ 8.238323351866889, 48.169154510293623 ], [ 8.239262728938533, 48.170387459835489 ], [ 8.237636017589248, 48.172495666062318 ], [ 8.242039533148546, 48.173442905248237 ], [ 8.242642815313539, 48.175025867877892 ], [ 8.240071024553734, 48.174473285205359 ], [ 8.238922726788918, 48.177781184032447 ], [ 8.236574427898329, 48.179327221001678 ], [ 8.243476440238293, 48.181357927943665 ], [ 8.241663196291583, 48.186869983743911 ], [ 8.252145653452322, 48.182938622450635 ], [ 8.260156282055933, 48.177732791213288 ], [ 8.272230964322453, 48.175772816359853 ] ] ] } },
{ "type": "Feature", "properties": { "OBJID": "DEBKGVG200000CCY", "BEGINN": "2025-04-12T00:00:00", "ADE": 4, "GF": 4, "BSG": 1, "LKZ": "BW", "ARS": "08327", "AGS": "08327", "SDV_ARS": "083275006050", "GEN": "Tuttlingen", "BEZ": "Landkreis", "IBZ": 43, "BEM": "--", "NBD": "ja", "SN_L": "08", "SN_R": "3", "SN_K": "27", "SN_V1": "00", "SN_V2": "00", "SN_G": "000", "FK_S3": "R", "NUTS": "DE137", "ARS_0": "083270000000", "AGS_0": "08327000", "WSK": "2009-01-01T00:00:00", "DLM_ID": "DEBKGDL20000E5PO" }, "geometry": { "type": "Polygon", "coordinates": [ [ [ 8.953761201147163, 48.107279088781397 ], [ 8.955999890483858, 48.099677058094706 ], [ 8.962549205916345, 48.091110523314541 ], [ 8.979927902924913, 48.085481469805643 ], [ 8.983072205133192, 48.080984522915358 ], [ 8.987789527572179, 48.078109594142298 ], [ 8.990341779172429, 48.073631289650464 ], [ 8.996809091800348, 48.070959892514502 ], [ 8.996594732841315, 48.067873080765899 ], [ 8.987440056675592, 48.060212870186781 ], [ 8.974680174213365, 48.056044200859652 ], [ 8.969288004437487, 48.056940080410349 ], [ 8.95599031180379, 48.055458970876664 ], [ 8.952007469787921, 48.056569805105319 ], [ 8.948657587672818, 48.055364471728076 ], [ 8.945753088743636, 48.059863766521183 ], [ 8.940713087508332, 48.060619391911558 ], [ 8.934949322379065, 48.058397439032625 ], [ 8.937467520050504, 48.056805984133476 ], [ 8.935141895155844, 48.054866740734049 ], [ 8.937581475177854, 48.053211231616316 ], [ 8.934216865884075, 48.049369069262397 ], [ 8.935497307739853, 48.04662714098945 ], [ 8.942032690863075, 48.045605334216553 ], [ 8.945127253404179, 48.043140817433631 ], [ 8.951265118821826, 48.044081824469451 ], [ 8.954473094292782, 48.041402877409318 ], [ 8.95163607163648, 48.03782046992611 ], [ 8.952051416478787, 48.029672623131731 ], [ 8.960360571922728, 48.028035564640689 ], [ 8.958084810279592, 48.030089417092661 ], [ 8.959819962073174, 48.035903846243912 ], [ 8.964315813160134, 48.039185612526055 ], [ 8.971506652284368, 48.040165192603688 ], [ 8.973933894525247, 48.035189968127717 ], [ 8.977323681928734, 48.032552102909037 ], [ 8.99480499775777, 48.029853614116952 ], [ 9.007586608717103, 48.025605030946373 ], [ 9.01070377276732, 48.017358166940589 ], [ 9.012516937633128, 48.017220965788432 ], [ 9.014105244388569, 48.005420072520607 ], [ 9.01389480164412, 48.003511252424104 ], [ 9.006298339478729, 47.999551056021488 ], [ 9.007264648536703, 47.994619524952185 ], [ 9.009687971783389, 47.995983096326718 ], [ 9.018338829062888, 47.990247762429561 ], [ 9.021236420042101, 47.983831912954017 ], [ 9.021369949983178, 47.97937456282807 ], [ 9.014293388318027, 47.978262878982392 ], [ 9.011696442928761, 47.974244946032584 ], [ 9.014579231347403, 47.966094053767407 ], [ 9.020003931677925, 47.962859166503939 ], [ 9.013920394963339, 47.954182222632845 ], [ 9.014597801743065, 47.949903169739372 ], [ 9.020696936620608, 47.947415947449194 ], [ 9.015954466017339, 47.94305321777766 ], [ 9.011598853190653, 47.94240071828893 ], [ 9.012044832669218, 47.936922908794983 ], [ 9.008226132108744, 47.934482479807883 ], [ 8.995171666340642, 47.932628665700285 ], [ 8.984000582863388, 47.937974995625325 ], [ 8.978711420323076, 47.937529755105409 ], [ 8.980649168369755, 47.935502516143885 ], [ 8.975504486526852, 47.930108866932841 ], [ 8.976535622504201, 47.926167646452008 ], [ 8.980448983265882, 47.924612881403142 ], [ 8.973204204466047, 47.922300469043627 ], [ 8.964839662978697, 47.924197138469637 ], [ 8.9529064107428, 47.934106830232153 ], [ 8.944750615057609, 47.928857859572638 ], [ 8.932830405722363, 47.924696142490752 ], [ 8.916538957746145, 47.920666861414759 ], [ 8.90397493917434, 47.919627930507502 ], [ 8.904477663889551, 47.917209061856362 ], [ 8.90129770153159, 47.914879138627597 ], [ 8.895350552480455, 47.915279467684499 ], [ 8.879594168181749, 47.912107366926143 ], [ 8.864637419651775, 47.899293804026378 ], [ 8.864448590351985, 47.893161483201823 ], [ 8.857574736522462, 47.891847821321356 ], [ 8.856753434334259, 47.890812537332842 ], [ 8.859123162865609, 47.88958489144963 ], [ 8.853672842264604, 47.885388236150142 ], [ 8.852307725967874, 47.881834603166801 ], [ 8.847200727352023, 47.880292121317652 ], [ 8.845326972320807, 47.877980315550055 ], [ 8.82572063778125, 47.88161032166677 ], [ 8.817448153030915, 47.887200456730291 ], [ 8.819794472525928, 47.892041400766765 ], [ 8.823117781216762, 47.894161852114692 ], [ 8.818802875388572, 47.897191867230582 ], [ 8.818672202902407, 47.899068804179826 ], [ 8.821976182980988, 47.902943476879088 ], [ 8.820199865878719, 47.903942821043287 ], [ 8.820597757355451, 47.907017025719625 ], [ 8.818633287821131, 47.909254122894453 ], [ 8.823908459383311, 47.911852933138157 ], [ 8.822227416876354, 47.915739697712695 ], [ 8.824513630258615, 47.918702125252487 ], [ 8.819777120782721, 47.923988832004568 ], [ 8.820528808368056, 47.927452677132457 ], [ 8.816576717784613, 47.9268435118477 ], [ 8.813280602498642, 47.921910959712726 ], [ 8.802951168052711, 47.918128051121855 ], [ 8.79932137665744, 47.913621439511132 ], [ 8.804319862197476, 47.907082199372567 ], [ 8.797840435995418, 47.898377837342309 ], [ 8.801709707371369, 47.894320498002116 ], [ 8.800306383995125, 47.890436446420757 ], [ 8.809497245115933, 47.886530888911608 ], [ 8.80192064927529, 47.887671097627283 ], [ 8.783296765858909, 47.895633640297348 ], [ 8.773626110451541, 47.894644751865194 ], [ 8.764476081815836, 47.890256446339848 ], [ 8.757328612225843, 47.890529307071695 ], [ 8.735628897842222, 47.884550486773904 ], [ 8.730197548857218, 47.887809822978035 ], [ 8.724404616363495, 47.901572933589613 ], [ 8.71463893018905, 47.89458216543462 ], [ 8.717447497751486, 47.88996310420211 ], [ 8.716703980581347, 47.888004051898115 ], [ 8.710994474610972, 47.885105740527521 ], [ 8.708670724905792, 47.880257823325493 ], [ 8.707205106947269, 47.87976628995019 ], [ 8.698901982055096, 47.886480452365959 ], [ 8.690744754010886, 47.888196909008386 ], [ 8.690393332744542, 47.882312181886178 ], [ 8.696841676203967, 47.876599625387954 ], [ 8.693659428856655, 47.872564776956317 ], [ 8.697503943841957, 47.869465582522054 ], [ 8.696456218307764, 47.867785083608275 ], [ 8.69816957950993, 47.863845077427712 ], [ 8.696208468007102, 47.862854311843613 ], [ 8.696015235695507, 47.860459709481766 ], [ 8.685537712668806, 47.858748839757986 ], [ 8.691815997892066, 47.852541798329284 ], [ 8.678240641424447, 47.849555715749851 ], [ 8.671962090502303, 47.848714095031255 ], [ 8.668123307359519, 47.850223779428113 ], [ 8.667437508741514, 47.848220088162371 ], [ 8.655092025638133, 47.846245774132612 ], [ 8.655861186993627, 47.848542298479707 ], [ 8.651730191826854, 47.849722118418207 ], [ 8.650534336444334, 47.853486804927449 ], [ 8.6449141426629, 47.856250432695809 ], [ 8.640145945071557, 47.85481179780578 ], [ 8.629824350681638, 47.863895724067454 ], [ 8.628736560926257, 47.863337667165503 ], [ 8.625290601068004, 47.86860097126646 ], [ 8.615900219643054, 47.871685033561491 ], [ 8.607826392695852, 47.876963213346706 ], [ 8.614469571910925, 47.880120529019834 ], [ 8.61579801072984, 47.882786695748969 ], [ 8.614440753260098, 47.88438160818594 ], [ 8.620730352357748, 47.887364320122543 ], [ 8.620711548882475, 47.888895052866303 ], [ 8.61329381891176, 47.892372540781423 ], [ 8.612781582574982, 47.895285693360101 ], [ 8.600164509055972, 47.899032084007459 ], [ 8.597975689565835, 47.89719345458527 ], [ 8.592152433955093, 47.902701640029342 ], [ 8.5902947605585, 47.906025849165253 ], [ 8.591859959052682, 47.90670052279453 ], [ 8.590035931467643, 47.91307022420591 ], [ 8.591983197446188, 47.913553767612271 ], [ 8.591561296233198, 47.915821120658528 ], [ 8.595482099238966, 47.914234101058788 ], [ 8.596893481075989, 47.91525779517805 ], [ 8.594054531970514, 47.917301753391754 ], [ 8.594370037169565, 47.919474904390377 ], [ 8.589288406300142, 47.920932508757843 ], [ 8.58721337905974, 47.926082207992749 ], [ 8.589269643545155, 47.928894805260761 ], [ 8.587538845877365, 47.929561083843367 ], [ 8.586750280739771, 47.935760152572925 ], [ 8.5884832378339, 47.944916475860481 ], [ 8.594587969229615, 47.945895101218674 ], [ 8.597873785769478, 47.948838440686224 ], [ 8.607475517677218, 47.951828155044424 ], [ 8.614713265275116, 47.951557476485796 ], [ 8.621671481375335, 47.949132643946761 ], [ 8.629028304328756, 47.949591350174067 ], [ 8.628774425828803, 47.946754815877867 ], [ 8.630730768759586, 47.946689352578247 ], [ 8.635966911303411, 47.950141338336124 ], [ 8.637826636354326, 47.961160142789097 ], [ 8.642555900625887, 47.959990735542462 ], [ 8.647085316762496, 47.962000601447862 ], [ 8.640045684079507, 47.965461200485464 ], [ 8.636255576163267, 47.969090599999085 ], [ 8.635741862767896, 47.972057947662151 ], [ 8.642473713011304, 47.970506401141613 ], [ 8.643349935814992, 47.968627869479505 ], [ 8.645561226154106, 47.968732973277532 ], [ 8.648561121977588, 47.96619746386073 ], [ 8.65109815045977, 47.966375212906875 ], [ 8.646641351923169, 47.969905303821285 ], [ 8.649154172542195, 47.972519297277437 ], [ 8.648232058745913, 47.974256988608957 ], [ 8.654062556728311, 47.973384403685913 ], [ 8.657228143353594, 47.971082047568693 ], [ 8.662905248670837, 47.971078561347007 ], [ 8.658160610945577, 47.977310645328906 ], [ 8.657658329701286, 47.982157453149348 ], [ 8.653493692705219, 47.985728762153002 ], [ 8.651512757213331, 47.989989294396445 ], [ 8.654942852351766, 47.995742363294418 ], [ 8.663061326736226, 47.999628373690165 ], [ 8.657982075117632, 47.99967794436354 ], [ 8.64150413776416, 48.004650586649731 ], [ 8.639199961563785, 48.011391039447489 ], [ 8.634418102854395, 48.012047021037922 ], [ 8.630196837029885, 48.014879325966554 ], [ 8.631580499114493, 48.018328712180718 ], [ 8.635981903944124, 48.020309886180172 ], [ 8.638720181283324, 48.027657597136027 ], [ 8.643968815985986, 48.033869899426861 ], [ 8.638607781312402, 48.040505493937026 ], [ 8.631895589337381, 48.04397827437149 ], [ 8.636617050990735, 48.048905176461666 ], [ 8.636121447074657, 48.050308458996177 ], [ 8.623713971269632, 48.056364134760848 ], [ 8.61942647877294, 48.06362806563196 ], [ 8.617870031328779, 48.063286648223539 ], [ 8.601413191728115, 48.078190489731249 ], [ 8.601815826846986, 48.082019089154173 ], [ 8.599139051243164, 48.084616421387679 ], [ 8.599725006444563, 48.085777562588213 ], [ 8.60611013202494, 48.088004952563715 ], [ 8.606167224734349, 48.089290689538274 ], [ 8.60845249302313, 48.088814838715592 ], [ 8.613638102565723, 48.096043855065496 ], [ 8.637268945275137, 48.101564010198445 ], [ 8.634042410091487, 48.105582635559962 ], [ 8.643543130088048, 48.10570777109632 ], [ 8.644441726509777, 48.108582460411903 ], [ 8.639680180604305, 48.109700341336627 ], [ 8.656983491589337, 48.119305553456137 ], [ 8.669050594165881, 48.121269914920362 ], [ 8.682896306317238, 48.117896715492435 ], [ 8.685991854795738, 48.121101517191434 ], [ 8.686977876362398, 48.127511189329844 ], [ 8.699334214967758, 48.132418847796906 ], [ 8.705576460319579, 48.140252641352028 ], [ 8.722912823998019, 48.140855842382209 ], [ 8.72578043687707, 48.138915096178856 ], [ 8.733897197019694, 48.140891649886221 ], [ 8.734073495337048, 48.143466219333838 ], [ 8.74085859939685, 48.142711853285462 ], [ 8.744438881218535, 48.144037013715717 ], [ 8.745616205354299, 48.14643872104697 ], [ 8.744274199595603, 48.150157989468028 ], [ 8.747093700473107, 48.152487007406428 ], [ 8.753246503833521, 48.153295380174733 ], [ 8.751237223688824, 48.159539917313325 ], [ 8.764294248231961, 48.163154960395083 ], [ 8.762216044199548, 48.17366093490881 ], [ 8.76884780259801, 48.176984794746851 ], [ 8.76805768800474, 48.1807131104134 ], [ 8.769251281209732, 48.182710200980495 ], [ 8.778353646470354, 48.181962904418782 ], [ 8.781435283189795, 48.179583232781034 ], [ 8.781871609912974, 48.182872204119093 ], [ 8.784007353831242, 48.183705869395077 ], [ 8.784650415282986, 48.182232193034935 ], [ 8.789602433279653, 48.182507181697574 ], [ 8.794238362956975, 48.18453051613664 ], [ 8.809039839098711, 48.184624300408757 ], [ 8.813869242247749, 48.182603314418955 ], [ 8.816753838595311, 48.17375435873592 ], [ 8.827895898093072, 48.171064971558863 ], [ 8.832671000019158, 48.1650319713806 ], [ 8.829580460626435, 48.157881411151699 ], [ 8.831824419936915, 48.149571041595301 ], [ 8.835857950329878, 48.151484535122954 ], [ 8.849560258472208, 48.149596142803667 ], [ 8.853850396077116, 48.14506571401936 ], [ 8.860207603948835, 48.143785186300924 ], [ 8.864574650750829, 48.138169095749411 ], [ 8.863494553710744, 48.137872577107572 ], [ 8.865059306146833, 48.135252328437304 ], [ 8.866898998967716, 48.135270707416524 ], [ 8.867894687382682, 48.127930352530818 ], [ 8.874727194545367, 48.121944394420936 ], [ 8.878401647854423, 48.121490425954235 ], [ 8.88035783134513, 48.119338830292094 ], [ 8.876434140441974, 48.118783581006042 ], [ 8.881780457745323, 48.115727537173548 ], [ 8.883628044577614, 48.110575667725151 ], [ 8.883754449956447, 48.107952027336651 ], [ 8.882184443764769, 48.107928899631631 ], [ 8.885085822910781, 48.105427049387849 ], [ 8.894901984585875, 48.106578065423399 ], [ 8.896625259277249, 48.110093546117142 ], [ 8.913338863940288, 48.110604500286883 ], [ 8.918649490770537, 48.107030641340245 ], [ 8.932529049337749, 48.103714119020808 ], [ 8.939178614384549, 48.103566112695916 ], [ 8.947946733292367, 48.106900320231681 ], [ 8.953761201147163, 48.107279088781397 ] ] ] } },
{ "type": "Feature", "properties": { "OBJID": "DEBKGVG200000CCZ", "BEGINN": "2025-01-16T00:00:00", "ADE": 4, "GF": 4, "BSG": 1, "LKZ": "BW", "ARS": "08335", "AGS": "08335", "SDV_ARS": "083355004043", "GEN": "Konstanz", "BEZ": "Landkreis", "IBZ": 43, "BEM": "--", "NBD": "ja", "SN_L": "08", "SN_R": "3", "SN_K": "35", "SN_V1": "00", "SN_V2": "00", "SN_G": "000", "FK_S3": "R", "NUTS": "DE138", "ARS_0": "083350000000", "AGS_0": "08335000", "WSK": "2009-01-01T00:00:00", "DLM_ID": "DEBKGDL20000E6YG" }, "geometry": { "type": "MultiPolygon", "coordinates": [ [ [ [ 9.125932380619933, 47.668641196310112 ], [ 9.12067641253995, 47.672312941495036 ], [ 9.120986454567008, 47.675753573552761 ], [ 9.123335109814953, 47.673944621004132 ], [ 9.125932380619933, 47.668641196310112 ] ] ], [ [ [ 9.200583954442811, 47.705942476735132 ], [ 9.201830712767032, 47.703584563530022 ], [ 9.198598810109583, 47.702431508605251 ], [ 9.189033712527884, 47.703638006292387 ], [ 9.187810584709375, 47.705582624504473 ], [ 9.195342786373642, 47.708279576334569 ], [ 9.200583954442811, 47.705942476735132 ] ] ], [ [ [ 8.701282287658865, 47.715224232464351 ], [ 8.706122694058461, 47.71147485686901 ], [ 8.70899485381589, 47.7041491789901 ], [ 8.711949780124003, 47.701163935391186 ], [ 8.711427705618915, 47.696683238269372 ], [ 8.717439462984769, 47.695556971261084 ], [ 8.71771962575534, 47.690742263409028 ], [ 8.707655556216647, 47.689615239432811 ], [ 8.690226399153762, 47.69538285910113 ], [ 8.677672003189178, 47.687296351163155 ], [ 8.669053434596828, 47.684897069086816 ], [ 8.663354237898266, 47.685892560576164 ], [ 8.663821275508694, 47.68802185844995 ], [ 8.658526450022061, 47.690652571895107 ], [ 8.668274119994535, 47.69217790685677 ], [ 8.668073007115485, 47.693298160663282 ], [ 8.673041020919401, 47.694696703213879 ], [ 8.674077951105915, 47.697878150562822 ], [ 8.676489970769071, 47.697942982464937 ], [ 8.673814524172744, 47.704792823123917 ], [ 8.665881301901122, 47.707931581843503 ], [ 8.664634630521158, 47.713427744867651 ], [ 8.671419203751991, 47.711020738297094 ], [ 8.678110782564669, 47.713047483402228 ], [ 8.68141755095013, 47.712246518471886 ], [ 8.679943082219811, 47.710652147660063 ], [ 8.681117717926703, 47.709851223149016 ], [ 8.686361775184071, 47.708582986838884 ], [ 8.690328920410288, 47.709469516088745 ], [ 8.689686977433972, 47.711772710972916 ], [ 8.701282287658865, 47.715224232464351 ] ] ], [ [ [ 9.070728796690281, 47.942236135827123 ], [ 9.083105632668364, 47.939412491950087 ], [ 9.069607529041015, 47.931056154388962 ], [ 9.065603148207103, 47.918319222687593 ], [ 9.06670762352662, 47.916203151020056 ], [ 9.076286617094826, 47.916984513647662 ], [ 9.094582167947401, 47.913634303949252 ], [ 9.097237187896097, 47.914315641481146 ], [ 9.10223537409296, 47.910163539439758 ], [ 9.104607195849693, 47.905717053007663 ], [ 9.111209074195882, 47.906896796606276 ], [ 9.126212780020985, 47.900893630892028 ], [ 9.128193339369162, 47.898410456217526 ], [ 9.146873366044927, 47.897901929040579 ], [ 9.151105205310072, 47.894982950542207 ], [ 9.147067979206357, 47.89402513999562 ], [ 9.146283434632149, 47.891435495732395 ], [ 9.146504768824476, 47.889208891986165 ], [ 9.149674234211796, 47.887033864276596 ], [ 9.14699090539531, 47.887560883362632 ], [ 9.146931034167869, 47.885131381856979 ], [ 9.14917385528102, 47.884459621713411 ], [ 9.147914137337279, 47.880019586440433 ], [ 9.149001894745078, 47.878524608842341 ], [ 9.145150825038117, 47.875699271032147 ], [ 9.145934504381543, 47.872940317112239 ], [ 9.134857454857929, 47.868622527160163 ], [ 9.130592571562932, 47.865360028620437 ], [ 9.138770646735951, 47.861381164958757 ], [ 9.13804840306388, 47.859652217553254 ], [ 9.131626815129142, 47.86322458235577 ], [ 9.126059059631272, 47.860727639240409 ], [ 9.12182867771873, 47.861546301035425 ], [ 9.121228974636871, 47.859579102576816 ], [ 9.117787526313801, 47.858933342383509 ], [ 9.128871369836618, 47.853731946308457 ], [ 9.126521218758219, 47.848301080718784 ], [ 9.128581811367658, 47.846817289188387 ], [ 9.122287584702381, 47.845066114370141 ], [ 9.120382177826478, 47.841086896667456 ], [ 9.118600564685524, 47.842250923465819 ], [ 9.113908707993911, 47.841481342246162 ], [ 9.10929781960758, 47.844487983267484 ], [ 9.107456268265173, 47.842073432468951 ], [ 9.103436698946201, 47.841617596989693 ], [ 9.098606637395489, 47.844324353030125 ], [ 9.098054465681091, 47.846375765489256 ], [ 9.092819139871539, 47.847809618066407 ], [ 9.092010033049711, 47.850433003041914 ], [ 9.088756778072469, 47.85024719179718 ], [ 9.086895281129694, 47.851832181741877 ], [ 9.084737950062395, 47.857842266278134 ], [ 9.081722329407841, 47.856576141519405 ], [ 9.080371130390581, 47.858588358107689 ], [ 9.069507320704417, 47.858284834112723 ], [ 9.065708217608007, 47.855718032611115 ], [ 9.068774745943651, 47.851749066211269 ], [ 9.066865474100986, 47.848964351060445 ], [ 9.071624756474465, 47.846473774049528 ], [ 9.071191605955512, 47.842512888265254 ], [ 9.076838778266183, 47.842083235845358 ], [ 9.072183741234426, 47.841447170257673 ], [ 9.070236930278215, 47.83950701901496 ], [ 9.070406918608938, 47.836857462226568 ], [ 9.071785702695474, 47.83765755464205 ], [ 9.073163821645794, 47.834313658311352 ], [ 9.079334710183918, 47.831914666383071 ], [ 9.083438530470206, 47.825161799910738 ], [ 9.08106982282928, 47.825841168026749 ], [ 9.077675206263606, 47.823199181372189 ], [ 9.076513243086325, 47.819974978600747 ], [ 9.077315536146189, 47.818529229813755 ], [ 9.080900146024396, 47.81918713714937 ], [ 9.080258793245894, 47.817428346581984 ], [ 9.083188742022099, 47.814299934032427 ], [ 9.080133080359957, 47.81294595976879 ], [ 9.080962797044903, 47.811796601530453 ], [ 9.076931427084146, 47.81230492686138 ], [ 9.074676776286363, 47.808660946810356 ], [ 9.070526094164604, 47.807303273807506 ], [ 9.061646036602935, 47.814890098416562 ], [ 9.055396888842216, 47.814097442007863 ], [ 9.03953653072162, 47.817481973881868 ], [ 9.038319711598321, 47.816656674996075 ], [ 9.039283061367712, 47.81340656470271 ], [ 9.034426236513161, 47.812029064197596 ], [ 9.034243205117544, 47.808373992956597 ], [ 9.031170249380109, 47.80752676058669 ], [ 9.030987172866183, 47.804701765209103 ], [ 9.047745765493685, 47.796045067594648 ], [ 9.050212640851987, 47.791978973272961 ], [ 9.056024566610477, 47.788909978004462 ], [ 9.06634375077171, 47.7798506261855 ], [ 9.080722660271825, 47.771832068119792 ], [ 9.091576475735158, 47.766660552783733 ], [ 9.116753498670816, 47.759279734752333 ], [ 9.136283467139037, 47.747112890243905 ], [ 9.14907358801698, 47.748710265783949 ], [ 9.151829599542655, 47.74488843444194 ], [ 9.158861678035317, 47.740112574888848 ], [ 9.172740020851887, 47.734862627680016 ], [ 9.178027550906375, 47.725595533952898 ], [ 9.180996547825494, 47.712465927885624 ], [ 9.179606442792466, 47.70515092875906 ], [ 9.185293472743435, 47.702082969189313 ], [ 9.188075702641331, 47.697568694449423 ], [ 9.19997624529795, 47.692543458251393 ], [ 9.207599305167239, 47.687097790416047 ], [ 9.211895627688781, 47.68105509375318 ], [ 9.210601287862506, 47.675548360732797 ], [ 9.217727909079576, 47.666122017647432 ], [ 9.207264300894753, 47.66315993416061 ], [ 9.191102684056032, 47.666588732972677 ], [ 9.178425586375043, 47.666992769572133 ], [ 9.177440565208013, 47.666010148087715 ], [ 9.180123282005793, 47.660686145770491 ], [ 9.17876748783152, 47.66064273147002 ], [ 9.178549963941625, 47.657818014568946 ], [ 9.181092337976482, 47.657758982826195 ], [ 9.181678162857068, 47.65573491172421 ], [ 9.175793332485922, 47.653937862470485 ], [ 9.175332480360712, 47.655756710699485 ], [ 9.170534654444227, 47.654853385049471 ], [ 9.160151108859223, 47.662302510970527 ], [ 9.157709388546257, 47.666011258723053 ], [ 9.148339065533316, 47.667611928649706 ], [ 9.139325821477101, 47.663999829521252 ], [ 9.127830524035543, 47.666598649046875 ], [ 9.125641404569869, 47.674293162072658 ], [ 9.118041386620554, 47.679131229111803 ], [ 9.112298072370226, 47.685583334694577 ], [ 9.092619101893931, 47.686390938509817 ], [ 9.081137109404221, 47.683303238120587 ], [ 9.053825721407197, 47.689684879142227 ], [ 9.042609312619982, 47.694038351106791 ], [ 9.04399763821298, 47.697993708897449 ], [ 9.040855131692553, 47.701178388007989 ], [ 9.043749616363842, 47.701909215781527 ], [ 9.043220274848395, 47.703362242484332 ], [ 9.044606069267715, 47.704032878681097 ], [ 9.040724439347217, 47.708340208798944 ], [ 9.048203130985543, 47.707154835548579 ], [ 9.053199749981536, 47.70248456909772 ], [ 9.056210142406371, 47.702443624586913 ], [ 9.057078632011638, 47.704171865086202 ], [ 9.060403062760674, 47.703406925889801 ], [ 9.06650513430124, 47.698669798757393 ], [ 9.072628537912808, 47.697779518893753 ], [ 9.087173274248784, 47.688208245889371 ], [ 9.09378330058199, 47.689202813944661 ], [ 9.101503269273024, 47.687708944469215 ], [ 9.103341519882811, 47.690268345664997 ], [ 9.105625771991649, 47.688562956191106 ], [ 9.106542589277488, 47.689095990873483 ], [ 9.104991488828748, 47.69076585578032 ], [ 9.108872914560488, 47.690015589545261 ], [ 9.101582435439113, 47.701678452026258 ], [ 9.095110464107462, 47.704066867425276 ], [ 9.093125750325074, 47.706441058187856 ], [ 9.068497006353576, 47.712699475861015 ], [ 9.06598463314997, 47.714841570987858 ], [ 9.037361491846521, 47.723943672392728 ], [ 9.034902109928094, 47.726481295195263 ], [ 9.023056253502006, 47.728370725000097 ], [ 9.001533800676849, 47.737708345254731 ], [ 8.996279056962353, 47.742422062956301 ], [ 8.989864116150443, 47.743465934156269 ], [ 8.984397014426637, 47.742266476884232 ], [ 8.983467100593234, 47.739556966525832 ], [ 8.990097812975478, 47.734672861941519 ], [ 9.000068770408648, 47.733440816051989 ], [ 9.002655234357174, 47.729854032231458 ], [ 9.015315948757875, 47.722144444943019 ], [ 9.014928056964932, 47.719972964406537 ], [ 9.009192116406801, 47.721023316157456 ], [ 9.010638433587774, 47.723326149087178 ], [ 9.005512152812898, 47.723850501787425 ], [ 9.006853797645373, 47.72536349953976 ], [ 9.005668522446761, 47.726237103713892 ], [ 8.998634117018982, 47.725376387855178 ], [ 8.998591966893443, 47.726769014618341 ], [ 8.975345149743143, 47.735012281501412 ], [ 8.968822493795676, 47.733950066381993 ], [ 8.968568346903357, 47.735276804465663 ], [ 8.960635622091777, 47.737169501230682 ], [ 8.949419764686454, 47.736183548113118 ], [ 8.942195712514453, 47.733707522748809 ], [ 8.939917016902982, 47.731176085125959 ], [ 8.939828359829621, 47.728064755987745 ], [ 8.944783668239259, 47.722890708054571 ], [ 8.955400454494079, 47.71999019310487 ], [ 8.972803410986662, 47.711543726187934 ], [ 8.992330528846594, 47.707051931748758 ], [ 8.999153637429286, 47.703362097920007 ], [ 9.006162673780283, 47.696115084329428 ], [ 8.998628892055837, 47.687256995874378 ], [ 8.990677936925302, 47.682140673317519 ], [ 8.974309887742351, 47.676843208858351 ], [ 8.970918277935137, 47.672022933576379 ], [ 8.959084661497609, 47.670849382192138 ], [ 8.950321211762846, 47.667677990429482 ], [ 8.939093512995152, 47.66166628111516 ], [ 8.937897101865481, 47.659096496969262 ], [ 8.924811881292833, 47.659752753808455 ], [ 8.911466570208743, 47.655217490977691 ], [ 8.901623566759223, 47.654767749933015 ], [ 8.894180799593167, 47.65208755259134 ], [ 8.883526311740182, 47.655749759397843 ], [ 8.875350701855538, 47.656205911614684 ], [ 8.876020281285225, 47.660725333510378 ], [ 8.873471648716009, 47.670221315674006 ], [ 8.86080631393701, 47.680252764511394 ], [ 8.850583167029189, 47.681163025755133 ], [ 8.850942226438484, 47.685620477211522 ], [ 8.8560825217999, 47.689090029648284 ], [ 8.857580073762275, 47.692297677925652 ], [ 8.85497271984255, 47.694446288096806 ], [ 8.850773477137233, 47.694668157503301 ], [ 8.851541737699515, 47.697521783226385 ], [ 8.855149342256647, 47.697088795410288 ], [ 8.858069544694755, 47.698797629743247 ], [ 8.860167039081539, 47.698222783901443 ], [ 8.860690340160916, 47.696244838786377 ], [ 8.863258152728742, 47.698495218988782 ], [ 8.866229584388831, 47.696518343393834 ], [ 8.863208444134793, 47.692525121833626 ], [ 8.87441980058037, 47.694369713631644 ], [ 8.876026582447144, 47.696938382501408 ], [ 8.869676447961869, 47.701998412267521 ], [ 8.872719752507454, 47.704164693996297 ], [ 8.866456935755938, 47.705509777851404 ], [ 8.84832724647843, 47.703452661369475 ], [ 8.845761197647377, 47.71120252848214 ], [ 8.843263262181001, 47.712139656902977 ], [ 8.833631894904308, 47.714573182285058 ], [ 8.830092818461507, 47.7118790886216 ], [ 8.82541860031635, 47.710986821987056 ], [ 8.818828358207169, 47.712862624266087 ], [ 8.826169827041745, 47.717910538663936 ], [ 8.824976395631335, 47.718934900494915 ], [ 8.818572898922103, 47.717649727873251 ], [ 8.812775561299942, 47.723659089573168 ], [ 8.804851516465243, 47.724499312896256 ], [ 8.811948569396957, 47.730353164413359 ], [ 8.808458414169381, 47.731066425941052 ], [ 8.806440662679723, 47.73826224988656 ], [ 8.79655722566225, 47.734573048200815 ], [ 8.799121572844269, 47.727133206584632 ], [ 8.791821505869176, 47.728767089068064 ], [ 8.786479047608545, 47.726300415785936 ], [ 8.785023875826971, 47.727158444375654 ], [ 8.780739064060963, 47.721699949765757 ], [ 8.776315768858247, 47.722712203803262 ], [ 8.777348494901439, 47.720885321394604 ], [ 8.774800873469545, 47.719144494675575 ], [ 8.769908575004376, 47.718448541294194 ], [ 8.770436549166872, 47.715077727877762 ], [ 8.772800225898786, 47.713194219211701 ], [ 8.769350111334276, 47.706875954474555 ], [ 8.792066035069258, 47.704909445690596 ], [ 8.797650155985247, 47.702868299206095 ], [ 8.797723906399543, 47.697147338427797 ], [ 8.806324198526198, 47.696496609437624 ], [ 8.810078414152377, 47.693320495459659 ], [ 8.806138817131458, 47.691606389793229 ], [ 8.80007613706557, 47.691725950397633 ], [ 8.796514881540467, 47.687778845100745 ], [ 8.793324006286433, 47.679917726720944 ], [ 8.795947416544539, 47.675302069800033 ], [ 8.790215485475517, 47.675104978118924 ], [ 8.757305992978063, 47.689423491983916 ], [ 8.727981484902688, 47.692680572413806 ], [ 8.726361024378471, 47.696672244100867 ], [ 8.73191908626327, 47.711459636322736 ], [ 8.736294012287608, 47.716150937239732 ], [ 8.733204808721931, 47.718366128336953 ], [ 8.724669197922395, 47.720139087040636 ], [ 8.724838870334974, 47.721307258986002 ], [ 8.717919265966438, 47.721622400430725 ], [ 8.711256620818794, 47.730071470769531 ], [ 8.714343626289477, 47.738697872317317 ], [ 8.720185322162411, 47.740983997034299 ], [ 8.723407379642167, 47.745531796128169 ], [ 8.739557817226082, 47.746531154531908 ], [ 8.741420435658158, 47.74820233332639 ], [ 8.741048911496238, 47.751851993545934 ], [ 8.72910074902178, 47.757920983322087 ], [ 8.73064192257632, 47.759706061111842 ], [ 8.727146060480576, 47.76227747013791 ], [ 8.714159733708266, 47.765358550615858 ], [ 8.70975852258116, 47.76316953091446 ], [ 8.706848669108856, 47.763644980600795 ], [ 8.699092636931477, 47.759628329356623 ], [ 8.695090663845855, 47.755709015337871 ], [ 8.688610570410198, 47.758336791089036 ], [ 8.688407157842276, 47.761972499214515 ], [ 8.68348298729649, 47.770634947780643 ], [ 8.688253338880134, 47.773649991206931 ], [ 8.682776894945409, 47.777163732673571 ], [ 8.681702764204116, 47.784265687969075 ], [ 8.680072099867777, 47.785083529678481 ], [ 8.680894192369506, 47.786670450953096 ], [ 8.676127778221078, 47.785700871599602 ], [ 8.667566260059381, 47.787691394908776 ], [ 8.662065109565656, 47.79184458983628 ], [ 8.657496098069457, 47.791791302981565 ], [ 8.660259757854378, 47.796262180180115 ], [ 8.656975077086292, 47.800347103593531 ], [ 8.649398829083303, 47.798492795144604 ], [ 8.648762866531312, 47.795021046178775 ], [ 8.646567676113049, 47.793782587591551 ], [ 8.645338997255701, 47.787235256998308 ], [ 8.649327582559447, 47.783972903724631 ], [ 8.649934769045359, 47.781286254798253 ], [ 8.648095511410434, 47.77408845114644 ], [ 8.652971559510702, 47.77343379563986 ], [ 8.645295682770312, 47.76853490208839 ], [ 8.647522270528921, 47.767014809836354 ], [ 8.644536924185733, 47.76430009161794 ], [ 8.642348932497237, 47.765261820474279 ], [ 8.631608949579011, 47.758180553281406 ], [ 8.627679191708923, 47.759259023547081 ], [ 8.625060716881531, 47.76390745367685 ], [ 8.619414418095436, 47.767675365536583 ], [ 8.62333180656565, 47.777296619033777 ], [ 8.618783686022303, 47.778122121835821 ], [ 8.614913312315101, 47.784336499832854 ], [ 8.615636929131261, 47.787054981335935 ], [ 8.620401000821904, 47.788764359118126 ], [ 8.622044999334808, 47.794663133936062 ], [ 8.617793937775467, 47.795938378677697 ], [ 8.618583503087871, 47.79833435695847 ], [ 8.613868586409417, 47.801176969673357 ], [ 8.618961868854278, 47.805586877321005 ], [ 8.615339345419777, 47.810307117922456 ], [ 8.618309738128923, 47.810106651934959 ], [ 8.619952518866979, 47.81288594746205 ], [ 8.625723260308694, 47.814162913081596 ], [ 8.622829147472249, 47.817978942444093 ], [ 8.62707128838038, 47.822366378271326 ], [ 8.626391281399352, 47.827628774467911 ], [ 8.629059699313025, 47.83246285139375 ], [ 8.628775971068627, 47.840044209087353 ], [ 8.635653590266637, 47.846059501819362 ], [ 8.634892171112357, 47.847835579881334 ], [ 8.637612116813296, 47.849023772324763 ], [ 8.636693590231882, 47.85071627427466 ], [ 8.640145945071557, 47.85481179780578 ], [ 8.6449141426629, 47.856250432695809 ], [ 8.650534336444334, 47.853486804927449 ], [ 8.651730191826854, 47.849722118418207 ], [ 8.655861186993627, 47.848542298479707 ], [ 8.655092025638133, 47.846245774132612 ], [ 8.667437508741514, 47.848220088162371 ], [ 8.668123307359519, 47.850223779428113 ], [ 8.671962090502303, 47.848714095031255 ], [ 8.691815997892066, 47.852541798329284 ], [ 8.685537712668806, 47.858748839757986 ], [ 8.696015235695507, 47.860459709481766 ], [ 8.696208468007102, 47.862854311843613 ], [ 8.69816957950993, 47.863845077427712 ], [ 8.696456218307764, 47.867785083608275 ], [ 8.697503943841957, 47.869465582522054 ], [ 8.693659428856655, 47.872564776956317 ], [ 8.696841676203967, 47.876599625387954 ], [ 8.690393332744542, 47.882312181886178 ], [ 8.690744754010886, 47.888196909008386 ], [ 8.698901982055096, 47.886480452365959 ], [ 8.707205106947269, 47.87976628995019 ], [ 8.708670724905792, 47.880257823325493 ], [ 8.710994474610972, 47.885105740527521 ], [ 8.716703980581347, 47.888004051898115 ], [ 8.717447497751486, 47.88996310420211 ], [ 8.71463893018905, 47.89458216543462 ], [ 8.722468130313512, 47.900927285738589 ], [ 8.725794982236982, 47.900682073127093 ], [ 8.730197548857218, 47.887809822978035 ], [ 8.735628897842222, 47.884550486773904 ], [ 8.757328612225843, 47.890529307071695 ], [ 8.764476081815836, 47.890256446339848 ], [ 8.773626110451541, 47.894644751865194 ], [ 8.783296765858909, 47.895633640297348 ], [ 8.808694440352379, 47.886086149332499 ], [ 8.800306383995125, 47.890436446420757 ], [ 8.801709707371369, 47.894320498002116 ], [ 8.797840435995418, 47.898377837342309 ], [ 8.804319862197476, 47.907082199372567 ], [ 8.79932137665744, 47.913621439511132 ], [ 8.801366191140644, 47.917159456661899 ], [ 8.813280602498642, 47.921910959712726 ], [ 8.816576717784613, 47.9268435118477 ], [ 8.820528808368056, 47.927452677132457 ], [ 8.819777120782721, 47.923988832004568 ], [ 8.824513630258615, 47.918702125252487 ], [ 8.822227416876354, 47.915739697712695 ], [ 8.824207933340743, 47.912898988968273 ], [ 8.818633287821131, 47.909254122894453 ], [ 8.820597757355451, 47.907017025719625 ], [ 8.820199865878719, 47.903942821043287 ], [ 8.821976182980988, 47.902943476879088 ], [ 8.818587311028356, 47.898420205613292 ], [ 8.819737647872902, 47.895735513392928 ], [ 8.823117781216762, 47.894161852114692 ], [ 8.819794472525928, 47.892041400766765 ], [ 8.817448153030915, 47.887200456730291 ], [ 8.82572063778125, 47.88161032166677 ], [ 8.845326972320807, 47.877980315550055 ], [ 8.847200727352023, 47.880292121317652 ], [ 8.852307725967874, 47.881834603166801 ], [ 8.853672842264604, 47.885388236150142 ], [ 8.859123162865609, 47.88958489144963 ], [ 8.856753434334259, 47.890812537332842 ], [ 8.857574736522462, 47.891847821321356 ], [ 8.864448590351985, 47.893161483201823 ], [ 8.864637419651775, 47.899293804026378 ], [ 8.879594168181749, 47.912107366926143 ], [ 8.895350552480455, 47.915279467684499 ], [ 8.90129770153159, 47.914879138627597 ], [ 8.904477663889551, 47.917209061856362 ], [ 8.90397493917434, 47.919627930507502 ], [ 8.916538957746145, 47.920666861414759 ], [ 8.932830405722363, 47.924696142490752 ], [ 8.944750615057609, 47.928857859572638 ], [ 8.9529064107428, 47.934106830232153 ], [ 8.964839662978697, 47.924197138469637 ], [ 8.973204204466047, 47.922300469043627 ], [ 8.980448983265882, 47.924612881403142 ], [ 8.976535622504201, 47.926167646452008 ], [ 8.975504486526852, 47.930108866932841 ], [ 8.980649168369755, 47.935502516143885 ], [ 8.978711420323076, 47.937529755105409 ], [ 8.981572280901453, 47.938113446420942 ], [ 8.995171666340642, 47.932628665700285 ], [ 9.019913597849863, 47.937739845473622 ], [ 9.025090028414059, 47.935535303076541 ], [ 9.033956684081522, 47.936535484795193 ], [ 9.049398988086294, 47.935491730718411 ], [ 9.060119594824993, 47.94037098969212 ], [ 9.070728796690281, 47.942236135827123 ] ] ] ] } },
{ "type": "Feature", "properties": { "OBJID": "DEBKGVG200000CD0", "BEGINN": "2025-01-16T00:00:00", "ADE": 4, "GF": 4, "BSG": 1, "LKZ": "BW", "ARS": "08336", "AGS": "08336", "SDV_ARS": "083365003050", "GEN": "Lörrach", "BEZ": "Landkreis", "IBZ": 43, "BEM": "--", "NBD": "ja", "SN_L": "08", "SN_R": "3", "SN_K": "36", "SN_V1": "00", "SN_V2": "00", "SN_G": "000", "FK_S3": "R", "NUTS": "DE139", "ARS_0": "083360000000", "AGS_0": "08336000", "WSK": "2009-01-01T00:00:00", "DLM_ID": "DEBKGDL20000E5Q2" }, "geometry": { "type": "Polygon", "coordinates": [ [ [ 8.017967747928941, 47.841120371867412 ], [ 8.009552482114813, 47.836762234378938 ], [ 7.999544632617506, 47.827634575709148 ], [ 7.999149096179436, 47.82251528809266 ], [ 8.001262415421186, 47.814841556035269 ], [ 7.99780259695946, 47.80616554421713 ], [ 7.99858539603227, 47.797011319033544 ], [ 8.004597068099603, 47.794505282614217 ], [ 8.001807451339102, 47.788695386471971 ], [ 8.003979634805727, 47.784249021842719 ], [ 8.002186961453221, 47.776142014435884 ], [ 8.003646133184869, 47.773657639544375 ], [ 8.002829993447852, 47.771588752976193 ], [ 7.992588496704598, 47.766264170982645 ], [ 7.980825308394171, 47.767305837036041 ], [ 7.977029326174783, 47.76274895864875 ], [ 7.971855063857533, 47.760390037762811 ], [ 7.971834577832753, 47.754101364881421 ], [ 7.969864642298849, 47.752228891127629 ], [ 7.97496407562671, 47.743080453749741 ], [ 7.969578296255833, 47.73863936251356 ], [ 7.970481652794476, 47.73687093565416 ], [ 7.968273722408759, 47.734427791697854 ], [ 7.956938380695754, 47.729948440960484 ], [ 7.970937562983393, 47.724535619141832 ], [ 7.972605284667079, 47.719790665312601 ], [ 7.979988371238044, 47.714000186511832 ], [ 7.980903516830882, 47.711458712866026 ], [ 7.978781982402984, 47.705493070062921 ], [ 7.98097909654487, 47.703673650753821 ], [ 7.980118522981331, 47.700947248468218 ], [ 7.977293094875086, 47.700188247153271 ], [ 7.976644257365241, 47.694851958686272 ], [ 7.970547332471679, 47.691949460098385 ], [ 7.962431878221121, 47.684756111969271 ], [ 7.958756081431288, 47.684769262538801 ], [ 7.955580262049473, 47.682042542015928 ], [ 7.951756214303111, 47.681575429668463 ], [ 7.950982181524312, 47.678239399419347 ], [ 7.944264164276593, 47.678022726311461 ], [ 7.939064451667078, 47.675502609971488 ], [ 7.926799430704449, 47.674142959261751 ], [ 7.920733008582055, 47.671825966248271 ], [ 7.921879474368812, 47.67000085086903 ], [ 7.919697670323205, 47.667413487505172 ], [ 7.909460907827564, 47.664104085506985 ], [ 7.913047253022619, 47.658371831098179 ], [ 7.912149718233136, 47.652865613689912 ], [ 7.90932105734245, 47.649947954270388 ], [ 7.898595930456102, 47.644611732060156 ], [ 7.886339196808397, 47.644659555310426 ], [ 7.880640522631899, 47.642211608061039 ], [ 7.871055948311558, 47.645073475713566 ], [ 7.871112335376798, 47.640237320746373 ], [ 7.874626393895391, 47.636428840144866 ], [ 7.872584305106646, 47.63227934986763 ], [ 7.879314943821816, 47.629762299646814 ], [ 7.878194442817416, 47.616967374049239 ], [ 7.888649278815746, 47.605610942596286 ], [ 7.901332519659446, 47.601716312878537 ], [ 7.898243482362739, 47.599839107465968 ], [ 7.902849384153566, 47.597529170654106 ], [ 7.901760227632, 47.5902268334819 ], [ 7.894107255749815, 47.58637515919947 ], [ 7.885170834503046, 47.58883126101901 ], [ 7.869603235691683, 47.588769480536193 ], [ 7.86183290336033, 47.587818267593093 ], [ 7.849860816054238, 47.582845095325659 ], [ 7.840825542380817, 47.582167531652999 ], [ 7.831666871130296, 47.586938790915703 ], [ 7.820035064665444, 47.587451809570453 ], [ 7.814642011888432, 47.58026729551073 ], [ 7.810575573228464, 47.568861777778757 ], [ 7.801116878027742, 47.563602730533965 ], [ 7.796121130824156, 47.557740378535215 ], [ 7.788856366521414, 47.554847195479425 ], [ 7.758451416645674, 47.548529012720522 ], [ 7.751052305047134, 47.54450428320488 ], [ 7.719118688023642, 47.541778112344502 ], [ 7.696353182276339, 47.532770645423746 ], [ 7.67821638827359, 47.532957171066094 ], [ 7.66761849257777, 47.536221132187436 ], [ 7.661444703610706, 47.544681645308124 ], [ 7.649228549558534, 47.548158554573519 ], [ 7.640276364024228, 47.557915475477373 ], [ 7.63409700643883, 47.561113720739158 ], [ 7.636398799338306, 47.564118527901641 ], [ 7.641332940176992, 47.561187577686653 ], [ 7.648129296413653, 47.559891609156779 ], [ 7.664238190528624, 47.565381287642332 ], [ 7.670133240974994, 47.565871510118328 ], [ 7.672292055347788, 47.565523110633414 ], [ 7.672325256240219, 47.56377054357521 ], [ 7.676258375640848, 47.563553323045504 ], [ 7.677222389511636, 47.565030945935185 ], [ 7.675127872773039, 47.565510486195414 ], [ 7.678302728322761, 47.569030869133314 ], [ 7.683414608555145, 47.571257205077892 ], [ 7.683409336359076, 47.56855676238056 ], [ 7.685943342888391, 47.565634963693185 ], [ 7.689521707808249, 47.571484803972545 ], [ 7.683730671883441, 47.573976075380529 ], [ 7.680698625752348, 47.58269160940791 ], [ 7.672004269157044, 47.585073310295599 ], [ 7.671741322809952, 47.587359457909812 ], [ 7.683815533304863, 47.596221289703287 ], [ 7.690035184752983, 47.597571908045786 ], [ 7.693596585848582, 47.600530856558017 ], [ 7.682944028601717, 47.59856598312598 ], [ 7.675024597557115, 47.592040565117657 ], [ 7.667247714709249, 47.592044196416545 ], [ 7.645777276082909, 47.596949571734868 ], [ 7.641906001839892, 47.594176546454754 ], [ 7.64316359823161, 47.591305635965064 ], [ 7.639497360318075, 47.590336909355806 ], [ 7.627862534558218, 47.58119945718645 ], [ 7.619266006712182, 47.576878388318029 ], [ 7.604484106800118, 47.577791103186222 ], [ 7.604925079442871, 47.584825931267737 ], [ 7.589193489802474, 47.589729086017911 ], [ 7.592238601665425, 47.595619831231659 ], [ 7.593037355071171, 47.600829937085877 ], [ 7.591445950277076, 47.604168583414811 ], [ 7.574298270105433, 47.615830515688067 ], [ 7.567361073282919, 47.631740893826183 ], [ 7.560823804650907, 47.63722098351144 ], [ 7.537903380436209, 47.649180505842132 ], [ 7.521079276221346, 47.663847889153566 ], [ 7.519557872676179, 47.668123092824565 ], [ 7.518879839877134, 47.684696627743413 ], [ 7.512314043178852, 47.694905341678492 ], [ 7.512309792683625, 47.699842803383746 ], [ 7.517719544555011, 47.705124068240444 ], [ 7.535494721285096, 47.715174051163935 ], [ 7.543703548714529, 47.722329760719909 ], [ 7.548529402728995, 47.735078988023993 ], [ 7.545990552428392, 47.743574165614717 ], [ 7.553441831333767, 47.74439472925328 ], [ 7.553382796280541, 47.747630948668274 ], [ 7.55599567888088, 47.751910743574719 ], [ 7.559117747418346, 47.752065490619216 ], [ 7.566716101197115, 47.763192902555694 ], [ 7.568572360462318, 47.762838299425638 ], [ 7.572417665347332, 47.770341069739843 ], [ 7.570551878286989, 47.770758636617522 ], [ 7.573550189442511, 47.775561037334732 ], [ 7.58258305262305, 47.772457742303423 ], [ 7.580749684632657, 47.766598171680073 ], [ 7.58254936345416, 47.766619372176727 ], [ 7.587668473736159, 47.773034035396151 ], [ 7.593810435398379, 47.772271563806399 ], [ 7.607500076770288, 47.775450726950623 ], [ 7.615673213277636, 47.774174281153627 ], [ 7.61471970788675, 47.75984892040276 ], [ 7.619654976707437, 47.757092477807085 ], [ 7.624130679968891, 47.760637267022098 ], [ 7.627309543127758, 47.759641855231763 ], [ 7.639468793605936, 47.765735575491703 ], [ 7.649475673382709, 47.767319780522435 ], [ 7.652964839979909, 47.771912194578469 ], [ 7.662501633769943, 47.776761150166791 ], [ 7.672326122269854, 47.771305472007512 ], [ 7.68411751386164, 47.774389668325462 ], [ 7.691799732953884, 47.780082843706985 ], [ 7.70174629834694, 47.779565417492101 ], [ 7.704825690767706, 47.783713943352097 ], [ 7.718333754879273, 47.783964178640986 ], [ 7.724270752332831, 47.789233178098812 ], [ 7.757129940636309, 47.790136492595465 ], [ 7.765652545700377, 47.792886603621398 ], [ 7.775949476272799, 47.790329385108087 ], [ 7.783578861985711, 47.794296819131887 ], [ 7.778903262183154, 47.797534750970698 ], [ 7.777243490576123, 47.803204066602426 ], [ 7.78837413064932, 47.802024400768097 ], [ 7.794766339633199, 47.805474628488078 ], [ 7.801343877683517, 47.80529579183969 ], [ 7.802603094845976, 47.809625692660589 ], [ 7.806070113197855, 47.811662883816574 ], [ 7.81886419912983, 47.811834133112733 ], [ 7.822305758037734, 47.814850423253546 ], [ 7.821973653415377, 47.819015118843737 ], [ 7.826508236515876, 47.821338636785583 ], [ 7.836761662231954, 47.822620049688169 ], [ 7.843426401573497, 47.827215434241978 ], [ 7.846422997932765, 47.827220585070883 ], [ 7.849477442613874, 47.831530588802408 ], [ 7.841924190743701, 47.836140307071794 ], [ 7.84427377616267, 47.837906211765663 ], [ 7.856520341276123, 47.838949889580654 ], [ 7.869627067498564, 47.847693093798767 ], [ 7.877593418698355, 47.84938657934282 ], [ 7.878782056174676, 47.850907990380321 ], [ 7.87699848433465, 47.856575860451514 ], [ 7.880051390568711, 47.857971151509162 ], [ 7.882658996932245, 47.863744394416592 ], [ 7.887774343511636, 47.867347251218781 ], [ 7.88593217666056, 47.869074858750501 ], [ 7.889067577644494, 47.871964749537668 ], [ 7.889098219187717, 47.877460404406094 ], [ 7.891412036345561, 47.879719045614195 ], [ 7.895845992360945, 47.880310461080029 ], [ 7.905481797688651, 47.875782261269855 ], [ 7.909684956025483, 47.875926967333974 ], [ 7.913119205059777, 47.878760272795404 ], [ 7.918310781342234, 47.876877584912393 ], [ 7.929237897804155, 47.876766535890404 ], [ 7.932423125830506, 47.874377318662134 ], [ 7.942327577934651, 47.879295063802353 ], [ 7.947102831785634, 47.87613325918624 ], [ 7.953983046592287, 47.875430482557526 ], [ 7.970923900945238, 47.868539674363859 ], [ 7.98341026295267, 47.866633791860664 ], [ 7.984271403937242, 47.865205778437094 ], [ 7.991614672754874, 47.866660635335265 ], [ 7.999596710385252, 47.865269903921508 ], [ 8.003859545777171, 47.866599413690231 ], [ 8.012645850581524, 47.866215314866686 ], [ 8.016337114055288, 47.864563713116496 ], [ 8.018854577864651, 47.860466304892029 ], [ 8.022338700816018, 47.859736059549739 ], [ 8.020031235964153, 47.856238483736348 ], [ 8.020575659049271, 47.851989362602978 ], [ 8.014123238981703, 47.849968328455311 ], [ 8.007849198217563, 47.845225569267505 ], [ 8.01844094404219, 47.846231900361296 ], [ 8.017967747928941, 47.841120371867412 ] ] ] } },
{ "type": "Feature", "properties": { "OBJID": "DEBKGVG200000CD1", "BEGINN": "2023-10-04T00:00:00", "ADE": 4, "GF": 4, "BSG": 1, "LKZ": "BW", "ARS": "08337", "AGS": "08337", "SDV_ARS": "083375007126", "GEN": "Waldshut", "BEZ": "Landkreis", "IBZ": 43, "BEM": "--", "NBD": "ja", "SN_L": "08", "SN_R": "3", "SN_K": "37", "SN_V1": "00", "SN_V2": "00", "SN_G": "000", "FK_S3": "R", "NUTS": "DE13A", "ARS_0": "083370000000", "AGS_0": "08337000", "WSK": "2009-01-01T00:00:00", "DLM_ID": "DEBKGDL20000E5QC" }, "geometry": { "type": "Polygon", "coordinates": [ [ [ 8.435952193773145, 47.851637949115243 ], [ 8.4437208268389, 47.856568029779858 ], [ 8.462586162759402, 47.850349174102867 ], [ 8.468942980274825, 47.846475621494271 ], [ 8.472071589070737, 47.846722573773363 ], [ 8.4733102843908, 47.842241151463483 ], [ 8.470263931148228, 47.837716123878195 ], [ 8.470145914628391, 47.83408164563086 ], [ 8.470362438783221, 47.831406418996835 ], [ 8.472637009700652, 47.829335855436227 ], [ 8.476113744506609, 47.830838885820725 ], [ 8.483925413301066, 47.830165270129996 ], [ 8.488922141011493, 47.832388230114162 ], [ 8.497151320587578, 47.8280824310052 ], [ 8.505922638960152, 47.830326537845636 ], [ 8.509420970831481, 47.823457142994911 ], [ 8.508773044056257, 47.818538042313833 ], [ 8.512411670396149, 47.815405882245415 ], [ 8.513754536760739, 47.811831904270001 ], [ 8.509809861023506, 47.809026930451651 ], [ 8.50795048387239, 47.805028101785879 ], [ 8.496117453832332, 47.800915230615232 ], [ 8.491901298367308, 47.796804433190481 ], [ 8.505834198200054, 47.795828166930391 ], [ 8.509628608852683, 47.798038298404592 ], [ 8.515200771876907, 47.795729408809478 ], [ 8.518069391418598, 47.79139427770761 ], [ 8.527846179546502, 47.79178723291156 ], [ 8.530938774389025, 47.789838268127717 ], [ 8.530678076192405, 47.787652596260251 ], [ 8.511998454222642, 47.779110957339562 ], [ 8.508947968083035, 47.774220105813178 ], [ 8.502136819587147, 47.773608518680007 ], [ 8.495972964857907, 47.770699451799935 ], [ 8.489027460236921, 47.773268664544986 ], [ 8.484511024663741, 47.77108038947619 ], [ 8.471957654499825, 47.762962860189759 ], [ 8.466603142101699, 47.753746628191983 ], [ 8.456640672299745, 47.749147990742699 ], [ 8.455824278649329, 47.742824088546023 ], [ 8.450987266736663, 47.740402174636699 ], [ 8.449780338716828, 47.738036504931166 ], [ 8.452841293816178, 47.730431127931581 ], [ 8.456937837021258, 47.72996861538239 ], [ 8.454652701629763, 47.727219734701606 ], [ 8.454988425754577, 47.722258708740846 ], [ 8.445235639802585, 47.722961050248529 ], [ 8.440225986875982, 47.719755888543162 ], [ 8.441551592257586, 47.717668288651645 ], [ 8.436732246761643, 47.71823338387874 ], [ 8.425853258195357, 47.71115761103998 ], [ 8.416828300210117, 47.71000622440873 ], [ 8.404425784741445, 47.698063257830398 ], [ 8.406386340678049, 47.695466906318835 ], [ 8.412109921160804, 47.694255287153702 ], [ 8.420641547391737, 47.683855451329926 ], [ 8.416240386620563, 47.679662456734526 ], [ 8.408567830560326, 47.678694700535225 ], [ 8.406018207770513, 47.673263789357215 ], [ 8.412354838793615, 47.666274623103213 ], [ 8.423684059004561, 47.66681500276767 ], [ 8.433285632303011, 47.661226425765697 ], [ 8.436745424964329, 47.657381612346001 ], [ 8.445064030186545, 47.653781415516292 ], [ 8.453630160827023, 47.654840953758338 ], [ 8.457372110435882, 47.652701438787659 ], [ 8.465430085957072, 47.65713051705454 ], [ 8.467162162407224, 47.656075352782665 ], [ 8.463758169277162, 47.648559450339008 ], [ 8.466137392757272, 47.642760858158994 ], [ 8.470157137663742, 47.639114360847763 ], [ 8.473494937779044, 47.63830648481494 ], [ 8.477827753714081, 47.639700919204586 ], [ 8.471972149032434, 47.640919114555196 ], [ 8.471116001164802, 47.642341442065103 ], [ 8.477665666836256, 47.644666401040993 ], [ 8.472909042143439, 47.647948273906323 ], [ 8.473737107762071, 47.64982450343544 ], [ 8.480479467080125, 47.649230725913924 ], [ 8.482705777909775, 47.644202045826816 ], [ 8.487325547869673, 47.645087670417745 ], [ 8.489596449742507, 47.642510453922881 ], [ 8.492376272345288, 47.64208611279485 ], [ 8.494257213908073, 47.642132704967864 ], [ 8.493357568664925, 47.646979980285096 ], [ 8.512793496901722, 47.647565686403574 ], [ 8.52289463247522, 47.644919444225287 ], [ 8.531526839264354, 47.645788639240379 ], [ 8.53394337914686, 47.650028951862375 ], [ 8.529205231967529, 47.655009223551069 ], [ 8.529979351029979, 47.65697017842129 ], [ 8.527996736540995, 47.657644415459465 ], [ 8.527009313945479, 47.660395214891544 ], [ 8.533353656092917, 47.663194242438898 ], [ 8.533747845900107, 47.65991490821262 ], [ 8.5413582850077, 47.657111383819299 ], [ 8.539095062860463, 47.663328441657242 ], [ 8.539952146665447, 47.665089421894258 ], [ 8.554315554339562, 47.669388905663034 ], [ 8.563691018093873, 47.670055581027917 ], [ 8.564810135337067, 47.665282999666438 ], [ 8.570864533867487, 47.664867249013938 ], [ 8.577761542418802, 47.661565995666116 ], [ 8.587782136139088, 47.666475520850071 ], [ 8.593848901272516, 47.667251517431424 ], [ 8.598039468785885, 47.672806437387813 ], [ 8.60662329816188, 47.67212010985849 ], [ 8.605822804389986, 47.669031901967251 ], [ 8.608578457962787, 47.66376728129206 ], [ 8.624125537771738, 47.656233955239358 ], [ 8.62837890664699, 47.652810509805811 ], [ 8.628803806894028, 47.64965372560107 ], [ 8.623690888280663, 47.64127923467499 ], [ 8.615594003228354, 47.637704056544663 ], [ 8.60682669262483, 47.637024934669604 ], [ 8.602981636110581, 47.639246793823332 ], [ 8.603888651664217, 47.641294126622611 ], [ 8.610695770589778, 47.641876221769323 ], [ 8.613887192532829, 47.644060179808463 ], [ 8.612976003756254, 47.64916561456625 ], [ 8.607704901071097, 47.652446083959887 ], [ 8.604349958498767, 47.651270694305367 ], [ 8.601618047606502, 47.646038566612745 ], [ 8.595741547603517, 47.643132863196257 ], [ 8.597352044081982, 47.6291413928572 ], [ 8.604737975297949, 47.617026980060707 ], [ 8.604797155820521, 47.613260842989227 ], [ 8.595601864884204, 47.605544746144915 ], [ 8.592694157560567, 47.606158925236706 ], [ 8.590232752274675, 47.601195212964903 ], [ 8.587798786130115, 47.601776339374567 ], [ 8.584218646362865, 47.599657990947115 ], [ 8.582542233174957, 47.59610411133815 ], [ 8.578639827674637, 47.596619995479671 ], [ 8.575542739909954, 47.594881398345315 ], [ 8.57145641339476, 47.598191078372878 ], [ 8.566477567070038, 47.597093559136432 ], [ 8.562786833193501, 47.599606548858546 ], [ 8.561597572683313, 47.601250133339967 ], [ 8.56603593843788, 47.605373289740662 ], [ 8.566392536179182, 47.609874012193266 ], [ 8.57444750103652, 47.611881203405893 ], [ 8.570940800190785, 47.612520628466477 ], [ 8.569298052279855, 47.617236159951553 ], [ 8.562800649839453, 47.616767787097068 ], [ 8.558003981229103, 47.6243141596686 ], [ 8.544091903543388, 47.625170731575743 ], [ 8.542986826212621, 47.627051718995197 ], [ 8.538523262616735, 47.626319054455863 ], [ 8.538886704008984, 47.630927710609065 ], [ 8.525504566923642, 47.631672586054542 ], [ 8.521319094324408, 47.634284074051841 ], [ 8.517746404269618, 47.634314150948889 ], [ 8.515585846285463, 47.63378718263489 ], [ 8.515813641980641, 47.628523243672142 ], [ 8.512767800291659, 47.625506559828445 ], [ 8.515119799202891, 47.623432778464846 ], [ 8.507280105197212, 47.623827123161831 ], [ 8.508251648585833, 47.617507374464324 ], [ 8.493683366852473, 47.614471150636476 ], [ 8.483128865455228, 47.61381025717985 ], [ 8.479112076847114, 47.61515410726934 ], [ 8.477784858107418, 47.610610538054971 ], [ 8.47498892117016, 47.607697344445711 ], [ 8.470437785488617, 47.608582813089448 ], [ 8.471353386175135, 47.606569628499642 ], [ 8.468200206356922, 47.605416688560055 ], [ 8.468544937483891, 47.603865306049151 ], [ 8.456599807228685, 47.602346283682749 ], [ 8.457020462128039, 47.597284363209852 ], [ 8.4612138063933, 47.592571971042638 ], [ 8.460420286102252, 47.588482364175128 ], [ 8.464787908058231, 47.588036622364477 ], [ 8.466937683996631, 47.584202644375125 ], [ 8.480920076995446, 47.585117817927859 ], [ 8.488717274724589, 47.587802143958285 ], [ 8.494547108835436, 47.5812011350882 ], [ 8.486549236043739, 47.577486590506631 ], [ 8.476875978367548, 47.577849129877244 ], [ 8.465579123461854, 47.57252957719173 ], [ 8.455548506685918, 47.572369794313097 ], [ 8.433687448097148, 47.566647742425651 ], [ 8.426097719924677, 47.567644679198786 ], [ 8.397356046709387, 47.577195334761811 ], [ 8.389312332966053, 47.572929526954169 ], [ 8.382969504232348, 47.565812339252069 ], [ 8.359620460885822, 47.570008190028993 ], [ 8.33341154020558, 47.570458956317204 ], [ 8.3237714060902, 47.572949101137326 ], [ 8.310834081799888, 47.583249452610808 ], [ 8.297921047528682, 47.589067882902121 ], [ 8.295261740878132, 47.594807967405544 ], [ 8.297481039379292, 47.605670431882714 ], [ 8.287721869993929, 47.610638411116184 ], [ 8.27784402354326, 47.611607176172924 ], [ 8.265023204884374, 47.609489051775007 ], [ 8.260181409803966, 47.61484107370147 ], [ 8.256241293281244, 47.615159422638193 ], [ 8.238540295032831, 47.612680439912616 ], [ 8.229865286907168, 47.60576344073155 ], [ 8.226647285057879, 47.605068233071464 ], [ 8.224260372370349, 47.606502523085062 ], [ 8.219267525729324, 47.617815202619788 ], [ 8.21128513226509, 47.620644524263227 ], [ 8.204054413842435, 47.620891678548041 ], [ 8.194330662270193, 47.616632678130017 ], [ 8.184496735652559, 47.604806369603942 ], [ 8.174134210723688, 47.601673653402472 ], [ 8.164908044966845, 47.594140094025327 ], [ 8.148602054764842, 47.595415459328848 ], [ 8.138293693940795, 47.590339454354122 ], [ 8.138045397650693, 47.5857956044009 ], [ 8.135240355364187, 47.583565266460404 ], [ 8.115607849530599, 47.583878292062252 ], [ 8.109483932325416, 47.582259427244843 ], [ 8.103135727982357, 47.576362742408591 ], [ 8.100208142043702, 47.563786873604371 ], [ 8.091284034890069, 47.55822309850717 ], [ 8.082620771010516, 47.557745141583332 ], [ 8.071394036493079, 47.564002628948792 ], [ 8.067490512292963, 47.564486142643133 ], [ 8.059276300803869, 47.563419995526125 ], [ 8.043722106985639, 47.55454651016229 ], [ 8.021771233099885, 47.550514508622086 ], [ 8.014542466853237, 47.551384148278913 ], [ 8.001476217887365, 47.556336444767965 ], [ 7.975930671950952, 47.555345972050702 ], [ 7.959083401899893, 47.558264263216245 ], [ 7.953204805140838, 47.555300550120847 ], [ 7.949238495790055, 47.546101419375248 ], [ 7.944266350895731, 47.543786590306432 ], [ 7.933997866732805, 47.546785725798344 ], [ 7.917130603532852, 47.547767244356606 ], [ 7.910500287419729, 47.552135018245686 ], [ 7.907330394407425, 47.560301013074138 ], [ 7.911354368022482, 47.566828392970613 ], [ 7.910857697656314, 47.570961236416622 ], [ 7.903832257824455, 47.580131058550727 ], [ 7.894107255749815, 47.58637515919947 ], [ 7.901760227632, 47.5902268334819 ], [ 7.902849384153566, 47.597529170654106 ], [ 7.898243482362739, 47.599839107465968 ], [ 7.901332519659446, 47.601716312878537 ], [ 7.888649278815746, 47.605610942596286 ], [ 7.878194442817416, 47.616967374049239 ], [ 7.879314943821816, 47.629762299646814 ], [ 7.872584305106646, 47.63227934986763 ], [ 7.874626393895391, 47.636428840144866 ], [ 7.871112335376798, 47.640237320746373 ], [ 7.871055948311558, 47.645073475713566 ], [ 7.880640522631899, 47.642211608061039 ], [ 7.886339196808397, 47.644659555310426 ], [ 7.898595930456102, 47.644611732060156 ], [ 7.90932105734245, 47.649947954270388 ], [ 7.912149718233136, 47.652865613689912 ], [ 7.913047253022619, 47.658371831098179 ], [ 7.909460907827564, 47.664104085506985 ], [ 7.919697670323205, 47.667413487505172 ], [ 7.921879474368812, 47.67000085086903 ], [ 7.920733008582055, 47.671825966248271 ], [ 7.926799430704449, 47.674142959261751 ], [ 7.939064451667078, 47.675502609971488 ], [ 7.944264164276593, 47.678022726311461 ], [ 7.950982181524312, 47.678239399419347 ], [ 7.951756214303111, 47.681575429668463 ], [ 7.955580262049473, 47.682042542015928 ], [ 7.958756081431288, 47.684769262538801 ], [ 7.962431878221121, 47.684756111969271 ], [ 7.970547332471679, 47.691949460098385 ], [ 7.976644257365241, 47.694851958686272 ], [ 7.977293094875086, 47.700188247153271 ], [ 7.980118522981331, 47.700947248468218 ], [ 7.98097909654487, 47.703673650753821 ], [ 7.978781982402984, 47.705493070062921 ], [ 7.980903516830882, 47.711458712866026 ], [ 7.979988371238044, 47.714000186511832 ], [ 7.972605284667079, 47.719790665312601 ], [ 7.970937562983393, 47.724535619141832 ], [ 7.956938380695754, 47.729948440960484 ], [ 7.968273722408759, 47.734427791697854 ], [ 7.970481652794476, 47.73687093565416 ], [ 7.969578296255833, 47.73863936251356 ], [ 7.97496407562671, 47.743080453749741 ], [ 7.969864642298849, 47.752228891127629 ], [ 7.971834577832753, 47.754101364881421 ], [ 7.971855063857533, 47.760390037762811 ], [ 7.977029326174783, 47.76274895864875 ], [ 7.980825308394171, 47.767305837036041 ], [ 7.992588496704598, 47.766264170982645 ], [ 8.002829993447852, 47.771588752976193 ], [ 8.003646133184869, 47.773657639544375 ], [ 8.002186961453221, 47.776142014435884 ], [ 8.003979634805727, 47.784249021842719 ], [ 8.001807451339102, 47.788695386471971 ], [ 8.004597068099603, 47.794505282614217 ], [ 7.99858539603227, 47.797011319033544 ], [ 7.99780259695946, 47.80616554421713 ], [ 8.001262415421186, 47.814841556035269 ], [ 7.999149096179436, 47.82251528809266 ], [ 7.999544632617506, 47.827634575709148 ], [ 8.009552482114813, 47.836762234378938 ], [ 8.027235610407129, 47.845710696769544 ], [ 8.028056390562554, 47.850405405987878 ], [ 8.042860606787665, 47.85272380060519 ], [ 8.043170569740557, 47.855161829598217 ], [ 8.057529745840382, 47.858487409963338 ], [ 8.058589440138752, 47.857313526428477 ], [ 8.067156921333414, 47.857352438569805 ], [ 8.067760790480156, 47.855424416224395 ], [ 8.071571464877266, 47.85499530038431 ], [ 8.071261848074091, 47.853237289056345 ], [ 8.074596171320891, 47.854056798845818 ], [ 8.077040665697002, 47.84833796024418 ], [ 8.079390011725502, 47.848102310375033 ], [ 8.080632840949676, 47.840989962279515 ], [ 8.086152726273939, 47.838180667233352 ], [ 8.085418283303776, 47.831060575863916 ], [ 8.089689740405728, 47.821776175490356 ], [ 8.0940962509841, 47.818195644595612 ], [ 8.093525610647717, 47.814829027949649 ], [ 8.099685915712822, 47.80671905429336 ], [ 8.098913423631913, 47.805308304567191 ], [ 8.106928942352223, 47.805987955945398 ], [ 8.124565887414857, 47.801985349326458 ], [ 8.122417870826787, 47.79362013050423 ], [ 8.1147936045835, 47.793454696259744 ], [ 8.117455176812484, 47.790275824433436 ], [ 8.120643741982228, 47.788340268468382 ], [ 8.123451948135143, 47.790712368756544 ], [ 8.1298900058624, 47.792246169513191 ], [ 8.134482483647947, 47.788210752738465 ], [ 8.134861145451225, 47.785385517420401 ], [ 8.145921468187613, 47.786505986568216 ], [ 8.154446502529662, 47.772707814238863 ], [ 8.160262209362934, 47.772419155622558 ], [ 8.161042475449589, 47.773973436282375 ], [ 8.167250228349861, 47.774708844831558 ], [ 8.172168149212196, 47.7773495299692 ], [ 8.173153025651983, 47.781593680080427 ], [ 8.183250029807811, 47.783329800076046 ], [ 8.182927741721247, 47.777192051067651 ], [ 8.184992075920848, 47.775689250693688 ], [ 8.18385183163541, 47.773697444207876 ], [ 8.186277111494816, 47.771060819079288 ], [ 8.185030538437745, 47.768706512668764 ], [ 8.190587476746371, 47.767660438634138 ], [ 8.192663349338492, 47.763686109182721 ], [ 8.189159695030924, 47.761256358670813 ], [ 8.191146433210156, 47.759192329412613 ], [ 8.188978071847664, 47.755713121262389 ], [ 8.191865329055423, 47.752217031516025 ], [ 8.190643260139241, 47.749869380930697 ], [ 8.193049017382153, 47.747447760651305 ], [ 8.19592597076338, 47.751518674482384 ], [ 8.192365275787646, 47.754976884456283 ], [ 8.194686815776842, 47.762809920869238 ], [ 8.200238482184702, 47.761785286539315 ], [ 8.211052364455739, 47.764344088190008 ], [ 8.219482376651069, 47.764520886550336 ], [ 8.22800923998239, 47.762145300298748 ], [ 8.231759677881323, 47.762654970384226 ], [ 8.228324180443975, 47.766620460204841 ], [ 8.219978710252784, 47.767748318213748 ], [ 8.216920652676588, 47.766787958621144 ], [ 8.217033795740594, 47.773164012091939 ], [ 8.211519549425038, 47.776752829915701 ], [ 8.212470918286519, 47.780126548073845 ], [ 8.207515494063387, 47.785453269896159 ], [ 8.21491319331289, 47.79458765656598 ], [ 8.222258155906298, 47.792635876287427 ], [ 8.227004562086654, 47.794519828282873 ], [ 8.219292894442727, 47.800005479873704 ], [ 8.222091881547483, 47.808399642826679 ], [ 8.212474839717899, 47.817890751288417 ], [ 8.211601745313542, 47.822747052131923 ], [ 8.217816742267404, 47.824328394964517 ], [ 8.227353923325333, 47.82216818825021 ], [ 8.234033521614409, 47.824412501443057 ], [ 8.230686883841642, 47.831227826581262 ], [ 8.22788838561763, 47.832266594954554 ], [ 8.227627374965188, 47.833879659093178 ], [ 8.247808607850905, 47.835277949047857 ], [ 8.250312694290926, 47.837478568328024 ], [ 8.257955666019756, 47.838502835401329 ], [ 8.253111138286297, 47.844378812837292 ], [ 8.259199161761781, 47.850042765312743 ], [ 8.264664245598105, 47.852078979632438 ], [ 8.273594313356565, 47.851344253972577 ], [ 8.288128173849879, 47.854040334625715 ], [ 8.290931962701618, 47.853179943402253 ], [ 8.29208233770801, 47.848356767201217 ], [ 8.295683246882289, 47.846685162082807 ], [ 8.307244924286312, 47.848320604986874 ], [ 8.310495781489657, 47.844888162484864 ], [ 8.321087164779573, 47.841985156255909 ], [ 8.324349098127243, 47.844952545852173 ], [ 8.327391204631837, 47.84327646721615 ], [ 8.330605908372593, 47.845719350375781 ], [ 8.342926292328256, 47.842728327130231 ], [ 8.346384457291313, 47.844164388030343 ], [ 8.356047061875257, 47.842998536621472 ], [ 8.357528265508289, 47.844796078991394 ], [ 8.368281820091584, 47.841347116013111 ], [ 8.36950709610305, 47.838911658068888 ], [ 8.377650230846276, 47.841829790885967 ], [ 8.383934427417309, 47.840310308355711 ], [ 8.391084370265345, 47.84085305360221 ], [ 8.394126526839401, 47.843266882635277 ], [ 8.398384735804054, 47.842849352710708 ], [ 8.399248243292901, 47.845815807548391 ], [ 8.404695093149238, 47.845465703019272 ], [ 8.403858031942764, 47.848193801350028 ], [ 8.406887320374274, 47.848091038184194 ], [ 8.407635441262038, 47.850299206492153 ], [ 8.410751705865415, 47.850206018302266 ], [ 8.411285187709858, 47.851807650063449 ], [ 8.429135279996565, 47.853915400041117 ], [ 8.435952193773145, 47.851637949115243 ] ] ] } },
{ "type": "Feature", "properties": { "OBJID": "DEBKGVG200000CD2", "BEGINN": "2023-10-04T00:00:00", "ADE": 4, "GF": 4, "BSG": 1, "LKZ": "BW", "ARS": "08415", "AGS": "08415", "SDV_ARS": "084150061061", "GEN": "Reutlingen", "BEZ": "Landkreis", "IBZ": 43, "BEM": "--", "NBD": "ja", "SN_L": "08", "SN_R": "4", "SN_K": "15", "SN_V1": "00", "SN_V2": "00", "SN_G": "000", "FK_S3": "R", "NUTS": "DE141", "ARS_0": "084150000000", "AGS_0": "08415000", "WSK": "2011-01-01T00:00:00", "DLM_ID": "DEBKGDL20000E3WI" }, "geometry": { "type": "MultiPolygon", "coordinates": [ [ [ [ 9.118374657539979, 48.582875131031933 ], [ 9.12324651211553, 48.582198287084168 ], [ 9.121329551285546, 48.58104423579082 ], [ 9.118374657539979, 48.582875131031933 ] ] ], [ [ [ 9.149699204299823, 48.545218695644408 ], [ 9.146343860742919, 48.544107510167542 ], [ 9.144950217025105, 48.547471992033813 ], [ 9.148885327240958, 48.547708938802749 ], [ 9.149699204299823, 48.545218695644408 ] ] ], [ [ [ 9.157441151341731, 48.605506728363103 ], [ 9.180025547714212, 48.605328248808384 ], [ 9.180835767071603, 48.602403397413497 ], [ 9.183739469072174, 48.600875582153343 ], [ 9.182383907766136, 48.600859477647951 ], [ 9.1831736137191, 48.599735663506991 ], [ 9.188314656446142, 48.597647143380271 ], [ 9.202756665467943, 48.604211551729776 ], [ 9.205183657499351, 48.603222922114767 ], [ 9.207196291098207, 48.599034593875821 ], [ 9.205601502728962, 48.593083774203613 ], [ 9.198161351515761, 48.592969651959436 ], [ 9.1977447675624, 48.588261130078074 ], [ 9.206657228300751, 48.58343705754482 ], [ 9.208204032091633, 48.580820009255859 ], [ 9.207170195668979, 48.572776793856519 ], [ 9.208600847714839, 48.571462451729808 ], [ 9.216239326746873, 48.56803480800987 ], [ 9.22082900555111, 48.56809291342541 ], [ 9.221606959565099, 48.566424112991655 ], [ 9.227944792080351, 48.567801438649695 ], [ 9.229617697995794, 48.572491196411477 ], [ 9.231999661333019, 48.571651792097221 ], [ 9.235103649968194, 48.574763010755781 ], [ 9.236402170473687, 48.574337152127782 ], [ 9.237408440924666, 48.57839565028425 ], [ 9.241229416107114, 48.578439124568838 ], [ 9.241839437837024, 48.576332606971889 ], [ 9.253062854086181, 48.572608458405476 ], [ 9.254467970006134, 48.568320133857007 ], [ 9.259478291701804, 48.569147979517687 ], [ 9.259320230959652, 48.566304326905673 ], [ 9.268116086147147, 48.565757396047083 ], [ 9.26837219287672, 48.566973775434107 ], [ 9.276901955869125, 48.56709207666124 ], [ 9.27903144322141, 48.568636752612235 ], [ 9.285608386419439, 48.565174701012275 ], [ 9.295315136112997, 48.565514512635303 ], [ 9.297235507910607, 48.568413210056406 ], [ 9.296920062034328, 48.571314599449764 ], [ 9.299095106220555, 48.572138596091321 ], [ 9.294424152165437, 48.573607726633178 ], [ 9.29978407082965, 48.574430346785242 ], [ 9.302088279525533, 48.577728829729786 ], [ 9.306467606480913, 48.576553006919497 ], [ 9.311203258910664, 48.580767794764569 ], [ 9.314057946244281, 48.580580161929618 ], [ 9.32209573899064, 48.575992065137953 ], [ 9.322654768406268, 48.572164065461848 ], [ 9.321557290639332, 48.56903433167453 ], [ 9.30919049477998, 48.563323164865707 ], [ 9.315407078509541, 48.561639067665283 ], [ 9.320382040942873, 48.557672465210068 ], [ 9.316866538787693, 48.554595293027688 ], [ 9.318959639164289, 48.552630157851134 ], [ 9.314560102182989, 48.552831619964365 ], [ 9.313759497390022, 48.5514504414543 ], [ 9.316868936296645, 48.550584395541257 ], [ 9.314098003468585, 48.547332608750764 ], [ 9.314577231501728, 48.546225222067065 ], [ 9.31948747064575, 48.54760865244878 ], [ 9.322636969465098, 48.546751870424821 ], [ 9.325005380475526, 48.544016161881899 ], [ 9.324124260099865, 48.5412369542764 ], [ 9.331855339577482, 48.540752229800376 ], [ 9.3359877830888, 48.542945079846454 ], [ 9.33946305370125, 48.549438549464831 ], [ 9.351773792898333, 48.543181850132854 ], [ 9.357931558652254, 48.544531530004683 ], [ 9.362150156329564, 48.543091121150134 ], [ 9.369215133278221, 48.534521296002282 ], [ 9.384096015159406, 48.535733451130454 ], [ 9.389514260884274, 48.53446598026386 ], [ 9.39295174846713, 48.530966218544542 ], [ 9.408687938042799, 48.538109896914172 ], [ 9.413915590776089, 48.535652301578878 ], [ 9.418560391405299, 48.53625532498652 ], [ 9.422161946474596, 48.541425135609465 ], [ 9.426738289858413, 48.541847504417454 ], [ 9.426108015043718, 48.544026654246728 ], [ 9.430716141795992, 48.543873407165705 ], [ 9.432866218551064, 48.541547020428766 ], [ 9.43987324120442, 48.540049582471241 ], [ 9.440496951586292, 48.542510589422896 ], [ 9.450510744197089, 48.544773221270319 ], [ 9.451356714978957, 48.546372963942162 ], [ 9.463549845841728, 48.544293518868507 ], [ 9.464336553422523, 48.539768522987131 ], [ 9.478388912406004, 48.536095152191571 ], [ 9.477497272133991, 48.535349518317787 ], [ 9.482494778770363, 48.535305634452591 ], [ 9.489720433172641, 48.53097438683988 ], [ 9.488066803537551, 48.527793866304883 ], [ 9.483629486758232, 48.528931251633566 ], [ 9.478955626718172, 48.527773148284787 ], [ 9.480213237537276, 48.523306399819781 ], [ 9.474830995151711, 48.523679334379317 ], [ 9.472530622224266, 48.522130488145486 ], [ 9.474378969171221, 48.520707573880621 ], [ 9.467085537656017, 48.516727950033456 ], [ 9.468023693382248, 48.513966975756468 ], [ 9.4712733608057, 48.512621364305687 ], [ 9.473824549994241, 48.512303332813246 ], [ 9.472039972305502, 48.515425188076797 ], [ 9.479492056907448, 48.518299851309337 ], [ 9.490647299497555, 48.517574831723394 ], [ 9.488475393620432, 48.520486590935668 ], [ 9.497262543819016, 48.521717603573151 ], [ 9.499136677170053, 48.520763366192369 ], [ 9.497220971563365, 48.51714899052353 ], [ 9.498792908364093, 48.514420489103003 ], [ 9.501791628116939, 48.51273000112586 ], [ 9.505026675144284, 48.514045069147556 ], [ 9.506033732301127, 48.515771696309244 ], [ 9.50227005341606, 48.51647521906888 ], [ 9.502423215609536, 48.517591678390744 ], [ 9.509552972470352, 48.517772618250348 ], [ 9.508185575668172, 48.523785401470448 ], [ 9.504508832307934, 48.526836860204604 ], [ 9.509939458574438, 48.526085224055123 ], [ 9.510693894161021, 48.522926575276024 ], [ 9.517727552098775, 48.518501929623469 ], [ 9.520082053892059, 48.517866345680062 ], [ 9.522031096009066, 48.519760402213628 ], [ 9.524630022400666, 48.515838238375409 ], [ 9.527547245040088, 48.516160663930762 ], [ 9.530859204795471, 48.513644835949776 ], [ 9.534811695199364, 48.520477722099614 ], [ 9.530084699368091, 48.526749176175571 ], [ 9.539482180364207, 48.527343696392755 ], [ 9.541060737880777, 48.526242305154057 ], [ 9.551188239753282, 48.528982379950854 ], [ 9.559592596125787, 48.531967682945165 ], [ 9.564602186654565, 48.535508231338468 ], [ 9.565834337008214, 48.538342304035247 ], [ 9.569387473897228, 48.539487306151251 ], [ 9.582475263110926, 48.539146907304946 ], [ 9.585174510329146, 48.536741253354187 ], [ 9.581984824116565, 48.532821081430008 ], [ 9.58235345135407, 48.529056272207889 ], [ 9.586018996054133, 48.525474525220105 ], [ 9.585662944647202, 48.522950781249378 ], [ 9.588856532880287, 48.518660738996473 ], [ 9.586867784896535, 48.514984427972593 ], [ 9.587631979760834, 48.513201239667524 ], [ 9.591239648770477, 48.512070904209764 ], [ 9.587749475298113, 48.50908368852317 ], [ 9.588785618563294, 48.507950192867469 ], [ 9.58771476196384, 48.505144740362582 ], [ 9.580223300630898, 48.503419129595052 ], [ 9.584064830566865, 48.499890025635878 ], [ 9.589643231550857, 48.498964896271964 ], [ 9.58555660944438, 48.489908721651922 ], [ 9.582694910679013, 48.489981891621895 ], [ 9.591784117332351, 48.4862501604469 ], [ 9.591039449264876, 48.481369493584701 ], [ 9.592476143140793, 48.479448048141414 ], [ 9.590792768049264, 48.47863383018894 ], [ 9.591143205172843, 48.476749801822912 ], [ 9.602970724071312, 48.472300945007547 ], [ 9.614537465804375, 48.470697589288875 ], [ 9.616954485586065, 48.463406332792502 ], [ 9.621171951093888, 48.457442230417549 ], [ 9.626793094483059, 48.453053706293701 ], [ 9.626638811137042, 48.44958157267218 ], [ 9.632165851771955, 48.442800203924712 ], [ 9.632183527449452, 48.439518284330255 ], [ 9.634953042524444, 48.435745410801523 ], [ 9.636201112798311, 48.427815343643211 ], [ 9.638795525714762, 48.423485550169602 ], [ 9.636747918304005, 48.418583322217607 ], [ 9.626247774479355, 48.417833839129479 ], [ 9.628484249382502, 48.41450338264135 ], [ 9.623710535323369, 48.414181527072515 ], [ 9.625916869036029, 48.403753314583291 ], [ 9.625469973960529, 48.401555794561887 ], [ 9.621794303323517, 48.401706456327886 ], [ 9.621334531197217, 48.395723310788455 ], [ 9.607505477831454, 48.398112085020095 ], [ 9.592811469461738, 48.39828006642545 ], [ 9.580930398029466, 48.394612079428427 ], [ 9.580584318396101, 48.392190419589518 ], [ 9.58335294379664, 48.388535829351177 ], [ 9.5900492771655, 48.384557940169998 ], [ 9.589799533324713, 48.380892296704339 ], [ 9.581863270929848, 48.379423865632063 ], [ 9.582724711937287, 48.377389923843438 ], [ 9.592463035130901, 48.376283536648572 ], [ 9.599326282024867, 48.377373796371124 ], [ 9.60360464943671, 48.373695096837629 ], [ 9.599241115802876, 48.372463685480461 ], [ 9.599229791784497, 48.370143764694639 ], [ 9.595757907755498, 48.370343473586217 ], [ 9.596300072809873, 48.368825337879052 ], [ 9.593266030053757, 48.367172660289121 ], [ 9.587828617976724, 48.366408519385111 ], [ 9.588139617604, 48.364199165158645 ], [ 9.591126042831213, 48.363234734890746 ], [ 9.588307397012587, 48.357357992031929 ], [ 9.592063614917421, 48.356327971076738 ], [ 9.589977079938905, 48.353901056987702 ], [ 9.591352302790231, 48.350306809280745 ], [ 9.586089556954995, 48.339554520381974 ], [ 9.579435372280134, 48.33193740893217 ], [ 9.580104178042312, 48.327195550834944 ], [ 9.575463402139835, 48.329476505681377 ], [ 9.557578287250804, 48.332570986930783 ], [ 9.556266882940657, 48.331345930133516 ], [ 9.558448874620973, 48.329368492557485 ], [ 9.552463674733335, 48.32300526835342 ], [ 9.549811388783162, 48.322119269699144 ], [ 9.549959285584675, 48.320052531820693 ], [ 9.534366513312074, 48.318424484698184 ], [ 9.532985644947439, 48.315301369595943 ], [ 9.536091856044735, 48.312262529805295 ], [ 9.543753792744138, 48.309892622657728 ], [ 9.545004810202899, 48.308635696668837 ], [ 9.544105269196056, 48.307764734867376 ], [ 9.555194249923634, 48.306538636231799 ], [ 9.554846568716071, 48.301500556555183 ], [ 9.551518324813705, 48.300087311187234 ], [ 9.556477537580717, 48.295877042516423 ], [ 9.556995552825963, 48.293462847624731 ], [ 9.553872809450073, 48.291898585581144 ], [ 9.549256973583731, 48.293000732699895 ], [ 9.541787665323525, 48.291866075571171 ], [ 9.538953765431625, 48.289341842155189 ], [ 9.532883146027245, 48.28837161960724 ], [ 9.529425279566318, 48.2840524188328 ], [ 9.523494052798636, 48.284242764414856 ], [ 9.521289710062399, 48.281966418095159 ], [ 9.514369760588655, 48.28042117605397 ], [ 9.508803674921905, 48.281225393688565 ], [ 9.505923496287238, 48.27843914808183 ], [ 9.505895315158039, 48.275840447936197 ], [ 9.507778630099139, 48.274625642474703 ], [ 9.506531696501131, 48.269021920586091 ], [ 9.515974765204428, 48.268899905466654 ], [ 9.516569690147316, 48.266765340889627 ], [ 9.524917085672882, 48.268898523764541 ], [ 9.5267953685668, 48.266541495569371 ], [ 9.524544087036807, 48.265982113402082 ], [ 9.524455893363015, 48.26364365771343 ], [ 9.519457720909251, 48.261738117653465 ], [ 9.523733345584763, 48.261380502577836 ], [ 9.530371519475707, 48.263435165604221 ], [ 9.530506978584995, 48.260667121451675 ], [ 9.521957460500156, 48.256572527714546 ], [ 9.526580191537962, 48.254302808846035 ], [ 9.525746893324149, 48.253696806602541 ], [ 9.49010048426595, 48.242231974539109 ], [ 9.489158048561157, 48.240281274719536 ], [ 9.490756970321954, 48.228625730235855 ], [ 9.492733580088011, 48.225416117652529 ], [ 9.499102982777408, 48.223190564556475 ], [ 9.493429542654599, 48.218373668570607 ], [ 9.498315670992174, 48.21759110904749 ], [ 9.498069328829471, 48.212518061404793 ], [ 9.493641691776212, 48.209682286843218 ], [ 9.484250296633189, 48.207500347424208 ], [ 9.483511462431366, 48.206153898923063 ], [ 9.486681912942734, 48.203728679619331 ], [ 9.484992524612297, 48.202823019511577 ], [ 9.467708577325505, 48.196494507193037 ], [ 9.470748628655425, 48.202232118388388 ], [ 9.466892248954334, 48.204623469335651 ], [ 9.464405465909071, 48.209023553599501 ], [ 9.453130640367313, 48.207262516922654 ], [ 9.449853005513408, 48.205172376963027 ], [ 9.441022416801756, 48.204889913271991 ], [ 9.43874685431064, 48.201892020598763 ], [ 9.438104803471093, 48.194882001570832 ], [ 9.424441822395799, 48.195522425355641 ], [ 9.427155115481472, 48.199361028071166 ], [ 9.421269672825524, 48.20280988201413 ], [ 9.410861158662952, 48.202140878758158 ], [ 9.399366694503648, 48.196750687283952 ], [ 9.391934893454302, 48.19626817331396 ], [ 9.381960624068059, 48.202048685478054 ], [ 9.383666636339779, 48.202731342152859 ], [ 9.381672032303069, 48.204775711987601 ], [ 9.384631488872079, 48.20609034431132 ], [ 9.377680122837052, 48.20750754097746 ], [ 9.371925217756255, 48.215621479978076 ], [ 9.368525902243569, 48.216018139585628 ], [ 9.369277665837963, 48.21725763948546 ], [ 9.367227161546481, 48.218666120747287 ], [ 9.366406314418702, 48.225670698113753 ], [ 9.362342832825165, 48.226824576361018 ], [ 9.347566574558702, 48.239501214059175 ], [ 9.349747969206742, 48.240036531942096 ], [ 9.34996784709114, 48.242142774281803 ], [ 9.336372356160172, 48.248410659170908 ], [ 9.330505423691976, 48.256215894619544 ], [ 9.322323164815575, 48.258853062713214 ], [ 9.310241578156434, 48.258992917507037 ], [ 9.308942010358894, 48.265938233384418 ], [ 9.301050190171221, 48.26759693793052 ], [ 9.29851103743818, 48.270644354017115 ], [ 9.299462034288778, 48.271410011129184 ], [ 9.294991013132728, 48.274679053749793 ], [ 9.294692554894686, 48.278056608324697 ], [ 9.291588409575663, 48.280486285961359 ], [ 9.291540577621895, 48.285902181018507 ], [ 9.287725897902007, 48.284480427848017 ], [ 9.278935132978402, 48.286056423339851 ], [ 9.276098067430782, 48.284208630070793 ], [ 9.269887075322496, 48.28905788493514 ], [ 9.266788215036708, 48.288519706682585 ], [ 9.271549746133562, 48.280966466568479 ], [ 9.261813456644164, 48.272090141218889 ], [ 9.249834223530055, 48.268070441029671 ], [ 9.245127364936826, 48.267801108068127 ], [ 9.241643487647568, 48.27026102016287 ], [ 9.236620072531514, 48.270248464664242 ], [ 9.223578485739964, 48.266780164406732 ], [ 9.221170857877887, 48.267696352989852 ], [ 9.221006876813952, 48.278124790954251 ], [ 9.21740266421777, 48.282021256167994 ], [ 9.209050791096764, 48.284045748071293 ], [ 9.20836525868123, 48.286033886379073 ], [ 9.201090109380665, 48.288061419616142 ], [ 9.195262418099006, 48.281743250888887 ], [ 9.18702849208279, 48.280836151425397 ], [ 9.183860458497135, 48.282425860690289 ], [ 9.183739041618532, 48.285445662331817 ], [ 9.17145066225179, 48.299918981400992 ], [ 9.17200194601023, 48.303450473859975 ], [ 9.160532268326449, 48.306413897186296 ], [ 9.162020496511989, 48.308679979218603 ], [ 9.161679329898305, 48.312785196765653 ], [ 9.167846978996501, 48.31103453219572 ], [ 9.187654320992714, 48.310328001447537 ], [ 9.190568454891839, 48.308213583129955 ], [ 9.199291178620914, 48.30814602807019 ], [ 9.204501415140577, 48.310419412126038 ], [ 9.21060670599819, 48.307379803183359 ], [ 9.216574351490014, 48.316783077324367 ], [ 9.217054229388451, 48.321113798278233 ], [ 9.214870665163264, 48.327778413675304 ], [ 9.215730186540879, 48.330409183517204 ], [ 9.218050718961706, 48.331720927924081 ], [ 9.217137383512251, 48.33222463659439 ], [ 9.219611893699836, 48.336241131415051 ], [ 9.221772788696546, 48.336760355120212 ], [ 9.220497640601227, 48.338565745031687 ], [ 9.215518312414131, 48.337542334953021 ], [ 9.215107622932861, 48.334687063794107 ], [ 9.212576484997996, 48.33311318704358 ], [ 9.207521053707778, 48.333225344665038 ], [ 9.201359819422903, 48.336414350610724 ], [ 9.197205898141572, 48.335906754858605 ], [ 9.196784895870751, 48.337538344926088 ], [ 9.193802655348554, 48.336585863850132 ], [ 9.189057333764376, 48.338022246301129 ], [ 9.187528988679324, 48.343219518351852 ], [ 9.18082358416636, 48.341772703849024 ], [ 9.174117020970854, 48.344371953420001 ], [ 9.167076048516297, 48.35328832600387 ], [ 9.178201733895046, 48.359968580233179 ], [ 9.179264455636162, 48.367597797975812 ], [ 9.158019480646054, 48.370584641607088 ], [ 9.156849271998967, 48.369504502024895 ], [ 9.137681695946995, 48.371534570041341 ], [ 9.135715071983549, 48.37048504771645 ], [ 9.132850229537166, 48.373516020913286 ], [ 9.129479702209814, 48.372898692697134 ], [ 9.127368344388177, 48.376976079230872 ], [ 9.128762536078829, 48.378020732575415 ], [ 9.128443523349379, 48.38094068825481 ], [ 9.121688499932969, 48.379734882804122 ], [ 9.117311819919308, 48.382710628088297 ], [ 9.123809356796512, 48.383043627358298 ], [ 9.121353394599126, 48.389721440021589 ], [ 9.129237511196623, 48.393128898611621 ], [ 9.129884904108447, 48.394602729539351 ], [ 9.124607381693538, 48.396929143046243 ], [ 9.130993788575083, 48.399373580878205 ], [ 9.132753115818867, 48.402623738551995 ], [ 9.13738626033861, 48.40501910020577 ], [ 9.140976246541056, 48.403165897129753 ], [ 9.145180171139646, 48.406445914670186 ], [ 9.14474587709373, 48.408472923621645 ], [ 9.147639373992405, 48.411296120179799 ], [ 9.147331157129189, 48.414628627257493 ], [ 9.144138780824296, 48.41283590751938 ], [ 9.141424271041032, 48.415734165795051 ], [ 9.136365167227872, 48.416463176126079 ], [ 9.127775940278271, 48.420709283711346 ], [ 9.123792502925918, 48.419193902400913 ], [ 9.122641471925528, 48.420249694069831 ], [ 9.125004633141812, 48.422212583760249 ], [ 9.116564676987101, 48.428276269083824 ], [ 9.120836586759715, 48.43108149050353 ], [ 9.120680368074268, 48.432788180512823 ], [ 9.114596139613951, 48.435284013235346 ], [ 9.118323312409981, 48.438253371407825 ], [ 9.117740225529483, 48.439756884207121 ], [ 9.122073582233376, 48.442338011106763 ], [ 9.119582219123952, 48.444887882242341 ], [ 9.125270076795324, 48.44691024931906 ], [ 9.130792947532083, 48.453286175057094 ], [ 9.133035323613978, 48.452810347570299 ], [ 9.135228702728384, 48.455280191655113 ], [ 9.140078678062453, 48.456868770118739 ], [ 9.13427858634331, 48.458802687783731 ], [ 9.138175908479466, 48.468877951448363 ], [ 9.133514918135608, 48.468712524657633 ], [ 9.131860143060035, 48.470337784552449 ], [ 9.125271342668531, 48.470912548751222 ], [ 9.124007029193612, 48.472587517126065 ], [ 9.120576795330585, 48.472409878958075 ], [ 9.119697650138894, 48.475285687562035 ], [ 9.122367633229599, 48.475570791653112 ], [ 9.122163069398233, 48.477070089385215 ], [ 9.127353861149576, 48.479589761387103 ], [ 9.125341494567033, 48.481884986417143 ], [ 9.127249589582302, 48.483302621663107 ], [ 9.141672128251306, 48.489551052836511 ], [ 9.151618714146558, 48.491417421306181 ], [ 9.153705316111324, 48.493763061618878 ], [ 9.148844018644851, 48.498308276759737 ], [ 9.148610979699185, 48.500373857530057 ], [ 9.141265022214169, 48.500787496940106 ], [ 9.141656795593153, 48.504218715511335 ], [ 9.136195922912286, 48.505437565407696 ], [ 9.138548465747697, 48.507463035051671 ], [ 9.136347058339679, 48.50972020859421 ], [ 9.139025344462176, 48.515607794848748 ], [ 9.136990702787298, 48.51915308872843 ], [ 9.137676069376202, 48.521760592546997 ], [ 9.141701153102606, 48.52355476650412 ], [ 9.147990653921967, 48.5232810362442 ], [ 9.156601264176965, 48.52672239446202 ], [ 9.162820987870049, 48.522579863981981 ], [ 9.165732751169813, 48.523037687821478 ], [ 9.173716557486852, 48.527666245611428 ], [ 9.17248668926724, 48.529576062480032 ], [ 9.174530431849721, 48.534195092543847 ], [ 9.173461368287986, 48.53530064498981 ], [ 9.175656926335948, 48.538896158256186 ], [ 9.170781495041478, 48.545959424858118 ], [ 9.172108537271852, 48.546469982309475 ], [ 9.16984364934752, 48.550552775799048 ], [ 9.163977901722928, 48.548584554876292 ], [ 9.151656213986895, 48.547922581826832 ], [ 9.150700497784296, 48.553585801745569 ], [ 9.141399284532792, 48.559713571737838 ], [ 9.142286726215131, 48.56044393466329 ], [ 9.140067756486548, 48.561307070555927 ], [ 9.140019150942475, 48.563051218063052 ], [ 9.125610891812935, 48.566596716283058 ], [ 9.128193248180924, 48.5696955389148 ], [ 9.126066733244661, 48.582170335809423 ], [ 9.13094977549645, 48.590747787882158 ], [ 9.131774456622642, 48.600012514600252 ], [ 9.129176382916992, 48.601266522747387 ], [ 9.137252175655803, 48.601305074686984 ], [ 9.157441151341731, 48.605506728363103 ] ], [ [ 9.164320851249656, 48.604366687055787 ], [ 9.16384387313526, 48.601482957535104 ], [ 9.167728594379186, 48.599933693563678 ], [ 9.163658110198782, 48.598982385889123 ], [ 9.16387626005719, 48.597545819287653 ], [ 9.171596320488284, 48.598609475988944 ], [ 9.169445433237602, 48.601813098440537 ], [ 9.171650666541362, 48.601991839223977 ], [ 9.172044811920372, 48.604081745997838 ], [ 9.164320851249656, 48.604366687055787 ] ] ] ] } },
{ "type": "Feature", "properties": { "OBJID": "DEBKGVG200000CD3", "BEGINN": "2023-10-04T00:00:00", "ADE": 4, "GF": 4, "BSG": 1, "LKZ": "BW", "ARS": "08416", "AGS": "08416", "SDV_ARS": "084160041041", "GEN": "Tübingen", "BEZ": "Landkreis", "IBZ": 43, "BEM": "--", "NBD": "ja", "SN_L": "08", "SN_R": "4", "SN_K": "16", "SN_V1": "00", "SN_V2": "00", "SN_G": "000", "FK_S3": "R", "NUTS": "DE142", "ARS_0": "084160000000", "AGS_0": "08416000", "WSK": "2009-01-01T00:00:00", "DLM_ID": "DEBKGDL20000DZDS" }, "geometry": { "type": "Polygon", "coordinates": [ [ [ 9.129176382916992, 48.601266522747387 ], [ 9.131774456622642, 48.600012514600252 ], [ 9.13094977549645, 48.590747787882158 ], [ 9.126066733244661, 48.582170335809423 ], [ 9.128193248180924, 48.5696955389148 ], [ 9.125610891812935, 48.566596716283058 ], [ 9.140019150942475, 48.563051218063052 ], [ 9.140067756486548, 48.561307070555927 ], [ 9.142286726215131, 48.56044393466329 ], [ 9.141399284532792, 48.559713571737838 ], [ 9.150700497784296, 48.553585801745569 ], [ 9.151656213986895, 48.547922581826832 ], [ 9.163977901722928, 48.548584554876292 ], [ 9.16984364934752, 48.550552775799048 ], [ 9.172108537271852, 48.546469982309475 ], [ 9.170781495041478, 48.545959424858118 ], [ 9.175656926335948, 48.538896158256186 ], [ 9.173461368287986, 48.53530064498981 ], [ 9.174530431849721, 48.534195092543847 ], [ 9.17248668926724, 48.529576062480032 ], [ 9.173716557486852, 48.527666245611428 ], [ 9.167219564338589, 48.523622176851426 ], [ 9.162820987870049, 48.522579863981981 ], [ 9.156601264176965, 48.52672239446202 ], [ 9.147990653921967, 48.5232810362442 ], [ 9.138381313356124, 48.52268658915758 ], [ 9.136990702787298, 48.51915308872843 ], [ 9.139025344462176, 48.515607794848748 ], [ 9.136347058339679, 48.50972020859421 ], [ 9.138548465747697, 48.507463035051671 ], [ 9.136195922912286, 48.505437565407696 ], [ 9.141656795593153, 48.504218715511335 ], [ 9.141265022214169, 48.500787496940106 ], [ 9.148610979699185, 48.500373857530057 ], [ 9.148844018644851, 48.498308276759737 ], [ 9.153705316111324, 48.493763061618878 ], [ 9.153260506591637, 48.49222881710849 ], [ 9.141672128251306, 48.489551052836511 ], [ 9.127249589582302, 48.483302621663107 ], [ 9.125341494567033, 48.481884986417143 ], [ 9.127353861149576, 48.479589761387103 ], [ 9.122163069398233, 48.477070089385215 ], [ 9.122367633229599, 48.475570791653112 ], [ 9.119697650138894, 48.475285687562035 ], [ 9.120576795330585, 48.472409878958075 ], [ 9.124007029193612, 48.472587517126065 ], [ 9.125271342668531, 48.470912548751222 ], [ 9.131860143060035, 48.470337784552449 ], [ 9.133514918135608, 48.468712524657633 ], [ 9.138175908479466, 48.468877951448363 ], [ 9.13427858634331, 48.458802687783731 ], [ 9.140078678062453, 48.456868770118739 ], [ 9.135228702728384, 48.455280191655113 ], [ 9.133035323613978, 48.452810347570299 ], [ 9.130792947532083, 48.453286175057094 ], [ 9.125270076795324, 48.44691024931906 ], [ 9.119582219123952, 48.444887882242341 ], [ 9.122073582233376, 48.442338011106763 ], [ 9.117740225529483, 48.439756884207121 ], [ 9.118323312409981, 48.438253371407825 ], [ 9.114596139613951, 48.435284013235346 ], [ 9.120916527804582, 48.432080693820886 ], [ 9.116433484521481, 48.429092974030816 ], [ 9.11691706485208, 48.427282477569889 ], [ 9.125004633141812, 48.422212583760249 ], [ 9.122641471925528, 48.420249694069831 ], [ 9.123792502925918, 48.419193902400913 ], [ 9.127775940278271, 48.420709283711346 ], [ 9.136365167227872, 48.416463176126079 ], [ 9.141424271041032, 48.415734165795051 ], [ 9.144138780824296, 48.41283590751938 ], [ 9.147331157129189, 48.414628627257493 ], [ 9.147767882333534, 48.412511703788098 ], [ 9.147122027849608, 48.409976855136193 ], [ 9.14474587709373, 48.408472923621645 ], [ 9.145180171139646, 48.406445914670186 ], [ 9.140976246541056, 48.403165897129753 ], [ 9.13738626033861, 48.40501910020577 ], [ 9.132753115818867, 48.402623738551995 ], [ 9.130993788575083, 48.399373580878205 ], [ 9.124607381693538, 48.396929143046243 ], [ 9.129884904108447, 48.394602729539351 ], [ 9.129237511196623, 48.393128898611621 ], [ 9.121353394599126, 48.389721440021589 ], [ 9.123809356796512, 48.383043627358298 ], [ 9.117311819919308, 48.382710628088297 ], [ 9.121688499932969, 48.379734882804122 ], [ 9.128443523349379, 48.38094068825481 ], [ 9.128762536078829, 48.378020732575415 ], [ 9.127368344388177, 48.376976079230872 ], [ 9.130328958511672, 48.371488426246756 ], [ 9.119420506204589, 48.370642078946744 ], [ 9.119178094579857, 48.372059859771852 ], [ 9.114680203158461, 48.37361314385425 ], [ 9.109582308518815, 48.373944699381937 ], [ 9.106887951261154, 48.369018785255584 ], [ 9.104664109713188, 48.367965539344674 ], [ 9.093164913750044, 48.367522767324068 ], [ 9.097325298617029, 48.371163755838779 ], [ 9.090320118410753, 48.369770564852672 ], [ 9.087319279739496, 48.367591959173289 ], [ 9.083603869137237, 48.367733170585915 ], [ 9.084883228685653, 48.365024845344976 ], [ 9.088754822750808, 48.364139212139079 ], [ 9.078678866104863, 48.364909123010669 ], [ 9.073059812302413, 48.362768305140506 ], [ 9.070784274592807, 48.363521202810119 ], [ 9.07259254687334, 48.367690187064319 ], [ 9.058076592894938, 48.366125572007746 ], [ 9.058031787869174, 48.368187433179109 ], [ 9.060092875080761, 48.36949917258471 ], [ 9.058300621360832, 48.37181183716433 ], [ 9.066713030621587, 48.372604866332999 ], [ 9.071417090723093, 48.376991319494955 ], [ 9.055692172640457, 48.372389226143966 ], [ 9.045961594257433, 48.373268614761699 ], [ 9.034308488203276, 48.370722390875017 ], [ 9.024221166746889, 48.371343327019162 ], [ 9.022804971228746, 48.372205664312588 ], [ 9.023436634339154, 48.374534243786485 ], [ 9.013079630625411, 48.375114595575468 ], [ 9.009787634967299, 48.377282413698644 ], [ 9.004678546064595, 48.375729492488482 ], [ 9.003075618395894, 48.376601852695224 ], [ 8.99943857161621, 48.379907348266805 ], [ 8.998677839747247, 48.382585680032811 ], [ 9.000806978196408, 48.38711585177316 ], [ 8.999182919919257, 48.388022887524357 ], [ 8.993283550692739, 48.388418392161938 ], [ 8.989832279136175, 48.382235986799024 ], [ 8.972476820890165, 48.385081715624672 ], [ 8.957924229531674, 48.380710465643801 ], [ 8.953705315963596, 48.380841786165639 ], [ 8.952791008459167, 48.386039847112791 ], [ 8.94988832525247, 48.388534850770789 ], [ 8.943085424556505, 48.389067980971404 ], [ 8.942414982833558, 48.39044408548444 ], [ 8.927227147205992, 48.390363626158333 ], [ 8.92131542825746, 48.393219979942238 ], [ 8.909258643676329, 48.394827539226497 ], [ 8.902413008646203, 48.392732200198822 ], [ 8.894420456727032, 48.392688184058571 ], [ 8.890765934898763, 48.399523765666807 ], [ 8.882084473320688, 48.399714548475799 ], [ 8.875205173955425, 48.397043690035993 ], [ 8.869095098761683, 48.399190301358288 ], [ 8.87395699228553, 48.403426102836193 ], [ 8.872259643641142, 48.407184473248364 ], [ 8.874527987362045, 48.409906710898973 ], [ 8.86955655357532, 48.414303379959655 ], [ 8.873043415195697, 48.417511477696245 ], [ 8.857379864944127, 48.413637288839013 ], [ 8.838858240549234, 48.412410165743388 ], [ 8.834739618225111, 48.410499288845806 ], [ 8.831836839714274, 48.406392019878332 ], [ 8.807125618541727, 48.407974387864826 ], [ 8.801355359983173, 48.406930813119601 ], [ 8.799030412462713, 48.41403095808122 ], [ 8.794605562900459, 48.417398338817272 ], [ 8.777702403936754, 48.415517172292432 ], [ 8.767251538551138, 48.416873619721578 ], [ 8.777962649503069, 48.420791508642679 ], [ 8.771469869608074, 48.421760333260032 ], [ 8.769849314396726, 48.42479281791649 ], [ 8.771181270446585, 48.425722038048555 ], [ 8.764936626180855, 48.425768022991093 ], [ 8.764291272311567, 48.427961349679045 ], [ 8.769830489209626, 48.434496766464278 ], [ 8.769303449636149, 48.438114926607582 ], [ 8.772475404628414, 48.439205924537774 ], [ 8.776788036019703, 48.43803213064696 ], [ 8.780426063358883, 48.441047761322245 ], [ 8.782354557508008, 48.440789957183625 ], [ 8.780672736972654, 48.444028541577055 ], [ 8.77785420127042, 48.444605221611326 ], [ 8.780095477448858, 48.447374245664435 ], [ 8.787455187529259, 48.447048065983736 ], [ 8.789908658776215, 48.448192082929438 ], [ 8.788654536840404, 48.449260917288804 ], [ 8.790185797849313, 48.451865840392074 ], [ 8.805237693977388, 48.454481037739505 ], [ 8.80467182231888, 48.455983314966552 ], [ 8.810180119943047, 48.455833831223543 ], [ 8.809631927715932, 48.458784403126302 ], [ 8.818246638345919, 48.46071456874639 ], [ 8.817824819915122, 48.46236300640372 ], [ 8.828929358874214, 48.462693324982347 ], [ 8.824047072103333, 48.465074711368686 ], [ 8.821335090473397, 48.469224675667455 ], [ 8.818934886077582, 48.468621593577588 ], [ 8.818285999021128, 48.470185644455462 ], [ 8.814553644321048, 48.468599854283276 ], [ 8.813047467320198, 48.47383828491165 ], [ 8.808956454221926, 48.473303498372928 ], [ 8.806688226228362, 48.476628113504788 ], [ 8.806903149609246, 48.479014790110817 ], [ 8.800873828641334, 48.478121846177565 ], [ 8.798526669049677, 48.481818239545667 ], [ 8.795646039796734, 48.481791866435223 ], [ 8.795296059273042, 48.484844421773147 ], [ 8.785003052883972, 48.487464426091208 ], [ 8.779312993474042, 48.485370372422999 ], [ 8.778275752891563, 48.487162029862574 ], [ 8.77649165106817, 48.486491287321968 ], [ 8.772307105305215, 48.495253560278073 ], [ 8.769853385921319, 48.496906100122935 ], [ 8.770560369005484, 48.498724974772124 ], [ 8.76857978048727, 48.50191389448495 ], [ 8.765341352298554, 48.503545069937623 ], [ 8.755710559187802, 48.504140156215918 ], [ 8.75618211761376, 48.50685484665393 ], [ 8.761455492344783, 48.505867530238952 ], [ 8.763873461192711, 48.509431226389815 ], [ 8.765718306874252, 48.512752040728621 ], [ 8.763812812751834, 48.517992782244214 ], [ 8.771843455061001, 48.519458628512865 ], [ 8.768902291013976, 48.521841107472376 ], [ 8.769527448330773, 48.523685714510343 ], [ 8.771833427963346, 48.524333356934804 ], [ 8.789855809327957, 48.520071235451205 ], [ 8.79277173105292, 48.513730400554408 ], [ 8.799981206020403, 48.508453926953884 ], [ 8.814277970299184, 48.508280045823383 ], [ 8.814284645334302, 48.505595868106774 ], [ 8.835594878882244, 48.503205704227533 ], [ 8.833849302732904, 48.50020961448628 ], [ 8.839068483829447, 48.499010346372188 ], [ 8.846692017837254, 48.500077905111738 ], [ 8.849057732046301, 48.504960964178551 ], [ 8.844934275006089, 48.509114109147319 ], [ 8.864937568050101, 48.516236366591038 ], [ 8.863678557249232, 48.517382952816348 ], [ 8.858420104626676, 48.516747444519474 ], [ 8.85594945905234, 48.518959264370856 ], [ 8.85725696944994, 48.520336775564743 ], [ 8.85448790558007, 48.522763581008007 ], [ 8.860762817806966, 48.52848132819814 ], [ 8.851254631338632, 48.532076212409279 ], [ 8.8529686328068, 48.533080565014082 ], [ 8.850947223002475, 48.537196751435332 ], [ 8.866242603858986, 48.540185638366175 ], [ 8.877024259739244, 48.53905714901606 ], [ 8.880392249127473, 48.540136534573747 ], [ 8.879683837055556, 48.542172073291134 ], [ 8.880874425682864, 48.542621206150493 ], [ 8.88344034329454, 48.540805926168431 ], [ 8.88695963605408, 48.54180300283285 ], [ 8.885601222866383, 48.543867804002758 ], [ 8.88724636462824, 48.544194072542673 ], [ 8.886630962693088, 48.553049372853827 ], [ 8.889811189070944, 48.564472286577683 ], [ 8.891899866439749, 48.563594220984378 ], [ 8.893590768320738, 48.565741376521032 ], [ 8.897892608904254, 48.563492187427741 ], [ 8.900670329610413, 48.564323813656372 ], [ 8.911308079844869, 48.572220840222954 ], [ 8.914491810413958, 48.571007273118461 ], [ 8.917022302505153, 48.572220875045581 ], [ 8.919199384043162, 48.570022238164292 ], [ 8.924199148387039, 48.570893947222018 ], [ 8.9316657996867, 48.567546182209504 ], [ 8.932242722275914, 48.56435246577248 ], [ 8.945204058008704, 48.567539163373525 ], [ 8.945751291707019, 48.568653108701724 ], [ 8.939595952575647, 48.571282778645163 ], [ 8.939414285568429, 48.573996429109805 ], [ 8.937520275204772, 48.574311508229691 ], [ 8.93569916115171, 48.577424749501716 ], [ 8.938826315978275, 48.579240696112258 ], [ 8.94137299684472, 48.577594654088116 ], [ 8.948869099114534, 48.580210198709409 ], [ 8.947839782476253, 48.584368050587727 ], [ 8.949216883631307, 48.587103554851033 ], [ 8.956423297615956, 48.587654661319142 ], [ 8.953174135434367, 48.584154831803751 ], [ 8.95499453010901, 48.583604606581723 ], [ 8.957384809354501, 48.586893770243421 ], [ 8.96656032398087, 48.587178790535646 ], [ 8.975167076594776, 48.589534456758301 ], [ 8.978868973367714, 48.589897839263415 ], [ 8.982807538188231, 48.587704908736349 ], [ 8.984540557426888, 48.591498034024021 ], [ 8.98571739838561, 48.591028665280469 ], [ 8.984534759307035, 48.587528650048895 ], [ 8.992724065421982, 48.584384951031552 ], [ 8.997626761894916, 48.587307129859433 ], [ 9.005868774615603, 48.588457481681537 ], [ 9.0134062114098, 48.586463363508763 ], [ 9.022347594143481, 48.579774447623912 ], [ 9.034799541834092, 48.576853112871163 ], [ 9.040540747671315, 48.587381563999841 ], [ 9.052052589080695, 48.593243692005132 ], [ 9.057114161365979, 48.593688979819184 ], [ 9.057702294482507, 48.59126940651344 ], [ 9.069811110582769, 48.593339365869738 ], [ 9.074264287898453, 48.589421464930901 ], [ 9.079150173732444, 48.588773702698141 ], [ 9.07790391587792, 48.598039359123973 ], [ 9.083139603961396, 48.597980494927661 ], [ 9.085630478751801, 48.599990954116215 ], [ 9.083308651082739, 48.600096211887319 ], [ 9.085310595130572, 48.60213640511752 ], [ 9.086380182624126, 48.601259657617945 ], [ 9.089581729713323, 48.603090217232605 ], [ 9.085979491347558, 48.608530596793614 ], [ 9.081144660281927, 48.611553740450908 ], [ 9.083719112844255, 48.612575988092409 ], [ 9.090476647397971, 48.611537862467195 ], [ 9.096526338091616, 48.617644741023057 ], [ 9.095623710149445, 48.621667374872956 ], [ 9.105277030892237, 48.622814512414543 ], [ 9.107773366817579, 48.622809904256179 ], [ 9.108280808270122, 48.616250887407325 ], [ 9.113907097780613, 48.616069367502497 ], [ 9.117133872742604, 48.61387731562683 ], [ 9.11044612598578, 48.605255602075431 ], [ 9.121477886162419, 48.600367591406403 ], [ 9.129176382916992, 48.601266522747387 ] ], [ [ 9.12324651211553, 48.582198287084168 ], [ 9.119826871559098, 48.583452704055077 ], [ 9.118374657539979, 48.582875131031933 ], [ 9.121329551285546, 48.58104423579082 ], [ 9.12324651211553, 48.582198287084168 ] ], [ [ 9.149699204299823, 48.545218695644408 ], [ 9.148885327240958, 48.547708938802749 ], [ 9.144950217025105, 48.547471992033813 ], [ 9.146343860742919, 48.544107510167542 ], [ 9.149699204299823, 48.545218695644408 ] ] ] } },
{ "type": "Feature", "properties": { "OBJID": "DEBKGVG200000CD4", "BEGINN": "2023-10-04T00:00:00", "ADE": 4, "GF": 4, "BSG": 1, "LKZ": "BW", "ARS": "08417", "AGS": "08417", "SDV_ARS": "084175002002", "GEN": "Zollernalbkreis", "BEZ": "Landkreis", "IBZ": 43, "BEM": "--", "NBD": "nein", "SN_L": "08", "SN_R": "4", "SN_K": "17", "SN_V1": "00", "SN_V2": "00", "SN_G": "000", "FK_S3": "R", "NUTS": "DE143", "ARS_0": "084170000000", "AGS_0": "08417000", "WSK": "2009-01-01T00:00:00", "DLM_ID": "DEBKGDL20000E31Y" }, "geometry": { "type": "Polygon", "coordinates": [ [ [ 9.129479702209814, 48.372898692697134 ], [ 9.132850229537166, 48.373516020913286 ], [ 9.135715071983549, 48.37048504771645 ], [ 9.137681695946995, 48.371534570041341 ], [ 9.156849271998967, 48.369504502024895 ], [ 9.158019480646054, 48.370584641607088 ], [ 9.179264455636162, 48.367597797975812 ], [ 9.178201733895046, 48.359968580233179 ], [ 9.167076048516297, 48.35328832600387 ], [ 9.174117020970854, 48.344371953420001 ], [ 9.18082358416636, 48.341772703849024 ], [ 9.187528988679324, 48.343219518351852 ], [ 9.189057333764376, 48.338022246301129 ], [ 9.193802655348554, 48.336585863850132 ], [ 9.196784895870751, 48.337538344926088 ], [ 9.197205898141572, 48.335906754858605 ], [ 9.201359819422903, 48.336414350610724 ], [ 9.207521053707778, 48.333225344665038 ], [ 9.212576484997996, 48.33311318704358 ], [ 9.215107622932861, 48.334687063794107 ], [ 9.215518312414131, 48.337542334953021 ], [ 9.220497640601227, 48.338565745031687 ], [ 9.221772788696546, 48.336760355120212 ], [ 9.219611893699836, 48.336241131415051 ], [ 9.217137383512251, 48.33222463659439 ], [ 9.218050718961706, 48.331720927924081 ], [ 9.215730186540879, 48.330409183517204 ], [ 9.214870665163264, 48.327778413675304 ], [ 9.217054229388451, 48.321113798278233 ], [ 9.216574351490014, 48.316783077324367 ], [ 9.21060670599819, 48.307379803183359 ], [ 9.204501415140577, 48.310419412126038 ], [ 9.199291178620914, 48.30814602807019 ], [ 9.190568454891839, 48.308213583129955 ], [ 9.187654320992714, 48.310328001447537 ], [ 9.167846978996501, 48.31103453219572 ], [ 9.161679329898305, 48.312785196765653 ], [ 9.162020496511989, 48.308679979218603 ], [ 9.160532268326449, 48.306413897186296 ], [ 9.17200194601023, 48.303450473859975 ], [ 9.17145066225179, 48.299918981400992 ], [ 9.183739041618532, 48.285445662331817 ], [ 9.183860458497135, 48.282425860690289 ], [ 9.188999637280235, 48.277649563163877 ], [ 9.18608199824614, 48.271021738252131 ], [ 9.173276343875454, 48.26779513158202 ], [ 9.165777661651456, 48.26867564415609 ], [ 9.163224920432853, 48.267952319879257 ], [ 9.161812782684134, 48.265408482882137 ], [ 9.149016378197864, 48.26206914242551 ], [ 9.132381842106529, 48.262673049513914 ], [ 9.128814216565951, 48.259742310525937 ], [ 9.109221494517739, 48.252848266596999 ], [ 9.112022759389571, 48.243521586182872 ], [ 9.11070395642086, 48.23875328048333 ], [ 9.111616952550181, 48.236453935389548 ], [ 9.126374780152554, 48.234310287066272 ], [ 9.127262217516087, 48.229687365498258 ], [ 9.131915108867231, 48.227716518779005 ], [ 9.159501918650429, 48.222301485989725 ], [ 9.171626298309462, 48.215300340126603 ], [ 9.179193559602798, 48.214564247155266 ], [ 9.186784883370104, 48.208891665184765 ], [ 9.181110005491096, 48.205598436364248 ], [ 9.17869577068821, 48.201556761437502 ], [ 9.179350005402984, 48.198732357171259 ], [ 9.174938084679898, 48.198256694683025 ], [ 9.17811763879507, 48.193547561117263 ], [ 9.177311460853996, 48.189024255591335 ], [ 9.181028653825619, 48.187297637470529 ], [ 9.179713914631897, 48.183181864161753 ], [ 9.183854580384265, 48.182692041188837 ], [ 9.17439052481877, 48.183153769946465 ], [ 9.174354361280063, 48.181004435857155 ], [ 9.181320619250192, 48.180422870656983 ], [ 9.182166472293186, 48.176953432312544 ], [ 9.189039234301653, 48.171281292811528 ], [ 9.182156533418654, 48.170803376499393 ], [ 9.180799968796094, 48.16625558651414 ], [ 9.17427812147467, 48.161393849858968 ], [ 9.175672632790793, 48.159513549868883 ], [ 9.174363946957486, 48.154220027999905 ], [ 9.165333618764562, 48.15375106574264 ], [ 9.167039342112183, 48.151299238539387 ], [ 9.166642972409447, 48.147581141006533 ], [ 9.15560102923717, 48.142600419983879 ], [ 9.162836563545067, 48.136368090730635 ], [ 9.159249100620162, 48.134436261509201 ], [ 9.147458260062329, 48.141691272893993 ], [ 9.140672409515194, 48.142245873139665 ], [ 9.134498429348684, 48.14591856766809 ], [ 9.120793528290235, 48.145010094676579 ], [ 9.116884737302502, 48.152515053738242 ], [ 9.112069507275137, 48.157556015112327 ], [ 9.105578668034124, 48.152838124586573 ], [ 9.097768069203203, 48.152972490899216 ], [ 9.09055093169019, 48.14927467603534 ], [ 9.073326866833487, 48.150176260405033 ], [ 9.063468394339992, 48.151891007696676 ], [ 9.061723176826817, 48.153216866327007 ], [ 9.06339753119515, 48.154317725026054 ], [ 9.062024396101297, 48.155783325519899 ], [ 9.057849501676081, 48.155638695940709 ], [ 9.033456155044471, 48.165233326452473 ], [ 9.018020168324414, 48.159199799044252 ], [ 9.010823201499131, 48.159566869583855 ], [ 9.005002036581981, 48.155085203464836 ], [ 8.997925586103205, 48.143911273538301 ], [ 8.992913160504763, 48.140443880467537 ], [ 8.98730528238065, 48.133209677031225 ], [ 8.987794675885887, 48.130833716191127 ], [ 8.983907267938669, 48.12404563441136 ], [ 8.975947836168613, 48.123476895210771 ], [ 8.96820448762659, 48.120285130811183 ], [ 8.955351649925058, 48.11991625177567 ], [ 8.949054959688391, 48.113679732519628 ], [ 8.953761201147163, 48.107279088781397 ], [ 8.947946733292367, 48.106900320231681 ], [ 8.939178614384549, 48.103566112695916 ], [ 8.932529049337749, 48.103714119020808 ], [ 8.918649490770537, 48.107030641340245 ], [ 8.913338863940288, 48.110604500286883 ], [ 8.896625259277249, 48.110093546117142 ], [ 8.894901984585875, 48.106578065423399 ], [ 8.885085822910781, 48.105427049387849 ], [ 8.882184443764769, 48.107928899631631 ], [ 8.883754449956447, 48.107952027336651 ], [ 8.883628044577614, 48.110575667725151 ], [ 8.881780457745323, 48.115727537173548 ], [ 8.876434140441974, 48.118783581006042 ], [ 8.88035783134513, 48.119338830292094 ], [ 8.878401647854423, 48.121490425954235 ], [ 8.874727194545367, 48.121944394420936 ], [ 8.867894687382682, 48.127930352530818 ], [ 8.866898998967716, 48.135270707416524 ], [ 8.865059306146833, 48.135252328437304 ], [ 8.863494553710744, 48.137872577107572 ], [ 8.864574650750829, 48.138169095749411 ], [ 8.860207603948835, 48.143785186300924 ], [ 8.853850396077116, 48.14506571401936 ], [ 8.849560258472208, 48.149596142803667 ], [ 8.835857950329878, 48.151484535122954 ], [ 8.831824419936915, 48.149571041595301 ], [ 8.829580460626435, 48.157881411151699 ], [ 8.832671000019158, 48.1650319713806 ], [ 8.827895898093072, 48.171064971558863 ], [ 8.816753838595311, 48.17375435873592 ], [ 8.813869242247749, 48.182603314418955 ], [ 8.809039839098711, 48.184624300408757 ], [ 8.794238362956975, 48.18453051613664 ], [ 8.784650415282986, 48.182232193034935 ], [ 8.784007353831242, 48.183705869395077 ], [ 8.781871609912974, 48.182872204119093 ], [ 8.781435283189795, 48.179583232781034 ], [ 8.778353646470354, 48.181962904418782 ], [ 8.769251281209732, 48.182710200980495 ], [ 8.76805768800474, 48.1807131104134 ], [ 8.76884780259801, 48.176984794746851 ], [ 8.762216044199548, 48.17366093490881 ], [ 8.764294248231961, 48.163154960395083 ], [ 8.754642673976704, 48.159773906152438 ], [ 8.751237223688824, 48.159539917313325 ], [ 8.749078429746751, 48.161285984583145 ], [ 8.75055541146136, 48.161705164482001 ], [ 8.749057594275744, 48.165269185069498 ], [ 8.746068423429826, 48.166921042339261 ], [ 8.738634135486162, 48.169571746838741 ], [ 8.731593946779908, 48.168343648082271 ], [ 8.724091676202558, 48.172476023340813 ], [ 8.719245292299794, 48.181569801808607 ], [ 8.725492379881095, 48.185816308680224 ], [ 8.73837235526368, 48.189638384041139 ], [ 8.741026435933717, 48.192135796277725 ], [ 8.73858172465436, 48.19355342594514 ], [ 8.742296403030847, 48.197992171012459 ], [ 8.741290248610273, 48.199046181403439 ], [ 8.744209450224096, 48.20091829256863 ], [ 8.741677620264403, 48.202505470852124 ], [ 8.733468353990501, 48.202607711086273 ], [ 8.733774618157506, 48.203817621697844 ], [ 8.730202418934429, 48.202528222559998 ], [ 8.729579168143161, 48.204145830564272 ], [ 8.724680250932197, 48.203464358652504 ], [ 8.723301090566695, 48.208064949615036 ], [ 8.71356493622166, 48.209163501502971 ], [ 8.709942524145672, 48.220077990838007 ], [ 8.706814507424703, 48.222670482249299 ], [ 8.703333077762336, 48.222559725081354 ], [ 8.702078080893768, 48.225228038665605 ], [ 8.703809367430898, 48.227936144771405 ], [ 8.712234245394193, 48.231274762430836 ], [ 8.708135554216799, 48.235057297619484 ], [ 8.702883023257272, 48.233772454570342 ], [ 8.697910749665441, 48.24527670840537 ], [ 8.700691738463751, 48.245757121448705 ], [ 8.699543120968121, 48.247936869153357 ], [ 8.703926522619051, 48.248657427154278 ], [ 8.702837611072134, 48.251553339722506 ], [ 8.710106931101119, 48.252346245631884 ], [ 8.708245868744894, 48.253161297458774 ], [ 8.705702852716367, 48.259001224224583 ], [ 8.697491870123937, 48.257787943492538 ], [ 8.696381480398147, 48.260152884740407 ], [ 8.691718141077439, 48.261344396326855 ], [ 8.685535621219801, 48.266827329883242 ], [ 8.680652060827212, 48.267394244577623 ], [ 8.676731207480952, 48.265611720095968 ], [ 8.66621689290268, 48.268784941495177 ], [ 8.673031107208063, 48.271656677397225 ], [ 8.678578681129419, 48.277531129252651 ], [ 8.684059163328191, 48.278700802415656 ], [ 8.68352384446823, 48.280787366968987 ], [ 8.678237187903404, 48.284189385219285 ], [ 8.659567831050481, 48.283303456161164 ], [ 8.647754607133086, 48.288915069553475 ], [ 8.649658742656353, 48.289522639372088 ], [ 8.648845647600005, 48.293214208897389 ], [ 8.662216918573398, 48.295317669699472 ], [ 8.663212665842012, 48.297159907961472 ], [ 8.662116233832858, 48.299443902603471 ], [ 8.667579495009592, 48.304858479927034 ], [ 8.679387680375648, 48.303826402345685 ], [ 8.682867050159079, 48.305435843804119 ], [ 8.685253251360672, 48.303973295159601 ], [ 8.718659545652944, 48.315013443751759 ], [ 8.720330676709398, 48.318376923718979 ], [ 8.719246082432161, 48.321138316569225 ], [ 8.71112759602722, 48.324118535770424 ], [ 8.705823811786287, 48.323492740487602 ], [ 8.693340986412759, 48.328496009768052 ], [ 8.710830154635591, 48.333008097453039 ], [ 8.714258272837107, 48.339610835122919 ], [ 8.717352482777915, 48.341324674110439 ], [ 8.732978457369411, 48.343815515115431 ], [ 8.743427757444156, 48.350037529842069 ], [ 8.742670851218746, 48.354177839920176 ], [ 8.745047130482511, 48.358658404117719 ], [ 8.739624422149918, 48.358598979618492 ], [ 8.733587271206609, 48.360984658553704 ], [ 8.733782412745837, 48.362309819541807 ], [ 8.735685609213967, 48.361926575439711 ], [ 8.736114975458886, 48.364244757403014 ], [ 8.733043514408468, 48.365958326224998 ], [ 8.736896017857585, 48.37203426144837 ], [ 8.735675694326257, 48.376441900704961 ], [ 8.737186392002819, 48.377976956967181 ], [ 8.746280446990941, 48.378868315695279 ], [ 8.75863450557671, 48.382625371568587 ], [ 8.74912020440553, 48.388176743499002 ], [ 8.748888187699658, 48.390133659581274 ], [ 8.7568095661769, 48.392930130051113 ], [ 8.757646973929457, 48.39482300635698 ], [ 8.756412454031508, 48.395738846177878 ], [ 8.760136655922535, 48.39848668533827 ], [ 8.761233709690513, 48.403342524342911 ], [ 8.765072814620055, 48.405921127916535 ], [ 8.766708435370258, 48.410947721127989 ], [ 8.765408359493854, 48.413744723397599 ], [ 8.774054824489305, 48.416278647668385 ], [ 8.794605562900459, 48.417398338817272 ], [ 8.799030412462713, 48.41403095808122 ], [ 8.801355359983173, 48.406930813119601 ], [ 8.807125618541727, 48.407974387864826 ], [ 8.831836839714274, 48.406392019878332 ], [ 8.834739618225111, 48.410499288845806 ], [ 8.838858240549234, 48.412410165743388 ], [ 8.857379864944127, 48.413637288839013 ], [ 8.873043415195697, 48.417511477696245 ], [ 8.86955655357532, 48.414303379959655 ], [ 8.874527987362045, 48.409906710898973 ], [ 8.872259643641142, 48.407184473248364 ], [ 8.87395699228553, 48.403426102836193 ], [ 8.869095098761683, 48.399190301358288 ], [ 8.875205173955425, 48.397043690035993 ], [ 8.882084473320688, 48.399714548475799 ], [ 8.890765934898763, 48.399523765666807 ], [ 8.894420456727032, 48.392688184058571 ], [ 8.902413008646203, 48.392732200198822 ], [ 8.909258643676329, 48.394827539226497 ], [ 8.92131542825746, 48.393219979942238 ], [ 8.927227147205992, 48.390363626158333 ], [ 8.942414982833558, 48.39044408548444 ], [ 8.943085424556505, 48.389067980971404 ], [ 8.94988832525247, 48.388534850770789 ], [ 8.952791008459167, 48.386039847112791 ], [ 8.953705315963596, 48.380841786165639 ], [ 8.957924229531674, 48.380710465643801 ], [ 8.972476820890165, 48.385081715624672 ], [ 8.989832279136175, 48.382235986799024 ], [ 8.993283550692739, 48.388418392161938 ], [ 8.999182919919257, 48.388022887524357 ], [ 9.000806978196408, 48.38711585177316 ], [ 8.998677839747247, 48.382585680032811 ], [ 8.99943857161621, 48.379907348266805 ], [ 9.003075618395894, 48.376601852695224 ], [ 9.004678546064595, 48.375729492488482 ], [ 9.009787634967299, 48.377282413698644 ], [ 9.013079630625411, 48.375114595575468 ], [ 9.023436634339154, 48.374534243786485 ], [ 9.022804971228746, 48.372205664312588 ], [ 9.024221166746889, 48.371343327019162 ], [ 9.034308488203276, 48.370722390875017 ], [ 9.045961594257433, 48.373268614761699 ], [ 9.055692172640457, 48.372389226143966 ], [ 9.071417090723093, 48.376991319494955 ], [ 9.066713030621587, 48.372604866332999 ], [ 9.058300621360832, 48.37181183716433 ], [ 9.060092875080761, 48.36949917258471 ], [ 9.058031787869174, 48.368187433179109 ], [ 9.058076592894938, 48.366125572007746 ], [ 9.07259254687334, 48.367690187064319 ], [ 9.070784274592807, 48.363521202810119 ], [ 9.073059812302413, 48.362768305140506 ], [ 9.078678866104863, 48.364909123010669 ], [ 9.088754822750808, 48.364139212139079 ], [ 9.084883228685653, 48.365024845344976 ], [ 9.083603869137237, 48.367733170585915 ], [ 9.087319279739496, 48.367591959173289 ], [ 9.090320118410753, 48.369770564852672 ], [ 9.097325298617029, 48.371163755838779 ], [ 9.093164913750044, 48.367522767324068 ], [ 9.104664109713188, 48.367965539344674 ], [ 9.106887951261154, 48.369018785255584 ], [ 9.109582308518815, 48.373944699381937 ], [ 9.124427587995964, 48.370165063158943 ], [ 9.130328958511672, 48.371488426246756 ], [ 9.129479702209814, 48.372898692697134 ] ] ] } },
{ "type": "Feature", "properties": { "OBJID": "DEBKGVG200000CD5", "BEGINN": "2023-10-04T00:00:00", "ADE": 4, "GF": 4, "BSG": 1, "LKZ": "BW", "ARS": "08421", "AGS": "08421", "SDV_ARS": "084210000000", "GEN": "Ulm", "BEZ": "Stadtkreis", "IBZ": 41, "BEM": "--", "NBD": "ja", "SN_L": "08", "SN_R": "4", "SN_K": "21", "SN_V1": "00", "SN_V2": "00", "SN_G": "000", "FK_S3": "R", "NUTS": "DE144", "ARS_0": "084210000000", "AGS_0": "08421000", "WSK": "1997-01-01T00:00:00", "DLM_ID": "DEBKGDL20000DW97" }, "geometry": { "type": "Polygon", "coordinates": [ [ [ 10.032694446492044, 48.457196446524613 ], [ 10.030887521495185, 48.453586070031108 ], [ 10.035887671304836, 48.451294767915208 ], [ 10.035450054608226, 48.447667307986507 ], [ 10.038226773929715, 48.444453005233854 ], [ 10.031687310394732, 48.443785716506397 ], [ 10.028480785543636, 48.439975086284434 ], [ 10.028050577021714, 48.436918726622743 ], [ 10.032818593386171, 48.435707156882401 ], [ 10.034854837932826, 48.433297045556799 ], [ 10.037522555781917, 48.434099491326215 ], [ 10.037450407441471, 48.435799706692016 ], [ 10.040789678752398, 48.434391852630093 ], [ 10.038850223729199, 48.433727399453666 ], [ 10.042414152619731, 48.42973203637677 ], [ 10.032166919322774, 48.426137509924551 ], [ 10.018815882205244, 48.418248658402199 ], [ 10.016841799027233, 48.415713466456374 ], [ 10.016922814238782, 48.407504729046543 ], [ 10.015279482468216, 48.404350571174511 ], [ 9.989868427578527, 48.393707310276234 ], [ 9.984912613007857, 48.386104686901355 ], [ 9.969934361789957, 48.379380285913697 ], [ 9.971299559549619, 48.377214465324407 ], [ 9.967275614678815, 48.374404355722142 ], [ 9.97049840388334, 48.368404791175259 ], [ 9.977741454378469, 48.362658595975681 ], [ 9.984127685860834, 48.363227538129934 ], [ 9.982768417865481, 48.368028450815032 ], [ 9.987733752232995, 48.370626032208982 ], [ 9.992995102523928, 48.368159792176492 ], [ 9.993339461312805, 48.363566927146906 ], [ 9.999850869719259, 48.362778446979029 ], [ 9.994822285534649, 48.355280903075368 ], [ 9.997606050600936, 48.3501178696973 ], [ 9.990275472731176, 48.351805858057844 ], [ 9.990756053855341, 48.350894589673963 ], [ 9.983233116288645, 48.348262265127012 ], [ 9.983391158395937, 48.346394685386365 ], [ 9.981247636296846, 48.345969234649381 ], [ 9.985078801507283, 48.344620558164515 ], [ 9.986166390128247, 48.342512753885558 ], [ 9.974899414548194, 48.33925890780435 ], [ 9.975684893126141, 48.337689230118656 ], [ 9.973838652034301, 48.337572545923578 ], [ 9.973620189237616, 48.334056050912963 ], [ 9.974968840398022, 48.332776779841616 ], [ 9.987228647188241, 48.335082195751184 ], [ 9.991412921392495, 48.328072535190358 ], [ 9.98288352183938, 48.323868259372688 ], [ 9.976813678130299, 48.324163293912285 ], [ 9.973356717977163, 48.319669395327843 ], [ 9.969190469820393, 48.320989049020035 ], [ 9.964919702347737, 48.319511887478015 ], [ 9.963973717353811, 48.316027841952327 ], [ 9.959013559782683, 48.316003611487638 ], [ 9.963837218991069, 48.312484800647567 ], [ 9.961126968090253, 48.311356725937955 ], [ 9.961532519105878, 48.310019080693792 ], [ 9.963957109842317, 48.310147778887711 ], [ 9.965128837767725, 48.307752934781718 ], [ 9.963949495313805, 48.307144824104419 ], [ 9.960866200662931, 48.306878043684392 ], [ 9.959370445595052, 48.310529962798761 ], [ 9.957069431119731, 48.310194984361125 ], [ 9.953169181789384, 48.314284500857269 ], [ 9.948438272738164, 48.311869374545005 ], [ 9.938785384644683, 48.310903587371257 ], [ 9.937356383508858, 48.310932265535236 ], [ 9.938577662197668, 48.313743627773626 ], [ 9.929326228798121, 48.311853000839683 ], [ 9.92130309192931, 48.312152822552633 ], [ 9.906872523448008, 48.319556519902825 ], [ 9.911207325905883, 48.321171144476608 ], [ 9.911073680939721, 48.323319256574806 ], [ 9.925315535017871, 48.325211367743648 ], [ 9.930410450208608, 48.33187480648386 ], [ 9.928975456887692, 48.338509214140345 ], [ 9.926409803230118, 48.341103288380069 ], [ 9.910748894451842, 48.34698178427027 ], [ 9.913359697082074, 48.350852865857775 ], [ 9.904162566470827, 48.349544820956503 ], [ 9.900121237919571, 48.347623918526878 ], [ 9.900288081606389, 48.343194119233104 ], [ 9.890885009453443, 48.341236489375518 ], [ 9.890036214607088, 48.343335702869652 ], [ 9.892021543254282, 48.347464570617866 ], [ 9.884142900953663, 48.348661633197345 ], [ 9.885842711587731, 48.353272774760732 ], [ 9.87469886224623, 48.3541110638091 ], [ 9.871644821960407, 48.350335263983382 ], [ 9.859963294175529, 48.353305341488266 ], [ 9.847877978181909, 48.353299423926913 ], [ 9.846839876295823, 48.357620777854521 ], [ 9.843086746774054, 48.360667307897018 ], [ 9.847709112074932, 48.362945965724812 ], [ 9.844874823268132, 48.36704715585924 ], [ 9.855973261985648, 48.371084456392936 ], [ 9.847003546255943, 48.373873273069172 ], [ 9.847606211420118, 48.374675095715631 ], [ 9.853913144956948, 48.372975568254176 ], [ 9.8548186953794, 48.375314758966304 ], [ 9.859447640888446, 48.376357736486867 ], [ 9.860045015030233, 48.378092120232388 ], [ 9.861972090973394, 48.378188919057266 ], [ 9.862099795186978, 48.374963805313499 ], [ 9.869209271175945, 48.376054309039013 ], [ 9.868345426343318, 48.38024829627691 ], [ 9.873276651127384, 48.380932770578333 ], [ 9.872216971482935, 48.386735134602922 ], [ 9.875337810300051, 48.396058886688913 ], [ 9.883415109153031, 48.394719619472845 ], [ 9.890593326777475, 48.395074171371057 ], [ 9.890759176197253, 48.396936298578936 ], [ 9.900969498101546, 48.395589514704497 ], [ 9.901880795973335, 48.401672618702769 ], [ 9.908312542170394, 48.402435571620472 ], [ 9.911001812177735, 48.407871760089172 ], [ 9.9150873438467, 48.409538902595898 ], [ 9.929426902214386, 48.41095363664256 ], [ 9.941470730872314, 48.407679395186136 ], [ 9.941499375423739, 48.411087277085656 ], [ 9.932750759040818, 48.416653338691582 ], [ 9.93218317567406, 48.421334970453877 ], [ 9.92497419970829, 48.422097921034883 ], [ 9.926567436607238, 48.424470963581484 ], [ 9.931057331267331, 48.426382391761756 ], [ 9.941161961773554, 48.427629835926609 ], [ 9.941756184705163, 48.431202468068037 ], [ 9.93854329167314, 48.430961400039649 ], [ 9.937539055661777, 48.432520817380066 ], [ 9.934314877053739, 48.42974395976254 ], [ 9.9248190094174, 48.426107318337785 ], [ 9.917870537801516, 48.420801907637717 ], [ 9.908656016400743, 48.423189659354492 ], [ 9.908953196719636, 48.428783973854387 ], [ 9.912452682675539, 48.432138501137885 ], [ 9.911107867336606, 48.433857720402031 ], [ 9.908205569053303, 48.432511463068366 ], [ 9.906194072847343, 48.434595705423092 ], [ 9.90933644538819, 48.437328003721099 ], [ 9.914319914136652, 48.437561336029788 ], [ 9.914839855429005, 48.442671315620814 ], [ 9.923162021698934, 48.441752967049794 ], [ 9.925906516490539, 48.446263061088018 ], [ 9.932230381098213, 48.445943587216476 ], [ 9.932431383325097, 48.447690462141686 ], [ 9.94086455531335, 48.451294129551712 ], [ 9.952075143730855, 48.452033634533088 ], [ 9.956730007907746, 48.446448831422714 ], [ 9.964998075135513, 48.449020452427511 ], [ 9.965148516241264, 48.451084453169372 ], [ 9.968760124737381, 48.453100259788833 ], [ 9.967399708528905, 48.454540168551375 ], [ 9.968554262189841, 48.458251427868767 ], [ 9.964278029450936, 48.458322309871875 ], [ 9.963917462503144, 48.459890732553049 ], [ 9.97688441173637, 48.459077383510966 ], [ 9.976989032229941, 48.464463882603845 ], [ 9.972806422267221, 48.467420265784568 ], [ 9.976394002909476, 48.468264549417064 ], [ 9.978663080842741, 48.468500063905068 ], [ 9.97885110853732, 48.466082185893896 ], [ 9.981554188475506, 48.464907992625378 ], [ 9.981777376179048, 48.462984822073018 ], [ 10.018600754452248, 48.464841721959623 ], [ 10.021039336247004, 48.464339789554906 ], [ 10.021746566883525, 48.458605315969848 ], [ 10.032694446492044, 48.457196446524613 ] ] ] } },
{ "type": "Feature", "properties": { "OBJID": "DEBKGVG200000CD6", "BEGINN": "2025-01-16T00:00:00", "ADE": 4, "GF": 4, "BSG": 1, "LKZ": "BW", "ARS": "08425", "AGS": "08425", "SDV_ARS": "084210000000", "GEN": "Alb-Donau-Kreis", "BEZ": "Landkreis", "IBZ": 43, "BEM": "--", "NBD": "nein", "SN_L": "08", "SN_R": "4", "SN_K": "25", "SN_V1": "00", "SN_V2": "00", "SN_G": "000", "FK_S3": "R", "NUTS": "DE145", "ARS_0": "084250000000", "AGS_0": "08425000", "WSK": "2011-01-01T00:00:00", "DLM_ID": "DEBKGDL20000E15K" }, "geometry": { "type": "Polygon", "coordinates": [ [ [ 10.227503691123388, 48.510682998807411 ], [ 10.23796639725013, 48.507821913875887 ], [ 10.231602956569191, 48.508436085047151 ], [ 10.226631163064502, 48.506994225858023 ], [ 10.228049715042832, 48.504974579280876 ], [ 10.234500674840183, 48.505610675746176 ], [ 10.241406301496358, 48.491959651658505 ], [ 10.235443310106628, 48.488960323181651 ], [ 10.217915369413166, 48.488467430709349 ], [ 10.180098200650903, 48.475524476724409 ], [ 10.182944424702251, 48.473814168829264 ], [ 10.176413081897152, 48.471368642332337 ], [ 10.177707303946645, 48.470420811875407 ], [ 10.184524497565825, 48.472914658161415 ], [ 10.186002987616087, 48.471110806797604 ], [ 10.181254370578859, 48.46962222609568 ], [ 10.1846009499851, 48.467211217491162 ], [ 10.183457596791824, 48.466393089644278 ], [ 10.175460227062594, 48.469391260039295 ], [ 10.176217328978195, 48.468513241854396 ], [ 10.174647376608107, 48.467890087165422 ], [ 10.177862981166529, 48.463801981414086 ], [ 10.172772750085409, 48.462788973108623 ], [ 10.171846421355829, 48.457786946145895 ], [ 10.160457289804393, 48.458759600193929 ], [ 10.133895409083154, 48.454871415309789 ], [ 10.131514892250983, 48.457368666877095 ], [ 10.127768832737571, 48.456952320838603 ], [ 10.12524825909102, 48.461026193610017 ], [ 10.123319170422773, 48.46070560790487 ], [ 10.12095535158412, 48.466635567981179 ], [ 10.1172517596906, 48.468135871003341 ], [ 10.119073641160615, 48.473074209650242 ], [ 10.116527665382575, 48.473550957426156 ], [ 10.117366731605388, 48.475387567544999 ], [ 10.105026945509168, 48.477504354931249 ], [ 10.103516903958431, 48.472554831084146 ], [ 10.093455625692755, 48.46895474662314 ], [ 10.094376749347862, 48.467123842240696 ], [ 10.090357395577943, 48.467558604032966 ], [ 10.09024588181954, 48.466344324682787 ], [ 10.086422761373532, 48.465961434550159 ], [ 10.087154247113924, 48.463488396797956 ], [ 10.059621484581978, 48.455832312344512 ], [ 10.061953692326352, 48.458053503624825 ], [ 10.046432010022055, 48.457305127107496 ], [ 10.041260858548126, 48.45951056010265 ], [ 10.039044314453536, 48.457874083258218 ], [ 10.039128631864978, 48.45969447325421 ], [ 10.032694446492044, 48.457196446524613 ], [ 10.021746566883525, 48.458605315969848 ], [ 10.021039336247004, 48.464339789554906 ], [ 10.018600754452248, 48.464841721959623 ], [ 9.981777376179048, 48.462984822073018 ], [ 9.981554188475506, 48.464907992625378 ], [ 9.97885110853732, 48.466082185893896 ], [ 9.978663080842741, 48.468500063905068 ], [ 9.972806422267221, 48.467420265784568 ], [ 9.976989032229941, 48.464463882603845 ], [ 9.97688441173637, 48.459077383510966 ], [ 9.963917462503144, 48.459890732553049 ], [ 9.964278029450936, 48.458322309871875 ], [ 9.968554262189841, 48.458251427868767 ], [ 9.967399708528905, 48.454540168551375 ], [ 9.968760124737381, 48.453100259788833 ], [ 9.965148516241264, 48.451084453169372 ], [ 9.964998075135513, 48.449020452427511 ], [ 9.956730007907746, 48.446448831422714 ], [ 9.952075143730855, 48.452033634533088 ], [ 9.94086455531335, 48.451294129551712 ], [ 9.932431383325097, 48.447690462141686 ], [ 9.932230381098213, 48.445943587216476 ], [ 9.925906516490539, 48.446263061088018 ], [ 9.923162021698934, 48.441752967049794 ], [ 9.914839855429005, 48.442671315620814 ], [ 9.914319914136652, 48.437561336029788 ], [ 9.90933644538819, 48.437328003721099 ], [ 9.906194072847343, 48.434595705423092 ], [ 9.908205569053303, 48.432511463068366 ], [ 9.911107867336606, 48.433857720402031 ], [ 9.912452682675539, 48.432138501137885 ], [ 9.908953196719636, 48.428783973854387 ], [ 9.908656016400743, 48.423189659354492 ], [ 9.917870537801516, 48.420801907637717 ], [ 9.9248190094174, 48.426107318337785 ], [ 9.934314877053739, 48.42974395976254 ], [ 9.937539055661777, 48.432520817380066 ], [ 9.93854329167314, 48.430961400039649 ], [ 9.941756184705163, 48.431202468068037 ], [ 9.941161961773554, 48.427629835926609 ], [ 9.931057331267331, 48.426382391761756 ], [ 9.926567436607238, 48.424470963581484 ], [ 9.92497419970829, 48.422097921034883 ], [ 9.93218317567406, 48.421334970453877 ], [ 9.932750759040818, 48.416653338691582 ], [ 9.941499375423739, 48.411087277085656 ], [ 9.941470730872314, 48.407679395186136 ], [ 9.929426902214386, 48.41095363664256 ], [ 9.9150873438467, 48.409538902595898 ], [ 9.911001812177735, 48.407871760089172 ], [ 9.908312542170394, 48.402435571620472 ], [ 9.901880795973335, 48.401672618702769 ], [ 9.900969498101546, 48.395589514704497 ], [ 9.890759176197253, 48.396936298578936 ], [ 9.890593326777475, 48.395074171371057 ], [ 9.883415109153031, 48.394719619472845 ], [ 9.875337810300051, 48.396058886688913 ], [ 9.872216971482935, 48.386735134602922 ], [ 9.873276651127384, 48.380932770578333 ], [ 9.868345426343318, 48.38024829627691 ], [ 9.869209271175945, 48.376054309039013 ], [ 9.862099795186978, 48.374963805313499 ], [ 9.861972090973394, 48.378188919057266 ], [ 9.860045015030233, 48.378092120232388 ], [ 9.859447640888446, 48.376357736486867 ], [ 9.8548186953794, 48.375314758966304 ], [ 9.853913144956948, 48.372975568254176 ], [ 9.848706099212933, 48.375204960202275 ], [ 9.847003546255943, 48.373873273069172 ], [ 9.855973261985648, 48.371084456392936 ], [ 9.844874823268132, 48.36704715585924 ], [ 9.847709112074932, 48.362945965724812 ], [ 9.843086746774054, 48.360667307897018 ], [ 9.846839876295823, 48.357620777854521 ], [ 9.847877978181909, 48.353299423926913 ], [ 9.859963294175529, 48.353305341488266 ], [ 9.871644821960407, 48.350335263983382 ], [ 9.87469886224623, 48.3541110638091 ], [ 9.885842711587731, 48.353272774760732 ], [ 9.884142900953663, 48.348661633197345 ], [ 9.892021543254282, 48.347464570617866 ], [ 9.890036214607088, 48.343335702869652 ], [ 9.890885009453443, 48.341236489375518 ], [ 9.900288081606389, 48.343194119233104 ], [ 9.900121237919571, 48.347623918526878 ], [ 9.904162566470827, 48.349544820956503 ], [ 9.913359697082074, 48.350852865857775 ], [ 9.910748894451842, 48.34698178427027 ], [ 9.926409803230118, 48.341103288380069 ], [ 9.928975456887692, 48.338509214140345 ], [ 9.930410450208608, 48.33187480648386 ], [ 9.928067476319503, 48.327818624171968 ], [ 9.922933272794783, 48.324556635223189 ], [ 9.911073680939721, 48.323319256574806 ], [ 9.911207325905883, 48.321171144476608 ], [ 9.906872523448008, 48.319556519902825 ], [ 9.92130309192931, 48.312152822552633 ], [ 9.929326228798121, 48.311853000839683 ], [ 9.938577662197668, 48.313743627773626 ], [ 9.937356383508858, 48.310932265535236 ], [ 9.938785384644683, 48.310903587371257 ], [ 9.948438272738164, 48.311869374545005 ], [ 9.953169181789384, 48.314284500857269 ], [ 9.957069431119731, 48.310194984361125 ], [ 9.959370445595052, 48.310529962798761 ], [ 9.960866200662931, 48.306878043684392 ], [ 9.963949495313805, 48.307144824104419 ], [ 9.965128837767725, 48.307752934781718 ], [ 9.963957109842317, 48.310147778887711 ], [ 9.961532519105878, 48.310019080693792 ], [ 9.961126968090253, 48.311356725937955 ], [ 9.963837218991069, 48.312484800647567 ], [ 9.959013559782683, 48.316003611487638 ], [ 9.963973717353811, 48.316027841952327 ], [ 9.964919702347737, 48.319511887478015 ], [ 9.969190469820393, 48.320989049020035 ], [ 9.973356717977163, 48.319669395327843 ], [ 9.976813678130299, 48.324163293912285 ], [ 9.98288352183938, 48.323868259372688 ], [ 9.991412921392495, 48.328072535190358 ], [ 9.987228647188241, 48.335082195751184 ], [ 9.974968840398022, 48.332776779841616 ], [ 9.973620189237616, 48.334056050912963 ], [ 9.973838652034301, 48.337572545923578 ], [ 9.975684893126141, 48.337689230118656 ], [ 9.974899414548194, 48.33925890780435 ], [ 9.986166390128247, 48.342512753885558 ], [ 9.985078801507283, 48.344620558164515 ], [ 9.981247636296846, 48.345969234649381 ], [ 9.983391158395937, 48.346394685386365 ], [ 9.983233116288645, 48.348262265127012 ], [ 9.992457840199432, 48.351987199121155 ], [ 9.992641558514148, 48.35078909115871 ], [ 9.997606050600936, 48.3501178696973 ], [ 9.998131809252058, 48.347512877580748 ], [ 10.002525800782792, 48.346489829460126 ], [ 10.003237699757209, 48.344119424763306 ], [ 10.009502893085038, 48.343401215794344 ], [ 10.009738196780575, 48.334708046160522 ], [ 10.012286806079022, 48.330637489541665 ], [ 10.022922309164194, 48.324003826576728 ], [ 10.030505682732159, 48.312033697733185 ], [ 10.039245737362013, 48.304203709771443 ], [ 10.039740493671344, 48.301742332263629 ], [ 10.043081011591781, 48.300443596416621 ], [ 10.042549427436535, 48.294229708990613 ], [ 10.052334420190487, 48.29053794888128 ], [ 10.059193098229533, 48.284363840075571 ], [ 10.065816519724331, 48.281817122105252 ], [ 10.066752984618212, 48.274916102022473 ], [ 10.062202412242053, 48.271715480616415 ], [ 10.063663276444714, 48.270261932636473 ], [ 10.063140177367707, 48.266217049597437 ], [ 10.065981126260889, 48.261993137261335 ], [ 10.061960034979638, 48.258129985589711 ], [ 10.069026271024153, 48.253761581506858 ], [ 10.06659641377243, 48.248629261923817 ], [ 10.062178880645352, 48.244776142569002 ], [ 10.060721236114114, 48.240090454041869 ], [ 10.064740636620922, 48.239099511671952 ], [ 10.064644227187154, 48.234792801335537 ], [ 10.070144239491814, 48.230624978059851 ], [ 10.068022065370885, 48.228656804842259 ], [ 10.069454398227263, 48.223358213807245 ], [ 10.076318737631571, 48.223025252082934 ], [ 10.078320370431413, 48.220237006584753 ], [ 10.077004189420309, 48.210603552644983 ], [ 10.078279513105224, 48.209322869130595 ], [ 10.083710628484969, 48.209640227942387 ], [ 10.085198729117772, 48.20568333730224 ], [ 10.085258043401121, 48.199999768764059 ], [ 10.083662598116337, 48.197845132072842 ], [ 10.085717414865263, 48.182192420608672 ], [ 10.08960442523888, 48.17871892721864 ], [ 10.090345755232391, 48.170406094346191 ], [ 10.09535745743962, 48.164014941035703 ], [ 10.092109979459554, 48.163481530654842 ], [ 10.09241343038101, 48.159293433280965 ], [ 10.079419782310744, 48.157806116250462 ], [ 10.075296601185471, 48.151389580366732 ], [ 10.068403072540377, 48.148530966761491 ], [ 10.05713170893681, 48.147119681394265 ], [ 10.04994890811474, 48.142290009717925 ], [ 10.014491770919864, 48.148827375595502 ], [ 10.008584342148565, 48.151486122868079 ], [ 10.028618774846203, 48.151225409649655 ], [ 10.035180910943351, 48.152935253682742 ], [ 10.033530093334191, 48.15842998831792 ], [ 10.040398546307923, 48.159591639111312 ], [ 10.043116685110368, 48.162057183145187 ], [ 10.039946541874599, 48.164821807004614 ], [ 10.044406465633022, 48.16352787357394 ], [ 10.047306165883429, 48.165292866558509 ], [ 10.046799079841165, 48.169282256839729 ], [ 10.0434592328235, 48.174374671444482 ], [ 10.044693834771303, 48.181841401274539 ], [ 10.068538763168212, 48.189740814233474 ], [ 10.066913405102087, 48.192629191316804 ], [ 10.062926078516401, 48.191957148335895 ], [ 10.060435437036187, 48.19382612543167 ], [ 10.05982541126107, 48.195882392350406 ], [ 10.062206371851877, 48.195775026333465 ], [ 10.062439192700896, 48.198320795847437 ], [ 10.060686006764168, 48.198888494132383 ], [ 10.052050659390055, 48.194709270211391 ], [ 10.044232942755313, 48.193859059509478 ], [ 10.037705385760834, 48.19596244387759 ], [ 10.036536692734987, 48.200119906226483 ], [ 10.0430705066544, 48.203194869011064 ], [ 10.036179740355514, 48.205170811732316 ], [ 10.040199518807707, 48.211076194368161 ], [ 10.035544479511815, 48.216891231200755 ], [ 10.031182333163569, 48.214454382334935 ], [ 10.02892026663646, 48.217492378373166 ], [ 10.036402853878142, 48.219533159021978 ], [ 10.038992303656931, 48.222191945280322 ], [ 10.03840793550636, 48.224248247080084 ], [ 10.040282094836209, 48.228130868822724 ], [ 10.036215643956533, 48.22844644407364 ], [ 10.034186238719817, 48.232456505695517 ], [ 10.019216231681071, 48.231667829479839 ], [ 10.014803149446161, 48.237137603832196 ], [ 10.015793932359339, 48.239036036538089 ], [ 10.012253951935131, 48.242674077382148 ], [ 10.014065979135678, 48.245251083951345 ], [ 10.013279070641175, 48.248341808891929 ], [ 10.007620209050295, 48.244846368772151 ], [ 10.002458227634731, 48.245524406191997 ], [ 9.99071383922125, 48.243627676316052 ], [ 9.985668181152864, 48.24864899647401 ], [ 9.98864605346956, 48.249975917050776 ], [ 9.990581974156203, 48.252877408275623 ], [ 9.989992146232854, 48.254796681275344 ], [ 9.984343051519149, 48.255455441542132 ], [ 9.989090997973955, 48.26248203293801 ], [ 9.977817411063716, 48.262824732422125 ], [ 9.977033485721581, 48.264367375603008 ], [ 9.982869838329153, 48.267640505392585 ], [ 9.982439329867868, 48.26887917320726 ], [ 9.974450473082369, 48.265842537531846 ], [ 9.973273102826253, 48.267656650530242 ], [ 9.970717423178504, 48.266764262633856 ], [ 9.968171275052629, 48.268772270903547 ], [ 9.957848570790015, 48.266737923502554 ], [ 9.95827943400978, 48.269903051521368 ], [ 9.951594088352072, 48.268716270648447 ], [ 9.946667626068038, 48.269628207723862 ], [ 9.9396629698018, 48.266982586249618 ], [ 9.934174613901426, 48.268402172141009 ], [ 9.93505366455604, 48.269999798071495 ], [ 9.926151866212566, 48.268672197208083 ], [ 9.925308658095803, 48.273981232675844 ], [ 9.922405796204773, 48.27345358444262 ], [ 9.921365538968635, 48.276650544926461 ], [ 9.922781406411314, 48.277015833314572 ], [ 9.922778125838748, 48.280773236953408 ], [ 9.925185270711559, 48.281407828584086 ], [ 9.920714270750334, 48.286544534517354 ], [ 9.917004119125265, 48.288286662836803 ], [ 9.915673736573586, 48.285744241969908 ], [ 9.906366211560021, 48.284543675710054 ], [ 9.906101665826631, 48.286367358869711 ], [ 9.903192045759152, 48.286351635634801 ], [ 9.903579800481676, 48.288808196584895 ], [ 9.897219739876284, 48.287694266346435 ], [ 9.896275986583609, 48.292136146283411 ], [ 9.89348290028108, 48.293155587252492 ], [ 9.884930452000349, 48.292355902661392 ], [ 9.885379966691834, 48.293861319554289 ], [ 9.882418950867482, 48.294035068112791 ], [ 9.87921980486402, 48.288184348026512 ], [ 9.882215221845986, 48.288082244826413 ], [ 9.881345071687234, 48.284999394998835 ], [ 9.873541428472731, 48.28214120592375 ], [ 9.873968786376773, 48.280318525022665 ], [ 9.872511841423004, 48.279438139138463 ], [ 9.874678239594454, 48.276438583833624 ], [ 9.857905920881578, 48.266434396266796 ], [ 9.85376885032559, 48.25848049119427 ], [ 9.847680643172705, 48.259754106828609 ], [ 9.844547229981172, 48.246297739743788 ], [ 9.833919283936563, 48.24666715125813 ], [ 9.83421413095267, 48.251188560960742 ], [ 9.832078049351267, 48.251116153603988 ], [ 9.831069077312918, 48.253280643349846 ], [ 9.811098432918776, 48.249141296753002 ], [ 9.811427849175272, 48.250608819854158 ], [ 9.809469436653517, 48.252026055380007 ], [ 9.803958120069526, 48.251451914914888 ], [ 9.804415552737964, 48.247669775154506 ], [ 9.793278309203469, 48.245216341061059 ], [ 9.795893830881656, 48.242104391917131 ], [ 9.795064676714508, 48.240795457823936 ], [ 9.798513852744302, 48.240538787199675 ], [ 9.799088878418852, 48.238511816540317 ], [ 9.785583385560468, 48.237515718762602 ], [ 9.79332069655632, 48.235722615404178 ], [ 9.794872944430885, 48.231650891416159 ], [ 9.778573391713113, 48.228236752891952 ], [ 9.780151461716239, 48.226143319249125 ], [ 9.764412754889086, 48.226794435430676 ], [ 9.767318317056585, 48.215117261199119 ], [ 9.764682384487903, 48.213274624192209 ], [ 9.765589040402993, 48.212013036006141 ], [ 9.753460365210287, 48.210921445318256 ], [ 9.753114791092116, 48.208800396839237 ], [ 9.755756288269513, 48.20667859264929 ], [ 9.741539054797705, 48.20324605348921 ], [ 9.745898773206559, 48.192577552345561 ], [ 9.73948537305496, 48.189081117525348 ], [ 9.725685119860712, 48.188589231828054 ], [ 9.727208116517108, 48.185785990575454 ], [ 9.736885168388357, 48.187050288380398 ], [ 9.741630276681905, 48.184259176137957 ], [ 9.743936810261939, 48.184634670557386 ], [ 9.743854984318897, 48.182961925017644 ], [ 9.745560722893517, 48.183063545074546 ], [ 9.744255985019299, 48.176114147776232 ], [ 9.734544048531824, 48.174851257118902 ], [ 9.735530261888812, 48.172799369369876 ], [ 9.725127189222459, 48.171099306462494 ], [ 9.714944290800913, 48.172266848902559 ], [ 9.717584747318055, 48.175282777465533 ], [ 9.713832709216087, 48.177285281138317 ], [ 9.703659475791683, 48.173441610050233 ], [ 9.703406432299428, 48.177003449804999 ], [ 9.701594238710159, 48.177108810060581 ], [ 9.70048241522708, 48.17986953231344 ], [ 9.693897725303508, 48.177994599297456 ], [ 9.689209009261903, 48.177996467647873 ], [ 9.688071999511017, 48.179293303288915 ], [ 9.68091950335735, 48.176127974221885 ], [ 9.678330123310097, 48.172620431300942 ], [ 9.673224768040065, 48.171361549066319 ], [ 9.674293941293493, 48.169750320889683 ], [ 9.669050920594215, 48.168154449290711 ], [ 9.670576458102342, 48.166152162477502 ], [ 9.665863902538584, 48.162718199351929 ], [ 9.66727811192637, 48.16093987595977 ], [ 9.660381177725986, 48.15721041534983 ], [ 9.658131745191083, 48.159890260009881 ], [ 9.660959489363103, 48.163480994658855 ], [ 9.656799421193, 48.166281077244804 ], [ 9.659523617187334, 48.169655302756993 ], [ 9.657042181900069, 48.172504194745628 ], [ 9.657133434572861, 48.175022173270243 ], [ 9.654479493606514, 48.177716863439763 ], [ 9.650138604008013, 48.177665410571919 ], [ 9.648000951700437, 48.182341818737754 ], [ 9.643983614572612, 48.184531232724254 ], [ 9.642845843419286, 48.188873714607624 ], [ 9.633193720598372, 48.184977130000739 ], [ 9.617492718431363, 48.185685717194751 ], [ 9.616754356201517, 48.189314538926787 ], [ 9.619126781940484, 48.189780706597958 ], [ 9.624444756959488, 48.190086287326672 ], [ 9.627808060486903, 48.187703583500621 ], [ 9.629282678276617, 48.191742980217974 ], [ 9.62667725057295, 48.191569481557814 ], [ 9.626536084801113, 48.195730939665239 ], [ 9.62378343727551, 48.200033464426404 ], [ 9.614976127424187, 48.199962944509707 ], [ 9.615593059789072, 48.200804024765674 ], [ 9.604211411103625, 48.204760470907523 ], [ 9.598362584211957, 48.204684136629417 ], [ 9.595914069703118, 48.206865488074456 ], [ 9.590342992110996, 48.200472214978362 ], [ 9.58226781463091, 48.200800713882266 ], [ 9.583354221031964, 48.199515133512271 ], [ 9.581645889426419, 48.198817599792633 ], [ 9.584765052712394, 48.197414105195975 ], [ 9.578790226690442, 48.193327469548862 ], [ 9.572018037311848, 48.196632991925604 ], [ 9.573140097724439, 48.194179045532486 ], [ 9.562605535397855, 48.190250791038949 ], [ 9.558243332704768, 48.191957681786391 ], [ 9.561955985384937, 48.192582790924163 ], [ 9.560272804903272, 48.194114794454613 ], [ 9.550372363512537, 48.193607188257495 ], [ 9.545917689133811, 48.190341016932699 ], [ 9.544835700637162, 48.201349253902336 ], [ 9.539967071830947, 48.201392499773029 ], [ 9.540591103211041, 48.204423751928068 ], [ 9.539012493539175, 48.204352880244372 ], [ 9.538891942725998, 48.206150187180498 ], [ 9.530313285682107, 48.205903620394125 ], [ 9.52986986386744, 48.208896987112112 ], [ 9.527403484623393, 48.208361388138641 ], [ 9.525288972513511, 48.216260003693023 ], [ 9.523000196747281, 48.215673284461552 ], [ 9.521772873684565, 48.217181816223501 ], [ 9.525879260872772, 48.219735665663144 ], [ 9.522100002361192, 48.221308863932222 ], [ 9.523814245694892, 48.223179564647211 ], [ 9.507004652406472, 48.227002346893094 ], [ 9.500791685495846, 48.232115858148504 ], [ 9.490054009709864, 48.232710140196488 ], [ 9.49010048426595, 48.242231974539109 ], [ 9.525746893324149, 48.253696806602541 ], [ 9.526580191537962, 48.254302808846035 ], [ 9.521957460500156, 48.256572527714546 ], [ 9.530506978584995, 48.260667121451675 ], [ 9.530371519475707, 48.263435165604221 ], [ 9.523733345584763, 48.261380502577836 ], [ 9.519457720909251, 48.261738117653465 ], [ 9.524455893363015, 48.26364365771343 ], [ 9.524544087036807, 48.265982113402082 ], [ 9.5267953685668, 48.266541495569371 ], [ 9.524917085672882, 48.268898523764541 ], [ 9.516569690147316, 48.266765340889627 ], [ 9.515974765204428, 48.268899905466654 ], [ 9.506531696501131, 48.269021920586091 ], [ 9.507778630099139, 48.274625642474703 ], [ 9.505895315158039, 48.275840447936197 ], [ 9.505923496287238, 48.27843914808183 ], [ 9.507523083645985, 48.280602462931959 ], [ 9.514369760588655, 48.28042117605397 ], [ 9.521289710062399, 48.281966418095159 ], [ 9.523494052798636, 48.284242764414856 ], [ 9.529425279566318, 48.2840524188328 ], [ 9.532883146027245, 48.28837161960724 ], [ 9.538953765431625, 48.289341842155189 ], [ 9.541787665323525, 48.291866075571171 ], [ 9.549256973583731, 48.293000732699895 ], [ 9.553872809450073, 48.291898585581144 ], [ 9.556995552825963, 48.293462847624731 ], [ 9.556477537580717, 48.295877042516423 ], [ 9.551518324813705, 48.300087311187234 ], [ 9.554846568716071, 48.301500556555183 ], [ 9.555194249923634, 48.306538636231799 ], [ 9.544105269196056, 48.307764734867376 ], [ 9.545004810202899, 48.308635696668837 ], [ 9.543753792744138, 48.309892622657728 ], [ 9.536091856044735, 48.312262529805295 ], [ 9.532985644947439, 48.315301369595943 ], [ 9.534366513312074, 48.318424484698184 ], [ 9.549959285584675, 48.320052531820693 ], [ 9.549811388783162, 48.322119269699144 ], [ 9.552463674733335, 48.32300526835342 ], [ 9.558448874620973, 48.329368492557485 ], [ 9.556266882940657, 48.331345930133516 ], [ 9.557578287250804, 48.332570986930783 ], [ 9.575463402139835, 48.329476505681377 ], [ 9.580104178042312, 48.327195550834944 ], [ 9.579435372280134, 48.33193740893217 ], [ 9.586089556954995, 48.339554520381974 ], [ 9.591352302790231, 48.350306809280745 ], [ 9.589977079938905, 48.353901056987702 ], [ 9.592063614917421, 48.356327971076738 ], [ 9.588307397012587, 48.357357992031929 ], [ 9.591126042831213, 48.363234734890746 ], [ 9.588139617604, 48.364199165158645 ], [ 9.587828617976724, 48.366408519385111 ], [ 9.593266030053757, 48.367172660289121 ], [ 9.596300072809873, 48.368825337879052 ], [ 9.595757907755498, 48.370343473586217 ], [ 9.599229791784497, 48.370143764694639 ], [ 9.599241115802876, 48.372463685480461 ], [ 9.603830763946437, 48.374614075700023 ], [ 9.599326282024867, 48.377373796371124 ], [ 9.592463035130901, 48.376283536648572 ], [ 9.582724711937287, 48.377389923843438 ], [ 9.581863270929848, 48.379423865632063 ], [ 9.589799533324713, 48.380892296704339 ], [ 9.5900492771655, 48.384557940169998 ], [ 9.58335294379664, 48.388535829351177 ], [ 9.580584318396101, 48.392190419589518 ], [ 9.580930398029466, 48.394612079428427 ], [ 9.592811469461738, 48.39828006642545 ], [ 9.607505477831454, 48.398112085020095 ], [ 9.621334531197217, 48.395723310788455 ], [ 9.621794303323517, 48.401706456327886 ], [ 9.625469973960529, 48.401555794561887 ], [ 9.625916869036029, 48.403753314583291 ], [ 9.623710535323369, 48.414181527072515 ], [ 9.628484249382502, 48.41450338264135 ], [ 9.626247774479355, 48.417833839129479 ], [ 9.636747918304005, 48.418583322217607 ], [ 9.638795525714762, 48.423485550169602 ], [ 9.636201112798311, 48.427815343643211 ], [ 9.634953042524444, 48.435745410801523 ], [ 9.632183527449452, 48.439518284330255 ], [ 9.632165851771955, 48.442800203924712 ], [ 9.626638811137042, 48.44958157267218 ], [ 9.626793094483059, 48.453053706293701 ], [ 9.621171951093888, 48.457442230417549 ], [ 9.616954485586065, 48.463406332792502 ], [ 9.614537465804375, 48.470697589288875 ], [ 9.602970724071312, 48.472300945007547 ], [ 9.591143205172843, 48.476749801822912 ], [ 9.590792768049264, 48.47863383018894 ], [ 9.592476143140793, 48.479448048141414 ], [ 9.591039449264876, 48.481369493584701 ], [ 9.591784117332351, 48.4862501604469 ], [ 9.582694910679013, 48.489981891621895 ], [ 9.58555660944438, 48.489908721651922 ], [ 9.589643231550857, 48.498964896271964 ], [ 9.584064830566865, 48.499890025635878 ], [ 9.580223300630898, 48.503419129595052 ], [ 9.58771476196384, 48.505144740362582 ], [ 9.588785618563294, 48.507950192867469 ], [ 9.587749475298113, 48.50908368852317 ], [ 9.591239648770477, 48.512070904209764 ], [ 9.587631979760834, 48.513201239667524 ], [ 9.586867784896535, 48.514984427972593 ], [ 9.588856532880287, 48.518660738996473 ], [ 9.585662944647202, 48.522950781249378 ], [ 9.586018996054133, 48.525474525220105 ], [ 9.58235345135407, 48.529056272207889 ], [ 9.581984824116565, 48.532821081430008 ], [ 9.587344070112707, 48.540203306536199 ], [ 9.599973496022908, 48.538283365672442 ], [ 9.60306327507212, 48.540367729389118 ], [ 9.603570193922803, 48.539310715417635 ], [ 9.611222776397728, 48.541458674773821 ], [ 9.616602773752497, 48.536762674252422 ], [ 9.618651453667477, 48.537291574042918 ], [ 9.618799066280692, 48.538866437107856 ], [ 9.62069671587351, 48.538764621298199 ], [ 9.621067090348225, 48.536996039754058 ], [ 9.6325501738896, 48.536978694128734 ], [ 9.633618711110014, 48.534756928319219 ], [ 9.63932161435635, 48.533083851783672 ], [ 9.638881554990276, 48.531165039662866 ], [ 9.645439349226979, 48.527025390036478 ], [ 9.646747714648184, 48.524202878539 ], [ 9.64904836021255, 48.525020911726088 ], [ 9.652474445915791, 48.522619255646731 ], [ 9.649510416969997, 48.521031847748645 ], [ 9.650513307455949, 48.520185275171542 ], [ 9.654196392870046, 48.520896901325116 ], [ 9.653138403966592, 48.519459026785668 ], [ 9.659247570043769, 48.519459517150075 ], [ 9.659250446369537, 48.521380718263629 ], [ 9.65650446057591, 48.521283201643016 ], [ 9.655820928329589, 48.524020661888784 ], [ 9.666677885989808, 48.524813327984162 ], [ 9.669954533883647, 48.523983673731884 ], [ 9.671931282028538, 48.521570546783217 ], [ 9.677938504167921, 48.523359839268885 ], [ 9.684978058139388, 48.519803016206943 ], [ 9.686608561895699, 48.517291135683593 ], [ 9.689287456385834, 48.518174051746534 ], [ 9.688513360959323, 48.519957846529088 ], [ 9.682060020134768, 48.524604338098925 ], [ 9.68478869624977, 48.524957184461869 ], [ 9.689914413256997, 48.530156422020028 ], [ 9.690491709406421, 48.534604215449271 ], [ 9.698169730638666, 48.537788099785836 ], [ 9.695744046851406, 48.541187619560937 ], [ 9.7080175111776, 48.540916391188212 ], [ 9.709696427487138, 48.543308232801529 ], [ 9.708299578112346, 48.545234763383732 ], [ 9.716421946279061, 48.544609113332129 ], [ 9.722887759789357, 48.546794869640593 ], [ 9.72253601595123, 48.551873119077293 ], [ 9.71897134161935, 48.557099631161122 ], [ 9.725346817054744, 48.559113754006809 ], [ 9.727160948957536, 48.560897943829261 ], [ 9.726086258479214, 48.562032485901184 ], [ 9.730114036688025, 48.563490357935272 ], [ 9.737687357893035, 48.56002667738337 ], [ 9.744458310212433, 48.56369703069835 ], [ 9.768572990490094, 48.559672715658472 ], [ 9.764622297341624, 48.561611589055104 ], [ 9.765056877158164, 48.564240266370852 ], [ 9.768863761360173, 48.563348228186769 ], [ 9.767329571179866, 48.565370384758367 ], [ 9.770188008897662, 48.566297490429115 ], [ 9.771854493750521, 48.564482989550079 ], [ 9.778253328087168, 48.565127357458969 ], [ 9.78047812718596, 48.560339876335433 ], [ 9.797754985730903, 48.558771364600524 ], [ 9.798730671852203, 48.556721884864764 ], [ 9.809498419416251, 48.55730531305587 ], [ 9.813622985450879, 48.558985032288852 ], [ 9.813987051165114, 48.557926699923044 ], [ 9.820116229967716, 48.561372595426931 ], [ 9.820106406474856, 48.562879379007889 ], [ 9.817753374832581, 48.562742893569272 ], [ 9.817711681753758, 48.564948869023667 ], [ 9.824564323237308, 48.563980617639245 ], [ 9.828728942541282, 48.56556161328421 ], [ 9.82850704919997, 48.566918118796458 ], [ 9.836064836338, 48.575001374733979 ], [ 9.834462413838947, 48.577304320966476 ], [ 9.835436304521137, 48.578434221255243 ], [ 9.832570668413956, 48.579873775062843 ], [ 9.83841132402353, 48.579908799566695 ], [ 9.840741818326455, 48.583960302039259 ], [ 9.839251891265995, 48.583888481452817 ], [ 9.838927294662549, 48.585837912649502 ], [ 9.846961308447538, 48.58509420665419 ], [ 9.847032369996722, 48.583835680450662 ], [ 9.85143570168257, 48.582935314946873 ], [ 9.863411121451785, 48.585450698035999 ], [ 9.856234753872767, 48.588710700021792 ], [ 9.86735272179226, 48.590916057042826 ], [ 9.869776369714319, 48.589873472080768 ], [ 9.876217626153387, 48.597732936328121 ], [ 9.880810045674361, 48.598786528074726 ], [ 9.884670422359362, 48.604266139150205 ], [ 9.883894271328732, 48.606671828527944 ], [ 9.887018193980506, 48.608300068187468 ], [ 9.889317781819825, 48.606885188854811 ], [ 9.892783468678209, 48.609337697925042 ], [ 9.890067658518779, 48.610716637712791 ], [ 9.89905880912853, 48.615100145682462 ], [ 9.887617166683359, 48.61579292803367 ], [ 9.891873837790577, 48.62247087765882 ], [ 9.915191639340241, 48.622398444921586 ], [ 9.914493724237754, 48.626297553612225 ], [ 9.921574789344438, 48.626298736803868 ], [ 9.92125501822076, 48.62809559160425 ], [ 9.925015160329865, 48.627890331687951 ], [ 9.924083044329933, 48.629854879734381 ], [ 9.944071589617941, 48.63175538141126 ], [ 9.950233521439193, 48.630320296381157 ], [ 9.952457212329289, 48.628011205499114 ], [ 9.94769562060398, 48.629210591478781 ], [ 9.948388275749936, 48.625545061549019 ], [ 9.9465589521407, 48.624178069383802 ], [ 9.949583234187587, 48.623033077710886 ], [ 9.955464507189586, 48.624752711412555 ], [ 9.959655082670102, 48.621167191082009 ], [ 9.957176346308533, 48.620858332540365 ], [ 9.958001556325819, 48.61861423326804 ], [ 9.960193580263958, 48.619083543918819 ], [ 9.969364013428043, 48.615189079187815 ], [ 9.970850219706591, 48.611958882089226 ], [ 9.968511111635204, 48.611318220828579 ], [ 9.968744555828554, 48.607317687620487 ], [ 9.961259426539641, 48.603639622659159 ], [ 9.962183820281524, 48.60096436221383 ], [ 9.964137971012164, 48.600802968863007 ], [ 9.962779099882855, 48.597388262272837 ], [ 9.96445876376381, 48.597766091312202 ], [ 9.96478825587948, 48.595198095631545 ], [ 9.972181240479612, 48.596147174702992 ], [ 9.972702746511413, 48.594618814986333 ], [ 9.97629191377214, 48.597731689894225 ], [ 9.982835513249602, 48.595604235626027 ], [ 9.992815346432382, 48.596702456320422 ], [ 9.994052732343397, 48.597652311841784 ], [ 9.991402503249441, 48.599582542567667 ], [ 9.993015337395329, 48.60224269141284 ], [ 9.991456896482926, 48.603467515477639 ], [ 9.998859409262193, 48.607484870162324 ], [ 10.002617762897472, 48.604082323838384 ], [ 10.008380168300821, 48.603283070837328 ], [ 10.01585606237337, 48.604143271021876 ], [ 10.015283989996361, 48.605768398278173 ], [ 10.020237221007886, 48.605358306700239 ], [ 10.022413141750265, 48.603317432766929 ], [ 10.027847229646977, 48.606425102802142 ], [ 10.039992930629118, 48.606817871312323 ], [ 10.040774855337171, 48.604420142624882 ], [ 10.046440791031168, 48.601691798408311 ], [ 10.044917191629654, 48.599329554470643 ], [ 10.046886935887381, 48.595992468670381 ], [ 10.052050950033159, 48.592019742361856 ], [ 10.060648083793971, 48.589222883336745 ], [ 10.057359274997305, 48.58630510376485 ], [ 10.062720969441079, 48.587309820005764 ], [ 10.096592512092592, 48.578397436283957 ], [ 10.10312355810029, 48.572055802590484 ], [ 10.110128660129323, 48.569795168633028 ], [ 10.108937197095932, 48.568163611075605 ], [ 10.113346370433684, 48.556067107128406 ], [ 10.123893569922201, 48.558793888295845 ], [ 10.130941414993051, 48.556145115122959 ], [ 10.134954857176616, 48.557426297054889 ], [ 10.135673320548632, 48.55554032814635 ], [ 10.140003288734443, 48.556156954229024 ], [ 10.153231657434045, 48.551226558771738 ], [ 10.154718937113751, 48.551590886697404 ], [ 10.156893723543206, 48.556595029094197 ], [ 10.16050690901254, 48.557027864741364 ], [ 10.166718039901461, 48.554391595774376 ], [ 10.168253082310823, 48.549999543920727 ], [ 10.171533413170254, 48.549294998857718 ], [ 10.178921745335902, 48.550487202777653 ], [ 10.184906378713615, 48.558299020367791 ], [ 10.187036984373805, 48.55810425473053 ], [ 10.187512171271026, 48.555410964925471 ], [ 10.184720918343897, 48.550276046399219 ], [ 10.193172005379017, 48.55143433144552 ], [ 10.193019938986877, 48.549770389225635 ], [ 10.185372976501743, 48.548957632796451 ], [ 10.192519445710733, 48.547521002277605 ], [ 10.193856682395658, 48.545924134078035 ], [ 10.188916797094945, 48.545424800623877 ], [ 10.191355118766754, 48.541034552430418 ], [ 10.200756181996999, 48.542687901083852 ], [ 10.205839464440242, 48.535231458271646 ], [ 10.210133507200865, 48.536042166680602 ], [ 10.211657494025157, 48.532762968924025 ], [ 10.21487808870782, 48.533342297254869 ], [ 10.215395427493853, 48.530965065065786 ], [ 10.209758374322851, 48.531813651485265 ], [ 10.213588551744493, 48.525106697383258 ], [ 10.216269279970522, 48.525032674355202 ], [ 10.216859330644269, 48.523658432309887 ], [ 10.213256025237282, 48.521796837299512 ], [ 10.215244928731565, 48.519625949062807 ], [ 10.213283682373612, 48.517085193425565 ], [ 10.219673556976085, 48.512102125042247 ], [ 10.225322540166758, 48.513510016277998 ], [ 10.227503691123388, 48.510682998807411 ] ] ] } },
{ "type": "Feature", "properties": { "OBJID": "DEBKGVG200000CD7", "BEGINN": "2023-10-04T00:00:00", "ADE": 4, "GF": 4, "BSG": 1, "LKZ": "BW", "ARS": "08426", "AGS": "08426", "SDV_ARS": "084265003021", "GEN": "Biberach", "BEZ": "Landkreis", "IBZ": 43, "BEM": "--", "NBD": "ja", "SN_L": "08", "SN_R": "4", "SN_K": "26", "SN_V1": "00", "SN_V2": "00", "SN_G": "000", "FK_S3": "R", "NUTS": "DE146", "ARS_0": "084260000000", "AGS_0": "08426000", "WSK": "2009-01-01T00:00:00", "DLM_ID": "DEBKGDL20000E1E7" }, "geometry": { "type": "Polygon", "coordinates": [ [ [ 10.09535745743962, 48.164014941035703 ], [ 10.096533775522182, 48.161493144298589 ], [ 10.094800653656227, 48.159832655437462 ], [ 10.1001576361049, 48.153924159619002 ], [ 10.09900324921295, 48.153609208093471 ], [ 10.099678966704305, 48.151591460718414 ], [ 10.104794810695227, 48.143426928511403 ], [ 10.104280895820999, 48.140521432797144 ], [ 10.107753857402368, 48.136182926410136 ], [ 10.108000192712668, 48.130547353414144 ], [ 10.122604012304633, 48.116957076854703 ], [ 10.132280033336208, 48.114207561092712 ], [ 10.136247105302576, 48.111443048864075 ], [ 10.137533084807037, 48.106332345555387 ], [ 10.135799391938797, 48.104825385148381 ], [ 10.136661343306178, 48.10078303888352 ], [ 10.140392398128443, 48.098916557753114 ], [ 10.140551718399857, 48.095474177939288 ], [ 10.137572214864681, 48.093720459055604 ], [ 10.139824174828274, 48.088523373993155 ], [ 10.134023276566307, 48.081950755270626 ], [ 10.135415027124489, 48.076975379834735 ], [ 10.143954949429725, 48.07391115558611 ], [ 10.14064057355553, 48.064902246132434 ], [ 10.143901696558466, 48.059007066797058 ], [ 10.142737256034337, 48.055012150699248 ], [ 10.13972943031899, 48.053788794526305 ], [ 10.139156160065392, 48.051512692059816 ], [ 10.141266618215228, 48.050746562665232 ], [ 10.141255833246669, 48.046701488461281 ], [ 10.136846528194308, 48.044727381844424 ], [ 10.13397414376025, 48.038003100470789 ], [ 10.127111483969236, 48.032712482980209 ], [ 10.135727944608462, 48.023761601405418 ], [ 10.134615711138448, 48.018346646546696 ], [ 10.12584262716299, 48.010946268544707 ], [ 10.124148428004418, 48.006500045775624 ], [ 10.119550393188753, 48.003499931314181 ], [ 10.121639551447855, 47.998287711164778 ], [ 10.114791141432853, 47.988625090917665 ], [ 10.114954568814531, 47.976257435170709 ], [ 10.107388288878644, 47.973783770945595 ], [ 10.089178939635552, 47.981228592772311 ], [ 10.0882661987361, 47.978542530039192 ], [ 10.082795686194752, 47.975382577553191 ], [ 10.08050452878879, 47.97702973435301 ], [ 10.069785802531602, 47.975028650250543 ], [ 10.065305592584238, 47.971514426406728 ], [ 10.065985985140392, 47.967202653930315 ], [ 10.059488117936915, 47.964885874188354 ], [ 10.058440474941259, 47.959370512008036 ], [ 10.051945943938442, 47.952148669334399 ], [ 10.035834751548018, 47.945746071796464 ], [ 10.032030835710733, 47.945984945261813 ], [ 10.029778022698714, 47.948383769971677 ], [ 10.021326335451388, 47.948931774173438 ], [ 10.006457598246049, 47.952859131235023 ], [ 10.007941061503525, 47.958483654723679 ], [ 10.006535530706902, 47.965916357871841 ], [ 10.008506364472444, 47.968029342538742 ], [ 10.007734830719221, 47.970237053665798 ], [ 9.99176996182033, 47.963755981638059 ], [ 9.986897717796429, 47.969193644109232 ], [ 9.985817229382981, 47.97501048019442 ], [ 9.981147485756551, 47.974493780679161 ], [ 9.979689223111544, 47.973059920340845 ], [ 9.979210213128356, 47.967813014219232 ], [ 9.965904573137131, 47.964527997769444 ], [ 9.956678865757638, 47.958527547488259 ], [ 9.953506219103854, 47.958549805586827 ], [ 9.943428506212674, 47.965557589124856 ], [ 9.94178364025881, 47.963209041238848 ], [ 9.935566311177626, 47.964394814056973 ], [ 9.934245408608252, 47.965948114764927 ], [ 9.935879066888971, 47.966774655397032 ], [ 9.9331216430986, 47.968348115334678 ], [ 9.925293206953521, 47.965916339709686 ], [ 9.920426214548099, 47.972353488931532 ], [ 9.92176697541565, 47.976738045018287 ], [ 9.912629260161497, 47.983026435942172 ], [ 9.90914490587933, 47.983304320694813 ], [ 9.909865976069346, 47.984584606183148 ], [ 9.902538648761716, 47.984877462396888 ], [ 9.896397246516008, 47.982344921820541 ], [ 9.892507575581492, 47.984004306993072 ], [ 9.882539851956651, 47.982375534881832 ], [ 9.878415798318722, 47.979746520010195 ], [ 9.873876451152185, 47.982403353344061 ], [ 9.869081307913813, 47.980644449604945 ], [ 9.870350895773495, 47.978863295483272 ], [ 9.863462359705229, 47.973987699510431 ], [ 9.862768443316348, 47.969964866234946 ], [ 9.859291030413042, 47.967756578159992 ], [ 9.860591535018305, 47.966195773170007 ], [ 9.859807544283154, 47.964726043419333 ], [ 9.85220042640211, 47.959740018377566 ], [ 9.847346495953987, 47.960510275566897 ], [ 9.838571466960802, 47.953703407950115 ], [ 9.834748765655382, 47.955760887859249 ], [ 9.833844948299607, 47.953472284238146 ], [ 9.828940650629711, 47.953803818609835 ], [ 9.826737275453013, 47.960734453036089 ], [ 9.810900846002454, 47.961796804536611 ], [ 9.811532586714755, 47.957120378920671 ], [ 9.805259714762865, 47.960618232315817 ], [ 9.800720341905803, 47.96057165687958 ], [ 9.795558368955444, 47.952097916377681 ], [ 9.793780701039211, 47.95268578966774 ], [ 9.791613218690589, 47.950769188790382 ], [ 9.787369266599665, 47.955829121817168 ], [ 9.779440669368485, 47.956456985524511 ], [ 9.780353012080925, 47.958234789716975 ], [ 9.778646355506147, 47.958722991014497 ], [ 9.766761943198642, 47.956726717174263 ], [ 9.769350496374427, 47.968087792475174 ], [ 9.776401807132611, 47.969168329094465 ], [ 9.773190813915438, 47.970890882037153 ], [ 9.770860658417778, 47.970057411020001 ], [ 9.763397971620124, 47.972326567061728 ], [ 9.759648592911143, 47.970629363627303 ], [ 9.760260597794678, 47.972664968158504 ], [ 9.747557196279864, 47.976182929446757 ], [ 9.747825324404603, 47.973778060413721 ], [ 9.740749397161091, 47.973169620527408 ], [ 9.740279920702019, 47.974844123523688 ], [ 9.738076053935819, 47.974652187059498 ], [ 9.737664068902426, 47.97674726119336 ], [ 9.727546466446388, 47.976847595649843 ], [ 9.725755923878452, 47.980911917965251 ], [ 9.720104905689517, 47.979289772520488 ], [ 9.720658279409587, 47.975657199500844 ], [ 9.715289215549362, 47.973987882152741 ], [ 9.711870654601663, 47.970999408364833 ], [ 9.706719208673595, 47.972487909961039 ], [ 9.701472693630331, 47.982863588629414 ], [ 9.696320327337936, 47.98321028794399 ], [ 9.690866249618145, 47.982683645192765 ], [ 9.691649222395725, 47.981499211092043 ], [ 9.686982647578251, 47.977488098895719 ], [ 9.688413390945586, 47.976642515026072 ], [ 9.685834470210349, 47.976661424576648 ], [ 9.684307197203031, 47.971091763232742 ], [ 9.686323535456985, 47.968140436376849 ], [ 9.684746802941593, 47.967166898254376 ], [ 9.662862582584685, 47.976674858473494 ], [ 9.662694149945079, 47.973957884905211 ], [ 9.658083317758226, 47.974450150208938 ], [ 9.6537679503547, 47.968328368122663 ], [ 9.648822816481477, 47.969222336818937 ], [ 9.647844558541918, 47.966427454095943 ], [ 9.640648437982971, 47.968052970622246 ], [ 9.640355212351142, 47.966587998742476 ], [ 9.63752997472705, 47.96691298565927 ], [ 9.634328566009353, 47.972872214579972 ], [ 9.630842951651763, 47.97148797399857 ], [ 9.628273185771437, 47.964922767962534 ], [ 9.626296713276266, 47.966628234219499 ], [ 9.624495976298222, 47.965249375455137 ], [ 9.610589770165353, 47.984567627048925 ], [ 9.616160125761935, 47.988289261731154 ], [ 9.615641741987666, 47.990316617058475 ], [ 9.613469471805619, 47.990478839042929 ], [ 9.611068064980909, 47.996670878672745 ], [ 9.606898304414408, 47.996924616312064 ], [ 9.607283462159836, 48.000064982830168 ], [ 9.603919095891925, 48.006105243001947 ], [ 9.604254162157353, 48.009784589611016 ], [ 9.599822865971664, 48.01256192148319 ], [ 9.596641032725508, 48.017318053854261 ], [ 9.588910433150563, 48.017497778315892 ], [ 9.591768036566053, 48.021717064021232 ], [ 9.578714805677848, 48.023577471055646 ], [ 9.58053479418335, 48.027449989679717 ], [ 9.579025502180489, 48.028614934391044 ], [ 9.57827028647735, 48.03460455556619 ], [ 9.575719363522554, 48.034834783309897 ], [ 9.570289025149263, 48.043472742889612 ], [ 9.563487441723449, 48.043307717825797 ], [ 9.558803064966142, 48.044923040200153 ], [ 9.555082743494641, 48.048592670888404 ], [ 9.547654144553061, 48.047260869731879 ], [ 9.547836675363623, 48.048916544569721 ], [ 9.543005996951793, 48.049818403949509 ], [ 9.541921223243586, 48.052514815673256 ], [ 9.537684970289421, 48.052477723637388 ], [ 9.532175270759868, 48.061985292113896 ], [ 9.527421950319436, 48.06568298535241 ], [ 9.520737578679922, 48.063250215130736 ], [ 9.517744459301744, 48.066064221804695 ], [ 9.514671690770893, 48.062782362479965 ], [ 9.512595782694065, 48.063312070711355 ], [ 9.511225054490041, 48.06746199691748 ], [ 9.507790882805541, 48.06815916303475 ], [ 9.50612095982423, 48.069825143185064 ], [ 9.507144180772984, 48.072297624318189 ], [ 9.501904967539652, 48.075998857724969 ], [ 9.477513249865968, 48.073598687908266 ], [ 9.468162048618293, 48.076825468226055 ], [ 9.464890255576316, 48.075438850590054 ], [ 9.464725327323098, 48.07653144766892 ], [ 9.455702819764982, 48.076090228743602 ], [ 9.452912487996446, 48.081142972307511 ], [ 9.445514170498802, 48.083930946995402 ], [ 9.427894045827154, 48.087046909355784 ], [ 9.427594854502564, 48.089375045720764 ], [ 9.414745079031068, 48.093626589774608 ], [ 9.414049199458642, 48.100462588808504 ], [ 9.411926821082428, 48.102365474274976 ], [ 9.395577067140458, 48.09884883536705 ], [ 9.398818142101158, 48.093623287745032 ], [ 9.388776160818979, 48.092145420425759 ], [ 9.386696195722246, 48.090434166025439 ], [ 9.375860190821985, 48.094795593495711 ], [ 9.374093521113483, 48.092551050944564 ], [ 9.36982858329139, 48.093875840807556 ], [ 9.366531390554941, 48.0936979939016 ], [ 9.365452178280142, 48.092194463870115 ], [ 9.354010606708394, 48.094278197944931 ], [ 9.349769071636128, 48.100059535681503 ], [ 9.355544580940835, 48.104498189939655 ], [ 9.341677844248121, 48.110816823339036 ], [ 9.325812483024746, 48.112401419247952 ], [ 9.319175057147751, 48.119672755197563 ], [ 9.318448945332332, 48.128900913856135 ], [ 9.31678876869015, 48.130923899750464 ], [ 9.310461659475186, 48.129875579907292 ], [ 9.311764936633976, 48.133189235144528 ], [ 9.303060510978071, 48.136556113547869 ], [ 9.292201816501034, 48.137453971428329 ], [ 9.284018585088672, 48.145028022017385 ], [ 9.288904303154215, 48.149278123064057 ], [ 9.273308982610221, 48.150037660635931 ], [ 9.272275266572954, 48.148389791306613 ], [ 9.264101066211653, 48.14701245863322 ], [ 9.260296230742936, 48.151923527373974 ], [ 9.267192710808766, 48.153916169124969 ], [ 9.268199885982693, 48.156085264434424 ], [ 9.265808009716297, 48.15769475935106 ], [ 9.268905854141266, 48.159554652799898 ], [ 9.289241397913322, 48.158854536018104 ], [ 9.290530276002274, 48.160541021308411 ], [ 9.299249185919415, 48.163396815483146 ], [ 9.301771940742519, 48.166310405775647 ], [ 9.300029331422175, 48.171631962355711 ], [ 9.304535993371388, 48.179215435545785 ], [ 9.316284508194595, 48.183163701308352 ], [ 9.320466280546336, 48.189304494959913 ], [ 9.318329047655222, 48.195988812411088 ], [ 9.316296995197412, 48.196047877158428 ], [ 9.315623142397834, 48.19945720562761 ], [ 9.311417672081987, 48.201515737190647 ], [ 9.314222029374298, 48.213495147255209 ], [ 9.307279378674973, 48.218527060834205 ], [ 9.3078107928603, 48.224350111268883 ], [ 9.31590103659059, 48.226442506825812 ], [ 9.324202120903809, 48.224814209417602 ], [ 9.330062492703675, 48.227340255645593 ], [ 9.330094913714049, 48.231629394293087 ], [ 9.337146488273117, 48.235048857760617 ], [ 9.335230606939106, 48.236952716976965 ], [ 9.347566574558702, 48.239501214059175 ], [ 9.362342832825165, 48.226824576361018 ], [ 9.366406314418702, 48.225670698113753 ], [ 9.367227161546481, 48.218666120747287 ], [ 9.369277665837963, 48.21725763948546 ], [ 9.368525902243569, 48.216018139585628 ], [ 9.371925217756255, 48.215621479978076 ], [ 9.377680122837052, 48.20750754097746 ], [ 9.384631488872079, 48.20609034431132 ], [ 9.381672032303069, 48.204775711987601 ], [ 9.383666636339779, 48.202731342152859 ], [ 9.381960624068059, 48.202048685478054 ], [ 9.391934893454302, 48.19626817331396 ], [ 9.399366694503648, 48.196750687283952 ], [ 9.410861158662952, 48.202140878758158 ], [ 9.421269672825524, 48.20280988201413 ], [ 9.427155115481472, 48.199361028071166 ], [ 9.424441822395799, 48.195522425355641 ], [ 9.438104803471093, 48.194882001570832 ], [ 9.43874685431064, 48.201892020598763 ], [ 9.441022416801756, 48.204889913271991 ], [ 9.449853005513408, 48.205172376963027 ], [ 9.453130640367313, 48.207262516922654 ], [ 9.464405465909071, 48.209023553599501 ], [ 9.466892248954334, 48.204623469335651 ], [ 9.470748628655425, 48.202232118388388 ], [ 9.467708577325505, 48.196494507193037 ], [ 9.484992524612297, 48.202823019511577 ], [ 9.486681912942734, 48.203728679619331 ], [ 9.483511462431366, 48.206153898923063 ], [ 9.484250296633189, 48.207500347424208 ], [ 9.493641691776212, 48.209682286843218 ], [ 9.498069328829471, 48.212518061404793 ], [ 9.498315670992174, 48.21759110904749 ], [ 9.493429542654599, 48.218373668570607 ], [ 9.499102982777408, 48.223190564556475 ], [ 9.492733580088011, 48.225416117652529 ], [ 9.490054009709864, 48.232710140196488 ], [ 9.49713962551354, 48.233026682674399 ], [ 9.500791685495846, 48.232115858148504 ], [ 9.507004652406472, 48.227002346893094 ], [ 9.523814245694892, 48.223179564647211 ], [ 9.522100002361192, 48.221308863932222 ], [ 9.525879260872772, 48.219735665663144 ], [ 9.521772873684565, 48.217181816223501 ], [ 9.523000196747281, 48.215673284461552 ], [ 9.525288972513511, 48.216260003693023 ], [ 9.527403484623393, 48.208361388138641 ], [ 9.52986986386744, 48.208896987112112 ], [ 9.530313285682107, 48.205903620394125 ], [ 9.538891942725998, 48.206150187180498 ], [ 9.539012493539175, 48.204352880244372 ], [ 9.540591103211041, 48.204423751928068 ], [ 9.539967071830947, 48.201392499773029 ], [ 9.544835700637162, 48.201349253902336 ], [ 9.545917689133811, 48.190341016932699 ], [ 9.550372363512537, 48.193607188257495 ], [ 9.560272804903272, 48.194114794454613 ], [ 9.561955985384937, 48.192582790924163 ], [ 9.558243332704768, 48.191957681786391 ], [ 9.562605535397855, 48.190250791038949 ], [ 9.573140097724439, 48.194179045532486 ], [ 9.572018037311848, 48.196632991925604 ], [ 9.578790226690442, 48.193327469548862 ], [ 9.584765052712394, 48.197414105195975 ], [ 9.581645889426419, 48.198817599792633 ], [ 9.583354221031964, 48.199515133512271 ], [ 9.58226781463091, 48.200800713882266 ], [ 9.590342992110996, 48.200472214978362 ], [ 9.595914069703118, 48.206865488074456 ], [ 9.598362584211957, 48.204684136629417 ], [ 9.604211411103625, 48.204760470907523 ], [ 9.615593059789072, 48.200804024765674 ], [ 9.614976127424187, 48.199962944509707 ], [ 9.62378343727551, 48.200033464426404 ], [ 9.626536084801113, 48.195730939665239 ], [ 9.62667725057295, 48.191569481557814 ], [ 9.629282678276617, 48.191742980217974 ], [ 9.627808060486903, 48.187703583500621 ], [ 9.624444756959488, 48.190086287326672 ], [ 9.619126781940484, 48.189780706597958 ], [ 9.616754356201517, 48.189314538926787 ], [ 9.617492718431363, 48.185685717194751 ], [ 9.633193720598372, 48.184977130000739 ], [ 9.642845843419286, 48.188873714607624 ], [ 9.643983614572612, 48.184531232724254 ], [ 9.648000951700437, 48.182341818737754 ], [ 9.650138604008013, 48.177665410571919 ], [ 9.654479493606514, 48.177716863439763 ], [ 9.657133434572861, 48.175022173270243 ], [ 9.657042181900069, 48.172504194745628 ], [ 9.659523617187334, 48.169655302756993 ], [ 9.656799421193, 48.166281077244804 ], [ 9.660959489363103, 48.163480994658855 ], [ 9.658131745191083, 48.159890260009881 ], [ 9.660381177725986, 48.15721041534983 ], [ 9.66727811192637, 48.16093987595977 ], [ 9.665863902538584, 48.162718199351929 ], [ 9.670576458102342, 48.166152162477502 ], [ 9.669050920594215, 48.168154449290711 ], [ 9.674293941293493, 48.169750320889683 ], [ 9.673224768040065, 48.171361549066319 ], [ 9.678330123310097, 48.172620431300942 ], [ 9.68091950335735, 48.176127974221885 ], [ 9.688071999511017, 48.179293303288915 ], [ 9.689209009261903, 48.177996467647873 ], [ 9.693897725303508, 48.177994599297456 ], [ 9.70048241522708, 48.17986953231344 ], [ 9.701594238710159, 48.177108810060581 ], [ 9.703406432299428, 48.177003449804999 ], [ 9.703659475791683, 48.173441610050233 ], [ 9.713832709216087, 48.177285281138317 ], [ 9.717584747318055, 48.175282777465533 ], [ 9.714944290800913, 48.172266848902559 ], [ 9.730589106474971, 48.171623143006606 ], [ 9.735530261888812, 48.172799369369876 ], [ 9.734544048531824, 48.174851257118902 ], [ 9.744255985019299, 48.176114147776232 ], [ 9.745560722893517, 48.183063545074546 ], [ 9.736885168388357, 48.187050288380398 ], [ 9.727208116517108, 48.185785990575454 ], [ 9.725685119860712, 48.188589231828054 ], [ 9.73948537305496, 48.189081117525348 ], [ 9.745898773206559, 48.192577552345561 ], [ 9.741539054797705, 48.20324605348921 ], [ 9.755756288269513, 48.20667859264929 ], [ 9.753114791092116, 48.208800396839237 ], [ 9.753460365210287, 48.210921445318256 ], [ 9.765589040402993, 48.212013036006141 ], [ 9.764682384487903, 48.213274624192209 ], [ 9.767318317056585, 48.215117261199119 ], [ 9.764412754889086, 48.226794435430676 ], [ 9.780151461716239, 48.226143319249125 ], [ 9.778573391713113, 48.228236752891952 ], [ 9.794872944430885, 48.231650891416159 ], [ 9.79332069655632, 48.235722615404178 ], [ 9.785583385560468, 48.237515718762602 ], [ 9.799088878418852, 48.238511816540317 ], [ 9.798513852744302, 48.240538787199675 ], [ 9.795064676714508, 48.240795457823936 ], [ 9.795893830881656, 48.242104391917131 ], [ 9.793278309203469, 48.245216341061059 ], [ 9.804415552737964, 48.247669775154506 ], [ 9.803958120069526, 48.251451914914888 ], [ 9.809469436653517, 48.252026055380007 ], [ 9.811427849175272, 48.250608819854158 ], [ 9.811098432918776, 48.249141296753002 ], [ 9.831069077312918, 48.253280643349846 ], [ 9.832078049351267, 48.251116153603988 ], [ 9.83421413095267, 48.251188560960742 ], [ 9.833919283936563, 48.24666715125813 ], [ 9.844547229981172, 48.246297739743788 ], [ 9.847680643172705, 48.259754106828609 ], [ 9.85376885032559, 48.25848049119427 ], [ 9.857905920881578, 48.266434396266796 ], [ 9.874678239594454, 48.276438583833624 ], [ 9.872511841423004, 48.279438139138463 ], [ 9.873968786376773, 48.280318525022665 ], [ 9.873541428472731, 48.28214120592375 ], [ 9.881345071687234, 48.284999394998835 ], [ 9.882215221845986, 48.288082244826413 ], [ 9.87921980486402, 48.288184348026512 ], [ 9.882418950867482, 48.294035068112791 ], [ 9.885379966691834, 48.293861319554289 ], [ 9.884930452000349, 48.292355902661392 ], [ 9.887597819603762, 48.293458640727692 ], [ 9.896275986583609, 48.292136146283411 ], [ 9.897219739876284, 48.287694266346435 ], [ 9.903579800481676, 48.288808196584895 ], [ 9.903192045759152, 48.286351635634801 ], [ 9.906101665826631, 48.286367358869711 ], [ 9.906366211560021, 48.284543675710054 ], [ 9.915673736573586, 48.285744241969908 ], [ 9.917004119125265, 48.288286662836803 ], [ 9.920714270750334, 48.286544534517354 ], [ 9.925185270711559, 48.281407828584086 ], [ 9.922778125838748, 48.280773236953408 ], [ 9.922781406411314, 48.277015833314572 ], [ 9.921365538968635, 48.276650544926461 ], [ 9.922405796204773, 48.27345358444262 ], [ 9.925308658095803, 48.273981232675844 ], [ 9.926151866212566, 48.268672197208083 ], [ 9.93505366455604, 48.269999798071495 ], [ 9.934174613901426, 48.268402172141009 ], [ 9.9396629698018, 48.266982586249618 ], [ 9.946667626068038, 48.269628207723862 ], [ 9.951594088352072, 48.268716270648447 ], [ 9.95827943400978, 48.269903051521368 ], [ 9.957848570790015, 48.266737923502554 ], [ 9.968171275052629, 48.268772270903547 ], [ 9.970717423178504, 48.266764262633856 ], [ 9.973273102826253, 48.267656650530242 ], [ 9.974450473082369, 48.265842537531846 ], [ 9.982439329867868, 48.26887917320726 ], [ 9.982869838329153, 48.267640505392585 ], [ 9.977033485721581, 48.264367375603008 ], [ 9.977817411063716, 48.262824732422125 ], [ 9.989090997973955, 48.26248203293801 ], [ 9.984343051519149, 48.255455441542132 ], [ 9.989992146232854, 48.254796681275344 ], [ 9.990581974156203, 48.252877408275623 ], [ 9.98864605346956, 48.249975917050776 ], [ 9.985668181152864, 48.24864899647401 ], [ 9.99071383922125, 48.243627676316052 ], [ 10.002458227634731, 48.245524406191997 ], [ 10.007620209050295, 48.244846368772151 ], [ 10.013279070641175, 48.248341808891929 ], [ 10.014065979135678, 48.245251083951345 ], [ 10.012253951935131, 48.242674077382148 ], [ 10.015793932359339, 48.239036036538089 ], [ 10.014803149446161, 48.237137603832196 ], [ 10.019216231681071, 48.231667829479839 ], [ 10.034186238719817, 48.232456505695517 ], [ 10.036215643956533, 48.22844644407364 ], [ 10.040282094836209, 48.228130868822724 ], [ 10.03840793550636, 48.224248247080084 ], [ 10.038992303656931, 48.222191945280322 ], [ 10.036402853878142, 48.219533159021978 ], [ 10.02892026663646, 48.217492378373166 ], [ 10.031182333163569, 48.214454382334935 ], [ 10.035544479511815, 48.216891231200755 ], [ 10.040199518807707, 48.211076194368161 ], [ 10.036179740355514, 48.205170811732316 ], [ 10.0430705066544, 48.203194869011064 ], [ 10.036536692734987, 48.200119906226483 ], [ 10.037705385760834, 48.19596244387759 ], [ 10.044232942755313, 48.193859059509478 ], [ 10.052050659390055, 48.194709270211391 ], [ 10.060686006764168, 48.198888494132383 ], [ 10.062439192700896, 48.198320795847437 ], [ 10.062206371851877, 48.195775026333465 ], [ 10.05982541126107, 48.195882392350406 ], [ 10.060435437036187, 48.19382612543167 ], [ 10.062926078516401, 48.191957148335895 ], [ 10.066913405102087, 48.192629191316804 ], [ 10.068538763168212, 48.189740814233474 ], [ 10.044693834771303, 48.181841401274539 ], [ 10.0434592328235, 48.174374671444482 ], [ 10.046799079841165, 48.169282256839729 ], [ 10.047306165883429, 48.165292866558509 ], [ 10.044406465633022, 48.16352787357394 ], [ 10.039946541874599, 48.164821807004614 ], [ 10.043116685110368, 48.162057183145187 ], [ 10.040398546307923, 48.159591639111312 ], [ 10.033530093334191, 48.15842998831792 ], [ 10.035180910943351, 48.152935253682742 ], [ 10.028618774846203, 48.151225409649655 ], [ 10.008584342148565, 48.151486122868079 ], [ 10.014491770919864, 48.148827375595502 ], [ 10.04994890811474, 48.142290009717925 ], [ 10.05713170893681, 48.147119681394265 ], [ 10.068403072540377, 48.148530966761491 ], [ 10.075296601185471, 48.151389580366732 ], [ 10.079419782310744, 48.157806116250462 ], [ 10.09241343038101, 48.159293433280965 ], [ 10.092109979459554, 48.163481530654842 ], [ 10.09535745743962, 48.164014941035703 ] ] ] } },
{ "type": "Feature", "properties": { "OBJID": "DEBKGVG200000CD8", "BEGINN": "2025-01-16T00:00:00", "ADE": 4, "GF": 4, "BSG": 1, "LKZ": "BW", "ARS": "08435", "AGS": "08435", "SDV_ARS": "084355002016", "GEN": "Bodenseekreis", "BEZ": "Landkreis", "IBZ": 43, "BEM": "--", "NBD": "nein", "SN_L": "08", "SN_R": "4", "SN_K": "35", "SN_V1": "00", "SN_V2": "00", "SN_G": "000", "FK_S3": "R", "NUTS": "DE147", "ARS_0": "084350000000", "AGS_0": "08435000", "WSK": "2009-01-01T00:00:00", "DLM_ID": "DEBKGDL20000E738" }, "geometry": { "type": "Polygon", "coordinates": [ [ [ 9.409414449527858, 47.821604816668867 ], [ 9.413504347638874, 47.819786329768483 ], [ 9.419488299251134, 47.820160310129175 ], [ 9.42292307816496, 47.818091009543707 ], [ 9.430030456552938, 47.824006992275443 ], [ 9.438385072327684, 47.825163394920303 ], [ 9.440452717809627, 47.822720707442365 ], [ 9.444687888701965, 47.826896310658981 ], [ 9.448868954424245, 47.825480550904722 ], [ 9.445607543273205, 47.821943699877998 ], [ 9.438157178443715, 47.818986276206374 ], [ 9.436858132754413, 47.816287268829612 ], [ 9.438778042451622, 47.816324975923145 ], [ 9.440295615250477, 47.812724975357995 ], [ 9.435939133887519, 47.810418625495743 ], [ 9.446833143965844, 47.81210335233969 ], [ 9.449884010858815, 47.810743931164936 ], [ 9.449762193094442, 47.812493048213661 ], [ 9.452071595876827, 47.811468876030617 ], [ 9.456927804594301, 47.812885182227227 ], [ 9.463064690667593, 47.80789170485172 ], [ 9.459726041408901, 47.806134225411967 ], [ 9.461793689560318, 47.804239459827357 ], [ 9.460584184482761, 47.802115758633192 ], [ 9.457446479975731, 47.80118096093431 ], [ 9.458974301111155, 47.799610472554036 ], [ 9.461196692469732, 47.800307089360807 ], [ 9.457032306212794, 47.791649102102404 ], [ 9.45324809860702, 47.788572641498327 ], [ 9.444351896271639, 47.78653456327114 ], [ 9.43679117157793, 47.782082293859737 ], [ 9.433576191988438, 47.773552926342362 ], [ 9.438116278504227, 47.774049051243033 ], [ 9.440781208026671, 47.772426888214568 ], [ 9.439815651128164, 47.769642433144767 ], [ 9.441482834297048, 47.769206800537297 ], [ 9.441962506354345, 47.76455604399208 ], [ 9.4440968336111, 47.761359110808364 ], [ 9.44669909791531, 47.763100939764392 ], [ 9.449479767224497, 47.762094171509339 ], [ 9.447398532965501, 47.76029452749269 ], [ 9.452662292921723, 47.759095918830681 ], [ 9.452206409448969, 47.756700807128006 ], [ 9.453510760265154, 47.756156096470264 ], [ 9.459584510476109, 47.756978176660546 ], [ 9.459245880783996, 47.758993438137253 ], [ 9.463758999334202, 47.761793643427424 ], [ 9.464660528606132, 47.760718688090904 ], [ 9.466286041105148, 47.763107301160488 ], [ 9.46518040165687, 47.764739472664509 ], [ 9.472137556298067, 47.764830614932734 ], [ 9.478184516341059, 47.764041698712852 ], [ 9.486948210744389, 47.760155127487323 ], [ 9.483920839306981, 47.753792375803592 ], [ 9.488658543074076, 47.753476920827502 ], [ 9.491610524244123, 47.751185461473831 ], [ 9.499358733177266, 47.754222758505584 ], [ 9.501107398199595, 47.750778571009434 ], [ 9.498107999350788, 47.750822948922583 ], [ 9.498956433222631, 47.748404098073031 ], [ 9.496707221865904, 47.744722202490102 ], [ 9.495331533000277, 47.744757090757865 ], [ 9.492771027599435, 47.737355373799858 ], [ 9.49515351220901, 47.737883169837687 ], [ 9.496567840700392, 47.734186611630435 ], [ 9.499660498729845, 47.734643070137487 ], [ 9.498710191542136, 47.732827113286916 ], [ 9.505955944575545, 47.734941956830092 ], [ 9.514261258497752, 47.732689726981924 ], [ 9.516846995797987, 47.734539331679038 ], [ 9.51721320855682, 47.733134902083684 ], [ 9.524374486183477, 47.731753468326133 ], [ 9.523471474332167, 47.730356675766892 ], [ 9.525022379999802, 47.730351538338681 ], [ 9.527833798633239, 47.733648670960257 ], [ 9.537784753306061, 47.735258848980983 ], [ 9.537442135211883, 47.736929881122528 ], [ 9.533515655150785, 47.736528957969675 ], [ 9.534226059801046, 47.737676657560336 ], [ 9.539371033627813, 47.737802951886053 ], [ 9.538694713865862, 47.734867388037486 ], [ 9.54021859058804, 47.734377003085257 ], [ 9.557421545070632, 47.732765904510003 ], [ 9.558867085013475, 47.733811942591295 ], [ 9.564222781141337, 47.731459039668913 ], [ 9.567907166876777, 47.734815328090889 ], [ 9.566558209010807, 47.736412520342327 ], [ 9.569169196963101, 47.737135864643143 ], [ 9.579732237832566, 47.731676795201288 ], [ 9.579615106973385, 47.729496301268455 ], [ 9.581095156845462, 47.730412487746442 ], [ 9.589423780261971, 47.7262119599553 ], [ 9.598096307602107, 47.725965222561506 ], [ 9.602129756813316, 47.723438251249611 ], [ 9.600600336600037, 47.722060275266138 ], [ 9.602959305797404, 47.720224985466672 ], [ 9.60429804903413, 47.721006814725264 ], [ 9.614753717744611, 47.715829474580516 ], [ 9.612905120855793, 47.711222019655217 ], [ 9.620459181097443, 47.710995683301668 ], [ 9.62054906337378, 47.70892937989278 ], [ 9.624078691776017, 47.70660320795735 ], [ 9.624778708694784, 47.703148825001506 ], [ 9.623238635728027, 47.703031305441563 ], [ 9.624626768171444, 47.701477904921795 ], [ 9.630197222934015, 47.702053794836445 ], [ 9.635070406078656, 47.704943331184801 ], [ 9.641414084116356, 47.705069638154782 ], [ 9.645601536976747, 47.702352542191811 ], [ 9.655882473739348, 47.704993505749513 ], [ 9.651493925115354, 47.693340645183063 ], [ 9.655183277097489, 47.689707364171696 ], [ 9.662047151577239, 47.688730323737857 ], [ 9.664083441094249, 47.685573617400458 ], [ 9.66248347345927, 47.684385544050386 ], [ 9.663624211989095, 47.683557337249489 ], [ 9.67459902628349, 47.685923741972836 ], [ 9.683529183325632, 47.682491004387472 ], [ 9.695878973946245, 47.688708022149733 ], [ 9.703808079492443, 47.682370511583947 ], [ 9.706442724221457, 47.684957718503789 ], [ 9.704943417596784, 47.686275047942601 ], [ 9.708563292232839, 47.687119215797324 ], [ 9.725878826560885, 47.684210497106399 ], [ 9.728780037482764, 47.681108362902251 ], [ 9.728385754219925, 47.67923503564537 ], [ 9.731314331912289, 47.678827759505197 ], [ 9.729692644818826, 47.672892010011871 ], [ 9.730394855267566, 47.667073642737137 ], [ 9.73789733687606, 47.66712642990823 ], [ 9.739534017528809, 47.665367519361475 ], [ 9.737534248969823, 47.66044686599308 ], [ 9.740385365818966, 47.660152273929292 ], [ 9.744343821181637, 47.654392517348199 ], [ 9.739414684814793, 47.65163554295394 ], [ 9.740552351281622, 47.649032804036061 ], [ 9.739351792708403, 47.646863026266175 ], [ 9.733748979291127, 47.645412842809627 ], [ 9.734298139551244, 47.642568013651115 ], [ 9.732039062450745, 47.641542979426838 ], [ 9.730183153236535, 47.63780170112576 ], [ 9.726400859583535, 47.63851669835379 ], [ 9.723611887339175, 47.637163343861992 ], [ 9.723793567889594, 47.633192666882778 ], [ 9.721243871492263, 47.633857406058965 ], [ 9.720568776185358, 47.637060705566441 ], [ 9.714852248868407, 47.636292803337788 ], [ 9.71231782348822, 47.63304782884439 ], [ 9.708692805487926, 47.631699489030225 ], [ 9.704168565686208, 47.632697217537114 ], [ 9.699762978609504, 47.636608589637433 ], [ 9.694690445614542, 47.634576899786182 ], [ 9.688590310744992, 47.635568784769504 ], [ 9.688681797694779, 47.633216946596193 ], [ 9.683846835007577, 47.63073745164737 ], [ 9.68239228497556, 47.627632324565923 ], [ 9.685279290996364, 47.625865704624893 ], [ 9.686004370961738, 47.621905250075265 ], [ 9.689929755285585, 47.621910514340833 ], [ 9.693281811188081, 47.619325829930972 ], [ 9.688786463599326, 47.61681015040287 ], [ 9.689204107837275, 47.614487953145435 ], [ 9.690677733399427, 47.614684385736901 ], [ 9.692577181951872, 47.612045090257809 ], [ 9.688979875121076, 47.607624280985696 ], [ 9.683887788863816, 47.604557831288034 ], [ 9.678102239387528, 47.604900652643273 ], [ 9.676456257600138, 47.608388029616037 ], [ 9.671443790859243, 47.611374109425547 ], [ 9.657709588414628, 47.611725248239452 ], [ 9.653349394737617, 47.607611389475451 ], [ 9.653814997219476, 47.605577006907673 ], [ 9.646759497523654, 47.604021162554019 ], [ 9.63769106027253, 47.604395039810065 ], [ 9.635966981053599, 47.602455484807095 ], [ 9.640208945914953, 47.600950183091875 ], [ 9.642689002452057, 47.59350225592803 ], [ 9.645233661052526, 47.592300181863457 ], [ 9.644205568508943, 47.590288185137524 ], [ 9.640690305305514, 47.590008837752947 ], [ 9.633101282286194, 47.594064228212886 ], [ 9.626340585919415, 47.592491434862907 ], [ 9.620497165903082, 47.587897314274677 ], [ 9.619756271975485, 47.583227520392207 ], [ 9.61405564611122, 47.581150336923038 ], [ 9.611353455062227, 47.583725257596363 ], [ 9.608107906778546, 47.582512501969553 ], [ 9.60588571536992, 47.585702288562409 ], [ 9.60207715350386, 47.584337995908619 ], [ 9.595548617886505, 47.588087945917891 ], [ 9.577658216291878, 47.58614001551642 ], [ 9.571966728194628, 47.584165707038196 ], [ 9.558914624657865, 47.584933175496168 ], [ 9.560857809509816, 47.587164674215387 ], [ 9.560612109940223, 47.589624777962307 ], [ 9.558879775671056, 47.589915323424059 ], [ 9.556107644237992, 47.58689886654296 ], [ 9.557381375800148, 47.58557097506656 ], [ 9.553935754188602, 47.587257403278763 ], [ 9.555952442034377, 47.590177495764017 ], [ 9.554411937570155, 47.590856045737254 ], [ 9.553253429381432, 47.588212988790808 ], [ 9.551333771618824, 47.589552284140673 ], [ 9.55007056982223, 47.588643514197507 ], [ 9.553120852290945, 47.587501920982284 ], [ 9.550972137487491, 47.587339399119188 ], [ 9.529998599715807, 47.603006116096267 ], [ 9.527770417434315, 47.606877328877019 ], [ 9.527458732279257, 47.615339788741764 ], [ 9.523156701665613, 47.61648744549472 ], [ 9.518154846315644, 47.621429926370546 ], [ 9.51521913484441, 47.634757491993227 ], [ 9.511881558726744, 47.635446159344333 ], [ 9.503082932163819, 47.6445682887733 ], [ 9.495284088538174, 47.650131270906691 ], [ 9.486028992642863, 47.651722781155058 ], [ 9.479797300162828, 47.649124431872572 ], [ 9.470672344755348, 47.651123443514074 ], [ 9.46297271925906, 47.648427508296855 ], [ 9.460557306754993, 47.65145865855127 ], [ 9.452000178753121, 47.654854515794298 ], [ 9.444529164052309, 47.656957174157995 ], [ 9.434193140782789, 47.657188929841098 ], [ 9.421020779718361, 47.665929328936222 ], [ 9.406281832379982, 47.668253673847197 ], [ 9.392693608658764, 47.667837686493257 ], [ 9.388156681799384, 47.666650070160934 ], [ 9.387377287692596, 47.664620001654839 ], [ 9.377226048004996, 47.665225739731014 ], [ 9.37789910878989, 47.664289031081537 ], [ 9.373463976632372, 47.665681159313912 ], [ 9.368469545948392, 47.664748609033971 ], [ 9.36767257922669, 47.662358725749357 ], [ 9.364483318700849, 47.66336800685135 ], [ 9.356982805955646, 47.660359680097521 ], [ 9.349721644520207, 47.660840379078834 ], [ 9.336857325541901, 47.66653634859999 ], [ 9.333290501709744, 47.666588045636956 ], [ 9.324031879036353, 47.672150391387589 ], [ 9.310423361549317, 47.674222396542447 ], [ 9.288606891756768, 47.683229858877425 ], [ 9.275122769303835, 47.691401432643488 ], [ 9.263417251480277, 47.694801254491196 ], [ 9.239266618433575, 47.71008205412997 ], [ 9.229128815655669, 47.722080971363837 ], [ 9.227407016665509, 47.721903815204122 ], [ 9.229317445033388, 47.723151601771718 ], [ 9.226316282694416, 47.723155547676186 ], [ 9.228652060129091, 47.726765962572649 ], [ 9.226161445770524, 47.728737171919732 ], [ 9.2270041169325, 47.735959370757364 ], [ 9.223718850567066, 47.740918281325278 ], [ 9.209475387273104, 47.747033236843073 ], [ 9.192410149542292, 47.750847575975712 ], [ 9.18319852224333, 47.756453200893063 ], [ 9.158564257093786, 47.765887245553024 ], [ 9.139307216464108, 47.769019311477393 ], [ 9.133474837031626, 47.772622659682476 ], [ 9.124431041041619, 47.782360385204576 ], [ 9.105757372107863, 47.79241529190827 ], [ 9.088413930839826, 47.797190013230804 ], [ 9.070745468075549, 47.807099403123978 ], [ 9.074676776286363, 47.808660946810356 ], [ 9.076931427084146, 47.81230492686138 ], [ 9.080962797044903, 47.811796601530453 ], [ 9.080133080359957, 47.81294595976879 ], [ 9.083188742022099, 47.814299934032427 ], [ 9.080258793245894, 47.817428346581984 ], [ 9.080900146024396, 47.81918713714937 ], [ 9.077315536146189, 47.818529229813755 ], [ 9.076513243086325, 47.819974978600747 ], [ 9.077675206263606, 47.823199181372189 ], [ 9.08106982282928, 47.825841168026749 ], [ 9.083438530470206, 47.825161799910738 ], [ 9.079334710183918, 47.831914666383071 ], [ 9.073163821645794, 47.834313658311352 ], [ 9.071785702695474, 47.83765755464205 ], [ 9.070406918608938, 47.836857462226568 ], [ 9.070236930278215, 47.83950701901496 ], [ 9.072183741234426, 47.841447170257673 ], [ 9.076838778266183, 47.842083235845358 ], [ 9.071191605955512, 47.842512888265254 ], [ 9.072059047729875, 47.845769310438854 ], [ 9.066865474100986, 47.848964351060445 ], [ 9.068774745943651, 47.851749066211269 ], [ 9.065708217608007, 47.855718032611115 ], [ 9.069507320704417, 47.858284834112723 ], [ 9.075198640051655, 47.859168242766678 ], [ 9.080371130390581, 47.858588358107689 ], [ 9.081722329407841, 47.856576141519405 ], [ 9.084737950062395, 47.857842266278134 ], [ 9.086895281129694, 47.851832181741877 ], [ 9.088756778072469, 47.85024719179718 ], [ 9.092010033049711, 47.850433003041914 ], [ 9.092819139871539, 47.847809618066407 ], [ 9.098054465681091, 47.846375765489256 ], [ 9.098606637395489, 47.844324353030125 ], [ 9.103436698946201, 47.841617596989693 ], [ 9.107456268265173, 47.842073432468951 ], [ 9.10929781960758, 47.844487983267484 ], [ 9.113908707993911, 47.841481342246162 ], [ 9.118600564685524, 47.842250923465819 ], [ 9.120382177826478, 47.841086896667456 ], [ 9.122287584702381, 47.845066114370141 ], [ 9.134398214587973, 47.847510410254962 ], [ 9.144387513436337, 47.844560620580665 ], [ 9.163415899814503, 47.844543460395059 ], [ 9.166372633525032, 47.843339135181829 ], [ 9.165672375922561, 47.841577745437945 ], [ 9.169786300791868, 47.841025677180859 ], [ 9.174685935263305, 47.841543680604936 ], [ 9.175967243253194, 47.845055900038702 ], [ 9.184208121409242, 47.847800942116336 ], [ 9.189586527434573, 47.841049328529841 ], [ 9.191828881538582, 47.840572837376598 ], [ 9.192473760599036, 47.841937874786623 ], [ 9.204837775679463, 47.845509948196892 ], [ 9.203088310594937, 47.847556624032741 ], [ 9.206817670192056, 47.847904496585294 ], [ 9.209506477900309, 47.852982494023003 ], [ 9.218925155784799, 47.857893373533933 ], [ 9.223672917285683, 47.858684613372425 ], [ 9.238543197772493, 47.852744917893268 ], [ 9.242277893177036, 47.854805704183931 ], [ 9.243725078500507, 47.857652535235154 ], [ 9.241960370050533, 47.861215864064938 ], [ 9.245499703358497, 47.859647556013321 ], [ 9.246865637887929, 47.860562118353535 ], [ 9.242750132893988, 47.864967926553597 ], [ 9.249688821410647, 47.865655200630364 ], [ 9.250546818112456, 47.870294302671795 ], [ 9.245058407844434, 47.86967409381667 ], [ 9.238801404146809, 47.873530228068859 ], [ 9.238013724528116, 47.876649300883145 ], [ 9.259241092092786, 47.882123948786493 ], [ 9.26548353354929, 47.882041823852106 ], [ 9.270160286617074, 47.880062033110462 ], [ 9.270768305136235, 47.871245293357688 ], [ 9.276186049696312, 47.866573271984606 ], [ 9.276641756478531, 47.863867112968308 ], [ 9.285042642003582, 47.865334939448196 ], [ 9.283952725799837, 47.860765491314531 ], [ 9.288314460341853, 47.858827435323299 ], [ 9.292969667042575, 47.86126997920433 ], [ 9.306072754915908, 47.857953294789205 ], [ 9.305422426367326, 47.859995616039328 ], [ 9.320637741116897, 47.867190116346009 ], [ 9.324896705857167, 47.866166341786212 ], [ 9.326175241479438, 47.864076720955438 ], [ 9.32768564243608, 47.865162596125913 ], [ 9.330211661067741, 47.863409903208527 ], [ 9.338361975490429, 47.862175524295786 ], [ 9.342140362138629, 47.859393189188225 ], [ 9.33926200525133, 47.857403117544493 ], [ 9.360774545393792, 47.844218633119844 ], [ 9.371954471866193, 47.83466309275174 ], [ 9.379941181787723, 47.830961190830685 ], [ 9.379217890083291, 47.825605698638796 ], [ 9.381677731249228, 47.823815271906426 ], [ 9.387064720899678, 47.825227557259545 ], [ 9.393193622220616, 47.82441650178454 ], [ 9.396452620730738, 47.819615287251089 ], [ 9.404192493292383, 47.817214918791237 ], [ 9.399296628978322, 47.822172642602524 ], [ 9.409414449527858, 47.821604816668867 ] ] ] } },
{ "type": "Feature", "properties": { "OBJID": "DEBKGVG200000CD9", "BEGINN": "2025-01-16T00:00:00", "ADE": 4, "GF": 4, "BSG": 1, "LKZ": "BW", "ARS": "08436", "AGS": "08436", "SDV_ARS": "084365005064", "GEN": "Ravensburg", "BEZ": "Landkreis", "IBZ": 43, "BEM": "--", "NBD": "ja", "SN_L": "08", "SN_R": "4", "SN_K": "36", "SN_V1": "00", "SN_V2": "00", "SN_G": "000", "FK_S3": "R", "NUTS": "DE148", "ARS_0": "084360000000", "AGS_0": "08436000", "WSK": "2009-01-01T00:00:00", "DLM_ID": "DEBKGDL20000E4ZT" }, "geometry": { "type": "Polygon", "coordinates": [ [ [ 9.604912699926029, 48.002283951908474 ], [ 9.607283462159836, 48.000064982830168 ], [ 9.606898304414408, 47.996924616312064 ], [ 9.611068064980909, 47.996670878672745 ], [ 9.613469471805619, 47.990478839042929 ], [ 9.615641741987666, 47.990316617058475 ], [ 9.616160125761935, 47.988289261731154 ], [ 9.610589770165353, 47.984567627048925 ], [ 9.624495976298222, 47.965249375455137 ], [ 9.626296713276266, 47.966628234219499 ], [ 9.628273185771437, 47.964922767962534 ], [ 9.630842951651763, 47.97148797399857 ], [ 9.634328566009353, 47.972872214579972 ], [ 9.63752997472705, 47.96691298565927 ], [ 9.640355212351142, 47.966587998742476 ], [ 9.640648437982971, 47.968052970622246 ], [ 9.647844558541918, 47.966427454095943 ], [ 9.648822816481477, 47.969222336818937 ], [ 9.6537679503547, 47.968328368122663 ], [ 9.658083317758226, 47.974450150208938 ], [ 9.662694149945079, 47.973957884905211 ], [ 9.662862582584685, 47.976674858473494 ], [ 9.684746802941593, 47.967166898254376 ], [ 9.686323535456985, 47.968140436376849 ], [ 9.684307197203031, 47.971091763232742 ], [ 9.685834470210349, 47.976661424576648 ], [ 9.687716336516965, 47.97595238977636 ], [ 9.686982647578251, 47.977488098895719 ], [ 9.691649222395725, 47.981499211092043 ], [ 9.690866249618145, 47.982683645192765 ], [ 9.693866761756903, 47.983267223157995 ], [ 9.701472693630331, 47.982863588629414 ], [ 9.706719208673595, 47.972487909961039 ], [ 9.711870654601663, 47.970999408364833 ], [ 9.715289215549362, 47.973987882152741 ], [ 9.720658279409587, 47.975657199500844 ], [ 9.720104905689517, 47.979289772520488 ], [ 9.725755923878452, 47.980911917965251 ], [ 9.727546466446388, 47.976847595649843 ], [ 9.737664068902426, 47.97674726119336 ], [ 9.738076053935819, 47.974652187059498 ], [ 9.740279920702019, 47.974844123523688 ], [ 9.740749397161091, 47.973169620527408 ], [ 9.747825324404603, 47.973778060413721 ], [ 9.747557196279864, 47.976182929446757 ], [ 9.760260597794678, 47.972664968158504 ], [ 9.759648592911143, 47.970629363627303 ], [ 9.763397971620124, 47.972326567061728 ], [ 9.770860658417778, 47.970057411020001 ], [ 9.773190813915438, 47.970890882037153 ], [ 9.776401807132611, 47.969168329094465 ], [ 9.769350496374427, 47.968087792475174 ], [ 9.766761943198642, 47.956726717174263 ], [ 9.778646355506147, 47.958722991014497 ], [ 9.780353012080925, 47.958234789716975 ], [ 9.779440669368485, 47.956456985524511 ], [ 9.787369266599665, 47.955829121817168 ], [ 9.791613218690589, 47.950769188790382 ], [ 9.793780701039211, 47.95268578966774 ], [ 9.795558368955444, 47.952097916377681 ], [ 9.800720341905803, 47.96057165687958 ], [ 9.805259714762865, 47.960618232315817 ], [ 9.811532586714755, 47.957120378920671 ], [ 9.810900846002454, 47.961796804536611 ], [ 9.826737275453013, 47.960734453036089 ], [ 9.828940650629711, 47.953803818609835 ], [ 9.833844948299607, 47.953472284238146 ], [ 9.834748765655382, 47.955760887859249 ], [ 9.83978804886708, 47.953862650875685 ], [ 9.847346495953987, 47.960510275566897 ], [ 9.85220042640211, 47.959740018377566 ], [ 9.859807544283154, 47.964726043419333 ], [ 9.860591535018305, 47.966195773170007 ], [ 9.859291030413042, 47.967756578159992 ], [ 9.862768443316348, 47.969964866234946 ], [ 9.863462359705229, 47.973987699510431 ], [ 9.870350895773495, 47.978863295483272 ], [ 9.869081307913813, 47.980644449604945 ], [ 9.873876451152185, 47.982403353344061 ], [ 9.878415798318722, 47.979746520010195 ], [ 9.882539851956651, 47.982375534881832 ], [ 9.892507575581492, 47.984004306993072 ], [ 9.896397246516008, 47.982344921820541 ], [ 9.902538648761716, 47.984877462396888 ], [ 9.909865976069346, 47.984584606183148 ], [ 9.90914490587933, 47.983304320694813 ], [ 9.912629260161497, 47.983026435942172 ], [ 9.92176697541565, 47.976738045018287 ], [ 9.920426214548099, 47.972353488931532 ], [ 9.925293206953521, 47.965916339709686 ], [ 9.9331216430986, 47.968348115334678 ], [ 9.935879066888971, 47.966774655397032 ], [ 9.934245408608252, 47.965948114764927 ], [ 9.935566311177626, 47.964394814056973 ], [ 9.94178364025881, 47.963209041238848 ], [ 9.943428506212674, 47.965557589124856 ], [ 9.953506219103854, 47.958549805586827 ], [ 9.956678865757638, 47.958527547488259 ], [ 9.965904573137131, 47.964527997769444 ], [ 9.979210213128356, 47.967813014219232 ], [ 9.979689223111544, 47.973059920340845 ], [ 9.981147485756551, 47.974493780679161 ], [ 9.985817229382981, 47.97501048019442 ], [ 9.986897717796429, 47.969193644109232 ], [ 9.99176996182033, 47.963755981638059 ], [ 10.007734830719221, 47.970237053665798 ], [ 10.008506364472444, 47.968029342538742 ], [ 10.006535530706902, 47.965916357871841 ], [ 10.007941061503525, 47.958483654723679 ], [ 10.006457598246049, 47.952859131235023 ], [ 10.021326335451388, 47.948931774173438 ], [ 10.029778022698714, 47.948383769971677 ], [ 10.032030835710733, 47.945984945261813 ], [ 10.035834751548018, 47.945746071796464 ], [ 10.051945943938442, 47.952148669334399 ], [ 10.058440474941259, 47.959370512008036 ], [ 10.059488117936915, 47.964885874188354 ], [ 10.065985985140392, 47.967202653930315 ], [ 10.065305592584238, 47.971514426406728 ], [ 10.069785802531602, 47.975028650250543 ], [ 10.08050452878879, 47.97702973435301 ], [ 10.082795686194752, 47.975382577553191 ], [ 10.0882661987361, 47.978542530039192 ], [ 10.089178939635552, 47.981228592772311 ], [ 10.105300724219989, 47.97463836735583 ], [ 10.089902299396901, 47.970548671842089 ], [ 10.086878146633614, 47.967247525414656 ], [ 10.084673156581527, 47.958888935993855 ], [ 10.086305012189992, 47.952585277126204 ], [ 10.090579629054783, 47.946974656147226 ], [ 10.096727350724876, 47.942844891517922 ], [ 10.108222426501245, 47.938985745201272 ], [ 10.111010296153522, 47.934879083942256 ], [ 10.105012801859891, 47.923838094440967 ], [ 10.109325918758673, 47.919539285633462 ], [ 10.10901169978637, 47.917003520149912 ], [ 10.111105704479085, 47.915959379877627 ], [ 10.108314410473231, 47.915571920450233 ], [ 10.110414155492389, 47.91065722586135 ], [ 10.103795796114722, 47.90884156818862 ], [ 10.104940458754776, 47.906122338733333 ], [ 10.101696086466378, 47.905634205369431 ], [ 10.101649514436021, 47.89851400481502 ], [ 10.10417406559989, 47.893320703041397 ], [ 10.103033692511488, 47.889078141277167 ], [ 10.101600801232488, 47.887004025464989 ], [ 10.095332148289648, 47.885158809584013 ], [ 10.105458971399848, 47.883025233167274 ], [ 10.105704628585157, 47.879026534319948 ], [ 10.104834226120742, 47.877603316389852 ], [ 10.097922307208851, 47.876562484902969 ], [ 10.097729187506193, 47.872382451767137 ], [ 10.091598750141076, 47.867398469655988 ], [ 10.087526322628813, 47.867221394013441 ], [ 10.082334582820932, 47.869925203307815 ], [ 10.076755533798643, 47.867809349573314 ], [ 10.080315045897107, 47.865468288922514 ], [ 10.078894432367839, 47.864465184806114 ], [ 10.081685382618035, 47.861366154705721 ], [ 10.080036150470734, 47.860559922281766 ], [ 10.082926551473445, 47.855775454829505 ], [ 10.10207888717734, 47.865482609987886 ], [ 10.104617332883345, 47.864624204223901 ], [ 10.103171227730485, 47.860080173742737 ], [ 10.105249234044821, 47.859081081388965 ], [ 10.105104472945589, 47.857139222060248 ], [ 10.102165040694709, 47.855663569728613 ], [ 10.101911562649939, 47.853972968952895 ], [ 10.098266187323674, 47.855604364046748 ], [ 10.096837997246228, 47.853882462013949 ], [ 10.100023131576032, 47.853013381641674 ], [ 10.099353490296947, 47.851608857611133 ], [ 10.095376094588142, 47.851396470062042 ], [ 10.095187451154777, 47.848339982211769 ], [ 10.09160486636635, 47.845621380220102 ], [ 10.094422815363144, 47.843888289849886 ], [ 10.097384612988892, 47.848318892952712 ], [ 10.099247333025296, 47.844930681222742 ], [ 10.103637954627995, 47.851831202458484 ], [ 10.107154657828282, 47.852895457702743 ], [ 10.110072234411527, 47.846974091057376 ], [ 10.102103147152045, 47.843431210354836 ], [ 10.102770972449479, 47.842374324337371 ], [ 10.109871903893985, 47.840205743562599 ], [ 10.119363061100875, 47.828115117202302 ], [ 10.123757402663447, 47.826819021545838 ], [ 10.125199168172907, 47.822947963054297 ], [ 10.131470000255254, 47.822503567917316 ], [ 10.132328794898759, 47.81467847027195 ], [ 10.138022984093315, 47.809637643558226 ], [ 10.131846049812522, 47.809616984380426 ], [ 10.131833424533628, 47.811315542182292 ], [ 10.128015961200303, 47.813315759191404 ], [ 10.115746515859049, 47.810873643000448 ], [ 10.108782375560709, 47.805771079300747 ], [ 10.114678679184314, 47.805792054939012 ], [ 10.116151200484936, 47.803415616964067 ], [ 10.119430489348515, 47.803714693553424 ], [ 10.116879805829511, 47.800623142080006 ], [ 10.111068385458678, 47.801761940856167 ], [ 10.101994588791396, 47.800479998467104 ], [ 10.096261048032794, 47.804656425994118 ], [ 10.093683742147791, 47.802051351500133 ], [ 10.091900260018866, 47.804440463941951 ], [ 10.090134546382966, 47.803905186458117 ], [ 10.091902458827057, 47.801431324318578 ], [ 10.085536018031474, 47.795484737241438 ], [ 10.074385579240696, 47.792395148629474 ], [ 10.074976081814105, 47.790411279002974 ], [ 10.064681025464104, 47.785887717887185 ], [ 10.068610897568547, 47.784715390281022 ], [ 10.066731941143532, 47.783755811301639 ], [ 10.067390652864422, 47.782436809999894 ], [ 10.07710314357181, 47.78026405956269 ], [ 10.079614724215576, 47.781262350110403 ], [ 10.084840348973087, 47.776636030432954 ], [ 10.082513094306528, 47.771180986434679 ], [ 10.119049494528273, 47.759586709769046 ], [ 10.115541105192769, 47.758271291700602 ], [ 10.116092983932305, 47.755846768333562 ], [ 10.11402522388642, 47.754401563742015 ], [ 10.118252462373734, 47.750588034074624 ], [ 10.113633618799486, 47.741378230465294 ], [ 10.115255204950559, 47.736719825556555 ], [ 10.118638682194845, 47.733289790752096 ], [ 10.116428888955046, 47.719316726040908 ], [ 10.122519791894776, 47.711663440515231 ], [ 10.139437677550898, 47.70327340754983 ], [ 10.13925055321147, 47.697880901950214 ], [ 10.128322275452264, 47.690717914099871 ], [ 10.132769416553019, 47.685080565871303 ], [ 10.130066858672688, 47.68164761831332 ], [ 10.130059542809102, 47.67727125525051 ], [ 10.113289691923246, 47.669296065314107 ], [ 10.11358091356994, 47.666493391034386 ], [ 10.11112045340689, 47.665990386764463 ], [ 10.099890810631193, 47.667890716526145 ], [ 10.090779006023448, 47.673671528313449 ], [ 10.089245367068017, 47.673045135338263 ], [ 10.093527261106464, 47.670068774714061 ], [ 10.093423672461178, 47.663220868565723 ], [ 10.088385065641566, 47.662869440372312 ], [ 10.090215663005132, 47.660261361074625 ], [ 10.081362312774189, 47.654889873787162 ], [ 10.082945111977034, 47.650124308761725 ], [ 10.079666231782872, 47.647856176689089 ], [ 10.081326040692606, 47.646568576877407 ], [ 10.076004887073605, 47.642135804083033 ], [ 10.078558539386917, 47.640483304745203 ], [ 10.077292399399932, 47.639274262073357 ], [ 10.074279804751018, 47.640179092280071 ], [ 10.072017980885319, 47.643441147006357 ], [ 10.075029821736448, 47.648871571035215 ], [ 10.071625999837378, 47.650349921581274 ], [ 10.075161682313391, 47.658334509946336 ], [ 10.068396067153687, 47.663425541004791 ], [ 10.064257169897683, 47.674763221206639 ], [ 10.059623682443537, 47.680148690947512 ], [ 10.050304880167637, 47.67969213478068 ], [ 10.048337620307898, 47.681321290262503 ], [ 10.046618056290562, 47.676291073876925 ], [ 10.041980560962454, 47.67514805582465 ], [ 10.043366091401682, 47.677849783364522 ], [ 10.040144061353793, 47.676623062597045 ], [ 10.03873632275185, 47.677767362306732 ], [ 10.030491262744983, 47.674452095271882 ], [ 10.029062303578302, 47.676413936135241 ], [ 10.029899461248791, 47.67793625124505 ], [ 10.027738310051985, 47.678519999533329 ], [ 10.031171838560853, 47.682695541378486 ], [ 10.028645216768274, 47.686983016397591 ], [ 10.021176159576932, 47.684260614098946 ], [ 10.001902409662875, 47.681999434273344 ], [ 9.995988177208275, 47.677326239150382 ], [ 9.989868234542058, 47.675161279501758 ], [ 9.980659236313278, 47.6670432471103 ], [ 9.976022662408397, 47.665325036900668 ], [ 9.975360861181105, 47.663749242888642 ], [ 9.977723418887678, 47.661720713824032 ], [ 9.975419399021888, 47.656946904619609 ], [ 9.970746357477752, 47.653626324223112 ], [ 9.962442803633982, 47.654043922065362 ], [ 9.959522463352398, 47.652304097741322 ], [ 9.951550457305526, 47.656172695823493 ], [ 9.943883423307367, 47.655205457243056 ], [ 9.940860856788055, 47.657995570238974 ], [ 9.931482291271449, 47.653904553363475 ], [ 9.916303314340571, 47.661022238315773 ], [ 9.893277498510271, 47.66323277310849 ], [ 9.885921239941746, 47.666462570575462 ], [ 9.884893182863435, 47.668910061474882 ], [ 9.881050695319326, 47.67085631356764 ], [ 9.880083780589603, 47.673708509381285 ], [ 9.876453515801416, 47.673543992815752 ], [ 9.874861671474546, 47.675278243062749 ], [ 9.856653375803383, 47.677805216876592 ], [ 9.852982589291461, 47.675626695487757 ], [ 9.851545459960604, 47.678691541170515 ], [ 9.849853618299242, 47.675787785122417 ], [ 9.842190839877588, 47.677691834557308 ], [ 9.840335857558934, 47.677096484918749 ], [ 9.841187837973427, 47.675061698887504 ], [ 9.838014749504939, 47.674539204478336 ], [ 9.837816238600885, 47.669469603230688 ], [ 9.834162344652562, 47.673289848743707 ], [ 9.830606295654457, 47.6713755775029 ], [ 9.831535857711719, 47.66557601453782 ], [ 9.828398288924637, 47.661494820798843 ], [ 9.829925659438162, 47.659697961563573 ], [ 9.828553281774012, 47.657901205302274 ], [ 9.819071651181128, 47.653870300197916 ], [ 9.816176936986919, 47.649664494614008 ], [ 9.808426311826107, 47.65138582757023 ], [ 9.801668798127286, 47.650862977158013 ], [ 9.795646056379637, 47.647601461221598 ], [ 9.800141869700063, 47.644700918906835 ], [ 9.795256065674026, 47.635719010696818 ], [ 9.785447121335656, 47.630892296697873 ], [ 9.778983677207405, 47.630865260378783 ], [ 9.774775830632255, 47.62516932275711 ], [ 9.771376608198873, 47.624014339332206 ], [ 9.767934587346243, 47.620360796974246 ], [ 9.7548848409222, 47.614008797497171 ], [ 9.753379717738168, 47.61158119823606 ], [ 9.756066114516312, 47.609667592920566 ], [ 9.747718498743366, 47.603688309400901 ], [ 9.740357989775333, 47.604535737707934 ], [ 9.740399300345032, 47.60618048460114 ], [ 9.743810175365061, 47.608190194548861 ], [ 9.743146026059636, 47.609919897620131 ], [ 9.746899428136068, 47.613028209677061 ], [ 9.746882808426463, 47.61675735818536 ], [ 9.745651920035812, 47.617296984447606 ], [ 9.737457798656791, 47.611704343323069 ], [ 9.734340392141979, 47.61652599103239 ], [ 9.726917415822218, 47.606723470334352 ], [ 9.719587642192847, 47.608099902206149 ], [ 9.715104855363711, 47.605875010889633 ], [ 9.712022724149076, 47.606679442208517 ], [ 9.709496220903416, 47.602617336460128 ], [ 9.706293734476137, 47.601812209227688 ], [ 9.694582152870645, 47.604664543702398 ], [ 9.692695646540249, 47.60710377768342 ], [ 9.692577181951872, 47.612045090257809 ], [ 9.690677733399427, 47.614684385736901 ], [ 9.689204107837275, 47.614487953145435 ], [ 9.688786463599326, 47.61681015040287 ], [ 9.693281811188081, 47.619325829930972 ], [ 9.689929755285585, 47.621910514340833 ], [ 9.686004370961738, 47.621905250075265 ], [ 9.685279290996364, 47.625865704624893 ], [ 9.68239228497556, 47.627632324565923 ], [ 9.683846835007577, 47.63073745164737 ], [ 9.688681797694779, 47.633216946596193 ], [ 9.688590310744992, 47.635568784769504 ], [ 9.694690445614542, 47.634576899786182 ], [ 9.699762978609504, 47.636608589637433 ], [ 9.704168565686208, 47.632697217537114 ], [ 9.708692805487926, 47.631699489030225 ], [ 9.71231782348822, 47.63304782884439 ], [ 9.714852248868407, 47.636292803337788 ], [ 9.720568776185358, 47.637060705566441 ], [ 9.721243871492263, 47.633857406058965 ], [ 9.723793567889594, 47.633192666882778 ], [ 9.723611887339175, 47.637163343861992 ], [ 9.726400859583535, 47.63851669835379 ], [ 9.730183153236535, 47.63780170112576 ], [ 9.732039062450745, 47.641542979426838 ], [ 9.734298139551244, 47.642568013651115 ], [ 9.733748979291127, 47.645412842809627 ], [ 9.739351792708403, 47.646863026266175 ], [ 9.740552351281622, 47.649032804036061 ], [ 9.739414684814793, 47.65163554295394 ], [ 9.744343821181637, 47.654392517348199 ], [ 9.740385365818966, 47.660152273929292 ], [ 9.737534248969823, 47.66044686599308 ], [ 9.739534017528809, 47.665367519361475 ], [ 9.73789733687606, 47.66712642990823 ], [ 9.730394855267566, 47.667073642737137 ], [ 9.729692644818826, 47.672892010011871 ], [ 9.731314331912289, 47.678827759505197 ], [ 9.728385754219925, 47.67923503564537 ], [ 9.728780037482764, 47.681108362902251 ], [ 9.725878826560885, 47.684210497106399 ], [ 9.708563292232839, 47.687119215797324 ], [ 9.704943417596784, 47.686275047942601 ], [ 9.706442724221457, 47.684957718503789 ], [ 9.703808079492443, 47.682370511583947 ], [ 9.695878973946245, 47.688708022149733 ], [ 9.683529183325632, 47.682491004387472 ], [ 9.67459902628349, 47.685923741972836 ], [ 9.663624211989095, 47.683557337249489 ], [ 9.66248347345927, 47.684385544050386 ], [ 9.664083441094249, 47.685573617400458 ], [ 9.662047151577239, 47.688730323737857 ], [ 9.655183277097489, 47.689707364171696 ], [ 9.651493925115354, 47.693340645183063 ], [ 9.655882473739348, 47.704993505749513 ], [ 9.645601536976747, 47.702352542191811 ], [ 9.641414084116356, 47.705069638154782 ], [ 9.635070406078656, 47.704943331184801 ], [ 9.630197222934015, 47.702053794836445 ], [ 9.624626768171444, 47.701477904921795 ], [ 9.623238635728027, 47.703031305441563 ], [ 9.624778708694784, 47.703148825001506 ], [ 9.624078691776017, 47.70660320795735 ], [ 9.62054906337378, 47.70892937989278 ], [ 9.620459181097443, 47.710995683301668 ], [ 9.612905120855793, 47.711222019655217 ], [ 9.614753717744611, 47.715829474580516 ], [ 9.60429804903413, 47.721006814725264 ], [ 9.602959305797404, 47.720224985466672 ], [ 9.600600336600037, 47.722060275266138 ], [ 9.602129756813316, 47.723438251249611 ], [ 9.598096307602107, 47.725965222561506 ], [ 9.589423780261971, 47.7262119599553 ], [ 9.581095156845462, 47.730412487746442 ], [ 9.579615106973385, 47.729496301268455 ], [ 9.579732237832566, 47.731676795201288 ], [ 9.569169196963101, 47.737135864643143 ], [ 9.566558209010807, 47.736412520342327 ], [ 9.567907166876777, 47.734815328090889 ], [ 9.564222781141337, 47.731459039668913 ], [ 9.558867085013475, 47.733811942591295 ], [ 9.557421545070632, 47.732765904510003 ], [ 9.54021859058804, 47.734377003085257 ], [ 9.538694713865862, 47.734867388037486 ], [ 9.539371033627813, 47.737802951886053 ], [ 9.534226059801046, 47.737676657560336 ], [ 9.533515655150785, 47.736528957969675 ], [ 9.537442135211883, 47.736929881122528 ], [ 9.537784753306061, 47.735258848980983 ], [ 9.527833798633239, 47.733648670960257 ], [ 9.525022379999802, 47.730351538338681 ], [ 9.523471474332167, 47.730356675766892 ], [ 9.524374486183477, 47.731753468326133 ], [ 9.51721320855682, 47.733134902083684 ], [ 9.516846995797987, 47.734539331679038 ], [ 9.514261258497752, 47.732689726981924 ], [ 9.505955944575545, 47.734941956830092 ], [ 9.498710191542136, 47.732827113286916 ], [ 9.499660498729845, 47.734643070137487 ], [ 9.496567840700392, 47.734186611630435 ], [ 9.49515351220901, 47.737883169837687 ], [ 9.492771027599435, 47.737355373799858 ], [ 9.495331533000277, 47.744757090757865 ], [ 9.496707221865904, 47.744722202490102 ], [ 9.498956433222631, 47.748404098073031 ], [ 9.498107999350788, 47.750822948922583 ], [ 9.501107398199595, 47.750778571009434 ], [ 9.499358733177266, 47.754222758505584 ], [ 9.491610524244123, 47.751185461473831 ], [ 9.488658543074076, 47.753476920827502 ], [ 9.483920839306981, 47.753792375803592 ], [ 9.486948210744389, 47.760155127487323 ], [ 9.478184516341059, 47.764041698712852 ], [ 9.472137556298067, 47.764830614932734 ], [ 9.46518040165687, 47.764739472664509 ], [ 9.466286041105148, 47.763107301160488 ], [ 9.464660528606132, 47.760718688090904 ], [ 9.463758999334202, 47.761793643427424 ], [ 9.459245880783996, 47.758993438137253 ], [ 9.458898551877903, 47.756639084333223 ], [ 9.452206409448969, 47.756700807128006 ], [ 9.452662292921723, 47.759095918830681 ], [ 9.447398532965501, 47.76029452749269 ], [ 9.449479767224497, 47.762094171509339 ], [ 9.44669909791531, 47.763100939764392 ], [ 9.4440968336111, 47.761359110808364 ], [ 9.441962506354345, 47.76455604399208 ], [ 9.441482834297048, 47.769206800537297 ], [ 9.439815651128164, 47.769642433144767 ], [ 9.440781208026671, 47.772426888214568 ], [ 9.438116278504227, 47.774049051243033 ], [ 9.433576191988438, 47.773552926342362 ], [ 9.433623598922495, 47.775441057439423 ], [ 9.43679117157793, 47.782082293859737 ], [ 9.444351896271639, 47.78653456327114 ], [ 9.451886462417324, 47.787597859500046 ], [ 9.457032306212794, 47.791649102102404 ], [ 9.461231046019995, 47.800642219913207 ], [ 9.458974301111155, 47.799610472554036 ], [ 9.457446479975731, 47.80118096093431 ], [ 9.460584184482761, 47.802115758633192 ], [ 9.461793689560318, 47.804239459827357 ], [ 9.459726041408901, 47.806134225411967 ], [ 9.462829828062517, 47.80827596012022 ], [ 9.456927804594301, 47.812885182227227 ], [ 9.452071595876827, 47.811468876030617 ], [ 9.449762193094442, 47.812493048213661 ], [ 9.449884010858815, 47.810743931164936 ], [ 9.446833143965844, 47.81210335233969 ], [ 9.435939133887519, 47.810418625495743 ], [ 9.440295615250477, 47.812724975357995 ], [ 9.438778042451622, 47.816324975923145 ], [ 9.436858132754413, 47.816287268829612 ], [ 9.438157178443715, 47.818986276206374 ], [ 9.445607543273205, 47.821943699877998 ], [ 9.448868954424245, 47.825480550904722 ], [ 9.444687888701965, 47.826896310658981 ], [ 9.440452717809627, 47.822720707442365 ], [ 9.438385072327684, 47.825163394920303 ], [ 9.430030456552938, 47.824006992275443 ], [ 9.42292307816496, 47.818091009543707 ], [ 9.419488299251134, 47.820160310129175 ], [ 9.413504347638874, 47.819786329768483 ], [ 9.409414449527858, 47.821604816668867 ], [ 9.411236104070737, 47.829354238859345 ], [ 9.408216664312773, 47.831749819022342 ], [ 9.404968079011184, 47.831717288723809 ], [ 9.402275400500875, 47.837733183242847 ], [ 9.402967419872013, 47.846035267727444 ], [ 9.401021806448762, 47.849649602971397 ], [ 9.39899648576988, 47.849210643032514 ], [ 9.395833556824076, 47.852888726069899 ], [ 9.400979662025184, 47.856765062277987 ], [ 9.401286439135964, 47.861594998995074 ], [ 9.397140089047699, 47.860654365638617 ], [ 9.396770313165678, 47.862861821976864 ], [ 9.391883311904593, 47.862785400128359 ], [ 9.389657485002655, 47.860785312809057 ], [ 9.388031932460876, 47.862804502118003 ], [ 9.383169422940101, 47.864260675309353 ], [ 9.378587427042742, 47.870922647852936 ], [ 9.379182049889746, 47.873927615729073 ], [ 9.376013618333465, 47.879440285792732 ], [ 9.380591914974564, 47.884243151965414 ], [ 9.386436693127964, 47.885344517767763 ], [ 9.384714315201036, 47.889283053908493 ], [ 9.402169591961375, 47.903662079041126 ], [ 9.3974111616361, 47.914561800426938 ], [ 9.39253009827215, 47.917434794611715 ], [ 9.398946019940393, 47.919985599564555 ], [ 9.403506731595231, 47.916304912687188 ], [ 9.407113270788756, 47.916475844666259 ], [ 9.411713677678161, 47.920162709714702 ], [ 9.411654082860766, 47.923406671054018 ], [ 9.406089032482058, 47.930128882373715 ], [ 9.401204939561161, 47.930223761335483 ], [ 9.401645791407489, 47.932052967764079 ], [ 9.404328971182931, 47.932897877412863 ], [ 9.406411593866371, 47.940936985881422 ], [ 9.414647752412129, 47.94176508505852 ], [ 9.416584997585987, 47.938224600517678 ], [ 9.42826450592373, 47.939739665486911 ], [ 9.432821468029847, 47.938771389452661 ], [ 9.422477425805772, 47.942840255219387 ], [ 9.425082933522299, 47.950371802090807 ], [ 9.429632713184366, 47.950973721035318 ], [ 9.422269964429448, 47.960322142934601 ], [ 9.424308644156975, 47.961348989257971 ], [ 9.423144870696486, 47.963162362888063 ], [ 9.43148053959073, 47.958956185949148 ], [ 9.437397266074182, 47.95826767969865 ], [ 9.436456161655633, 47.957224783455423 ], [ 9.44354516688373, 47.958650798931885 ], [ 9.446859145356054, 47.957001758873602 ], [ 9.453370739845601, 47.960426162662543 ], [ 9.455726658588587, 47.964835385471055 ], [ 9.46062215593907, 47.959243371148752 ], [ 9.464102530587143, 47.962130426646063 ], [ 9.46865029917997, 47.962763207335598 ], [ 9.478638430781725, 47.959241714160768 ], [ 9.477244094495049, 47.957316853617691 ], [ 9.486761133526532, 47.960395843205063 ], [ 9.484679311071222, 47.96278853369445 ], [ 9.493356892175177, 47.964522672186639 ], [ 9.490428201242704, 47.965896380716863 ], [ 9.492915052682768, 47.966204690895793 ], [ 9.492699339824116, 47.967887554114952 ], [ 9.495944354732563, 47.970236565897949 ], [ 9.505772803799641, 47.975396149800176 ], [ 9.509941793453487, 47.98513328857829 ], [ 9.514077994934238, 47.985197569716995 ], [ 9.514468210998515, 47.9884551918027 ], [ 9.518347777844083, 47.989991239128123 ], [ 9.518863197181695, 47.987640671080541 ], [ 9.521968664160537, 47.98634702759032 ], [ 9.522787305643208, 47.982270056352789 ], [ 9.525018284343261, 47.982670485811639 ], [ 9.524264615536683, 47.979219854611912 ], [ 9.526939809987223, 47.980080852894986 ], [ 9.527668528690421, 47.977732190731125 ], [ 9.535036662484606, 47.976116396373911 ], [ 9.530577513854762, 47.973245628808023 ], [ 9.532784470891055, 47.972323308633356 ], [ 9.529141241051338, 47.970635715037709 ], [ 9.533626799406125, 47.971631504157642 ], [ 9.535525719525562, 47.966843939697533 ], [ 9.540492046013483, 47.968883154198537 ], [ 9.540222143169551, 47.966930157808655 ], [ 9.547133263112288, 47.963323615240718 ], [ 9.548338156027182, 47.963961433996062 ], [ 9.548009461970409, 47.967070062046012 ], [ 9.55220520015383, 47.969533513282059 ], [ 9.553401323817527, 47.973472091666729 ], [ 9.555485342710679, 47.973696837738068 ], [ 9.553943069590996, 47.968254118204662 ], [ 9.557169751103416, 47.96891118686068 ], [ 9.562667130721049, 47.967007766439941 ], [ 9.564646483374005, 47.969919168076871 ], [ 9.562061811299296, 47.9777355412836 ], [ 9.564532323453195, 47.983716468712231 ], [ 9.558849587339644, 47.986566771100897 ], [ 9.557653863526282, 47.985192043684719 ], [ 9.554579428611071, 47.985712577243824 ], [ 9.55187734169145, 47.988055721902761 ], [ 9.551368389881629, 47.990572419361889 ], [ 9.557126392487771, 47.992203024028782 ], [ 9.559866176641931, 47.991227644587539 ], [ 9.555831826116378, 47.994779429004154 ], [ 9.557455999287839, 47.998793634214955 ], [ 9.55473655276273, 48.001619804824649 ], [ 9.556320584985755, 48.002136861031175 ], [ 9.554768452482364, 48.005548406114805 ], [ 9.565731418600196, 48.002424272102068 ], [ 9.567314007214582, 48.000190439222514 ], [ 9.564457149610755, 47.996867023241819 ], [ 9.567685425300681, 47.994710162947882 ], [ 9.570432504853864, 47.996756085267997 ], [ 9.572367111537547, 47.995010596812207 ], [ 9.577392132916398, 47.99557440963428 ], [ 9.578904478999018, 47.994193809644834 ], [ 9.58141125768906, 47.995588909230719 ], [ 9.58001498900755, 47.995976762986352 ], [ 9.580602474733137, 48.000096013927447 ], [ 9.584031849513917, 48.001509083769662 ], [ 9.589277040425321, 48.002523650258702 ], [ 9.58984543135586, 48.000029366478742 ], [ 9.598137982627138, 48.003594755867795 ], [ 9.604912699926029, 48.002283951908474 ] ] ] } },
{ "type": "Feature", "properties": { "OBJID": "DEBKGVG200000CDA", "BEGINN": "2023-10-04T00:00:00", "ADE": 4, "GF": 4, "BSG": 1, "LKZ": "BW", "ARS": "08437", "AGS": "08437", "SDV_ARS": "084375006104", "GEN": "Sigmaringen", "BEZ": "Landkreis", "IBZ": 43, "BEM": "--", "NBD": "ja", "SN_L": "08", "SN_R": "4", "SN_K": "37", "SN_V1": "00", "SN_V2": "00", "SN_G": "000", "FK_S3": "R", "NUTS": "DE149", "ARS_0": "084370000000", "AGS_0": "08437000", "WSK": "2009-01-01T00:00:00", "DLM_ID": "DEBKGDL20000E2FB" }, "geometry": { "type": "Polygon", "coordinates": [ [ [ 9.349747969206742, 48.240036531942096 ], [ 9.335230606939106, 48.236952716976965 ], [ 9.337146488273117, 48.235048857760617 ], [ 9.330094913714049, 48.231629394293087 ], [ 9.330062492703675, 48.227340255645593 ], [ 9.324202120903809, 48.224814209417602 ], [ 9.31590103659059, 48.226442506825812 ], [ 9.3078107928603, 48.224350111268883 ], [ 9.307279378674973, 48.218527060834205 ], [ 9.314222029374298, 48.213495147255209 ], [ 9.311417672081987, 48.201515737190647 ], [ 9.315623142397834, 48.19945720562761 ], [ 9.316296995197412, 48.196047877158428 ], [ 9.318329047655222, 48.195988812411088 ], [ 9.320466280546336, 48.189304494959913 ], [ 9.316284508194595, 48.183163701308352 ], [ 9.304535993371388, 48.179215435545785 ], [ 9.300029331422175, 48.171631962355711 ], [ 9.301771940742519, 48.166310405775647 ], [ 9.299249185919415, 48.163396815483146 ], [ 9.290530276002274, 48.160541021308411 ], [ 9.289241397913322, 48.158854536018104 ], [ 9.268905854141266, 48.159554652799898 ], [ 9.265808009716297, 48.15769475935106 ], [ 9.268199885982693, 48.156085264434424 ], [ 9.267192710808766, 48.153916169124969 ], [ 9.260531515217561, 48.152717374886002 ], [ 9.264101066211653, 48.14701245863322 ], [ 9.272275266572954, 48.148389791306613 ], [ 9.273308982610221, 48.150037660635931 ], [ 9.288904303154215, 48.149278123064057 ], [ 9.284018585088672, 48.145028022017385 ], [ 9.292201816501034, 48.137453971428329 ], [ 9.303060510978071, 48.136556113547869 ], [ 9.311764936633976, 48.133189235144528 ], [ 9.310461659475186, 48.129875579907292 ], [ 9.31678876869015, 48.130923899750464 ], [ 9.318448945332332, 48.128900913856135 ], [ 9.319175057147751, 48.119672755197563 ], [ 9.325812483024746, 48.112401419247952 ], [ 9.341677844248121, 48.110816823339036 ], [ 9.355544580940835, 48.104498189939655 ], [ 9.349769071636128, 48.100059535681503 ], [ 9.354010606708394, 48.094278197944931 ], [ 9.365452178280142, 48.092194463870115 ], [ 9.366531390554941, 48.0936979939016 ], [ 9.36982858329139, 48.093875840807556 ], [ 9.374093521113483, 48.092551050944564 ], [ 9.375860190821985, 48.094795593495711 ], [ 9.386696195722246, 48.090434166025439 ], [ 9.388776160818979, 48.092145420425759 ], [ 9.398818142101158, 48.093623287745032 ], [ 9.395577067140458, 48.09884883536705 ], [ 9.411926821082428, 48.102365474274976 ], [ 9.414049199458642, 48.100462588808504 ], [ 9.414745079031068, 48.093626589774608 ], [ 9.427594854502564, 48.089375045720764 ], [ 9.427894045827154, 48.087046909355784 ], [ 9.445514170498802, 48.083930946995402 ], [ 9.452912487996446, 48.081142972307511 ], [ 9.455702819764982, 48.076090228743602 ], [ 9.464725327323098, 48.07653144766892 ], [ 9.464890255576316, 48.075438850590054 ], [ 9.468162048618293, 48.076825468226055 ], [ 9.477513249865968, 48.073598687908266 ], [ 9.501904967539652, 48.075998857724969 ], [ 9.507144180772984, 48.072297624318189 ], [ 9.50612095982423, 48.069825143185064 ], [ 9.507790882805541, 48.06815916303475 ], [ 9.511225054490041, 48.06746199691748 ], [ 9.512595782694065, 48.063312070711355 ], [ 9.514671690770893, 48.062782362479965 ], [ 9.517744459301744, 48.066064221804695 ], [ 9.520737578679922, 48.063250215130736 ], [ 9.527421950319436, 48.06568298535241 ], [ 9.532175270759868, 48.061985292113896 ], [ 9.537684970289421, 48.052477723637388 ], [ 9.541921223243586, 48.052514815673256 ], [ 9.543005996951793, 48.049818403949509 ], [ 9.547836675363623, 48.048916544569721 ], [ 9.547654144553061, 48.047260869731879 ], [ 9.555082743494641, 48.048592670888404 ], [ 9.558803064966142, 48.044923040200153 ], [ 9.563487441723449, 48.043307717825797 ], [ 9.570289025149263, 48.043472742889612 ], [ 9.575719363522554, 48.034834783309897 ], [ 9.57827028647735, 48.03460455556619 ], [ 9.579025502180489, 48.028614934391044 ], [ 9.58053479418335, 48.027449989679717 ], [ 9.578714805677848, 48.023577471055646 ], [ 9.591768036566053, 48.021717064021232 ], [ 9.588910433150563, 48.017497778315892 ], [ 9.596641032725508, 48.017318053854261 ], [ 9.604630961400337, 48.008214547837291 ], [ 9.604912699926029, 48.002283951908474 ], [ 9.598137982627138, 48.003594755867795 ], [ 9.58984543135586, 48.000029366478742 ], [ 9.589277040425321, 48.002523650258702 ], [ 9.584031849513917, 48.001509083769662 ], [ 9.580602474733137, 48.000096013927447 ], [ 9.58001498900755, 47.995976762986352 ], [ 9.58141125768906, 47.995588909230719 ], [ 9.578904478999018, 47.994193809644834 ], [ 9.577392132916398, 47.99557440963428 ], [ 9.572367111537547, 47.995010596812207 ], [ 9.570432504853864, 47.996756085267997 ], [ 9.567685425300681, 47.994710162947882 ], [ 9.565522620985591, 47.995060291936532 ], [ 9.564457149610755, 47.996867023241819 ], [ 9.567314007214582, 48.000190439222514 ], [ 9.565731418600196, 48.002424272102068 ], [ 9.554768452482364, 48.005548406114805 ], [ 9.556320584985755, 48.002136861031175 ], [ 9.55473655276273, 48.001619804824649 ], [ 9.557455999287839, 47.998793634214955 ], [ 9.555831826116378, 47.994779429004154 ], [ 9.559866176641931, 47.991227644587539 ], [ 9.557126392487771, 47.992203024028782 ], [ 9.551368389881629, 47.990572419361889 ], [ 9.55187734169145, 47.988055721902761 ], [ 9.554579428611071, 47.985712577243824 ], [ 9.557653863526282, 47.985192043684719 ], [ 9.558849587339644, 47.986566771100897 ], [ 9.564532323453195, 47.983716468712231 ], [ 9.562107054438153, 47.978877546906347 ], [ 9.564646483374005, 47.969919168076871 ], [ 9.562667130721049, 47.967007766439941 ], [ 9.557169751103416, 47.96891118686068 ], [ 9.553943069590996, 47.968254118204662 ], [ 9.555485342710679, 47.973696837738068 ], [ 9.553401323817527, 47.973472091666729 ], [ 9.55220520015383, 47.969533513282059 ], [ 9.548009461970409, 47.967070062046012 ], [ 9.548338156027182, 47.963961433996062 ], [ 9.547133263112288, 47.963323615240718 ], [ 9.540222143169551, 47.966930157808655 ], [ 9.540492046013483, 47.968883154198537 ], [ 9.535525719525562, 47.966843939697533 ], [ 9.533626799406125, 47.971631504157642 ], [ 9.528998329679572, 47.971419311248482 ], [ 9.532784470891055, 47.972323308633356 ], [ 9.530577513854762, 47.973245628808023 ], [ 9.534538628463261, 47.976939008165047 ], [ 9.527668528690421, 47.977732190731125 ], [ 9.526939809987223, 47.980080852894986 ], [ 9.524264615536683, 47.979219854611912 ], [ 9.525018284343261, 47.982670485811639 ], [ 9.522787305643208, 47.982270056352789 ], [ 9.521968664160537, 47.98634702759032 ], [ 9.518863197181695, 47.987640671080541 ], [ 9.518347777844083, 47.989991239128123 ], [ 9.514468210998515, 47.9884551918027 ], [ 9.514077994934238, 47.985197569716995 ], [ 9.509941793453487, 47.98513328857829 ], [ 9.505772803799641, 47.975396149800176 ], [ 9.495944354732563, 47.970236565897949 ], [ 9.492699339824116, 47.967887554114952 ], [ 9.492915052682768, 47.966204690895793 ], [ 9.490428201242704, 47.965896380716863 ], [ 9.493356892175177, 47.964522672186639 ], [ 9.484679311071222, 47.96278853369445 ], [ 9.486761133526532, 47.960395843205063 ], [ 9.477244094495049, 47.957316853617691 ], [ 9.478638430781725, 47.959241714160768 ], [ 9.46865029917997, 47.962763207335598 ], [ 9.464102530587143, 47.962130426646063 ], [ 9.46062215593907, 47.959243371148752 ], [ 9.455726658588587, 47.964835385471055 ], [ 9.453370739845601, 47.960426162662543 ], [ 9.446859145356054, 47.957001758873602 ], [ 9.44354516688373, 47.958650798931885 ], [ 9.436456161655633, 47.957224783455423 ], [ 9.437397266074182, 47.95826767969865 ], [ 9.43148053959073, 47.958956185949148 ], [ 9.423144870696486, 47.963162362888063 ], [ 9.424308644156975, 47.961348989257971 ], [ 9.422269964429448, 47.960322142934601 ], [ 9.429632713184366, 47.950973721035318 ], [ 9.425082933522299, 47.950371802090807 ], [ 9.422477425805772, 47.942840255219387 ], [ 9.432821468029847, 47.938771389452661 ], [ 9.42826450592373, 47.939739665486911 ], [ 9.416584997585987, 47.938224600517678 ], [ 9.414647752412129, 47.94176508505852 ], [ 9.406411593866371, 47.940936985881422 ], [ 9.404328971182931, 47.932897877412863 ], [ 9.401645791407489, 47.932052967764079 ], [ 9.401204939561161, 47.930223761335483 ], [ 9.406089032482058, 47.930128882373715 ], [ 9.411654082860766, 47.923406671054018 ], [ 9.411713677678161, 47.920162709714702 ], [ 9.407113270788756, 47.916475844666259 ], [ 9.403506731595231, 47.916304912687188 ], [ 9.398946019940393, 47.919985599564555 ], [ 9.39253009827215, 47.917434794611715 ], [ 9.3974111616361, 47.914561800426938 ], [ 9.402169591961375, 47.903662079041126 ], [ 9.384714315201036, 47.889283053908493 ], [ 9.386436693127964, 47.885344517767763 ], [ 9.380591914974564, 47.884243151965414 ], [ 9.376013618333465, 47.879440285792732 ], [ 9.379182049889746, 47.873927615729073 ], [ 9.378587427042742, 47.870922647852936 ], [ 9.383169422940101, 47.864260675309353 ], [ 9.388031932460876, 47.862804502118003 ], [ 9.389657485002655, 47.860785312809057 ], [ 9.391883311904593, 47.862785400128359 ], [ 9.396770313165678, 47.862861821976864 ], [ 9.397140089047699, 47.860654365638617 ], [ 9.401286439135964, 47.861594998995074 ], [ 9.400979662025184, 47.856765062277987 ], [ 9.395833556824076, 47.852888726069899 ], [ 9.39899648576988, 47.849210643032514 ], [ 9.401021806448762, 47.849649602971397 ], [ 9.402967419872013, 47.846035267727444 ], [ 9.402275400500875, 47.837733183242847 ], [ 9.404968079011184, 47.831717288723809 ], [ 9.408216664312773, 47.831749819022342 ], [ 9.411648546101686, 47.828264397078719 ], [ 9.409414449527858, 47.821604816668867 ], [ 9.399296628978322, 47.822172642602524 ], [ 9.404192493292383, 47.817214918791237 ], [ 9.396452620730738, 47.819615287251089 ], [ 9.393193622220616, 47.82441650178454 ], [ 9.387064720899678, 47.825227557259545 ], [ 9.381677731249228, 47.823815271906426 ], [ 9.379217890083291, 47.825605698638796 ], [ 9.379941181787723, 47.830961190830685 ], [ 9.371954471866193, 47.83466309275174 ], [ 9.360774545393792, 47.844218633119844 ], [ 9.33926200525133, 47.857403117544493 ], [ 9.342140362138629, 47.859393189188225 ], [ 9.338361975490429, 47.862175524295786 ], [ 9.330211661067741, 47.863409903208527 ], [ 9.32768564243608, 47.865162596125913 ], [ 9.326175241479438, 47.864076720955438 ], [ 9.324896705857167, 47.866166341786212 ], [ 9.320637741116897, 47.867190116346009 ], [ 9.305422426367326, 47.859995616039328 ], [ 9.306072754915908, 47.857953294789205 ], [ 9.292969667042575, 47.86126997920433 ], [ 9.288314460341853, 47.858827435323299 ], [ 9.283952725799837, 47.860765491314531 ], [ 9.285042642003582, 47.865334939448196 ], [ 9.276641756478531, 47.863867112968308 ], [ 9.276186049696312, 47.866573271984606 ], [ 9.270768305136235, 47.871245293357688 ], [ 9.270160286617074, 47.880062033110462 ], [ 9.26548353354929, 47.882041823852106 ], [ 9.259241092092786, 47.882123948786493 ], [ 9.238013724528116, 47.876649300883145 ], [ 9.238801404146809, 47.873530228068859 ], [ 9.245058407844434, 47.86967409381667 ], [ 9.250546818112456, 47.870294302671795 ], [ 9.249688821410647, 47.865655200630364 ], [ 9.242750132893988, 47.864967926553597 ], [ 9.246865637887929, 47.860562118353535 ], [ 9.245499703358497, 47.859647556013321 ], [ 9.241960370050533, 47.861215864064938 ], [ 9.243725078500507, 47.857652535235154 ], [ 9.242277893177036, 47.854805704183931 ], [ 9.238543197772493, 47.852744917893268 ], [ 9.223672917285683, 47.858684613372425 ], [ 9.218925155784799, 47.857893373533933 ], [ 9.209506477900309, 47.852982494023003 ], [ 9.206817670192056, 47.847904496585294 ], [ 9.203088310594937, 47.847556624032741 ], [ 9.204837775679463, 47.845509948196892 ], [ 9.192473760599036, 47.841937874786623 ], [ 9.191828881538582, 47.840572837376598 ], [ 9.189586527434573, 47.841049328529841 ], [ 9.184208121409242, 47.847800942116336 ], [ 9.175967243253194, 47.845055900038702 ], [ 9.174685935263305, 47.841543680604936 ], [ 9.169786300791868, 47.841025677180859 ], [ 9.165672375922561, 47.841577745437945 ], [ 9.166372633525032, 47.843339135181829 ], [ 9.163415899814503, 47.844543460395059 ], [ 9.149542109387344, 47.844058175752593 ], [ 9.14078494582926, 47.844947315443605 ], [ 9.134398214587973, 47.847510410254962 ], [ 9.128581811367658, 47.846817289188387 ], [ 9.126521218758219, 47.848301080718784 ], [ 9.128871369836618, 47.853731946308457 ], [ 9.117787526313801, 47.858933342383509 ], [ 9.121228974636871, 47.859579102576816 ], [ 9.12182867771873, 47.861546301035425 ], [ 9.126059059631272, 47.860727639240409 ], [ 9.131626815129142, 47.86322458235577 ], [ 9.138545441796561, 47.860139340111388 ], [ 9.138770646735951, 47.861381164958757 ], [ 9.130592571562932, 47.865360028620437 ], [ 9.134857454857929, 47.868622527160163 ], [ 9.145934504381543, 47.872940317112239 ], [ 9.145150825038117, 47.875699271032147 ], [ 9.149169793658407, 47.879093267507429 ], [ 9.147914137337279, 47.880019586440433 ], [ 9.14917385528102, 47.884459621713411 ], [ 9.146931034167869, 47.885131381856979 ], [ 9.14699090539531, 47.887560883362632 ], [ 9.149674234211796, 47.887033864276596 ], [ 9.146504768824476, 47.889208891986165 ], [ 9.146283434632149, 47.891435495732395 ], [ 9.147067979206357, 47.89402513999562 ], [ 9.151105205310072, 47.894982950542207 ], [ 9.145072664012114, 47.89856461672791 ], [ 9.136521459289312, 47.897435912495915 ], [ 9.132859179620755, 47.898873423949517 ], [ 9.128193339369162, 47.898410456217526 ], [ 9.126212780020985, 47.900893630892028 ], [ 9.111209074195882, 47.906896796606276 ], [ 9.104607195849693, 47.905717053007663 ], [ 9.10223537409296, 47.910163539439758 ], [ 9.097237187896097, 47.914315641481146 ], [ 9.094582167947401, 47.913634303949252 ], [ 9.076286617094826, 47.916984513647662 ], [ 9.066830276271238, 47.916123851445299 ], [ 9.065603148207103, 47.918319222687593 ], [ 9.069607529041015, 47.931056154388962 ], [ 9.083105632668364, 47.939412491950087 ], [ 9.077637666414084, 47.94159798758016 ], [ 9.070728796690281, 47.942236135827123 ], [ 9.060119594824993, 47.94037098969212 ], [ 9.049398988086294, 47.935491730718411 ], [ 9.033956684081522, 47.936535484795193 ], [ 9.025090028414059, 47.935535303076541 ], [ 9.019913597849863, 47.937739845473622 ], [ 9.012044832669218, 47.936922908794983 ], [ 9.011598853190653, 47.94240071828893 ], [ 9.015954466017339, 47.94305321777766 ], [ 9.020696936620608, 47.947415947449194 ], [ 9.014597801743065, 47.949903169739372 ], [ 9.013920394963339, 47.954182222632845 ], [ 9.020003931677925, 47.962859166503939 ], [ 9.014579231347403, 47.966094053767407 ], [ 9.011696442928761, 47.974244946032584 ], [ 9.014293388318027, 47.978262878982392 ], [ 9.021369949983178, 47.97937456282807 ], [ 9.021236420042101, 47.983831912954017 ], [ 9.018338829062888, 47.990247762429561 ], [ 9.009687971783389, 47.995983096326718 ], [ 9.007264648536703, 47.994619524952185 ], [ 9.006298339478729, 47.999551056021488 ], [ 9.01389480164412, 48.003511252424104 ], [ 9.014105244388569, 48.005420072520607 ], [ 9.012516937633128, 48.017220965788432 ], [ 9.01070377276732, 48.017358166940589 ], [ 9.007586608717103, 48.025605030946373 ], [ 8.99480499775777, 48.029853614116952 ], [ 8.977323681928734, 48.032552102909037 ], [ 8.973933894525247, 48.035189968127717 ], [ 8.971506652284368, 48.040165192603688 ], [ 8.964315813160134, 48.039185612526055 ], [ 8.959819962073174, 48.035903846243912 ], [ 8.958084810279592, 48.030089417092661 ], [ 8.960360571922728, 48.028035564640689 ], [ 8.952051416478787, 48.029672623131731 ], [ 8.95163607163648, 48.03782046992611 ], [ 8.954473094292782, 48.041402877409318 ], [ 8.951265118821826, 48.044081824469451 ], [ 8.945127253404179, 48.043140817433631 ], [ 8.942032690863075, 48.045605334216553 ], [ 8.935497307739853, 48.04662714098945 ], [ 8.934216865884075, 48.049369069262397 ], [ 8.937581475177854, 48.053211231616316 ], [ 8.935141895155844, 48.054866740734049 ], [ 8.937467520050504, 48.056805984133476 ], [ 8.934949322379065, 48.058397439032625 ], [ 8.940713087508332, 48.060619391911558 ], [ 8.945753088743636, 48.059863766521183 ], [ 8.948657587672818, 48.055364471728076 ], [ 8.952007469787921, 48.056569805105319 ], [ 8.95599031180379, 48.055458970876664 ], [ 8.969288004437487, 48.056940080410349 ], [ 8.974680174213365, 48.056044200859652 ], [ 8.987440056675592, 48.060212870186781 ], [ 8.996594732841315, 48.067873080765899 ], [ 8.996809091800348, 48.070959892514502 ], [ 8.990341779172429, 48.073631289650464 ], [ 8.987789527572179, 48.078109594142298 ], [ 8.983072205133192, 48.080984522915358 ], [ 8.979927902924913, 48.085481469805643 ], [ 8.962549205916345, 48.091110523314541 ], [ 8.955999890483858, 48.099677058094706 ], [ 8.953761201147163, 48.107279088781397 ], [ 8.949054959688391, 48.113679732519628 ], [ 8.955351649925058, 48.11991625177567 ], [ 8.96820448762659, 48.120285130811183 ], [ 8.975947836168613, 48.123476895210771 ], [ 8.983907267938669, 48.12404563441136 ], [ 8.987794675885887, 48.130833716191127 ], [ 8.98730528238065, 48.133209677031225 ], [ 8.992913160504763, 48.140443880467537 ], [ 8.997925586103205, 48.143911273538301 ], [ 9.005002036581981, 48.155085203464836 ], [ 9.010823201499131, 48.159566869583855 ], [ 9.018020168324414, 48.159199799044252 ], [ 9.02511051046266, 48.162963694561128 ], [ 9.035333852903868, 48.165366264713064 ], [ 9.03636115533299, 48.163815445463229 ], [ 9.057849501676081, 48.155638695940709 ], [ 9.062024396101297, 48.155783325519899 ], [ 9.06339753119515, 48.154317725026054 ], [ 9.061723176826817, 48.153216866327007 ], [ 9.063468394339992, 48.151891007696676 ], [ 9.087405250943663, 48.148865636125073 ], [ 9.097768069203203, 48.152972490899216 ], [ 9.105578668034124, 48.152838124586573 ], [ 9.112069507275137, 48.157556015112327 ], [ 9.116884737302502, 48.152515053738242 ], [ 9.120793528290235, 48.145010094676579 ], [ 9.134498429348684, 48.14591856766809 ], [ 9.140672409515194, 48.142245873139665 ], [ 9.147458260062329, 48.141691272893993 ], [ 9.15794809015642, 48.134860928014433 ], [ 9.162836563545067, 48.136368090730635 ], [ 9.15560102923717, 48.142600419983879 ], [ 9.166642972409447, 48.147581141006533 ], [ 9.167039342112183, 48.151299238539387 ], [ 9.165333618764562, 48.15375106574264 ], [ 9.174363946957486, 48.154220027999905 ], [ 9.175672632790793, 48.159513549868883 ], [ 9.17427812147467, 48.161393849858968 ], [ 9.180799968796094, 48.16625558651414 ], [ 9.182156533418654, 48.170803376499393 ], [ 9.189039234301653, 48.171281292811528 ], [ 9.182166472293186, 48.176953432312544 ], [ 9.181320619250192, 48.180422870656983 ], [ 9.174354361280063, 48.181004435857155 ], [ 9.17439052481877, 48.183153769946465 ], [ 9.183854580384265, 48.182692041188837 ], [ 9.179713914631897, 48.183181864161753 ], [ 9.181028653825619, 48.187297637470529 ], [ 9.177311460853996, 48.189024255591335 ], [ 9.17811763879507, 48.193547561117263 ], [ 9.174938084679898, 48.198256694683025 ], [ 9.179350005402984, 48.198732357171259 ], [ 9.17869577068821, 48.201556761437502 ], [ 9.181110005491096, 48.205598436364248 ], [ 9.186784883370104, 48.208891665184765 ], [ 9.179193559602798, 48.214564247155266 ], [ 9.171626298309462, 48.215300340126603 ], [ 9.159501918650429, 48.222301485989725 ], [ 9.131915108867231, 48.227716518779005 ], [ 9.127262217516087, 48.229687365498258 ], [ 9.126374780152554, 48.234310287066272 ], [ 9.111616952550181, 48.236453935389548 ], [ 9.11070395642086, 48.23875328048333 ], [ 9.112022759389571, 48.243521586182872 ], [ 9.109221494517739, 48.252848266596999 ], [ 9.128814216565951, 48.259742310525937 ], [ 9.132381842106529, 48.262673049513914 ], [ 9.149016378197864, 48.26206914242551 ], [ 9.161812782684134, 48.265408482882137 ], [ 9.163224920432853, 48.267952319879257 ], [ 9.165777661651456, 48.26867564415609 ], [ 9.173276343875454, 48.26779513158202 ], [ 9.18608199824614, 48.271021738252131 ], [ 9.188999637280235, 48.277649563163877 ], [ 9.18702849208279, 48.280836151425397 ], [ 9.195262418099006, 48.281743250888887 ], [ 9.201090109380665, 48.288061419616142 ], [ 9.20836525868123, 48.286033886379073 ], [ 9.209050791096764, 48.284045748071293 ], [ 9.21740266421777, 48.282021256167994 ], [ 9.221006876813952, 48.278124790954251 ], [ 9.221170857877887, 48.267696352989852 ], [ 9.223578485739964, 48.266780164406732 ], [ 9.236620072531514, 48.270248464664242 ], [ 9.241643487647568, 48.27026102016287 ], [ 9.245127364936826, 48.267801108068127 ], [ 9.255125357765749, 48.269200378504976 ], [ 9.261813456644164, 48.272090141218889 ], [ 9.267378326557496, 48.278437687743008 ], [ 9.270973219662755, 48.279583826425181 ], [ 9.270663458410468, 48.283621103190335 ], [ 9.266788215036708, 48.288519706682585 ], [ 9.269887075322496, 48.28905788493514 ], [ 9.276098067430782, 48.284208630070793 ], [ 9.278935132978402, 48.286056423339851 ], [ 9.287725897902007, 48.284480427848017 ], [ 9.291540577621895, 48.285902181018507 ], [ 9.291588409575663, 48.280486285961359 ], [ 9.294692554894686, 48.278056608324697 ], [ 9.294991013132728, 48.274679053749793 ], [ 9.299462034288778, 48.271410011129184 ], [ 9.29851103743818, 48.270644354017115 ], [ 9.301050190171221, 48.26759693793052 ], [ 9.308942010358894, 48.265938233384418 ], [ 9.310241578156434, 48.258992917507037 ], [ 9.322323164815575, 48.258853062713214 ], [ 9.330505423691976, 48.256215894619544 ], [ 9.336372356160172, 48.248410659170908 ], [ 9.34996784709114, 48.242142774281803 ], [ 9.349747969206742, 48.240036531942096 ] ] ] } },
{ "type": "Feature", "properties": { "OBJID": "DEBKGVG200000CIX", "BEGINN": "2025-01-16T00:00:00", "ADE": 4, "GF": 2, "BSG": 1, "LKZ": "BW", "ARS": "08335", "AGS": "08335", "SDV_ARS": "083355004043", "GEN": "Konstanz", "BEZ": "Landkreis", "IBZ": 43, "BEM": "--", "NBD": "ja", "SN_L": "08", "SN_R": "3", "SN_K": "35", "SN_V1": "00", "SN_V2": "00", "SN_G": "000", "FK_S3": "R", "NUTS": "DE138", "ARS_0": "083350000000", "AGS_0": "08335000", "WSK": "2009-01-01T00:00:00", "DLM_ID": "DEBKGDL20000JP21" }, "geometry": { "type": "MultiPolygon", "coordinates": [ [ [ [ 9.105478085622138, 47.686058824545469 ], [ 9.111441741019091, 47.685743186291894 ], [ 9.113125776250754, 47.685018658559976 ], [ 9.105626223555552, 47.685130156367769 ], [ 9.105478085622138, 47.686058824545469 ] ] ], [ [ [ 9.104228903936979, 47.691334950988058 ], [ 9.108626885681645, 47.689769772854682 ], [ 9.104704292120116, 47.690564442000159 ], [ 9.106304396059061, 47.688571644534655 ], [ 9.103341519882811, 47.690268345664997 ], [ 9.104228903936979, 47.691334950988058 ] ] ], [ [ [ 9.181092337976482, 47.657758982826195 ], [ 9.178858538522638, 47.657219599506504 ], [ 9.17876748783152, 47.66064273147002 ], [ 9.181344417356568, 47.660790824142587 ], [ 9.181092337976482, 47.657758982826195 ] ] ], [ [ [ 9.101582435439113, 47.701678452026258 ], [ 9.105598050810745, 47.696184359092946 ], [ 9.098087472591876, 47.70332326809757 ], [ 9.101582435439113, 47.701678452026258 ] ] ], [ [ [ 9.005668522446761, 47.726237103713892 ], [ 9.006853797645373, 47.72536349953976 ], [ 9.005512152812898, 47.723850501787425 ], [ 9.009949066895139, 47.723982614998917 ], [ 9.010265643011975, 47.721656326489708 ], [ 9.0061469867436, 47.721742011503316 ], [ 9.005064223436959, 47.722525932412708 ], [ 9.007718775670654, 47.72334007362771 ], [ 9.005567435979906, 47.72318536798516 ], [ 9.004074361989385, 47.725947359018079 ], [ 8.99991732903068, 47.725232270098097 ], [ 9.005668522446761, 47.726237103713892 ] ] ] ] } },
{ "type": "Feature", "properties": { "OBJID": "DEBKGVG200001CMM", "BEGINN": "2023-10-04T00:00:00", "ADE": 4, "GF": 2, "BSG": 1, "LKZ": "BW", "ARS": "08435", "AGS": "08435", "SDV_ARS": "084355002016", "GEN": "Bodenseekreis", "BEZ": "Landkreis", "IBZ": 43, "BEM": "--", "NBD": "nein", "SN_L": "08", "SN_R": "4", "SN_K": "35", "SN_V1": "00", "SN_V2": "00", "SN_G": "000", "FK_S3": "R", "NUTS": "DE147", "ARS_0": "084350000000", "AGS_0": "08435000", "WSK": "2009-01-01T00:00:00", "DLM_ID": "DEBKGDL20001BQSG" }, "geometry": { "type": "MultiPolygon", "coordinates": [ [ [ [ 9.555952442034377, 47.590177495764017 ], [ 9.554073001950821, 47.587024955940173 ], [ 9.55007056982223, 47.588643514197507 ], [ 9.551333771618824, 47.589552284140673 ], [ 9.553253429381432, 47.588212988790808 ], [ 9.553445978502834, 47.590658926012843 ], [ 9.555952442034377, 47.590177495764017 ] ] ], [ [ [ 9.558258543010195, 47.585542634941156 ], [ 9.556107644237992, 47.58689886654296 ], [ 9.558879775671056, 47.589915323424059 ], [ 9.560612109940223, 47.589624777962307 ], [ 9.560588759814086, 47.58664114821201 ], [ 9.558258543010195, 47.585542634941156 ] ] ] ] } }
]
}
