date,feature_index,band_unnamed,temperature-mean,precipitation-flux,solar-radiation-flux
2026-01-18T00:00:00.000Z,19,0.0088978570922486,27321.64285714286,0.0,4323251.571428572
2026-01-13T00:00:00.000Z,19,0.092187963743917,27715.785714285714,260.07142857142856,2066953.2857142857
2026-01-15T00:00:00.000Z,20,0.0289625575395394,27922.625,317.75,3931379.625
2026-01-13T00:00:00.000Z,20,0.101131652166555,27821.0,275.0,2623515.5625
2026-01-18T00:00:00.000Z,20,0.0017904172763236,27371.75,0.0,4115201.5
2026-01-15T00:00:00.000Z,19,0.1988266924622899,27819.285714285714,256.5,3917176.785714286
2026-03-11T00:00:00.000Z,40,0.2077671123623699,28127.38888888889,449.0,12601556.833333334
2026-03-11T00:00:00.000Z,35,0.0386722194873849,28116.533333333333,741.8666666666667,11539466.666666666
2026-03-11T00:00:00.000Z,39,0.1070588688074124,28135.5,629.0555555555555,12272474.833333334
2026-03-14T00:00:00.000Z,35,0.0238818505037891,27589.4,828.5333333333333,4442017.4
2026-03-09T00:00:00.000Z,39,0.3757051694980918,27948.666666666668,154.77777777777777,12486062.833333334
2026-03-13T00:00:00.000Z,39,0.4860976236333045,28005.833333333332,0.0,15495211.722222222
2026-03-09T00:00:00.000Z,35,0.3771592497489011,27971.933333333334,243.46666666666667,12288741.866666667
2026-03-14T00:00:00.000Z,39,0.0259937687625577,27634.444444444445,558.2777777777778,5005524.0
2026-03-09T00:00:00.000Z,40,0.3544679012580239,27953.722222222223,237.5,12622455.833333334
2026-03-13T00:00:00.000Z,40,0.5613846846459011,27929.222222222223,0.0,15891809.777777778
2026-03-13T00:00:00.000Z,35,0.5176957048352435,28062.533333333333,0.0,15391809.2
2026-03-14T00:00:00.000Z,40,0.0241566784291262,27594.61111111111,681.1111111111111,4920409.277777778
2026-03-06T00:00:00.000Z,42,0.4635841313849755,27887.9,0.0,14042663.0
2026-03-04T00:00:00.000Z,41,0.4749596653309113,27718.88888888889,0.0,13374415.333333334
2026-03-06T00:00:00.000Z,41,0.2175438844547403,27919.88888888889,0.0,13729466.0
2026-03-01T00:00:00.000Z,42,0.0203942733641091,27760.7,232.8,5817868.3
2026-03-01T00:00:00.000Z,41,0.0224037772349811,27779.555555555555,298.1111111111111,5902208.111111111
2026-03-04T00:00:00.000Z,42,0.4647412483152544,27680.3,0.0,13315305.6
2026-02-04T00:00:00.000Z,34,0.0650350563230087,27212.0,0.0,6554045.428571428
2026-02-09T00:00:00.000Z,34,0.0207583864107057,27428.214285714286,1.7142857142857142,7088850.357142857
2026-02-07T00:00:00.000Z,34,0.2111953090843924,27621.0,4.357142857142857,8921920.785714285
2026-03-19T00:00:00.000Z,33,0.5822920282211214,27957.11111111111,0.0,17430198.666666668
2026-03-16T00:00:00.000Z,33,0.0403930473558299,27689.444444444445,48.77777777777778,6346757.222222222
2026-03-26T00:00:00.000Z,34,0.1032625858921058,27321.0,631.7857142857143,12835031.57142857
2026-03-31T00:00:00.000Z,34,0.0570632832413971,27408.071428571428,221.5,15483982.57142857
2026-03-29T00:00:00.000Z,34,0.1677379721959691,27480.14285714286,140.85714285714286,13336121.714285716
2026-03-21T00:00:00.000Z,41,0.2986409718657578,27880.88888888889,120.0,15599562.222222222
2026-03-16T00:00:00.000Z,41,0.0332596488109822,27713.333333333332,139.88888888888889,8896730.444444444
2026-03-19T00:00:00.000Z,41,0.4641478032586496,27873.88888888889,0.0,16794613.666666668
2026-04-02T00:00:00.000Z,30,0.5554608216063835,27546.363636363636,0.0,18924072.90909091
2026-04-03T00:00:00.000Z,26,0.3165498455554382,28044.375,3.5,16013571.4375
2026-04-03T00:00:00.000Z,30,0.3157495811563961,27889.81818181818,3.0,15491426.909090908
2026-04-05T00:00:00.000Z,30,0.5981196504621714,28490.727272727272,43.18181818181818,18927994.363636363
2026-04-05T00:00:00.000Z,26,0.4821935178958036,28589.25,27.5625,18736494.375
2026-04-03T00:00:00.000Z,27,0.3390410773768535,28173.666666666668,6.666666666666667,14309473.111111112
2026-04-05T00:00:00.000Z,27,0.3777085835489779,28678.11111111111,4.444444444444445,18678549.555555556
2026-04-02T00:00:00.000Z,26,0.4425746191136693,27723.875,0.0,18702485.125
2026-01-15T00:00:00.000Z,17,0.0473824140443193,27956.0,357.0,3668892.0
2026-01-13T00:00:00.000Z,17,0.1205593129240798,27835.0,453.0,2389466.0
2026-01-13T00:00:00.000Z,15,0.0832067776979452,27937.714285714286,64.71428571428571,3410509.3571428573
2026-01-13T00:00:00.000Z,18,0.0783827084410692,27872.0,295.0,2678811.0
2026-01-12T00:00:00.000Z,20,0.0250976685752638,27512.875,370.125,498572.5625
2026-01-18T00:00:00.000Z,17,-0.0004571835807340885,27380.0,0.0,3894761.0
2026-01-18T00:00:00.000Z,15,0.0373474711012483,27413.214285714286,5.285714285714286,4571629.071428572
2026-01-18T00:00:00.000Z,18,0.0018769666970061,27377.0,0.0,3633768.0
2026-04-03T00:00:00.000Z,32,0.5594618799699105,28047.909090909092,0.0,16802144.181818184
2026-04-03T00:00:00.000Z,41,0.5882025713557106,28106.222222222223,0.0,16694559.444444444
2026-04-05T00:00:00.000Z,32,0.4803199994997814,28558.727272727272,45.81818181818182,19031595.09090909
2026-04-02T00:00:00.000Z,32,0.4756858853265093,27742.454545454544,0.0,16631999.727272728
2026-04-05T00:00:00.000Z,41,0.3162849221623609,28546.777777777777,93.22222222222224,18970086.0
2026-04-02T00:00:00.000Z,41,0.4410559793517568,27805.0,0.2222222222222222,15178246.222222222
2026-02-22T00:00:00.000Z,39,0.1451042767743088,28024.666666666668,726.7777777777778,3526713.722222222
2026-02-24T00:00:00.000Z,39,0.0128220330862756,28029.277777777777,1229.7222222222222,1240806.7222222222
2026-02-22T00:00:00.000Z,40,0.1065293601034525,27991.944444444445,430.94444444444446,4526548.111111111
2026-02-24T00:00:00.000Z,38,0.0144433385655735,28029.0,1307.0,1296267.0
2026-02-27T00:00:00.000Z,40,0.5234462112404688,28056.0,0.0,12794971.5
2026-02-27T00:00:00.000Z,39,0.466733639645187,28112.0,0.0,12489972.277777778
2026-02-24T00:00:00.000Z,40,0.0205648574319838,28036.166666666668,837.8333333333334,1340709.888888889
2026-03-13T00:00:00.000Z,38,0.4350820983114267,27983.0,0.0,15487407.0
2026-03-11T00:00:00.000Z,38,0.0606863754735506,28172.0,479.0,12678764.0
2026-03-01T00:00:00.000Z,40,-0.003319706085044,27724.38888888889,209.05555555555551,6253528.333333333
2026-03-06T00:00:00.000Z,40,0.4132366997620695,27856.222222222223,0.0,13970812.055555556
2026-04-05T00:00:00.000Z,40,0.3373223751152362,28555.444444444445,66.0,18887066.555555556
2026-04-02T00:00:00.000Z,40,0.4462605298035469,27662.777777777777,0.0,16596627.277777778
2026-04-02T00:00:00.000Z,39,0.4873083640321993,27700.666666666668,0.0,17692079.777777776
2026-04-05T00:00:00.000Z,39,0.3515014946475803,28563.38888888889,24.555555555555557,18458475.777777776
2026-04-05T00:00:00.000Z,42,0.4516358922973308,28539.95,102.15,19249201.6
2026-04-02T00:00:00.000Z,42,0.2840624844844532,27704.7,0.55,14534877.65
2026-01-18T00:00:00.000Z,8,0.0243646455764264,27335.11111111111,0.0,4563820.222222222
2026-01-13T00:00:00.000Z,7,0.1043581188797838,27756.470588235297,91.47058823529412,2666835.1764705884
2026-01-12T00:00:00.000Z,7,0.0201665903878738,27504.70588235294,325.70588235294116,526264.2941176471
2026-01-12T00:00:00.000Z,8,0.0181436208216846,27434.11111111111,355.3333333333333,501252.0
2026-01-13T00:00:00.000Z,8,0.0910499148248505,27701.88888888889,126.88888888888889,2069918.888888889
2026-01-15T00:00:00.000Z,7,0.1292607114463244,27848.235294117647,193.58823529411765,4486431.764705882
2026-01-15T00:00:00.000Z,8,0.1355717401156824,27796.777777777777,171.55555555555554,4320167.111111111
2026-01-18T00:00:00.000Z,7,0.0058551465949622,27359.941176470587,0.0,4583486.94117647
2026-01-18T00:00:00.000Z,24,0.1565465962005632,27272.88888888889,13.11111111111111,5504326.444444444
2026-01-18T00:00:00.000Z,28,0.1239908050600306,27311.043478260868,18.304347826086957,5825302.652173913
2026-01-18T00:00:00.000Z,16,0.2720524071405357,27330.0,18.77777777777778,5317520.666666667
2026-01-13T00:00:00.000Z,13,0.1021061346478025,27930.5,2.0,4212818.0
2026-01-18T00:00:00.000Z,13,0.1605640654141331,27338.0,19.0,5219111.0
2026-01-13T00:00:00.000Z,24,0.1431854964287242,27686.0,0.0,4562654.0
2026-01-13T00:00:00.000Z,16,0.0980209338888344,27948.555555555555,2.0,4227315.222222222
2026-01-13T00:00:00.000Z,28,0.2199275903074907,27902.82608695652,0.6086956521739131,4473022.434782608
2026-01-20T00:00:00.000Z,4,0.2264877511239285,27235.375,0.0,6044269.375
2026-01-20T00:00:00.000Z,7,0.4089967428397736,27168.117647058825,0.0,5915144.882352941
2026-01-25T00:00:00.000Z,7,0.0449263432338598,27121.529411764703,545.5294117647059,3084680.7647058824
2026-01-23T00:00:00.000Z,15,0.4515657320015704,27313.85714285714,9.214285714285714,5678225.0
2026-01-20T00:00:00.000Z,23,0.1730872521902235,27242.333333333332,0.0,5939609.666666667
2026-01-25T00:00:00.000Z,23,0.0300512055360037,27172.0,327.0,3450552.3333333335
2026-01-25T00:00:00.000Z,15,0.0428310824822522,27182.071428571428,250.78571428571428,3319839.4285714286
2026-01-23T00:00:00.000Z,23,0.5300667152379275,27288.333333333332,14.0,5910276.666666667
2026-01-23T00:00:00.000Z,7,0.4406030098290467,27211.352941176472,0.1176470588235294,5994484.294117647
2026-01-20T00:00:00.000Z,15,0.1005990814842989,27229.428571428572,0.0,5537907.142857143
2026-01-23T00:00:00.000Z,4,0.4280030454494035,27265.25,3.5,5995104.375
2026-01-25T00:00:00.000Z,4,0.037702946613515,27196.875,524.5,3193753.125
2026-01-03T00:00:00.000Z,22,0.3304170668273068,26919.18181818182,96.27272727272728,4415203.909090909
2026-01-08T00:00:00.000Z,36,0.0364249130758025,27424.0,684.875,2793550.0
2026-01-08T00:00:00.000Z,22,0.029387495755311,27360.363636363636,770.0,2778443.636363636
2026-01-10T00:00:00.000Z,24,0.0247104453894929,27164.777777777777,1104.0,2107264.0
2026-01-03T00:00:00.000Z,1,0.1683271050703563,27025.625,69.5,4433700.5
2026-01-05T00:00:00.000Z,24,0.334127820214497,26240.88888888889,3.888888888888889,4615664.222222222
2026-01-08T00:00:00.000Z,1,0.0347825332925819,27406.75,669.25,2869929.625
2026-01-05T00:00:00.000Z,1,0.2885398520469727,26648.25,6.75,4356027.375
2026-01-03T00:00:00.000Z,36,0.2467673714164514,26955.5,32.375,4798592.0
2026-01-10T00:00:00.000Z,36,0.0446177905234823,27293.25,620.125,2225877.125
2026-01-10T00:00:00.000Z,1,0.043004262756162,27259.5,686.0,2008989.25
2026-01-10T00:00:00.000Z,22,0.031722982857484,27183.545454545456,961.2727272727273,2094438.818181818
2026-01-03T00:00:00.000Z,24,0.1686909165480892,26776.0,83.55555555555556,4668848.444444444
2026-01-05T00:00:00.000Z,22,0.4989434847385539,26467.545454545456,4.181818181818182,4404737.181818182
2026-01-05T00:00:00.000Z,36,0.3529340575613143,26546.375,2.875,4774406.0
2026-01-08T00:00:00.000Z,24,0.0225530206115379,27338.777777777777,908.8888888888888,2525568.5555555555
2026-01-15T00:00:00.000Z,35,0.3396494120913372,27623.733333333337,32.53333333333333,5770692.6
2026-01-12T00:00:00.000Z,39,0.0226882618179743,27392.222222222223,208.05555555555551,1880878.388888889
2026-01-13T00:00:00.000Z,2,0.1726207564579633,27786.6,0.0,4117921.6
2026-01-12T00:00:00.000Z,2,0.0445982919860751,27593.6,283.8,1245091.6
2026-01-18T00:00:00.000Z,3,0.0224258020720749,27260.625,1.0,4527887.875
2026-01-18T00:00:00.000Z,35,0.1257655851488795,27111.2,5.066666666666666,4899304.533333333
2026-01-13T00:00:00.000Z,3,0.1955453592676778,27712.875,0.375,3945552.25
2026-01-15T00:00:00.000Z,2,0.4138401785430052,27785.8,94.8,5438476.0
2026-01-15T00:00:00.000Z,3,0.3413404900413362,27740.625,60.5,5335234.25
2026-01-18T00:00:00.000Z,2,0.1742285993868084,27265.8,1.0,4722453.4
2026-01-15T00:00:00.000Z,39,0.2107208572178568,27630.222222222223,18.11111111111111,5520851.166666667
2026-01-13T00:00:00.000Z,35,0.1372843733550773,27630.733333333337,0.0,4468078.4
2026-01-12T00:00:00.000Z,35,0.0262967421298477,27447.0,226.86666666666667,1956176.2666666664
2026-01-12T00:00:00.000Z,3,0.0243480647131276,27472.0,280.875,1354139.125
2026-01-18T00:00:00.000Z,39,-0.0025237320097839,27109.277777777777,2.5,4682321.888888889
2026-01-13T00:00:00.000Z,39,0.1052963175125739,27587.444444444445,0.1111111111111111,4256730.666666667
2026-01-15T00:00:00.000Z,9,0.0916905340676287,27761.17647058823,139.64705882352942,4569353.529411765
2026-01-12T00:00:00.000Z,12,0.0223257690354812,27361.842105263157,338.2631578947368,863335.0
2026-01-13T00:00:00.000Z,9,0.0982541442170354,27674.41176470588,114.41176470588236,2202604.411764706
2026-01-18T00:00:00.000Z,9,0.0283251433534675,27322.470588235297,0.0,4668176.294117647
2026-01-13T00:00:00.000Z,12,0.124727908776573,27648.63157894737,55.578947368421055,2613333.3157894737
2026-01-12T00:00:00.000Z,9,0.0191900880460586,27387.764705882353,342.29411764705884,667201.8823529412
2026-01-18T00:00:00.000Z,12,0.0190211572519228,27284.263157894737,0.0,4703748.052631579
2026-01-15T00:00:00.000Z,12,0.2001953859173312,27728.947368421053,73.26315789473684,4877883.2105263155
2026-01-03T00:00:00.000Z,25,0.3062611621409983,27017.333333333332,63.333333333333336,4653949.0
2026-01-03T00:00:00.000Z,26,0.2454389067546183,26870.4375,39.8125,4948741.375
2026-01-08T00:00:00.000Z,27,0.0271641951031584,27493.88888888889,1027.5555555555557,1711958.4444444445
2026-01-05T00:00:00.000Z,25,0.4717723129146676,26698.333333333332,9.0,4912752.0
2026-01-05T00:00:00.000Z,26,0.3843465246521571,26423.0,5.4375,5251501.6875
2026-01-03T00:00:00.000Z,27,0.2009822737011384,26912.333333333332,74.44444444444444,4702855.888888889
2026-01-08T00:00:00.000Z,25,0.0252291916916085,27561.333333333332,958.6666666666666,1633255.0
2026-01-05T00:00:00.000Z,27,0.4136720727289215,26549.11111111111,7.666666666666667,4886298.111111111
2026-01-08T00:00:00.000Z,26,0.0216772783127727,27408.875,1108.0,1881331.375
2026-01-23T00:00:00.000Z,30,0.4389457485324356,27235.090909090908,52.18181818181818,6027263.454545454
2026-01-25T00:00:00.000Z,29,0.0330205369713389,27328.444444444445,87.77777777777777,4164912.222222222
2026-01-20T00:00:00.000Z,29,0.5931248773116858,27207.333333333332,0.0,6366106.0
2026-01-23T00:00:00.000Z,26,0.0961698976653148,27299.5625,106.0625,5583308.875
2026-01-25T00:00:00.000Z,26,0.052011512967467,27367.75,36.1875,4800952.0625
2026-01-23T00:00:00.000Z,29,0.538186336963651,27283.88888888889,36.0,5834308.333333333
2026-01-20T00:00:00.000Z,30,0.4886502345629128,27157.636363636364,0.0,6749688.090909091
2026-01-20T00:00:00.000Z,26,0.4045941478190877,27174.625,0.0,6677277.1875
2026-01-25T00:00:00.000Z,30,0.034721885503947,27286.272727272728,56.54545454545455,4637958.181818182
2026-01-10T00:00:00.000Z,43,0.0394507851663786,27145.615384615383,612.3076923076923,2617670.846153846
2026-01-03T00:00:00.000Z,43,0.2066652190600348,26793.46153846154,16.53846153846154,4990552.0
2026-01-10T00:00:00.000Z,37,0.0392235161745688,27191.9,646.4,2535622.9
2026-01-08T00:00:00.000Z,37,0.0285712212447968,27325.3,697.7,2889624.7
2026-01-05T00:00:00.000Z,43,0.249765435810158,26393.846153846152,2.5384615384615383,5432405.230769231
2026-01-08T00:00:00.000Z,43,0.0269202187031124,27177.384615384617,734.8461538461538,3002115.3846153845
2026-01-05T00:00:00.000Z,37,0.3265607492295245,26393.4,2.8,5106097.6
2026-01-03T00:00:00.000Z,37,0.2289167447584871,26826.7,29.0,5011558.8
2026-01-15T00:00:00.000Z,43,0.4968862065635049,27489.07692307692,20.692307692307693,6056939.769230769
2026-01-12T00:00:00.000Z,40,0.0244847625059017,27383.61111111111,197.16666666666663,2303355.222222222
2026-01-12T00:00:00.000Z,42,0.0204923434046139,27354.1,201.7,2399476.65
2026-01-15T00:00:00.000Z,42,0.1709453019757831,27516.7,1.8,5738724.15
2026-01-13T00:00:00.000Z,42,0.1148827377090349,27429.5,0.0,4556204.2
2026-01-15T00:00:00.000Z,40,0.3397401402996993,27587.444444444445,4.944444444444445,5727695.666666667
2026-01-13T00:00:00.000Z,40,0.1303857817226511,27506.222222222223,0.0,4553279.166666667
2026-01-18T00:00:00.000Z,42,0.035728843768577,27084.0,25.25,5357083.1
2026-01-18T00:00:00.000Z,43,0.0092497831797373,27016.153846153848,32.46153846153846,5363170.692307692
2026-01-12T00:00:00.000Z,43,0.0231879086987201,27319.30769230769,214.53846153846155,2424236.230769231
2026-01-18T00:00:00.000Z,40,-0.0015823193467865,27071.222222222223,16.22222222222222,4951942.222222222
2026-01-13T00:00:00.000Z,43,0.0931709170130853,27467.23076923077,0.0,4645548.538461538
2026-01-25T00:00:00.000Z,41,0.0118737673473767,27324.88888888889,189.44444444444449,2989662.111111111
2026-01-25T00:00:00.000Z,32,0.0190262527129034,27348.81818181818,77.72727272727273,3739508.0
2026-01-20T00:00:00.000Z,41,0.2821039969685116,27136.333333333332,0.0,6386568.0
2026-01-20T00:00:00.000Z,32,0.325123698177755,27165.272727272728,0.0,6551857.909090909
2026-01-23T00:00:00.000Z,32,0.2280054328212585,27153.636363636364,2.363636363636364,6322801.545454546
2026-01-23T00:00:00.000Z,41,0.2178096292554182,27149.444444444445,1.7777777777777777,6563394.888888889
2026-01-20T00:00:00.000Z,38,0.0896837638927378,27085.0,0.0,6283104.0
2026-01-20T00:00:00.000Z,40,0.3701148256326636,27101.88888888889,0.0,6372177.166666667
2026-01-25T00:00:00.000Z,38,0.02026056317581,27140.0,1089.0,2831273.0
2026-01-20T00:00:00.000Z,39,0.2493634700094812,27094.0,0.0,6264217.777777778
2026-01-25T00:00:00.000Z,39,0.017114637948601,27165.88888888889,897.7777777777778,2821694.8333333335
2026-01-25T00:00:00.000Z,40,0.0146875183490369,27213.944444444445,653.5555555555555,2752530.222222222
2026-01-23T00:00:00.000Z,20,0.4724661750274075,27249.5625,2.3125,5691489.625
2026-03-29T00:00:00.000Z,14,0.2357372540502347,27826.0,25.0,10071119.333333334
2026-03-29T00:00:00.000Z,20,0.2404298725925696,27766.3125,34.125,9870461.125
2026-03-26T00:00:00.000Z,14,0.1780320804522072,27702.0,537.0,13819810.333333334
2026-03-26T00:00:00.000Z,20,0.1487674099851061,27650.1875,179.3125,14346315.8125
2026-03-26T00:00:00.000Z,15,0.1725833341682087,27690.64285714286,315.2142857142857,14121070.642857144
2026-03-29T00:00:00.000Z,15,0.2833117823668976,27799.85714285714,26.857142857142858,10011070.0
2026-03-31T00:00:00.000Z,15,0.0600628348963281,27831.14285714286,163.0,14084902.785714284
2026-02-22T00:00:00.000Z,10,0.0152872641828876,28176.25,1217.5,1307760.5625
2026-02-22T00:00:00.000Z,19,0.0112102294936578,28149.071428571428,1619.7857142857142,1332170.7857142857
2026-02-24T00:00:00.000Z,19,0.1295621640229885,28089.714285714286,669.5,2231144.285714286
2026-02-27T00:00:00.000Z,10,0.4345684373667391,28267.0,0.0,11709640.0
2026-02-24T00:00:00.000Z,10,0.1085976166293651,28065.4375,477.3125,3618175.5
2026-02-27T00:00:00.000Z,19,0.5135304399015255,28281.0,0.0,11813488.142857144
2026-02-04T00:00:00.000Z,7,0.0749605722167561,27414.352941176472,0.0,5880581.470588235
2026-02-09T00:00:00.000Z,7,0.0349761261993818,27554.470588235297,2.5294117647058822,4790204.705882353
2026-02-04T00:00:00.000Z,8,0.0761370253705971,27367.0,0.0,5997762.111111111
2026-02-09T00:00:00.000Z,8,0.0980125952527147,27507.555555555555,2.6666666666666665,4206744.888888889
2026-02-07T00:00:00.000Z,7,0.048776721417682,27813.70588235294,101.11764705882354,3563356.294117647
2026-02-07T00:00:00.000Z,8,0.008769275809131,27740.555555555555,99.66666666666669,2959771.0
2026-01-23T00:00:00.000Z,19,0.5068788862359255,27127.928571428572,3.142857142857143,5947031.714285715
2026-01-20T00:00:00.000Z,20,0.4949273212942283,27150.125,0.0,5453056.4375
2026-01-25T00:00:00.000Z,19,0.031208122519926,27047.785714285714,521.2857142857143,3164888.5
2026-01-25T00:00:00.000Z,20,0.0441058112840024,27116.1875,325.5,3080797.0625
2026-01-20T00:00:00.000Z,19,0.5369012177595344,27096.35714285714,0.0,5792235.642857143
2026-03-29T00:00:00.000Z,19,0.2883028281742767,27691.35714285714,28.071428571428573,11083944.857142856
2026-03-26T00:00:00.000Z,19,0.1478215934692675,27544.214285714286,179.71428571428572,14311890.714285716
2026-03-31T00:00:00.000Z,19,0.1397088314283258,27727.285714285714,181.6428571428571,13432813.785714284
2026-03-31T00:00:00.000Z,20,0.0538951156511727,27813.5625,159.75,13780470.1875
2026-03-31T00:00:00.000Z,10,0.0799187998734011,27744.75,121.0,13040652.0
2026-03-29T00:00:00.000Z,10,0.2576433527500567,27714.0625,21.625,12271638.625
2026-03-26T00:00:00.000Z,10,0.1129757864228949,27548.875,167.5625,14385138.875
2026-03-16T00:00:00.000Z,20,0.0476777900501984,27862.3125,529.125,9435093.9375
2026-03-19T00:00:00.000Z,20,0.515708836610571,28119.5625,0.0,16536876.25
2026-03-21T00:00:00.000Z,7,0.1170494416631188,28075.058823529413,77.23529411764706,13256275.588235294
2026-03-16T00:00:00.000Z,15,0.0232139673889757,27932.785714285714,418.1428571428572,9400226.214285716
2026-03-21T00:00:00.000Z,20,0.307211658798294,28121.4375,95.5625,12987534.0625
2026-03-21T00:00:00.000Z,15,0.1498191631321118,28138.428571428572,83.28571428571429,13109905.07142857
2026-03-19T00:00:00.000Z,15,0.4640444449004868,28161.214285714286,0.0,16690569.714285716
2026-03-16T00:00:00.000Z,7,0.0292787584280491,27798.058823529413,528.2941176470588,9482462.76470588
2026-03-19T00:00:00.000Z,7,0.3332432903293733,28086.470588235297,0.0,16545375.411764706
2026-01-15T00:00:00.000Z,15,0.4020893878546128,27985.14285714286,292.64285714285717,4461965.928571428
2026-01-12T00:00:00.000Z,15,0.037157034111347,27627.35714285714,199.71428571428572,670954.5
2026-03-19T00:00:00.000Z,5,0.3793966156280245,27990.545454545456,0.0,16370692.454545457
2026-03-16T00:00:00.000Z,9,0.0178773706342494,27637.17647058823,548.3529411764706,9788846.588235294
2026-03-21T00:00:00.000Z,5,0.1351142396412798,27969.454545454544,201.0909090909091,13662797.272727272
2026-03-19T00:00:00.000Z,9,0.329872899462614,27927.82352941177,0.0,15944840.23529412
2026-03-16T00:00:00.000Z,8,0.0236967066819941,27700.555555555555,487.1111111111111,9524903.222222222
2026-03-19T00:00:00.000Z,8,0.2419948007595736,27983.555555555555,0.0,16194818.444444444
2026-03-16T00:00:00.000Z,5,0.0308843938946698,27746.18181818182,383.72727272727275,10392526.636363637
2026-03-21T00:00:00.000Z,8,0.0384608963404349,27986.0,125.11111111111111,13855574.111111112
2026-03-21T00:00:00.000Z,9,0.1317583653629512,27921.17647058823,224.8235294117647,14290503.470588235
2026-01-08T00:00:00.000Z,28,0.0266465923056495,27501.478260869564,884.4782608695652,1785554.0
2026-01-05T00:00:00.000Z,28,0.3719139889008297,26611.782608695652,5.565217391304348,4286760.565217392
2026-01-08T00:00:00.000Z,16,0.02919710621772,27463.88888888889,903.1111111111112,2221277.111111111
2026-01-03T00:00:00.000Z,16,0.2971598269882109,27045.444444444445,132.33333333333334,3832351.555555555
2026-01-05T00:00:00.000Z,16,0.3112544871459204,26583.88888888889,5.222222222222222,3983830.444444445
2026-01-03T00:00:00.000Z,28,0.1963896837056933,26998.565217391304,96.69565217391305,4132550.347826087
2026-02-07T00:00:00.000Z,28,0.4440594936934548,27829.304347826088,9.173913043478262,8022198.608695652
2026-02-07T00:00:00.000Z,24,0.4753078797443831,27711.666666666668,2.3333333333333335,7382947.0
2026-02-07T00:00:00.000Z,16,0.3681540210291305,27841.444444444445,12.22222222222222,6862824.888888889
2026-02-07T00:00:00.000Z,13,0.4083743021683073,27842.0,10.0,6712896.0
2026-01-18T00:00:00.000Z,1,0.0131788609354745,27238.25,2.125,5045975.75
2026-01-13T00:00:00.000Z,1,0.1798725334530882,27776.25,0.0,4118220.625
2026-01-12T00:00:00.000Z,22,0.0224595627645953,27546.0,153.27272727272728,1245037.5454545454
2026-01-15T00:00:00.000Z,21,0.5864363719766021,27971.0,217.0,4997994.0
2026-01-15T00:00:00.000Z,22,0.720901061011277,27827.909090909092,165.1818181818182,5304234.181818182
2026-01-18T00:00:00.000Z,21,0.0058125062060085,27343.0,7.0,4968868.0
2026-01-13T00:00:00.000Z,21,0.1124867864903902,27935.0,0.0,3899454.0
2026-01-12T00:00:00.000Z,21,0.0348831933905503,27626.0,114.0,927150.0
2026-01-15T00:00:00.000Z,23,0.529963454235727,27936.166666666668,208.0,5002786.166666667
2026-01-13T00:00:00.000Z,22,0.128421725279843,27808.0,0.0909090909090909,4310990.909090909
2026-01-15T00:00:00.000Z,1,0.5048667285377406,27797.625,138.0,5361791.875
2026-01-18T00:00:00.000Z,23,0.0360345605424202,27329.666666666668,4.666666666666667,4928948.666666667
2026-01-12T00:00:00.000Z,1,0.0383600260834643,27581.0,207.0,1122357.375
2026-01-18T00:00:00.000Z,22,0.1093218388931686,27237.18181818182,15.818181818181818,5266096.7272727275
2026-01-12T00:00:00.000Z,23,0.0404585736038848,27613.666666666668,140.33333333333334,883954.0
2026-01-13T00:00:00.000Z,23,0.0940356210980734,27895.833333333332,0.0,3814262.1666666665
2026-02-27T00:00:00.000Z,29,0.5885727271216656,28203.222222222223,0.0,12526923.333333334
2026-02-22T00:00:00.000Z,28,0.0317228237387128,28189.130434782608,1027.0434782608695,2547553.7391304346
2026-02-24T00:00:00.000Z,24,0.0955385308541203,28079.11111111111,806.5555555555555,1786229.5555555555
2026-02-22T00:00:00.000Z,29,0.0452627243669648,28025.11111111111,540.7777777777778,4302562.555555556
2026-02-27T00:00:00.000Z,24,0.6686251347514331,28230.777777777777,0.0,12308716.555555556
2026-02-22T00:00:00.000Z,24,0.0266022636850655,28010.777777777777,842.6666666666666,3270478.6666666665
2026-02-27T00:00:00.000Z,28,0.5854222523643051,28364.17391304348,0.0,12355887.652173912
2026-02-24T00:00:00.000Z,28,0.0147640364433247,28240.217391304348,749.8260869565217,1877495.1739130437
2026-02-24T00:00:00.000Z,29,0.1280830866648671,28108.555555555555,405.1111111111111,2194970.5555555555
2026-01-10T00:00:00.000Z,35,0.0344984331249327,27197.666666666668,581.3333333333334,2429592.3333333335
2026-01-03T00:00:00.000Z,35,0.2295179094871851,26853.4,20.6,5064186.133333334
2026-01-05T00:00:00.000Z,35,0.2841815722149091,26423.0,2.533333333333333,5216639.266666667
2026-01-25T00:00:00.000Z,12,0.0320360600029028,27056.842105263157,892.4736842105264,2763793.052631579
2026-01-20T00:00:00.000Z,5,0.5888352708500924,27146.363636363636,0.0,6139234.090909091
2026-01-25T00:00:00.000Z,5,0.0287467623179212,27146.727272727272,735.0909090909091,3037634.727272727
2026-01-25T00:00:00.000Z,3,0.0251969743739241,27200.0,905.5,2858429.625
2026-01-20T00:00:00.000Z,12,0.5773796129362634,27104.736842105263,0.0,6098869.421052632
2026-01-20T00:00:00.000Z,3,0.53447094695781,27152.375,0.0,6198518.375
2026-01-23T00:00:00.000Z,12,0.5555938545615623,26983.57894736842,1.3157894736842106,6163648.684210527
2026-01-23T00:00:00.000Z,3,0.468542627585557,27134.0,6.125,6306931.25
2026-01-23T00:00:00.000Z,5,0.5833889390187247,27167.636363636364,3.5454545454545454,6139020.0
2026-01-23T00:00:00.000Z,27,0.2523084668709451,27433.777777777777,127.22222222222224,5376278.555555556
2026-01-23T00:00:00.000Z,28,0.3114928305514919,27379.391304347828,73.6086956521739,5401512.391304348
2026-01-18T00:00:00.000Z,26,0.1637824257724016,27210.1875,109.8125,6331968.8125
2026-01-18T00:00:00.000Z,34,0.1435446935717231,27170.214285714286,105.5,6325240.571428572
2026-01-15T00:00:00.000Z,26,0.2895206450705945,27718.375,71.5625,5714019.4375
2026-01-15T00:00:00.000Z,30,0.3734740297069339,27624.272727272728,93.72727272727272,6027406.090909091
2026-01-18T00:00:00.000Z,30,0.2582056123308907,27202.272727272728,72.45454545454545,6189819.363636363
2026-01-13T00:00:00.000Z,34,0.2006818987005934,27475.0,0.0,4830129.214285715
2026-01-12T00:00:00.000Z,34,0.017284180742851,27409.0,126.78571428571428,2060516.642857143
2026-01-12T00:00:00.000Z,26,0.0142194543460958,27498.5,133.75,1715712.1875
2026-01-15T00:00:00.000Z,34,0.3484766978762397,27602.714285714286,64.42857142857143,5946457.785714285
2026-01-13T00:00:00.000Z,30,0.0897996666889222,27550.545454545456,0.0,4920865.7272727275
2026-01-13T00:00:00.000Z,26,0.2930502609195723,27615.5625,0.0,4814104.75
2026-01-12T00:00:00.000Z,30,0.0213801332961071,27442.636363636364,158.8181818181818,1952849.7272727273
2026-03-04T00:00:00.000Z,16,0.575215579243958,28023.88888888889,0.0,13217081.222222222
2026-03-06T00:00:00.000Z,28,0.3233546639126132,28085.869565217392,0.0,12878490.0
2026-03-06T00:00:00.000Z,16,0.3502707724691811,28089.666666666668,0.0,13061481.111111112
2026-03-04T00:00:00.000Z,28,0.6067115446227248,27997.217391304348,0.0,13446659.91304348
2026-01-23T00:00:00.000Z,42,0.1391545564598395,27054.85,1.9,6720392.35
2026-01-25T00:00:00.000Z,43,0.0098024195968991,27231.92307692308,242.3846153846154,3315612.769230769
2026-01-20T00:00:00.000Z,42,0.4487310829235729,27037.6,0.0,6434571.15
2026-01-25T00:00:00.000Z,42,0.009443339545096,27247.7,432.3,2653102.9
2026-01-23T00:00:00.000Z,40,0.0493046695568822,27024.666666666668,0.6111111111111112,6673019.388888889
2026-01-23T00:00:00.000Z,43,0.1696801150064643,27012.153846153848,4.230769230769231,6578023.0
2026-01-20T00:00:00.000Z,43,0.4391893289326127,27035.07692307692,0.0,6520307.230769231
2026-03-01T00:00:00.000Z,24,0.4054854179296332,27813.333333333332,103.66666666666669,8987475.0
2026-03-06T00:00:00.000Z,29,0.3897585165838556,28037.222222222223,0.0,13122720.111111112
2026-03-04T00:00:00.000Z,24,0.6827623978067782,27832.444444444445,0.0,13319164.444444444
2026-03-04T00:00:00.000Z,29,0.5567243745273278,27788.555555555555,0.0,13465554.222222222
2026-03-06T00:00:00.000Z,24,0.4643363819557278,28026.666666666668,0.0,13004221.888888888
2026-03-01T00:00:00.000Z,28,0.4347224513802901,27953.347826086956,44.08695652173913,10488307.391304348
2026-03-01T00:00:00.000Z,29,0.3421033455659322,27785.11111111111,183.88888888888889,7939175.444444444
2026-02-22T00:00:00.000Z,20,0.0151032318119807,28253.0625,1736.375,1355175.4375
2026-02-27T00:00:00.000Z,18,0.3304849358090986,28344.0,0.0,11656233.0
2026-02-22T00:00:00.000Z,18,0.0262880410826407,28335.0,1325.0,1314190.0
2026-02-27T00:00:00.000Z,20,0.4856153926659504,28324.875,0.0,11831892.5
2026-03-29T00:00:00.000Z,18,0.0009542206586837894,27858.0,45.0,9164744.0
2026-03-26T00:00:00.000Z,18,0.2154269480376162,27731.0,105.0,14837883.0
2026-02-27T00:00:00.000Z,21,0.5623191960025039,28463.0,0.0,12126521.0
2026-02-27T00:00:00.000Z,23,0.5379184777856976,28427.833333333332,0.0,12129380.333333334
2026-02-22T00:00:00.000Z,21,0.023672095163009,28240.0,901.0,2258700.0
2026-02-24T00:00:00.000Z,23,0.0099476533542824,28229.166666666668,1028.6666666666667,1219054.3333333333
2026-02-27T00:00:00.000Z,1,0.4760953900576972,28291.25,0.0,12215358.0
2026-02-24T00:00:00.000Z,21,0.0046190020782123,28246.0,1087.0,1250474.0
2026-02-27T00:00:00.000Z,22,0.6556209282460628,28307.545454545456,0.0,12197416.727272728
2026-02-22T00:00:00.000Z,1,0.044229380563601,28143.0,865.375,2944724.25
2026-02-24T00:00:00.000Z,22,0.0135116379404863,28108.545454545456,979.3636363636364,1559827.5454545454
2026-02-22T00:00:00.000Z,23,0.0236419734745489,28232.166666666668,917.3333333333334,2270907.1666666665
2026-02-22T00:00:00.000Z,22,0.028992526659719,28080.81818181818,956.4545454545456,2810521.727272727
2026-02-24T00:00:00.000Z,1,0.0052704890579575,28144.75,805.5,1389253.25
2026-01-30T00:00:00.000Z,19,0.0477541350190821,27324.64285714286,12.357142857142858,6574490.785714285
2026-02-02T00:00:00.000Z,10,0.0092342529884886,27280.875,18.75,5604640.5
2026-01-28T00:00:00.000Z,10,-0.0095507455398102,27413.3125,384.0625,1709201.375
2026-01-28T00:00:00.000Z,19,0.0339459951040181,27421.214285714286,408.6428571428572,1399507.2857142857
2026-02-02T00:00:00.000Z,19,0.0073602440596487,27304.64285714286,82.92857142857143,5679863.571428572
2026-01-30T00:00:00.000Z,10,0.0050013659598663,27286.5625,5.125,6486536.9375
2026-02-27T00:00:00.000Z,2,0.4700744313805448,28318.2,0.0,12302080.4
2026-02-24T00:00:00.000Z,2,0.0067983253483633,28177.4,1178.2,990047.0
2026-02-22T00:00:00.000Z,12,0.0558992495939107,28098.684210526317,1159.9473684210527,2128522.5789473685
2026-02-27T00:00:00.000Z,5,0.5711866601388541,28229.727272727272,0.0,12176284.727272728
2026-02-22T00:00:00.000Z,5,0.0401481655739258,28178.090909090908,1298.2727272727273,2274014.8181818184
2026-02-22T00:00:00.000Z,2,0.0839845448849788,28183.0,886.2,2984702.8
2026-02-24T00:00:00.000Z,3,0.0119470510254264,28094.5,1511.375,978668.5
2026-02-24T00:00:00.000Z,5,0.0263473248303801,28127.18181818182,1279.090909090909,1153163.2727272727
2026-02-24T00:00:00.000Z,12,0.031034929478383,27999.052631578947,1231.6842105263158,1729016.1578947369
2026-02-27T00:00:00.000Z,3,0.5233716154494733,28249.375,0.0,12309533.875
2026-02-27T00:00:00.000Z,12,0.5957652514776065,28196.684210526317,0.0,12090132.368421054
2026-02-22T00:00:00.000Z,3,0.115895043120423,28125.375,974.5,2891890.0
2026-02-22T00:00:00.000Z,37,0.0285495678791559,28039.1,516.2,4204497.1
2026-02-24T00:00:00.000Z,36,0.024498731710189,28170.625,506.5,1431287.75
2026-02-22T00:00:00.000Z,36,0.0383901933525298,28131.375,626.625,3573133.5
2026-02-27T00:00:00.000Z,36,0.4954619724810082,28273.0,0.0,12415489.625
2026-02-24T00:00:00.000Z,37,0.0245365470226184,28100.0,380.4,1751898.0
2026-02-27T00:00:00.000Z,37,0.5458622354246371,28185.9,0.0,12668225.5
2026-01-28T00:00:00.000Z,9,0.034218294823853,27410.764705882353,228.0,2799750.588235294
2026-02-02T00:00:00.000Z,5,0.0311933182269873,27341.909090909092,138.27272727272728,6332272.909090909
2026-02-02T00:00:00.000Z,8,0.0102727660077359,27322.444444444445,53.77777777777778,5745710.0
2026-01-30T00:00:00.000Z,9,0.0467465725941131,27295.941176470587,6.9411764705882355,6202408.05882353
2026-02-02T00:00:00.000Z,7,0.0091577214490099,27414.058823529413,122.6470588235294,5813209.05882353
2026-01-30T00:00:00.000Z,7,0.2046644192145685,27443.529411764703,22.058823529411764,6386233.529411765
2026-02-02T00:00:00.000Z,9,0.005543774560865,27245.0,53.64705882352941,6029758.05882353
2026-01-28T00:00:00.000Z,8,0.0133308410291936,27442.0,321.44444444444446,1936347.0
2026-01-30T00:00:00.000Z,8,0.0527164358162039,27349.555555555555,7.111111111111111,6436812.888888889
2026-01-30T00:00:00.000Z,5,0.3009618243207186,27392.81818181818,25.545454545454547,6046915.636363637
2026-01-28T00:00:00.000Z,7,0.0542762461047238,27508.17647058823,373.52941176470586,1760359.5882352942
2026-01-28T00:00:00.000Z,5,0.0290607015959751,27473.909090909092,312.90909090909093,3100264.5454545454
2026-03-01T00:00:00.000Z,23,0.406552075326792,28020.833333333332,25.666666666666668,10758987.333333334
2026-03-04T00:00:00.000Z,23,0.5354089262594697,28060.833333333332,0.0,13098404.166666666
2026-03-06T00:00:00.000Z,21,0.3142221494591232,28137.0,0.0,13284961.0
2026-03-06T00:00:00.000Z,15,0.2926760270063637,28143.071428571428,0.0,13122015.785714284
2026-03-04T00:00:00.000Z,21,0.551484615531419,28081.0,0.0,13113138.0
2026-03-04T00:00:00.000Z,15,0.4792580300803526,28101.428571428572,0.0,12930141.857142856
2026-03-01T00:00:00.000Z,15,0.4406235187186089,28074.5,3.5714285714285716,11300261.357142856
2026-03-01T00:00:00.000Z,21,0.4152341067811651,28030.0,21.0,10956794.0
2026-03-06T00:00:00.000Z,23,0.3292823690218521,28128.166666666668,0.0,13311567.666666666
2026-03-21T00:00:00.000Z,19,0.1816629955663967,28001.928571428572,139.35714285714286,13203937.57142857
2026-03-19T00:00:00.000Z,10,0.4465235989660142,27963.8125,0.0,15964782.8125
2026-03-16T00:00:00.000Z,19,0.0800111892905612,27711.0,620.7857142857143,9022625.285714284
2026-03-16T00:00:00.000Z,10,0.153092856711688,27685.875,443.5,9573196.3125
2026-03-19T00:00:00.000Z,19,0.5038371364931603,28032.5,0.0,16336988.285714284
2026-03-21T00:00:00.000Z,10,0.1545297239757962,27962.9375,166.4375,13595088.4375
2026-03-14T00:00:00.000Z,7,0.0326453814582028,27855.470588235297,643.5294117647059,5508872.588235294
2026-03-13T00:00:00.000Z,4,0.3813102827465444,28284.0,0.0,14586799.5
2026-03-11T00:00:00.000Z,5,0.1218007460433663,28231.636363636364,902.9090909090908,10508405.636363637
2026-03-13T00:00:00.000Z,7,0.3126312297822375,28252.58823529412,1.9411764705882353,14163360.23529412
2026-03-11T00:00:00.000Z,4,0.0778974797099018,28288.75,917.5,9787758.25
2026-03-09T00:00:00.000Z,7,0.387856999973361,28171.58823529412,0.0,13398569.88235294
2026-03-11T00:00:00.000Z,7,0.0532870900760844,28260.0,841.3529411764706,9467901.88235294
2026-03-09T00:00:00.000Z,4,0.3843684565714859,28173.5,11.5,13055748.5
2026-03-13T00:00:00.000Z,5,0.562052995196157,28195.909090909092,0.0,14856968.272727272
2026-03-14T00:00:00.000Z,5,0.0262186273143143,27799.636363636364,689.7272727272727,4649191.818181818
2026-03-14T00:00:00.000Z,4,0.0318637923822489,27847.375,797.5,5070994.375
2026-03-09T00:00:00.000Z,5,0.4945654890192952,28101.727272727272,3.0,12914897.090909092
2026-03-16T00:00:00.000Z,36,0.0941187144590118,27728.875,193.75,9100940.875
2026-03-19T00:00:00.000Z,36,0.5068094795079531,27948.625,0.0,16824359.25
2026-03-16T00:00:00.000Z,1,0.2221121027610772,27751.375,353.125,10133655.25
2026-03-19T00:00:00.000Z,2,0.4837386821343767,27965.6,0.0,16472904.6
2026-03-21T00:00:00.000Z,36,0.1512952448400717,27937.375,135.75,13606599.0
2026-03-21T00:00:00.000Z,35,0.2797715120523936,27786.666666666668,244.2,14218196.2
2026-03-21T00:00:00.000Z,2,0.2140987657507538,27931.4,226.4,13521116.8
2026-03-16T00:00:00.000Z,2,0.2616192513869636,27769.8,313.4,10502447.4
2026-03-21T00:00:00.000Z,1,0.0912036557370383,27941.25,111.125,13042512.125
2026-03-19T00:00:00.000Z,35,0.5114413064258416,27810.8,0.0,16600166.533333331
2026-03-16T00:00:00.000Z,35,0.0618954338169406,27605.2,244.33333333333337,9403282.4
2026-03-19T00:00:00.000Z,1,0.4406405354026226,27970.375,0.0,16695346.625
2026-03-21T00:00:00.000Z,22,0.1700434173297896,27897.909090909092,96.72727272727272,13103235.272727272
2026-03-19T00:00:00.000Z,22,0.6394370049167791,27939.0,0.0,16778429.181818184
2026-03-16T00:00:00.000Z,22,0.1729233555947764,27696.18181818182,385.27272727272725,9152886.363636363
2026-02-02T00:00:00.000Z,22,0.0496693043693512,27427.636363636364,194.8181818181818,6197060.7272727275
2026-02-02T00:00:00.000Z,13,0.1077991976622347,27546.0,125.0,5864055.5
2026-02-02T00:00:00.000Z,24,0.0788153504181447,27473.666666666668,345.8888888888889,5674267.555555556
2026-01-28T00:00:00.000Z,13,0.0153709840140006,27576.0,755.0,1399872.0
2026-01-28T00:00:00.000Z,22,0.0335545132717012,27481.18181818182,548.0,2352180.0
2026-01-30T00:00:00.000Z,16,0.1849970432809323,27451.444444444445,73.33333333333333,6196180.777777778
2026-01-30T00:00:00.000Z,22,0.1147824794753492,27363.18181818182,66.9090909090909,6274775.545454546
2026-01-28T00:00:00.000Z,16,0.0129819396982459,27572.333333333332,818.7777777777778,1339510.3333333333
2026-01-30T00:00:00.000Z,24,0.0818979074829045,27307.777777777777,83.33333333333333,5635458.333333333
2026-01-28T00:00:00.000Z,24,0.0271716050775991,27506.333333333332,594.8888888888889,2295599.4444444445
2026-02-02T00:00:00.000Z,16,0.0921548093711332,27564.88888888889,135.77777777777777,5871127.111111111
2026-03-26T00:00:00.000Z,37,0.0262616345582728,27303.8,661.8,15057271.7
2026-03-31T00:00:00.000Z,36,0.0706404808408524,27533.875,236.0,14862240.0
2026-03-29T00:00:00.000Z,35,0.1170725782823111,27482.533333333333,77.6,11313470.866666667
2026-03-31T00:00:00.000Z,37,0.0560178400061165,27344.1,217.8,15099349.9
2026-03-26T00:00:00.000Z,36,0.0619400183908634,27460.75,692.875,14695271.875
2026-03-29T00:00:00.000Z,37,0.077021445491495,27455.5,58.9,12453042.0
2026-03-29T00:00:00.000Z,36,0.1617784760647933,27610.375,53.875,11707492.125
2026-03-26T00:00:00.000Z,35,0.0579781316352252,27347.533333333333,567.0666666666667,14842810.733333332
2026-03-31T00:00:00.000Z,35,0.041546474277421,27420.8,228.33333333333337,15082625.066666666
2026-04-03T00:00:00.000Z,16,0.1705155306390646,28206.88888888889,25.444444444444443,11396973.444444444
2026-04-05T00:00:00.000Z,16,0.5487323011958145,28593.222222222223,2.3333333333333335,18223082.888888888
2026-04-03T00:00:00.000Z,28,0.318527158762601,28173.217391304348,12.173913043478262,12231804.43478261
2026-04-05T00:00:00.000Z,28,0.2894323710796236,28646.652173913044,9.0,18691826.0
2026-03-16T00:00:00.000Z,16,0.029718907114621,27839.222222222223,308.44444444444446,7759619.777777778
2026-03-19T00:00:00.000Z,28,0.5647276408016505,28059.869565217392,0.0,17042618.95652174
2026-03-16T00:00:00.000Z,28,0.0489842343226301,27817.130434782608,251.30434782608697,6211358.130434782
2026-03-19T00:00:00.000Z,16,0.5330852312817214,28076.666666666668,0.0,16853344.888888888
2026-04-03T00:00:00.000Z,23,0.3470639068052265,28226.333333333332,22.333333333333332,12983474.833333334
2026-04-02T00:00:00.000Z,15,0.5666190897466772,28020.714285714286,0.0,19727811.14285714
2026-04-02T00:00:00.000Z,23,0.590705905112526,27928.333333333332,0.0,19857431.0
2026-04-05T00:00:00.000Z,23,0.5265457291305053,28624.0,0.0,17811831.0
2026-04-05T00:00:00.000Z,21,0.4994133031291133,28625.0,0.0,17823060.0
2026-04-03T00:00:00.000Z,21,0.4080954667130024,28227.0,23.0,12763347.0
2026-04-05T00:00:00.000Z,15,0.5045522163089492,28636.714285714286,0.0,17108710.07142857
2026-04-03T00:00:00.000Z,15,0.1049182437249846,28311.285714285714,23.0,12286474.642857144
2026-04-02T00:00:00.000Z,21,0.5842023799706049,27921.0,0.0,19871702.0
2026-02-19T00:00:00.000Z,10,0.0199868276786899,27313.9375,957.875,2687179.1875
2026-02-14T00:00:00.000Z,10,0.0177318371010331,27448.75,151.1875,2614461.0
2026-02-12T00:00:00.000Z,10,0.138025834038158,27982.6875,1086.1875,3189743.5
2026-02-17T00:00:00.000Z,10,0.0172342328681079,27551.1875,886.625,5575230.625
2026-02-24T00:00:00.000Z,9,0.0864384890427184,28029.941176470587,928.2352941176472,2258770.1764705884
2026-02-22T00:00:00.000Z,9,0.0163523993988067,28110.17647058823,1265.1764705882354,1711154.1176470588
2026-02-24T00:00:00.000Z,8,0.1494044542515883,28092.444444444445,798.4444444444445,2261644.888888889
2026-02-27T00:00:00.000Z,8,0.4644609361841267,28254.444444444445,0.0,11914117.555555556
2026-02-27T00:00:00.000Z,9,0.5130996434208986,28235.58823529412,0.0,11982956.0
2026-02-22T00:00:00.000Z,8,0.0118559998363489,28171.0,1286.3333333333333,1468960.4444444445
2026-03-31T00:00:00.000Z,8,0.0500190062302739,27706.555555555555,139.88888888888889,13136071.888888888
2026-03-29T00:00:00.000Z,8,0.2978420277626895,27699.0,30.77777777777778,11886919.111111112
2026-03-29T00:00:00.000Z,9,0.2769349489419581,27659.352941176472,31.647058823529413,12049426.411764706
2026-03-31T00:00:00.000Z,9,0.0867914799679984,27641.941176470587,159.23529411764707,12654673.176470589
2026-03-26T00:00:00.000Z,8,0.085149086919666,27543.444444444445,227.66666666666663,13953338.333333334
2026-03-26T00:00:00.000Z,9,0.2749904935586458,27490.470588235297,313.7647058823529,13657692.23529412
2026-02-14T00:00:00.000Z,12,0.017068003509195,27469.684210526317,389.2105263157895,2036495.4210526317
2026-02-17T00:00:00.000Z,12,0.0572856862252724,27506.21052631579,800.578947368421,6361245.263157895
2026-02-14T00:00:00.000Z,3,0.0181435138539394,27504.0,488.25,2046690.625
2026-02-17T00:00:00.000Z,3,0.1159571620834474,27526.375,543.125,7441429.625
2026-02-17T00:00:00.000Z,5,0.0338852599278724,27590.909090909092,633.4545454545455,7050859.818181818
2026-02-12T00:00:00.000Z,3,0.0590317474090421,27916.625,1451.0,3601810.25
2026-02-19T00:00:00.000Z,3,0.023941574833552,27386.875,684.25,3157711.75
2026-02-12T00:00:00.000Z,12,0.0853683847109321,27893.947368421053,1135.3684210526317,3975108.789473684
2026-02-12T00:00:00.000Z,5,0.0194789882288795,27993.272727272728,1342.6363636363635,3388466.636363636
2026-02-14T00:00:00.000Z,5,0.0198976849078074,27538.636363636364,399.3636363636364,1876415.0909090908
2026-02-19T00:00:00.000Z,12,0.0210323833249719,27289.36842105263,880.1578947368421,2532243.736842105
2026-02-19T00:00:00.000Z,5,0.0233248764285118,27436.636363636364,746.4545454545455,3167342.0
2026-03-13T00:00:00.000Z,11,0.5269679540260044,28008.714285714286,0.0,15288214.42857143
2026-03-09T00:00:00.000Z,3,0.4846751957741142,28045.375,29.625,12543323.75
2026-03-11T00:00:00.000Z,3,0.0511481177869496,28205.375,878.5,11554563.875
2026-03-14T00:00:00.000Z,3,0.0263733466078652,27715.125,614.25,4516514.0
2026-03-14T00:00:00.000Z,12,0.0269172615772045,27746.36842105263,418.89473684210526,4955748.105263158
2026-03-11T00:00:00.000Z,11,0.0802633860418823,28165.571428571428,598.7142857142857,12531583.285714284
2026-03-14T00:00:00.000Z,11,0.0275059668724366,27694.285714285714,378.2857142857143,5561120.285714285
2026-03-11T00:00:00.000Z,12,0.0656295974861019,28184.36842105263,779.0526315789474,11905904.52631579
2026-03-13T00:00:00.000Z,12,0.5699684841053148,28102.473684210527,0.0,15076304.47368421
2026-03-13T00:00:00.000Z,3,0.5667467020464024,28139.125,0.0,15210615.0
2026-03-09T00:00:00.000Z,11,0.4512015508677388,27969.571428571428,33.42857142857143,12421934.714285716
2026-03-09T00:00:00.000Z,12,0.540457322097626,28054.473684210527,12.578947368421051,12536026.263157897
2026-03-06T00:00:00.000Z,39,0.3978011394217385,27891.722222222223,0.0,13763843.055555556
2026-03-01T00:00:00.000Z,11,0.0504501395322175,27789.285714285714,114.57142857142856,7452057.285714285
2026-03-04T00:00:00.000Z,39,0.2465058289282005,27737.88888888889,0.0,12631880.055555556
2026-03-01T00:00:00.000Z,39,0.033081141816385,27771.444444444445,193.38888888888889,6963922.111111111
2026-03-06T00:00:00.000Z,3,0.4806107813158707,27996.875,0.0,13650631.875
2026-03-04T00:00:00.000Z,11,0.49914188377982,27760.428571428572,0.0,12153687.57142857
2026-03-04T00:00:00.000Z,3,0.4539009993079272,27871.375,0.0,12721357.5
2026-03-06T00:00:00.000Z,11,0.4034245610873678,27814.85714285714,0.0,13727083.285714284
2026-03-01T00:00:00.000Z,3,0.3704454142498417,27874.125,144.625,7872863.875
2026-04-05T00:00:00.000Z,9,0.5318186806859716,28531.117647058825,0.0,17315369.17647059
2026-04-05T00:00:00.000Z,5,0.4426445851778161,28574.81818181818,0.0,17701506.181818184
2026-04-05T00:00:00.000Z,12,0.3594090540397231,28544.0,6.473684210526316,17911073.47368421
2026-04-02T00:00:00.000Z,5,0.620632690193335,27833.909090909092,0.0,19440082.90909091
2026-04-03T00:00:00.000Z,5,0.1055683465907458,28135.545454545456,21.90909090909091,14063988.454545457
2026-04-03T00:00:00.000Z,9,0.1606094800643875,28095.41176470588,17.647058823529413,13960222.352941176
2026-04-02T00:00:00.000Z,12,0.6051023661957632,27732.78947368421,0.0,18681802.0
2026-04-03T00:00:00.000Z,12,0.183600927974285,28064.57894736842,11.36842105263158,13955096.842105264
2026-02-19T00:00:00.000Z,29,0.0309200867000817,27475.222222222223,527.8888888888889,4526956.444444444
2026-02-14T00:00:00.000Z,28,0.0206289119655093,27563.956521739132,537.5652173913044,3039204.1304347827
2026-02-14T00:00:00.000Z,29,0.0165268799459551,27445.0,520.8888888888889,3443254.6666666665
2026-02-17T00:00:00.000Z,28,0.2022044752970557,27527.82608695652,595.6521739130435,7030491.0
2026-02-17T00:00:00.000Z,30,0.0922124300943099,27276.0,683.5454545454545,7829726.818181818
2026-02-12T00:00:00.000Z,28,0.0257599141957431,28030.08695652174,1877.9130434782608,2362412.086956522
2026-02-17T00:00:00.000Z,27,0.2672612321166935,27472.777777777777,759.8888888888889,7413585.444444444
2026-02-12T00:00:00.000Z,29,0.0245825828779738,27858.333333333332,2124.777777777778,2866063.111111111
2026-02-12T00:00:00.000Z,27,0.0225600242877173,28001.444444444445,2135.222222222222,2175927.777777778
2026-02-19T00:00:00.000Z,28,0.0350511181571725,27712.217391304348,441.17391304347825,3705766.565217391
2026-02-17T00:00:00.000Z,29,0.1128666604977202,27376.777777777777,604.3333333333334,7608829.555555556
2026-02-12T00:00:00.000Z,30,0.0267678051677596,27780.272727272728,2133.0,2677007.727272727
2026-02-14T00:00:00.000Z,30,0.0163741643358845,27405.81818181818,502.54545454545456,3502940.727272727
2026-02-19T00:00:00.000Z,30,0.0250058626509531,27402.090909090908,676.2727272727273,4664414.0
2026-02-22T00:00:00.000Z,25,0.0888459920524242,28214.666666666668,514.6666666666666,3723821.0
2026-02-27T00:00:00.000Z,34,0.5617562621560651,28215.85714285714,0.0,12951218.5
2026-02-22T00:00:00.000Z,26,0.0558333372754928,28045.8125,309.6875,5633267.375
2026-02-22T00:00:00.000Z,34,0.0455346171629313,27969.214285714286,212.6428571428571,7278289.928571428
2026-02-27T00:00:00.000Z,33,0.5608914983294534,28277.0,0.0,12833576.888888888
2026-02-22T00:00:00.000Z,33,0.0541538367214566,28087.777777777777,259.0,6672867.888888889
2026-02-27T00:00:00.000Z,26,0.5773574595199779,28245.5,0.0,12889654.8125
2026-02-27T00:00:00.000Z,25,0.5219760996962955,28373.0,0.0,12676142.666666666
2026-02-24T00:00:00.000Z,34,0.0482178381215577,28125.214285714286,121.85714285714286,3442990.4285714286
2026-02-27T00:00:00.000Z,30,0.5925154465395596,28148.18181818182,0.0,12831797.454545457
2026-02-24T00:00:00.000Z,30,0.1108246317497546,28047.909090909092,258.54545454545456,2630534.909090909
2026-02-22T00:00:00.000Z,30,0.0451134115985851,27931.909090909092,378.8181818181818,5116960.818181818
2026-03-29T00:00:00.000Z,27,0.3431561230175213,27612.666666666668,29.555555555555557,12324230.666666666
2026-03-26T00:00:00.000Z,26,0.0390676456642641,27340.0,639.375,12853001.0625
2026-03-26T00:00:00.000Z,27,0.0246293227266858,27435.11111111111,697.1111111111111,13186182.888888888
2026-03-29T00:00:00.000Z,26,0.1904725609859706,27505.875,52.3125,12678173.6875
2026-03-29T00:00:00.000Z,25,0.3283179389354258,27684.0,22.666666666666668,12016044.333333334
2026-03-26T00:00:00.000Z,25,0.0273764905863427,27531.333333333332,616.6666666666666,12761002.666666666
2026-03-04T00:00:00.000Z,33,0.56180024138735,27926.11111111111,0.0,13897601.444444444
2026-03-06T00:00:00.000Z,33,0.3184138406211237,28095.555555555555,0.0,13034904.0
2026-03-04T00:00:00.000Z,26,0.5639158849385703,27875.5625,0.0,13945680.8125
2026-03-06T00:00:00.000Z,34,0.3620264528556997,28020.5,0.0,13243254.857142856
2026-03-04T00:00:00.000Z,25,0.5133181301087945,28078.333333333332,0.0,13777995.333333334
2026-03-06T00:00:00.000Z,25,0.3452353131540733,28172.0,0.0,12893128.0
2026-03-06T00:00:00.000Z,26,0.342352660223855,28038.375,0.0,13108584.8125
2026-03-04T00:00:00.000Z,34,0.5632775133562089,27828.0,0.0,13954025.357142856
2026-03-01T00:00:00.000Z,34,0.069245469001117,27804.14285714286,213.57142857142856,7294651.357142857
2026-03-01T00:00:00.000Z,30,0.1709336020673396,27733.090909090908,203.9090909090909,7803298.272727272
2026-03-06T00:00:00.000Z,30,0.2794103730522224,27990.545454545456,0.0,13225921.363636363
2026-03-01T00:00:00.000Z,26,0.1779383656114694,27850.625,132.625,8874394.375
2026-03-04T00:00:00.000Z,30,0.5462995743745139,27740.272727272728,0.0,13813389.090909092
2026-02-07T00:00:00.000Z,37,0.4511314617202705,27697.7,2.0,7257519.8
2026-02-07T00:00:00.000Z,31,0.352628917182595,27609.444444444445,2.3333333333333335,7891019.777777778
2026-02-09T00:00:00.000Z,31,0.0313144459409687,27358.0,3.111111111111111,5988661.888888889
2026-02-09T00:00:00.000Z,37,0.0421822664258925,27420.3,4.1,5437472.2
2026-02-04T00:00:00.000Z,37,0.0562174933911945,27248.0,0.0,6019092.8
2026-02-09T00:00:00.000Z,43,0.0156133532231864,27347.92307692308,5.846153846153846,4911096.230769231
2026-02-04T00:00:00.000Z,31,0.0531207424755498,27171.222222222223,0.0,6106041.666666667
2026-02-04T00:00:00.000Z,43,0.0465020641121072,27162.30769230769,0.0,5792496.461538462
2026-02-07T00:00:00.000Z,43,0.1441099762879793,27606.30769230769,11.384615384615383,7155115.461538462
2026-02-17T00:00:00.000Z,35,0.0501923585911045,27421.6,395.0,7680612.266666667
2026-02-17T00:00:00.000Z,40,0.0569991965595534,27409.277777777777,492.55555555555554,7342221.944444444
2026-02-14T00:00:00.000Z,40,0.0347867331385161,27450.11111111111,522.0555555555555,3545566.388888889
2026-02-19T00:00:00.000Z,40,0.0231190583038086,27335.944444444445,541.5555555555555,3480870.4444444445
2026-02-12T00:00:00.000Z,39,0.0357196748494814,27807.61111111111,1324.2777777777778,3691418.444444445
2026-02-14T00:00:00.000Z,39,0.0200880146471332,27442.277777777777,483.8888888888889,2859232.1666666665
2026-02-17T00:00:00.000Z,39,0.0391747546762499,27444.222222222223,459.77777777777777,7527120.111111111
2026-02-19T00:00:00.000Z,39,0.0244383319283577,27302.38888888889,671.1111111111111,3371428.3333333335
2026-02-12T00:00:00.000Z,35,0.0252747149140009,27827.133333333335,1554.8666666666666,3406606.3333333335
2026-02-12T00:00:00.000Z,40,0.0291267898831806,27781.222222222223,1278.9444444444443,3554252.277777778
2026-02-14T00:00:00.000Z,35,0.0149699147393682,27437.133333333335,491.53333333333336,2932049.8
2026-02-19T00:00:00.000Z,35,0.0209542435035057,27382.466666666667,481.2,3799062.3333333335
2026-02-14T00:00:00.000Z,32,0.0368123537963534,27554.272727272728,544.9090909090909,3987032.090909091
2026-02-12T00:00:00.000Z,43,0.0267901487154772,27738.384615384617,1445.8461538461538,3226221.153846154
2026-02-12T00:00:00.000Z,41,0.0199837805710457,27798.222222222223,1148.111111111111,3231134.888888889
2026-02-14T00:00:00.000Z,41,0.0567342345507998,27561.11111111111,618.0,3919164.888888889
2026-02-17T00:00:00.000Z,32,0.1933660619979642,27447.636363636364,486.54545454545456,6914903.0
2026-02-12T00:00:00.000Z,32,0.0283791336961157,27818.272727272728,1373.5454545454545,2951681.272727273
2026-02-19T00:00:00.000Z,41,0.0330892750240166,27507.0,316.44444444444446,3783500.888888889
2026-02-12T00:00:00.000Z,42,0.0237363588075024,27764.55,1299.65,3428233.9
2026-02-14T00:00:00.000Z,42,0.0457155996175979,27482.8,598.95,3724017.25
2026-02-19T00:00:00.000Z,43,0.0216329329979201,27369.76923076923,374.15384615384613,4104531.153846154
2026-02-17T00:00:00.000Z,42,0.0523501526109843,27382.15,1032.25,6263597.9
2026-02-19T00:00:00.000Z,42,0.0277271059198736,27429.4,380.75,3306365.45
2026-02-14T00:00:00.000Z,43,0.0330299126706176,27429.46153846154,486.46153846153845,3764223.769230769
2026-02-19T00:00:00.000Z,32,0.0273103099059122,27491.909090909092,401.8181818181818,4258459.7272727275
2026-02-17T00:00:00.000Z,41,0.0969325889509534,27469.11111111111,768.2222222222222,6290623.777777778
2026-02-17T00:00:00.000Z,43,0.0696634263372003,27353.846153846152,431.38461538461536,7329022.0
2026-03-06T00:00:00.000Z,35,0.3758890008930943,27957.8,0.0,13626053.8
2026-03-04T00:00:00.000Z,35,0.4426598029440305,27747.8,0.0,12986992.933333334
2026-03-01T00:00:00.000Z,35,0.2251613837496149,27775.2,223.06666666666663,7295841.066666666
2026-03-04T00:00:00.000Z,40,0.197529554962296,27675.555555555555,0.0,12969904.666666666
2026-03-09T00:00:00.000Z,31,0.2834313563723317,27931.0,435.8888888888889,12038829.111111112
2026-03-11T00:00:00.000Z,31,0.0976937672223452,28054.555555555555,760.6666666666666,11633953.888888888
2026-03-09T00:00:00.000Z,43,0.1664658296257044,27921.92307692308,350.46153846153845,12276273.307692308
2026-03-13T00:00:00.000Z,31,0.5870558112689686,27955.11111111111,0.0,15552403.444444444
2026-03-14T00:00:00.000Z,41,0.0223882106253635,27615.11111111111,1227.0,3518896.222222222
2026-03-13T00:00:00.000Z,41,0.5775367466115688,27961.11111111111,0.0,15884677.222222222
2026-03-14T00:00:00.000Z,43,0.0231424967801699,27510.69230769231,1035.6923076923076,4091887.615384615
2026-03-14T00:00:00.000Z,32,0.0249013009852217,27569.454545454544,1345.3636363636365,3662355.0
2026-03-13T00:00:00.000Z,43,0.5626583574853926,27921.92307692308,0.0,15734925.384615384
2026-03-09T00:00:00.000Z,41,0.1664503838959861,28057.0,61.666666666666664,12661588.444444444
2026-03-11T00:00:00.000Z,41,0.1070081559689487,28147.555555555555,433.44444444444446,12211045.333333334
2026-03-09T00:00:00.000Z,32,0.2102161232265602,28031.272727272728,240.54545454545453,12261425.454545457
2026-03-13T00:00:00.000Z,32,0.5339778604178215,27968.0,0.0,15775432.636363637
2026-03-11T00:00:00.000Z,32,0.1537936160362818,28128.454545454544,608.0,11858698.0
2026-03-14T00:00:00.000Z,31,0.0184223673938858,27480.88888888889,1269.6666666666667,4199214.0
2026-03-11T00:00:00.000Z,43,0.1329027403786502,28056.92307692308,638.8461538461538,12027190.23076923
2026-02-17T00:00:00.000Z,34,0.0852756636936296,27357.85714285714,859.6428571428571,7185587.0
2026-02-19T00:00:00.000Z,34,0.0289753426149694,27505.785714285714,932.1428571428572,4115264.0714285714
2026-02-12T00:00:00.000Z,34,0.024463616239857,27831.14285714286,1848.7857142857144,2319665.785714286
2026-02-14T00:00:00.000Z,34,0.0291841798692816,27520.071428571428,605.2857142857143,3231533.5
2026-03-21T00:00:00.000Z,34,0.25619833576242,27892.928571428572,232.1428571428571,15074814.714285716
2026-03-16T00:00:00.000Z,34,0.0376786391624312,27584.428571428572,53.357142857142854,7175072.642857143
2026-03-19T00:00:00.000Z,34,0.5859729970376818,27882.785714285714,0.0,17510720.57142857
2026-02-27T00:00:00.000Z,41,0.5595043744850742,28118.444444444445,0.0,12820995.444444444
2026-02-22T00:00:00.000Z,41,0.0591119085623745,27978.88888888889,223.11111111111111,6753289.888888889
2026-02-24T00:00:00.000Z,41,0.0238562442334903,28078.222222222223,575.8888888888889,1853530.2222222225
2026-04-05T00:00:00.000Z,31,0.5652302003287049,28501.333333333332,27.333333333333332,18897504.888888888
2026-04-02T00:00:00.000Z,31,0.5079600079316755,27578.88888888889,0.0,18161962.222222224
2026-04-03T00:00:00.000Z,31,0.3174065391492628,27919.444444444445,0.4444444444444444,15920605.333333334
2026-04-03T00:00:00.000Z,43,0.4704836628141401,27953.92307692308,0.0,16135596.153846154
2026-04-02T00:00:00.000Z,43,0.5476603452273098,27615.153846153848,0.0,17454207.846153848
2026-04-05T00:00:00.000Z,43,0.4285645147891527,28491.46153846154,73.15384615384616,18767755.846153848
2026-02-09T00:00:00.000Z,42,0.1926234499482475,27398.8,1.15,5384782.75
2026-02-04T00:00:00.000Z,42,0.0378896821384985,27262.05,0.0,5051753.4
2026-03-01T00:00:00.000Z,38,0.0020658357832269,27784.0,151.0,6740886.0
2026-03-06T00:00:00.000Z,38,0.3169129196260898,27839.0,0.0,13783191.0
2026-03-14T00:00:00.000Z,42,0.021074399526122,27557.25,1021.1,4323882.85
2026-03-11T00:00:00.000Z,42,0.2826809381655075,28132.75,365.35,12565970.55
2026-03-13T00:00:00.000Z,42,0.6575745788381786,27923.9,0.0,16102000.85
2026-03-09T00:00:00.000Z,42,0.1906335838714638,28009.9,34.3,12756706.3
2026-03-31T00:00:00.000Z,24,0.0594715488188405,27422.555555555555,274.3333333333333,14714548.444444444
2026-03-26T00:00:00.000Z,24,0.0739229815865286,27310.555555555555,923.4444444444443,14586888.444444444
2026-03-26T00:00:00.000Z,29,0.048849815860108,27286.777777777777,742.1111111111111,14977394.444444444
2026-03-31T00:00:00.000Z,29,0.0375951683482639,27347.666666666668,216.33333333333337,15151941.777777778
2026-03-29T00:00:00.000Z,29,0.220995086346229,27464.222222222223,43.22222222222222,13125693.222222222
2026-03-29T00:00:00.000Z,24,0.3446686055375579,27518.333333333332,35.0,12130064.777777778
2026-03-26T00:00:00.000Z,28,0.1582626136819259,27507.043478260868,631.9565217391304,13481209.173913045
2026-03-29T00:00:00.000Z,28,0.2775702821955738,27645.956521739132,21.304347826086957,11662217.826086955
2026-03-31T00:00:00.000Z,28,0.0639042665956481,27625.434782608696,225.1304347826087,14376884.91304348
2026-02-19T00:00:00.000Z,7,0.0328932025842252,27458.058823529413,774.6470588235294,3304808.529411765
2026-02-14T00:00:00.000Z,4,0.0139660941532678,27577.25,488.5,1936590.375
2026-02-17T00:00:00.000Z,9,0.0381912052445111,27513.529411764703,990.1176470588236,6179531.470588235
2026-02-19T00:00:00.000Z,4,0.0275009468084914,27544.375,699.0,3566064.5
2026-02-12T00:00:00.000Z,7,0.028216936347294,28049.529411764703,1147.3529411764705,2671128.588235294
2026-02-17T00:00:00.000Z,4,0.1759592384595509,27650.375,515.0,7093334.875
2026-02-12T00:00:00.000Z,4,0.0233252185727333,28067.125,1292.0,3132395.25
2026-02-12T00:00:00.000Z,9,0.0935804460678165,27928.41176470588,1229.529411764706,3722082.2352941176
2026-02-14T00:00:00.000Z,9,0.0156059896857106,27463.17647058823,275.8235294117647,2319076.411764706
2026-02-19T00:00:00.000Z,9,0.0214981033039964,27310.647058823528,863.1176470588235,2503554.6470588236
2026-02-17T00:00:00.000Z,7,0.1077378562332614,27643.29411764706,744.0,6514581.352941177
2026-02-14T00:00:00.000Z,7,0.0183026781599741,27547.17647058823,263.11764705882354,2088225.294117647
2026-02-24T00:00:00.000Z,35,0.0080400496187297,28069.8,911.3333333333334,1258519.2
2026-02-22T00:00:00.000Z,35,0.0940950074908519,28036.733333333337,651.8,3746259.066666667
2026-02-27T00:00:00.000Z,35,0.4946003839688064,28188.866666666665,0.0,12567652.466666669
2026-03-06T00:00:00.000Z,2,0.3697869606530854,28041.8,0.0,13530521.0
2026-03-04T00:00:00.000Z,5,0.5466165643348139,27926.090909090908,0.0,12920483.454545457
2026-03-06T00:00:00.000Z,0,0.2762460760677874,28057.0,0.0,13395020.333333334
2026-03-01T00:00:00.000Z,0,0.1891165968410204,27966.0,56.0,9573710.666666666
2026-03-04T00:00:00.000Z,0,0.3916124800400685,27952.333333333332,0.0,12978609.333333334
2026-03-01T00:00:00.000Z,2,0.4184379542960553,27937.4,109.0,8564313.8
2026-03-04T00:00:00.000Z,4,0.4329020674051879,28018.25,0.0,13040802.875
2026-03-06T00:00:00.000Z,5,0.402420002684419,28018.909090909092,0.0,13513234.363636363
2026-03-01T00:00:00.000Z,5,0.327708367059819,27918.81818181818,38.90909090909091,9262962.363636363
2026-03-04T00:00:00.000Z,2,0.4124627836909808,27898.0,0.0,12969998.4
2026-03-06T00:00:00.000Z,4,0.3138103830502956,28104.5,0.0,13420987.125
2026-03-01T00:00:00.000Z,4,0.3166596658767965,28015.25,32.5,10017421.375
2026-03-26T00:00:00.000Z,1,0.1957623406552394,27503.75,573.625,13584911.75
2026-03-31T00:00:00.000Z,1,0.0839488599879975,27636.75,218.625,14338356.5
2026-03-29T00:00:00.000Z,1,0.283550361490883,27652.75,36.875,10847985.75
2026-04-05T00:00:00.000Z,10,0.5031350445332872,28535.9375,0.25,16226616.25
2026-04-03T00:00:00.000Z,19,0.2530534245001587,28171.5,30.071428571428573,12389475.285714284
2026-04-02T00:00:00.000Z,10,0.5409924882943421,27892.6875,0.0,19590232.0
2026-04-03T00:00:00.000Z,10,0.2884630610714039,28178.375,24.75,12695096.75
2026-04-05T00:00:00.000Z,19,0.5322749263876443,28493.428571428572,0.7857142857142857,16257329.0
2026-04-02T00:00:00.000Z,19,0.5845742087373066,27934.071428571428,0.0,19683226.14285714
2026-02-04T00:00:00.000Z,10,0.0409217697869012,27345.1875,0.0,6140561.75
2026-02-09T00:00:00.000Z,10,0.0815655003661375,27492.0,4.875,4103566.1875
2026-02-07T00:00:00.000Z,10,0.0070939093820381,27695.875,65.25,2724760.4375
2026-02-04T00:00:00.000Z,12,0.0501681756046139,27276.42105263158,0.0,5943277.052631579
2026-02-09T00:00:00.000Z,12,0.0260882910027841,27407.526315789473,6.368421052631579,3382881.5263157897
2026-02-09T00:00:00.000Z,5,0.0174552487378122,27480.090909090908,2.272727272727273,4174089.8181818184
2026-02-09T00:00:00.000Z,3,0.0085642308349271,27384.25,13.875,3686660.25
2026-02-04T00:00:00.000Z,3,0.0562124514718912,27266.25,0.0,5945635.625
2026-02-07T00:00:00.000Z,12,0.0624089953269937,27709.842105263157,45.05263157894737,3355187.0
2026-02-07T00:00:00.000Z,5,0.2270215957516965,27761.636363636364,54.18181818181818,4178352.4545454546
2026-02-04T00:00:00.000Z,5,0.0755516902082583,27336.272727272728,0.0,5797788.363636363
2026-02-07T00:00:00.000Z,3,0.0806278471923061,27704.125,76.25,4867275.0
2026-03-13T00:00:00.000Z,9,0.5008577096713965,28155.117647058825,0.0,14835735.23529412
2026-03-14T00:00:00.000Z,9,0.0280033687926928,27779.352941176472,490.1764705882353,4609364.117647059
2026-03-09T00:00:00.000Z,9,0.4935287251251999,28076.470588235297,3.3529411764705883,12940053.94117647
2026-03-11T00:00:00.000Z,9,0.0779069572999928,28188.17647058823,876.2941176470588,11185927.94117647
2026-02-22T00:00:00.000Z,27,0.0495327914865446,28141.666666666668,529.1111111111111,3842753.888888889
2026-02-27T00:00:00.000Z,27,0.5870651814972426,28357.777777777777,0.0,12633379.444444444
2026-02-02T00:00:00.000Z,27,0.022996783408731,27655.0,633.5555555555555,4740673.0
2026-01-28T00:00:00.000Z,26,0.0116172383247758,27466.9375,1204.9375,1697290.5
2026-01-30T00:00:00.000Z,30,0.028006692847375,27229.272727272728,111.63636363636364,4911744.454545454
2026-01-28T00:00:00.000Z,27,0.0111272746338606,27568.444444444445,1247.888888888889,1428928.0
2026-02-02T00:00:00.000Z,26,0.0251529073140654,27563.5625,609.75,4995455.625
2026-01-30T00:00:00.000Z,26,0.0031798385974772,27363.4375,214.125,3794854.3125
2026-02-02T00:00:00.000Z,30,0.0361237312537558,27410.18181818182,696.0909090909091,5774460.090909091
2026-02-02T00:00:00.000Z,34,0.0581087024856478,27482.214285714286,552.7857142857143,5723086.428571428
2026-01-30T00:00:00.000Z,34,0.0160201829022069,27301.5,220.92857142857144,3651870.9285714286
2026-01-28T00:00:00.000Z,34,0.0169939463883431,27408.5,722.5714285714286,2228252.3571428573
2026-03-13T00:00:00.000Z,30,0.5978195893818792,28023.18181818182,0.0,15264875.272727272
2026-03-11T00:00:00.000Z,29,0.0916194951969974,28106.777777777777,970.3333333333334,10926095.444444444
2026-03-09T00:00:00.000Z,29,0.3536802625306456,28023.11111111111,368.8888888888889,12101436.222222222
2026-03-09T00:00:00.000Z,26,0.3052593954130899,28094.625,182.875,12909060.875
2026-03-14T00:00:00.000Z,26,0.0189332448823118,27532.6875,1532.25,4087347.6875
2026-03-14T00:00:00.000Z,29,0.0203594065733731,27551.666666666668,1358.0,4676370.333333333
2026-03-11T00:00:00.000Z,30,0.1010039703557654,28033.0,1093.7272727272727,11013196.181818182
2026-03-13T00:00:00.000Z,29,0.6207437336691666,28095.0,0.0,14981293.0
2026-03-09T00:00:00.000Z,30,0.1750333506768307,27978.81818181818,449.6363636363636,12290776.181818182
2026-03-11T00:00:00.000Z,26,0.0920549930779342,28123.0625,1176.125,10061747.375
2026-03-14T00:00:00.000Z,30,0.01951280915922,27462.18181818182,1489.8181818181818,4381375.2727272725
2026-02-09T00:00:00.000Z,29,0.0576757960093491,27465.666666666668,1.5555555555555556,6188715.222222222
2026-02-07T00:00:00.000Z,29,0.4773052049690756,27702.11111111111,1.7777777777777777,7667685.0
2026-02-04T00:00:00.000Z,29,0.0706832600077699,27290.555555555555,0.0,6062544.777777778
2026-03-09T00:00:00.000Z,37,0.2951040688916191,27985.4,341.5,12088272.5
2026-03-11T00:00:00.000Z,37,0.062577747727568,28109.1,804.3,11187321.2
2026-03-14T00:00:00.000Z,37,0.0192822994606776,27554.1,1140.3,4401603.0
2026-01-28T00:00:00.000Z,33,0.0157271857033514,27501.11111111111,1437.111111111111,1163160.0
2026-02-02T00:00:00.000Z,33,0.0789971503745739,27633.11111111111,629.5555555555555,4687249.777777778
2026-04-05T00:00:00.000Z,29,0.3309761154249703,28542.555555555555,18.555555555555557,18752873.555555556
2026-04-02T00:00:00.000Z,29,0.6398379236790221,27661.11111111111,0.0,18952102.666666668
2026-04-03T00:00:00.000Z,29,0.2627548092513066,27991.88888888889,4.111111111111111,14590399.555555556
2026-03-21T00:00:00.000Z,39,0.3001393830874134,27791.444444444445,180.05555555555554,14511381.944444444
2026-03-21T00:00:00.000Z,38,0.1225771382255761,27806.0,68.0,14274738.0
2026-03-16T00:00:00.000Z,40,0.0383488855701857,27612.277777777777,182.11111111111111,9144636.222222222
2026-03-19T00:00:00.000Z,39,0.4628843785991382,27785.944444444445,0.0,16050680.333333334
2026-03-19T00:00:00.000Z,40,0.3994353150536066,27720.222222222223,0.0,16347924.666666666
2026-03-16T00:00:00.000Z,39,0.1142479223510455,27612.055555555555,299.44444444444446,9586195.333333334
2026-03-21T00:00:00.000Z,40,0.4813974989447285,27756.11111111111,86.5,14896826.5
2026-03-16T00:00:00.000Z,38,0.1398816770801549,27645.0,268.0,9618408.0
2026-01-05T00:00:00.000Z,20,0.0774865923900716,26783.75,14.125,3599904.875
2026-01-03T00:00:00.000Z,20,0.2211288582722328,27147.3125,156.8125,2969905.5
2026-01-03T00:00:00.000Z,18,0.1174121445756109,27209.0,118.0,2987070.0
2026-01-08T00:00:00.000Z,18,0.02787983685263,27448.0,716.0,2247789.0
2026-01-05T00:00:00.000Z,18,0.0160495654917948,26881.0,29.0,3611607.0
2026-01-08T00:00:00.000Z,20,0.0218658438662142,27385.4375,810.875,2310959.0
2026-01-20T00:00:00.000Z,17,0.4404426052647213,27147.0,0.0,5372788.0
2026-01-23T00:00:00.000Z,17,0.4741669493241096,27259.0,2.0,5670767.0
2026-01-25T00:00:00.000Z,17,0.0449352359377531,27118.0,324.0,3072100.0
2026-01-23T00:00:00.000Z,18,0.306364700999029,27262.0,0.0,5362103.0
2026-01-15T00:00:00.000Z,10,0.1990619034296496,27778.375,308.8125,3817713.8125
2026-01-18T00:00:00.000Z,10,0.0510606467277298,27327.375,0.0,4497079.3125
2026-01-13T00:00:00.000Z,10,0.0662624691319644,27693.375,217.0,1575962.875
2026-01-12T00:00:00.000Z,16,0.0085868914297619,27630.222222222223,208.22222222222223,877636.1111111111
2026-01-15T00:00:00.000Z,16,0.8312987102917705,27964.333333333332,239.88888888888889,4901820.888888889
2026-01-05T00:00:00.000Z,19,0.0400089749250883,26651.35714285714,12.642857142857142,3736394.5
2026-01-03T00:00:00.000Z,19,0.0950058725857909,27045.785714285714,191.5,2834067.6428571427
2026-01-10T00:00:00.000Z,19,0.0314648217949126,27115.214285714286,618.1428571428571,1994213.2142857143
2026-01-08T00:00:00.000Z,19,0.0095846866103739,27270.714285714286,743.0,2558675.0
2026-01-23T00:00:00.000Z,10,0.4290234379490501,27021.6875,2.25,5918919.375
2026-01-23T00:00:00.000Z,8,0.4622885209474409,27090.777777777777,0.5555555555555556,6002785.111111111
2026-01-25T00:00:00.000Z,10,0.0300201383886848,27059.1875,629.9375,3043565.25
2026-01-20T00:00:00.000Z,10,0.4850003075463389,27089.625,0.0,5816093.75
2026-01-20T00:00:00.000Z,8,0.4848585854526855,27112.222222222223,0.0,5924025.555555556
2026-01-25T00:00:00.000Z,8,0.029750487580525,27076.555555555555,667.8888888888889,2939321.6666666665
2026-01-23T00:00:00.000Z,16,0.3971248505223405,27297.555555555555,35.333333333333336,5623577.444444444
2026-01-03T00:00:00.000Z,29,0.1321938657576613,26785.222222222223,49.888888888888886,4854079.333333333
2026-01-10T00:00:00.000Z,29,0.0313230434169199,27180.222222222223,901.8888888888888,2425913.111111111
2026-01-05T00:00:00.000Z,29,0.2723146510366073,26295.555555555555,3.7777777777777777,4911530.333333333
2026-01-12T00:00:00.000Z,24,0.0112834099447648,27538.777777777777,249.55555555555551,1305913.888888889
2026-01-15T00:00:00.000Z,24,0.6332462631666428,27764.333333333332,103.66666666666669,5433492.666666667
2026-01-12T00:00:00.000Z,5,0.0203828483802688,27497.636363636364,344.3636363636364,748354.5454545454
2026-01-13T00:00:00.000Z,4,0.0503175546260052,27809.875,2.0,3541868.625
2026-01-15T00:00:00.000Z,5,0.1836867396212224,27774.363636363636,117.72727272727272,5057063.454545454
2026-01-15T00:00:00.000Z,4,0.1884846598773099,27864.375,172.0,5030211.75
2026-01-13T00:00:00.000Z,5,0.1030052036748937,27698.636363636364,7.818181818181818,3325646.636363636
2026-01-18T00:00:00.000Z,5,0.0111111140947303,27299.18181818182,0.0,4665388.7272727275
2026-01-12T00:00:00.000Z,4,0.0264244329082343,27600.375,251.5,723067.125
2026-01-18T00:00:00.000Z,4,0.0016584776583649,27324.625,0.0,4777523.75
2026-01-25T00:00:00.000Z,35,0.0204850001167393,27227.0,540.4666666666667,3121560.1333333333
2026-01-23T00:00:00.000Z,2,0.4695013327386058,27220.4,1.6,6168256.6
2026-01-23T00:00:00.000Z,39,0.1361506770461968,27012.722222222223,0.9444444444444444,6491913.0
2026-01-23T00:00:00.000Z,35,0.4366269270266776,27075.466666666667,2.4,6412980.266666667
2026-01-20T00:00:00.000Z,2,0.4894322809404523,27201.6,0.0,6180472.6
2026-01-25T00:00:00.000Z,2,0.0206993201321702,27257.2,642.0,3084651.8
2026-01-20T00:00:00.000Z,35,0.4783764459534453,27094.133333333335,0.0,6338268.2
2026-01-15T00:00:00.000Z,0,0.2389195861044961,27817.0,149.0,5208537.0
2026-01-12T00:00:00.000Z,36,0.0413544060837104,27593.25,182.375,1506797.625
2026-01-13T00:00:00.000Z,0,0.0520011095621437,27781.0,1.3333333333333333,3804129.0
2026-01-15T00:00:00.000Z,36,0.5824343334302615,27751.75,54.5,5644170.125
2026-01-18T00:00:00.000Z,36,0.0803860201778229,27238.75,3.625,5145665.5
2026-01-13T00:00:00.000Z,36,0.1983473639483585,27740.0,0.0,4367348.375
2026-01-18T00:00:00.000Z,0,0.0025635854679371,27278.333333333332,0.3333333333333333,4816959.333333333
2026-01-12T00:00:00.000Z,0,0.0331125494237171,27580.666666666668,260.6666666666667,989568.3333333334
2026-01-25T00:00:00.000Z,9,0.0311023971498306,27065.764705882353,772.3529411764706,2824429.6470588236
2026-01-20T00:00:00.000Z,9,0.5491379470767997,27136.0,0.0,5993889.823529412
2026-01-23T00:00:00.000Z,9,0.4898556066122517,27042.58823529412,1.0,6049035.764705882
2026-01-20T00:00:00.000Z,11,0.3270743000658275,26997.85714285714,0.0,6240378.714285715
2026-01-25T00:00:00.000Z,11,0.0189515375406466,27044.428571428572,1091.857142857143,2890995.0
2026-01-05T00:00:00.000Z,39,0.2332045722324474,26463.666666666668,4.777777777777778,4989537.611111111
2026-01-03T00:00:00.000Z,38,0.222851805719948,26955.0,11.0,4883108.0
2026-01-05T00:00:00.000Z,38,0.209637005775329,26574.0,8.0,4636938.0
2026-01-10T00:00:00.000Z,39,0.0367390909287553,27218.0,501.8888888888889,2397275.8333333335
2026-01-10T00:00:00.000Z,38,0.0403671377186,27264.0,401.0,2361959.0
2026-01-10T00:00:00.000Z,3,0.0347406442744233,27263.5,685.25,2249950.25
2026-01-05T00:00:00.000Z,3,0.2967155013910935,26462.125,8.875,4741741.875
2026-01-03T00:00:00.000Z,39,0.1641885179665518,26883.777777777777,18.11111111111111,4958203.611111111
2026-01-03T00:00:00.000Z,3,0.1766394944300857,26978.0,39.625,4681522.375
2026-01-10T00:00:00.000Z,20,0.0240445468559396,27239.8125,681.8125,1864298.6875
2026-01-08T00:00:00.000Z,17,0.0210569064636023,27376.0,816.0,2336911.0
2026-01-03T00:00:00.000Z,15,0.3722807651229563,27188.714285714286,125.78571428571428,3399135.6428571427
2026-01-03T00:00:00.000Z,17,0.1164770373117251,27142.0,157.0,2858660.0
2026-01-08T00:00:00.000Z,15,0.0301168916805082,27484.64285714286,803.0714285714286,2359289.6428571427
2026-01-05T00:00:00.000Z,17,0.0691675949075589,26778.0,20.0,3631884.0
2026-01-10T00:00:00.000Z,17,0.0181134462146367,27231.0,646.0,1993892.0
2026-01-05T00:00:00.000Z,15,0.1544592315565682,26803.214285714286,6.142857142857143,3708447.8571428577
2026-01-03T00:00:00.000Z,33,0.1429138413976584,26937.555555555555,40.111111111111114,4923152.111111111
2026-01-08T00:00:00.000Z,33,0.0146945750568397,27484.555555555555,1215.5555555555557,1647058.3333333333
2026-01-05T00:00:00.000Z,33,0.3403009821241097,26496.222222222223,6.777777777777778,5125453.0
2026-01-05T00:00:00.000Z,13,0.3905074199039843,26541.5,5.5,4001261.5
2026-01-03T00:00:00.000Z,13,0.3381758155961669,27027.0,133.5,3874026.0
2026-01-10T00:00:00.000Z,16,0.0200392425071585,27266.333333333332,1083.2222222222222,1659510.111111111
2026-01-08T00:00:00.000Z,13,0.0307536607931183,27453.0,918.0,2293552.5
2026-01-05T00:00:00.000Z,5,0.4110576393161433,26707.363636363636,12.272727272727272,4069538.727272727
2026-01-03T00:00:00.000Z,0,0.1794135001649547,27111.666666666668,88.33333333333333,4211703.0
2026-01-05T00:00:00.000Z,2,0.4039336744945068,26635.6,10.0,4627159.2
2026-01-10T00:00:00.000Z,4,0.0448892352200657,27311.375,717.5,1787762.75
2026-01-10T00:00:00.000Z,0,0.0363132497535548,27291.666666666668,674.3333333333334,1944348.0
2026-01-10T00:00:00.000Z,5,0.0246631206488499,27255.909090909092,698.5454545454545,1924444.9090909092
2026-01-03T00:00:00.000Z,5,0.1719603148184129,27104.727272727272,150.8181818181818,3923806.272727273
2026-01-08T00:00:00.000Z,0,0.0325127446145802,27420.0,678.3333333333334,2942266.0
2026-01-03T00:00:00.000Z,2,0.2291141090354248,27061.8,34.4,4657957.2
2026-01-08T00:00:00.000Z,5,0.0304544031661727,27368.545454545456,696.4545454545455,3060717.363636364
2026-01-05T00:00:00.000Z,4,0.4110343202311696,26829.625,8.0,4015479.875
2026-01-05T00:00:00.000Z,0,0.342696120893658,26750.666666666668,8.666666666666666,4263291.333333333
2026-01-03T00:00:00.000Z,4,0.1862949589266778,27166.5,116.0,3912989.875
2026-01-10T00:00:00.000Z,2,0.0366249458134737,27319.8,607.6,2023299.2
2026-01-08T00:00:00.000Z,2,0.0476594515356458,27428.4,675.2,3080497.4
2026-01-25T00:00:00.000Z,22,0.0337990143555926,27167.272727272728,183.72727272727272,3811430.0
2026-01-25T00:00:00.000Z,1,0.0266342082761845,27206.75,333.75,3533389.0
2026-01-20T00:00:00.000Z,22,0.6159280935789228,27185.909090909092,0.0,6064736.7272727275
2026-01-20T00:00:00.000Z,1,0.5164665851173443,27189.5,0.0,6129696.375
2026-01-23T00:00:00.000Z,36,0.5074029995515269,27255.375,6.5,6014584.375
2026-01-20T00:00:00.000Z,36,0.5332268017495129,27204.875,0.0,6216785.875
2026-01-23T00:00:00.000Z,22,0.6960806971255581,27240.454545454544,23.363636363636363,5888464.363636363
2026-01-23T00:00:00.000Z,1,0.4697122971427559,27238.25,5.5,5976835.125
2026-01-25T00:00:00.000Z,36,0.0203991547342159,27347.25,227.625,3522626.125
2026-01-20T00:00:00.000Z,37,0.5393615708288898,27130.2,0.0,6476642.9
2026-01-23T00:00:00.000Z,37,0.5115067686849147,27167.8,10.5,6183404.7
2026-01-25T00:00:00.000Z,37,0.0292934285685097,27295.2,165.4,3819030.9
2026-01-08T00:00:00.000Z,8,0.0106002831779939,27302.777777777777,648.1111111111111,2913699.5555555555
2026-01-03T00:00:00.000Z,7,0.2482413803559142,27140.470588235297,160.7058823529412,3229219.0
2026-01-05T00:00:00.000Z,7,0.3500896917679588,26828.352941176472,10.529411764705882,3701233.470588235
2026-01-10T00:00:00.000Z,7,0.029024432775504,27247.882352941175,704.4117647058823,1841762.823529412
2026-01-03T00:00:00.000Z,8,0.0902210624642994,27079.555555555555,184.33333333333337,3018480.6666666665
2026-01-10T00:00:00.000Z,8,0.0266846603565769,27169.444444444445,611.3333333333334,1888562.7777777775
2026-01-05T00:00:00.000Z,8,0.1693115047051603,26752.333333333332,11.88888888888889,3688594.111111111
2026-01-25T00:00:00.000Z,24,0.029989321087845,27277.444444444445,105.55555555555556,4040564.0
2026-01-25T00:00:00.000Z,28,0.0524955127298437,27330.08695652174,58.17391304347826,4305460.043478261
2026-01-23T00:00:00.000Z,24,0.5547954959541862,27318.222222222223,48.111111111111114,5649370.0
2026-01-20T00:00:00.000Z,28,0.7538935509955151,27317.521739130436,0.0,6174762.9130434785
2026-01-20T00:00:00.000Z,24,0.5754022427495057,27218.333333333332,0.0,6154435.777777778
2026-01-10T00:00:00.000Z,11,0.0330144626282349,27209.0,571.7142857142857,2451660.8571428573
2026-01-05T00:00:00.000Z,11,0.2777239059909996,26458.714285714286,11.0,4359154.428571428
2026-01-10T00:00:00.000Z,12,0.029556059586398,27181.263157894737,673.7368421052631,2175630.736842105
2026-01-05T00:00:00.000Z,12,0.2916197768807902,26473.947368421053,8.105263157894736,4147487.947368421
2026-01-12T00:00:00.000Z,11,0.0262544808295826,27340.0,218.71428571428572,1235463.857142857
2026-01-18T00:00:00.000Z,11,-0.0031512008894749,27141.285714285714,1.0,4755544.285714285
2026-01-15T00:00:00.000Z,11,0.4186112482719333,27639.0,40.42857142857143,5197166.571428572
2026-01-13T00:00:00.000Z,11,0.0604247659194786,27553.14285714286,2.142857142857143,3575045.0
2026-01-08T00:00:00.000Z,34,0.0128570895366083,27319.64285714286,1127.2142857142858,2000297.9285714289
2026-01-05T00:00:00.000Z,34,0.2412156023140579,26353.785714285714,2.142857142857143,5418723.285714285
2026-01-03T00:00:00.000Z,34,0.1368960635135761,26820.285714285714,30.928571428571427,4922751.928571428
2026-01-23T00:00:00.000Z,34,0.0816154999865962,27201.714285714286,46.42857142857143,5910880.928571428
2026-01-25T00:00:00.000Z,34,0.0398382895960293,27342.571428571428,54.0,4582428.0
2026-01-20T00:00:00.000Z,34,0.2631395067387989,27091.0,0.0,6709976.785714285
2026-01-18T00:00:00.000Z,37,0.1655357855507738,27151.5,17.2,5493767.8
2026-01-13T00:00:00.000Z,37,0.1155482372583298,27626.7,0.0,4581913.4
2026-01-12T00:00:00.000Z,37,0.0302243671475205,27488.2,156.5,1817158.1
2026-01-15T00:00:00.000Z,37,0.5819814549102272,27657.6,47.0,5911454.7
2026-01-23T00:00:00.000Z,13,0.3052683600205035,27296.0,31.0,5623697.0
2026-01-12T00:00:00.000Z,31,0.0236125103490148,27379.444444444445,124.0,2168307.0
2026-01-18T00:00:00.000Z,31,0.1683775718935634,27088.88888888889,45.22222222222222,5832083.222222222
2026-01-15T00:00:00.000Z,31,0.4642147752788126,27557.777777777777,38.0,6102539.444444444
2026-01-13T00:00:00.000Z,31,0.1037183734184084,27494.555555555555,0.0,4679719.111111111
2026-01-05T00:00:00.000Z,30,0.2596190369260544,26162.090909090908,3.636363636363636,5343460.454545454
2026-01-10T00:00:00.000Z,30,0.0274381144163749,27107.363636363636,1083.7272727272727,2539183.090909091
2026-01-03T00:00:00.000Z,30,0.1643487964438983,26678.636363636364,46.63636363636363,5152213.7272727275
2026-01-10T00:00:00.000Z,26,0.0242824699670505,27236.3125,1117.6875,1756677.8125
2026-01-10T00:00:00.000Z,34,0.0275979300884022,27206.428571428572,1053.7857142857142,2069966.0
2026-01-08T00:00:00.000Z,10,0.0209414620429841,27271.3125,550.5625,2770426.875
2026-01-03T00:00:00.000Z,10,0.0611452602659032,27094.5,158.6875,2823426.75
2026-01-10T00:00:00.000Z,10,0.0394319928681309,27124.1875,476.25,1914916.5625
2026-01-05T00:00:00.000Z,10,0.0661054531810877,26754.3125,9.625,3774101.1875
2026-01-20T00:00:00.000Z,31,0.4967956664772437,27091.88888888889,0.0,6675023.777777778
2026-01-23T00:00:00.000Z,31,0.4292730404155765,27098.11111111111,10.333333333333334,6305763.777777778
2026-01-25T00:00:00.000Z,31,0.0265051710347785,27278.88888888889,112.33333333333331,4073295.777777778
2026-01-10T00:00:00.000Z,28,0.0232304906102308,27294.652173913044,1091.5217391304348,1405464.956521739
2026-01-05T00:00:00.000Z,42,0.0398305114294159,26385.0,8.05,5024879.8
2026-01-03T00:00:00.000Z,41,0.1131822830267697,26973.222222222223,49.44444444444444,4274855.111111111
2026-01-05T00:00:00.000Z,41,0.0416770664402713,26633.0,11.333333333333334,4969835.666666667
2026-01-10T00:00:00.000Z,41,0.03085821495127,27286.444444444445,691.5555555555555,2138109.777777778
2026-01-10T00:00:00.000Z,42,0.0307755811776512,27213.95,915.55,2151730.0
2026-01-03T00:00:00.000Z,42,0.1287399180975488,26854.9,76.55,4609460.85
2026-01-18T00:00:00.000Z,29,0.0486740704476929,27248.333333333332,27.88888888888889,5658007.111111111
2026-01-12T00:00:00.000Z,29,0.0185585937359003,27519.666666666668,173.22222222222223,1647650.2222222222
2026-01-13T00:00:00.000Z,29,0.1014188037528949,27640.444444444445,0.0,4580600.666666667
2026-01-15T00:00:00.000Z,29,0.6653206983444001,27712.555555555555,80.55555555555556,5702232.222222222
2026-01-03T00:00:00.000Z,12,0.1241349364383305,26986.947368421053,73.15789473684211,4083388.0
2026-01-10T00:00:00.000Z,9,0.0271904031258982,27150.58823529412,663.3529411764706,2036292.176470588
2026-01-05T00:00:00.000Z,9,0.2017272614901987,26562.82352941177,10.823529411764708,3959786.176470589
2026-01-03T00:00:00.000Z,9,0.0572798412805149,27014.17647058823,150.8235294117647,3428032.8235294116
2026-01-18T00:00:00.000Z,32,0.0054805088567669,27125.272727272728,68.27272727272727,5829686.7272727275
2026-01-13T00:00:00.000Z,32,0.2947848021540617,27492.363636363636,0.0,4449272.545454546
2026-01-12T00:00:00.000Z,32,0.022328347100937,27362.363636363636,175.9090909090909,2196387.5454545454
2026-01-15T00:00:00.000Z,32,0.5051738616421834,27567.81818181818,14.909090909090908,5992559.363636363
2026-01-20T00:00:00.000Z,16,0.6355941642037256,27252.0,0.0,5834687.666666667
2026-01-25T00:00:00.000Z,16,0.0484291208903211,27193.444444444445,164.77777777777777,3883003.555555555
2026-01-10T00:00:00.000Z,15,0.0355983246320861,27318.928571428572,823.7142857142857,1788581.7142857143
2026-02-12T00:00:00.000Z,15,0.020491154633858,28122.714285714286,1014.7857142857144,2544196.9285714286
2026-02-12T00:00:00.000Z,14,0.0226813150496424,28112.666666666668,1252.0,2677322.3333333335
2026-02-17T00:00:00.000Z,14,0.2187918455085449,27694.333333333332,545.0,7017072.333333333
2026-02-17T00:00:00.000Z,20,0.0795597000844716,27662.1875,561.875,6735756.5
2026-02-17T00:00:00.000Z,15,0.1589747485552233,27707.071428571428,486.3571428571428,7145438.285714285
2026-02-12T00:00:00.000Z,20,0.0111096635809668,28065.4375,1038.875,1967116.25
2026-02-19T00:00:00.000Z,15,0.0372295992906816,27632.714285714286,661.6428571428571,3536548.285714286
2026-02-22T00:00:00.000Z,17,0.0156609863159776,28270.0,2037.0,1253514.0
2026-02-27T00:00:00.000Z,17,0.4653558227272374,28354.0,0.0,11771563.0
2026-02-27T00:00:00.000Z,15,0.4782607630169425,28413.0,0.0,11960807.42857143
2026-02-24T00:00:00.000Z,17,0.0255602108995922,28236.0,749.0,1460204.0
2026-02-24T00:00:00.000Z,20,0.0392752087609358,28225.1875,816.125,1318611.375
2026-02-22T00:00:00.000Z,15,0.0201978871382863,28296.35714285714,1217.928571428571,1778470.5714285714
2026-01-03T00:00:00.000Z,23,0.2610468889907376,27113.166666666668,107.0,3946837.0
2026-01-05T00:00:00.000Z,23,0.369274603445018,26747.666666666668,4.333333333333333,4042758.5
2026-01-08T00:00:00.000Z,23,0.0278871701258866,27440.166666666668,712.3333333333334,2676896.6666666665
2026-01-03T00:00:00.000Z,21,0.3286557947848793,27101.0,104.0,3961490.0
2026-01-05T00:00:00.000Z,21,0.467912943079319,26713.0,4.0,4061552.0
2026-01-10T00:00:00.000Z,21,0.0451398488150326,27263.0,1047.0,1862566.0
2026-01-08T00:00:00.000Z,21,0.0283587778524001,27448.0,722.0,2651908.0
2026-01-10T00:00:00.000Z,23,0.0440277674537504,27270.166666666668,953.6666666666666,1841358.6666666667
2026-01-10T00:00:00.000Z,40,0.0417672560157929,27215.222222222223,563.2222222222222,2353222.722222222
2026-01-05T00:00:00.000Z,40,0.219289815826598,26457.722222222223,5.055555555555555,5220684.666666667
2026-01-03T00:00:00.000Z,40,0.2294779921712419,26855.88888888889,14.5,5042476.111111111
2026-01-23T00:00:00.000Z,14,0.4026653451272775,27358.0,23.0,5537173.0
2026-02-07T00:00:00.000Z,18,0.0083970817855769,27853.0,41.0,3354262.0
2026-02-07T00:00:00.000Z,20,0.0269851605005221,27807.8125,68.0625,3511839.4375
2026-02-07T00:00:00.000Z,15,0.133710070974864,27899.428571428572,45.857142857142854,4856989.428571428
2026-02-24T00:00:00.000Z,7,0.056514655308012,28179.352941176472,927.0588235294116,1427809.4117647058
2026-02-27T00:00:00.000Z,7,0.4511588184438002,28279.941176470587,0.0,12021272.529411765
2026-02-22T00:00:00.000Z,7,0.0268441227211328,28228.941176470587,1394.7058823529412,1618640.294117647
2026-03-14T00:00:00.000Z,18,0.0291432595623741,27893.0,390.0,6384736.0
2026-03-09T00:00:00.000Z,18,0.2967404324147628,28218.0,0.0,13000800.0
2026-03-14T00:00:00.000Z,20,0.0295190096628299,27842.5625,559.875,6365274.5625
2026-03-09T00:00:00.000Z,20,0.3815290026981978,28204.75,2.8125,13411441.875
2026-03-04T00:00:00.000Z,10,0.4639545435864136,27949.75,0.0,12495388.125
2026-03-04T00:00:00.000Z,19,0.5208818199405184,28017.35714285714,0.0,12589646.357142856
2026-03-01T00:00:00.000Z,10,0.3308372743035256,27892.0,10.0,10203656.375
2026-03-06T00:00:00.000Z,19,0.3909711664875682,28032.928571428572,0.0,13171802.142857144
2026-03-01T00:00:00.000Z,19,0.4439487658284259,27912.714285714286,8.214285714285714,10842352.357142856
2026-03-06T00:00:00.000Z,10,0.4067150357443249,27979.75,0.0,13132739.6875
2026-01-30T00:00:00.000Z,20,0.0944880116870251,27458.8125,34.0,5991781.75
2026-02-02T00:00:00.000Z,20,0.0277116206056915,27454.5625,142.125,5253960.125
2026-03-26T00:00:00.000Z,7,0.1814436461481829,27615.058823529413,218.47058823529412,13844429.0
2026-03-31T00:00:00.000Z,7,0.0542238878868118,27769.41176470588,172.11764705882354,13749121.11764706
2026-03-29T00:00:00.000Z,7,0.309483426644938,27738.470588235297,33.294117647058826,10888405.647058824
2026-02-12T00:00:00.000Z,19,0.0266964278635276,27956.071428571428,1240.2142857142858,2261699.3571428573
2026-02-19T00:00:00.000Z,19,0.0211361637343695,27333.928571428572,926.7857142857144,3213665.9285714286
2026-02-17T00:00:00.000Z,19,0.0235958664710666,27547.785714285714,816.4285714285714,5970380.5
2026-02-14T00:00:00.000Z,19,0.0200061540625466,27432.5,214.8571428571429,2317269.0714285714
2026-02-14T00:00:00.000Z,17,0.0134382927277426,27520.0,246.0,1907348.0
2026-02-19T00:00:00.000Z,17,0.034864293469834,27491.0,865.0,3106578.0
2026-02-14T00:00:00.000Z,20,0.0158656658704846,27523.9375,298.25,1935254.8125
2026-02-12T00:00:00.000Z,17,0.0048169838143509,28075.0,1090.0,1703573.0
2026-02-17T00:00:00.000Z,17,0.0825559030558122,27667.0,611.0,6665764.0
2026-02-17T00:00:00.000Z,18,0.0383737188765536,27732.0,343.0,7357198.0
2026-02-12T00:00:00.000Z,18,0.0167769405867362,28132.0,842.0,1929448.0
2026-02-19T00:00:00.000Z,20,0.0343234028244853,27498.625,823.125,3197362.875
2026-01-30T00:00:00.000Z,15,0.3335352935891197,27519.571428571428,43.285714285714285,6125437.285714285
2026-02-02T00:00:00.000Z,15,0.0206231055475425,27537.928571428572,149.64285714285714,5589941.571428572
2026-01-23T00:00:00.000Z,38,0.0543119675210205,26948.0,0.0,6490808.0
2026-01-13T00:00:00.000Z,38,0.0960630816752215,27566.0,0.0,4132061.0
2026-01-18T00:00:00.000Z,38,-0.0107477838104916,27090.0,1.0,4795556.0
2026-01-15T00:00:00.000Z,38,0.0781705158552531,27634.0,4.0,5434170.0
2026-01-12T00:00:00.000Z,38,0.0287701063298624,27401.0,156.0,1728899.0
2026-01-23T00:00:00.000Z,11,0.1529005933712702,26888.571428571428,1.4285714285714286,6353708.571428572
2026-02-24T00:00:00.000Z,15,0.0187427215349201,28297.785714285714,992.4285714285714,1218765.142857143
2026-02-12T00:00:00.000Z,8,0.0643211284199168,27988.88888888889,1142.0,3154056.777777778
2026-02-17T00:00:00.000Z,8,0.022467440314051,27570.222222222223,921.0,6039206.666666667
2026-02-14T00:00:00.000Z,8,0.0189443481116035,27490.11111111111,206.55555555555551,2358821.6666666665
2026-02-19T00:00:00.000Z,8,0.0261896522899135,27358.11111111111,824.7777777777778,2784914.888888889
2026-02-09T00:00:00.000Z,28,0.1224461286841748,27557.0,0.0869565217391304,6925978.0
2026-02-04T00:00:00.000Z,28,0.0839604906474476,27394.608695652172,0.0434782608695652,6274668.347826087
2026-02-04T00:00:00.000Z,24,0.0708021668325348,27328.0,0.0,6000926.0
2026-02-09T00:00:00.000Z,24,0.0357616488239407,27483.444444444445,1.2222222222222223,6149418.666666667
2026-03-29T00:00:00.000Z,23,0.3639868202113765,27708.833333333332,26.0,10389308.666666666
2026-03-26T00:00:00.000Z,23,0.3106167581768096,27577.333333333332,426.3333333333333,13611870.166666666
2026-03-26T00:00:00.000Z,16,0.1914845469821568,27566.222222222223,618.5555555555555,13861112.555555556
2026-03-29T00:00:00.000Z,13,0.3682215271809088,27699.5,28.0,10536626.5
2026-03-26T00:00:00.000Z,22,0.1360495866708591,27421.090909090908,703.0,13906060.454545457
2026-03-31T00:00:00.000Z,16,0.0165679491194414,27695.777777777777,201.55555555555551,14065442.555555556
2026-03-26T00:00:00.000Z,13,0.2158381213091656,27555.0,660.5,14005612.5
2026-03-29T00:00:00.000Z,22,0.3616125219334913,27582.636363636364,36.63636363636363,10905887.909090908
2026-03-31T00:00:00.000Z,22,0.0546341108920327,27552.454545454544,242.0,14351388.454545457
2026-03-31T00:00:00.000Z,23,0.0863633064671426,27735.0,188.0,14322306.666666666
2026-03-29T00:00:00.000Z,16,0.2461481841092794,27702.11111111111,25.22222222222222,10584194.444444444
2026-01-25T00:00:00.000Z,14,0.0390130200866853,27235.333333333332,242.0,3439591.3333333335
2026-01-20T00:00:00.000Z,14,0.0051947410760056,27309.333333333332,0.0,5518243.666666667
2026-03-11T00:00:00.000Z,15,0.0805433921813433,28302.85714285714,879.6428571428571,8822027.785714285
2026-03-11T00:00:00.000Z,20,0.0667818090449755,28242.875,840.4375,8438739.875
2026-03-14T00:00:00.000Z,15,0.0320929630192097,27867.0,659.7142857142857,6134008.0
2026-03-09T00:00:00.000Z,15,0.3202746462059987,28274.214285714286,21.285714285714285,13380853.42857143
2026-01-23T00:00:00.000Z,33,0.0651748960124517,27341.222222222223,103.0,5263805.222222222
2026-01-23T00:00:00.000Z,0,0.4077631211055046,27227.333333333332,2.3333333333333335,6069455.333333333
2026-01-25T00:00:00.000Z,0,0.0263747286276834,27192.0,544.3333333333334,3242925.6666666665
2026-01-20T00:00:00.000Z,0,0.4263228268797693,27198.666666666668,0.0,6112542.333333333
2026-03-11T00:00:00.000Z,8,0.0796150303514633,28225.666666666668,833.1111111111111,10351996.111111112
2026-03-09T00:00:00.000Z,8,0.4713881135807063,28099.0,0.3333333333333333,13265622.888888888
2026-03-14T00:00:00.000Z,8,0.0278360926618112,27825.777777777777,553.5555555555555,4874235.333333333
2026-02-02T00:00:00.000Z,28,0.0844491471457496,27655.217391304348,293.7391304347826,5259171.695652174
2026-01-05T00:00:00.000Z,32,0.1946429149766635,26551.0,5.0,5170610.909090909
2026-01-03T00:00:00.000Z,32,0.1546923918823994,26919.363636363636,16.09090909090909,4490400.545454546
2026-01-05T00:00:00.000Z,31,0.3056345609563781,26348.222222222223,3.888888888888889,5396024.555555556
2026-01-10T00:00:00.000Z,31,0.034873267704316,27131.222222222223,650.7777777777778,2793901.4444444445
2026-01-10T00:00:00.000Z,32,0.0392935546145042,27249.727272727272,611.6363636363636,2414891.4545454546
2026-01-03T00:00:00.000Z,31,0.1965963634629603,26773.555555555555,20.666666666666668,5045320.666666667
2026-02-17T00:00:00.000Z,16,0.2272420848291814,27576.666666666668,563.8888888888889,7035277.888888889
2026-02-12T00:00:00.000Z,16,0.0195910879738116,28037.222222222223,1599.111111111111,2743979.4444444445
2026-01-15T00:00:00.000Z,41,0.4157466127886872,27542.555555555555,3.888888888888889,5881125.666666667
2026-01-13T00:00:00.000Z,41,0.1383804278467546,27477.555555555555,0.0,4403246.333333333
2026-01-18T00:00:00.000Z,41,0.0294903002888676,27122.11111111111,45.333333333333336,5458692.888888889
2026-01-12T00:00:00.000Z,41,0.0238825280251407,27318.333333333332,258.6666666666667,2414242.777777778
2026-02-12T00:00:00.000Z,13,0.0198248778210732,28029.0,1638.5,2770656.5
2026-02-12T00:00:00.000Z,22,0.0269555426333903,27913.18181818182,1771.090909090909,3200560.1818181816
2026-02-14T00:00:00.000Z,24,0.0179958940102049,27405.666666666668,590.0,3133555.0
2026-02-14T00:00:00.000Z,16,0.0170813894215802,27515.555555555555,556.5555555555555,3041210.5555555555
2026-02-14T00:00:00.000Z,22,0.0115705832392496,27402.636363636364,685.9090909090909,2900325.363636364
2026-02-17T00:00:00.000Z,24,0.172982614359322,27366.666666666668,799.8888888888889,7454655.444444444
2026-02-19T00:00:00.000Z,24,0.0335635951671632,27505.333333333332,535.3333333333334,4250173.333333333
2026-02-17T00:00:00.000Z,22,0.4244390734898785,27453.636363636364,616.0909090909091,7351363.0
2026-02-19T00:00:00.000Z,16,0.0485775803127758,27682.444444444445,480.3333333333333,3741358.6666666665
2026-02-17T00:00:00.000Z,13,0.2702638058177431,27570.0,584.0,7097767.0
2026-02-19T00:00:00.000Z,22,0.0433092465495741,27531.636363636364,519.6363636363636,4124295.363636364
2026-02-12T00:00:00.000Z,24,0.0225065830739041,27850.88888888889,2402.1111111111113,2788608.4444444445
2026-01-13T00:00:00.000Z,27,0.3502177714406694,27834.444444444445,0.0,4617530.666666667
2026-01-18T00:00:00.000Z,27,0.0408707878498805,27334.666666666668,108.77777777777776,6110427.0
2026-01-23T00:00:00.000Z,25,0.0566037809252777,27466.666666666668,152.33333333333334,5316741.333333333
2026-03-16T00:00:00.000Z,18,0.1601313897068455,27971.0,388.0,10456612.0
2026-03-19T00:00:00.000Z,18,0.3857711711073237,28152.0,0.0,16356200.0
2026-01-18T00:00:00.000Z,33,0.1063533800485597,27232.333333333332,112.66666666666669,6200380.0
2026-01-13T00:00:00.000Z,33,0.3112153528658862,27600.555555555555,0.0,4726526.111111111
2026-02-19T00:00:00.000Z,14,0.0326658900671571,27726.0,552.0,3582315.6666666665
2026-02-17T00:00:00.000Z,23,0.2659112865180179,27621.0,537.6666666666666,7195152.666666667
2026-02-14T00:00:00.000Z,15,0.0143148623368462,27578.5,471.3571428571428,2269868.285714286
2026-02-12T00:00:00.000Z,23,0.0192732200623253,28058.5,1314.3333333333333,3040061.0
2026-02-14T00:00:00.000Z,14,0.0370404473869712,27587.0,592.0,2533218.3333333335
2026-02-14T00:00:00.000Z,23,0.0119636170420441,27521.833333333332,604.3333333333334,2302803.8333333335
2026-02-19T00:00:00.000Z,23,0.0347389765970138,27577.833333333332,653.0,3890299.5
2026-03-09T00:00:00.000Z,16,0.450440887848399,28230.555555555555,38.0,13449975.777777778
2026-03-09T00:00:00.000Z,28,0.4678601379672793,28218.478260869564,98.47826086956522,13245744.217391305
2026-03-14T00:00:00.000Z,28,0.0269494336951419,27687.695652173912,1227.695652173913,5066682.0869565215
2026-03-14T00:00:00.000Z,16,0.0257929929755294,27720.222222222223,987.3333333333334,5741297.777777778
2026-03-14T00:00:00.000Z,13,0.0246790820512073,27713.0,994.0,5704743.0
2026-03-09T00:00:00.000Z,13,0.4927837554481418,28221.0,50.5,13328027.5
2026-01-05T00:00:00.000Z,14,0.0511358962871685,26729.0,5.0,3780492.3333333335
2026-01-10T00:00:00.000Z,14,0.0324379868786205,27339.333333333332,1007.0,1629916.0
2026-01-08T00:00:00.000Z,14,0.0331615514687665,27528.0,839.0,2278937.6666666665
2026-01-03T00:00:00.000Z,14,0.3386796055134674,27169.666666666668,106.0,3602228.0
2026-02-19T00:00:00.000Z,1,0.0296881163001327,27528.375,524.25,3978476.75
2026-02-14T00:00:00.000Z,0,0.0140143021451553,27544.333333333332,509.6666666666667,2089152.0
2026-02-14T00:00:00.000Z,1,0.0122091282246322,27482.625,636.5,2443068.625
2026-02-12T00:00:00.000Z,2,0.0287466260509919,27996.0,1418.2,3496974.0
2026-02-14T00:00:00.000Z,2,0.0202749071917368,27553.4,540.6,2078089.0
2026-02-19T00:00:00.000Z,0,0.0258665187421998,27511.333333333332,633.0,3669727.3333333335
2026-02-12T00:00:00.000Z,1,0.0328535731676539,27971.25,1549.5,3384022.75
2026-02-12T00:00:00.000Z,0,0.0244955753406956,28022.333333333332,1329.3333333333333,3328724.6666666665
2026-02-17T00:00:00.000Z,1,0.271369355244585,27531.125,543.125,7426705.375
2026-02-17T00:00:00.000Z,0,0.2083690205466824,27603.666666666668,516.6666666666666,7277985.666666667
2026-02-17T00:00:00.000Z,2,0.2095012308078379,27582.0,529.8,7567772.2
2026-02-19T00:00:00.000Z,2,0.0267310390768691,27508.0,528.8,3561871.4
2026-01-28T00:00:00.000Z,14,0.0024727136477729,27635.0,692.0,1315713.3333333333
2026-02-02T00:00:00.000Z,14,0.0118186910605305,27593.333333333332,133.0,5738211.333333333
2026-01-20T00:00:00.000Z,21,0.2140526884663215,27243.0,0.0,5910254.0
2026-01-25T00:00:00.000Z,21,0.0275214488801571,27169.0,275.0,3519761.0
2026-01-23T00:00:00.000Z,21,0.6043580854245593,27299.0,18.0,5894478.0
2026-02-07T00:00:00.000Z,2,0.250383858067139,27781.4,40.6,5413362.0
2026-02-07T00:00:00.000Z,35,0.1293237061937185,27661.266666666663,39.266666666666666,6208511.266666667
2026-02-09T00:00:00.000Z,1,0.0256882183053192,27481.25,2.0,5075974.375
2026-02-07T00:00:00.000Z,36,0.4155581486419277,27793.75,2.75,6682094.25
2026-02-09T00:00:00.000Z,22,0.0307467357721434,27449.81818181818,1.4545454545454546,5779493.818181818
2026-02-09T00:00:00.000Z,36,0.0308897317006415,27508.0,4.25,4981496.25
2026-02-04T00:00:00.000Z,2,0.0608800586044099,27332.2,0.0,5782277.4
2026-02-04T00:00:00.000Z,1,0.0673536751879137,27345.875,0.0,5888406.875
2026-02-04T00:00:00.000Z,36,0.0582399650212592,27351.5,0.0,5845244.5
2026-02-09T00:00:00.000Z,35,0.0087669658698046,27363.666666666668,12.466666666666669,4128308.866666666
2026-02-09T00:00:00.000Z,2,0.0093721968082452,27474.8,7.2,4103254.4
2026-02-07T00:00:00.000Z,1,0.4496351363047609,27783.875,18.25,5924090.125
2026-02-04T00:00:00.000Z,35,0.0516606348666453,27198.2,0.0,5879818.266666667
2026-02-07T00:00:00.000Z,22,0.5353391830717134,27754.636363636364,10.727272727272728,6573867.7272727275
2026-02-04T00:00:00.000Z,22,0.0750311808220601,27327.909090909092,0.0,6046698.636363637
2026-02-04T00:00:00.000Z,0,0.066620395000678,27360.333333333332,0.0,5809128.333333333
2026-02-09T00:00:00.000Z,0,0.0151519787447712,27513.0,3.0,4583041.333333333
2026-02-07T00:00:00.000Z,0,0.356349952427145,27807.333333333332,44.0,5064688.333333333
2026-01-30T00:00:00.000Z,2,0.2314764154829371,27417.6,55.4,5770564.0
2026-01-30T00:00:00.000Z,23,0.407823966599007,27485.166666666668,54.666666666666664,6383562.166666667
2026-02-02T00:00:00.000Z,1,0.0379164581319476,27410.25,170.25,6334650.75
2026-01-28T00:00:00.000Z,0,0.0134962894047412,27507.666666666668,381.0,2865671.0
2026-02-02T00:00:00.000Z,23,0.0273100589429183,27483.666666666668,238.0,6187949.833333333
2026-02-02T00:00:00.000Z,2,0.0389321180109225,27358.6,199.0,6578470.6
2026-02-02T00:00:00.000Z,4,0.0156072591210189,27452.75,185.5,6244120.375
2026-01-30T00:00:00.000Z,4,0.3072710956964256,27482.75,40.0,6195939.5
2026-01-28T00:00:00.000Z,4,0.0294205710592161,27543.625,384.5,2486503.75
2026-01-28T00:00:00.000Z,2,0.0724121355732728,27501.8,357.4,3528998.6
2026-01-30T00:00:00.000Z,1,0.1701885119356795,27406.125,51.125,6083777.75
2026-02-02T00:00:00.000Z,0,0.0466487742624841,27402.666666666668,191.66666666666663,6364742.0
2026-01-28T00:00:00.000Z,1,0.0142145779433773,27499.25,444.75,2830219.5
2026-01-30T00:00:00.000Z,0,0.3419253508162504,27440.0,44.666666666666664,6083963.333333333
2026-02-07T00:00:00.000Z,19,0.0076106859212671,27677.64285714286,95.78571428571428,2955394.6428571427
2026-02-04T00:00:00.000Z,19,0.0486764010201363,27309.214285714286,0.0,6151659.214285715
2026-02-09T00:00:00.000Z,19,0.0479334153421139,27435.64285714286,4.285714285714286,4918245.857142857
2026-03-09T00:00:00.000Z,23,0.4146517462715011,28208.666666666668,19.333333333333332,13246367.833333334
2026-03-11T00:00:00.000Z,23,0.0832539976353413,28257.833333333332,1074.3333333333333,9407775.5
2026-03-14T00:00:00.000Z,23,0.033766064151022,27788.5,856.3333333333334,5651707.166666667
2026-03-14T00:00:00.000Z,21,0.031518563987677,27776.0,864.0,5795094.0
2026-03-09T00:00:00.000Z,21,0.4240230314185386,28232.0,19.0,13303301.0
2026-03-11T00:00:00.000Z,21,0.0943603396551756,28258.0,1127.0,9323046.0
2026-02-27T00:00:00.000Z,4,0.4381583163956282,28352.5,0.0,12157396.75
2026-02-24T00:00:00.000Z,4,0.0131144785591671,28213.625,1002.0,1058807.375
2026-02-22T00:00:00.000Z,4,0.0372472933726572,28245.5,1039.5,2241818.625
2026-02-09T00:00:00.000Z,20,0.0356974641817674,27540.6875,1.625,5078218.4375
2026-02-09T00:00:00.000Z,17,0.0329412076287959,27553.0,2.0,5077886.0
2026-02-04T00:00:00.000Z,20,0.0894575013758741,27430.5625,0.0625,5701675.6875
2026-02-04T00:00:00.000Z,17,0.1106786952461141,27454.0,0.0,5664807.0
2026-02-07T00:00:00.000Z,17,-0.0006034357455484599,27809.0,64.0,3113647.0
2026-03-09T00:00:00.000Z,19,0.4906670564397492,28141.35714285714,0.0,13563609.857142856
2026-03-14T00:00:00.000Z,19,0.0311727779013881,27782.928571428572,564.2142857142857,6133426.071428572
2026-03-11T00:00:00.000Z,19,0.0527785491731594,28176.14285714286,853.5,9331078.5
2026-03-06T00:00:00.000Z,18,0.2161875901280308,28099.0,0.0,12845618.0
2026-03-06T00:00:00.000Z,20,0.3379939489977052,28077.625,0.0,13090891.5625
2026-03-04T00:00:00.000Z,20,0.4848496811223676,28051.5,0.0,12690860.0
2026-03-04T00:00:00.000Z,18,0.3371527986674514,28082.0,0.0,12560259.0
2026-03-19T00:00:00.000Z,17,0.5085307998595706,28130.0,0.0,16480466.0
2026-03-16T00:00:00.000Z,17,0.018272159312111,27870.0,533.0,9501779.0
2026-03-21T00:00:00.000Z,17,0.1820400646940794,28147.0,85.0,12980705.0
2026-01-13T00:00:00.000Z,25,0.4011498292031993,27861.333333333332,0.0,4660606.666666667
2026-01-18T00:00:00.000Z,25,0.0056860553796103,27343.333333333332,89.66666666666667,6191939.0
2026-03-01T00:00:00.000Z,20,0.4278859541254924,28000.1875,2.5,11231402.625
2026-03-01T00:00:00.000Z,7,0.387239706381162,27984.764705882353,6.647058823529412,10521115.647058824
2026-03-04T00:00:00.000Z,7,0.4538195644298601,28018.82352941177,0.0,12846501.588235294
2026-03-06T00:00:00.000Z,7,0.3121380129294964,28091.29411764706,0.0,13340041.94117647
2026-03-21T00:00:00.000Z,4,0.0764492702170158,28043.5,114.0,13045141.125
2026-03-19T00:00:00.000Z,4,0.3532618849783023,28084.375,0.0,16644944.75
2026-03-16T00:00:00.000Z,4,0.0972034618033677,27839.25,352.0,10244416.75
2026-02-07T00:00:00.000Z,14,0.2448720138573363,27922.666666666668,20.0,5830428.333333333
2026-02-04T00:00:00.000Z,15,0.0890578531187026,27476.928571428572,0.0,5772092.5
2026-02-09T00:00:00.000Z,15,0.0336353975806608,27590.928571428572,0.4285714285714285,5420110.0
2026-03-06T00:00:00.000Z,37,0.402500861612206,28001.8,0.0,13406724.1
2026-03-04T00:00:00.000Z,37,0.4744351279044851,27757.6,0.0,13405945.1
2026-03-01T00:00:00.000Z,1,0.3396954115168613,27900.875,68.125,9615934.125
2026-03-01T00:00:00.000Z,22,0.414458624650501,27861.18181818182,56.54545454545455,10200336.363636363
2026-03-06T00:00:00.000Z,22,0.403208530709833,28032.18181818182,0.0,13189278.545454543
2026-03-06T00:00:00.000Z,1,0.3452967519472949,28045.625,0.0,13325226.125
2026-03-04T00:00:00.000Z,1,0.4698003915411885,27908.0,0.0,13130773.75
2026-03-01T00:00:00.000Z,36,0.3692198766352991,27859.625,172.75,8001152.0
2026-03-01T00:00:00.000Z,37,0.1860758616415815,27751.3,215.1,7514785.6
2026-03-04T00:00:00.000Z,22,0.6612150254346822,27907.0,0.0,13186032.181818182
2026-03-06T00:00:00.000Z,36,0.3704388999255533,28086.0,0.0,13315002.5
2026-03-04T00:00:00.000Z,36,0.465547108964282,27875.75,0.0,13161852.625
2026-03-11T00:00:00.000Z,10,0.0684588828997175,28228.75,745.25,10409045.6875
2026-03-09T00:00:00.000Z,10,0.4820071155390317,28074.0625,0.0,13324544.1875
2026-03-14T00:00:00.000Z,10,0.0329796249901491,27842.25,433.9375,5230999.5625
2026-02-27T00:00:00.000Z,16,0.5643325678620317,28413.666666666668,0.0,12144850.111111112
2026-02-24T00:00:00.000Z,14,0.0157402697561496,28300.666666666668,1261.0,1117230.6666666667
2026-02-27T00:00:00.000Z,14,0.4281386608882044,28497.666666666668,0.0,11899057.666666666
2026-02-22T00:00:00.000Z,16,0.0183693231569616,28202.88888888889,1219.0,1990256.3333333333
2026-02-22T00:00:00.000Z,14,0.026741240732512,28278.333333333332,999.0,1808374.0
2026-01-30T00:00:00.000Z,17,0.0414741552525911,27477.0,33.0,5852293.0
2026-01-28T00:00:00.000Z,18,0.0205579674347083,27557.0,801.0,854611.0
2026-02-02T00:00:00.000Z,18,0.008192632679469,27496.0,130.0,4492866.0
2026-02-02T00:00:00.000Z,17,0.0400323152599646,27468.0,149.0,5037594.0
2026-01-28T00:00:00.000Z,17,0.0321403173172235,27527.0,594.0,936401.0
2026-03-09T00:00:00.000Z,14,0.2806202293689078,28306.0,45.0,13262162.666666666
2026-03-14T00:00:00.000Z,14,0.0296706892854808,27852.333333333332,863.0,5780908.0
2026-03-11T00:00:00.000Z,14,0.0892546953969859,28313.333333333332,1007.0,9037811.0
2026-03-31T00:00:00.000Z,14,0.0373566987154383,27835.0,173.0,13978287.666666666
2026-02-02T00:00:00.000Z,35,0.0072132344064949,27248.333333333332,343.6666666666667,6557769.666666667
2026-01-28T00:00:00.000Z,35,0.0909287104979763,27379.666666666668,387.53333333333336,3784219.6666666665
2026-01-30T00:00:00.000Z,35,0.0884144397066348,27247.0,69.73333333333333,5546029.666666667
2026-01-28T00:00:00.000Z,36,0.0312329836449427,27531.0,482.25,3095471.875
2026-02-02T00:00:00.000Z,36,0.0759278273876859,27439.125,287.75,6140695.625
2026-01-30T00:00:00.000Z,36,0.3239415850251612,27368.375,52.125,5606644.375
2026-03-19T00:00:00.000Z,23,0.5027253161116509,28095.166666666668,0.0,16769978.666666666
2026-03-21T00:00:00.000Z,23,0.0835759795393941,28035.0,83.33333333333333,12903389.666666666
2026-03-16T00:00:00.000Z,23,0.1328861831713458,27840.166666666668,363.6666666666667,9829508.833333334
2026-03-09T00:00:00.000Z,17,0.386515904937706,28201.0,0.0,13424953.0
2026-03-14T00:00:00.000Z,17,0.0262938260077773,27845.0,554.0,6684137.0
2026-03-11T00:00:00.000Z,17,0.0602856301660751,28243.0,866.0,8201153.0
2026-03-04T00:00:00.000Z,13,0.6085634796001489,28017.0,0.0,13178871.5
2026-03-06T00:00:00.000Z,13,0.3516101085145063,28101.0,0.0,13056660.0
2026-03-26T00:00:00.000Z,5,0.1001758726313547,27534.727272727272,433.45454545454544,13158216.909090908
2026-03-26T00:00:00.000Z,12,0.0995716954909286,27467.105263157893,323.57894736842104,13234379.10526316
2026-03-29T00:00:00.000Z,12,0.2859079869648706,27631.894736842107,54.36842105263158,11509286.315789474
2026-03-29T00:00:00.000Z,2,0.2836480594341935,27672.0,53.0,10597364.2
2026-03-31T00:00:00.000Z,12,0.1274490222598786,27604.57894736842,133.73684210526315,12453177.315789474
2026-03-31T00:00:00.000Z,2,0.0628711866073978,27649.6,201.0,14322618.0
2026-03-31T00:00:00.000Z,3,0.0901901508039565,27589.25,171.375,13868483.0
2026-03-26T00:00:00.000Z,2,0.1179036452314538,27528.4,536.6,13519996.6
2026-03-29T00:00:00.000Z,3,0.2083682173475969,27610.625,75.25,10823935.25
2026-03-29T00:00:00.000Z,5,0.3404942121320748,27671.454545454544,42.36363636363637,10874499.090909092
2026-03-26T00:00:00.000Z,3,0.0375444763410445,27465.5,524.625,13411663.875
2026-03-31T00:00:00.000Z,5,0.1064679909248646,27678.81818181818,190.54545454545453,13563731.454545457
2026-01-15T00:00:00.000Z,28,0.86208312393617,27946.652173913044,124.95652173913044,5151677.695652174
2026-01-12T00:00:00.000Z,28,0.0131756738932405,27665.782608695652,252.7826086956522,993415.8260869564
2026-04-05T00:00:00.000Z,24,0.3892249509175867,28499.11111111111,15.333333333333334,18633569.777777776
2026-04-02T00:00:00.000Z,24,0.7007108693510528,27723.88888888889,0.0,19348770.222222224
2026-04-03T00:00:00.000Z,24,0.1116549840701171,28021.88888888889,11.444444444444445,13280624.777777778
2026-02-07T00:00:00.000Z,9,0.0352842550731205,27702.58823529412,67.70588235294117,3062796.705882353
2026-02-04T00:00:00.000Z,9,0.0473621250981278,27325.0,0.0,6142656.470588235
2026-02-09T00:00:00.000Z,9,0.0592635088801592,27460.058823529413,6.176470588235294,3751199.0
2026-01-30T00:00:00.000Z,12,0.080523749290925,27255.894736842107,9.36842105263158,5445558.421052632
2026-02-02T00:00:00.000Z,12,0.0099943709562767,27208.526315789473,83.26315789473684,6235789.421052632
2026-03-19T00:00:00.000Z,24,0.6362187830656901,27903.0,0.0,16936181.111111112
2026-03-16T00:00:00.000Z,13,0.0153875560817923,27826.5,332.0,8019449.0
2026-03-21T00:00:00.000Z,16,0.5368052557807748,28027.777777777777,78.44444444444444,13406393.111111112
2026-03-19T00:00:00.000Z,13,0.5182991728115254,28072.0,0.0,16823859.0
2026-03-16T00:00:00.000Z,24,0.088285411679447,27621.222222222223,370.22222222222223,7858097.888888889
2026-03-21T00:00:00.000Z,24,0.1179854631328582,27872.666666666668,120.22222222222224,13463657.222222222
2026-01-18T00:00:00.000Z,14,0.0057114358274361,27430.0,20.0,4803487.0
2026-01-13T00:00:00.000Z,14,0.1163221984838717,28012.333333333332,1.0,3790910.0
2026-04-05T00:00:00.000Z,1,0.376739071304952,28576.25,0.0,18140583.75
2026-04-03T00:00:00.000Z,22,0.2277431748469124,28087.545454545456,23.09090909090909,12842570.363636363
2026-04-03T00:00:00.000Z,1,0.0596400367076676,28143.875,16.75,13776739.375
2026-04-05T00:00:00.000Z,22,0.5813091147970529,28506.636363636364,1.6363636363636365,18216216.545454547
2026-02-24T00:00:00.000Z,0,0.0053019914789428,28179.333333333332,1031.0,1165065.3333333333
2026-02-22T00:00:00.000Z,0,0.0413492387406325,28202.333333333332,979.6666666666666,2594594.0
2026-02-27T00:00:00.000Z,0,0.4213654596537978,28318.666666666668,0.0,12161288.0
2026-02-02T00:00:00.000Z,3,0.0110780466820631,27232.375,180.125,6777847.125
2026-02-02T00:00:00.000Z,39,-0.0056937472290264,27188.055555555555,253.27777777777777,6644384.555555556
2026-01-30T00:00:00.000Z,39,-0.0018059282482611,27234.0,68.33333333333333,5630047.388888889
2026-01-28T00:00:00.000Z,3,0.041507969075816,27435.375,267.375,4209525.75
2026-01-30T00:00:00.000Z,3,0.1240257765293903,27322.25,56.875,5612347.25
2026-02-02T00:00:00.000Z,11,-0.0087752184261477,27146.85714285714,147.42857142857142,6536689.285714285
2026-01-30T00:00:00.000Z,11,-0.0032470589110043,27197.285714285714,20.857142857142858,5320920.571428572
2026-02-02T00:00:00.000Z,29,0.0359315862271002,27454.333333333332,531.4444444444445,5752484.333333333
2026-03-11T00:00:00.000Z,22,0.0857794937255969,28121.727272727272,1073.1818181818182,9861127.272727272
2026-03-09T00:00:00.000Z,1,0.3771624364179817,28095.5,37.0,12728940.0
2026-03-11T00:00:00.000Z,2,0.0648674340243544,28252.4,801.2,10745103.4
2026-03-14T00:00:00.000Z,2,0.0260980151873291,27770.6,762.8,4589307.2
2026-03-09T00:00:00.000Z,0,0.3515589930415929,28127.666666666668,18.0,12847822.333333334
2026-03-14T00:00:00.000Z,22,0.027470469231026,27617.18181818182,1065.5454545454545,5485044.363636363
2026-03-09T00:00:00.000Z,22,0.3109111118792401,28095.18181818182,63.72727272727273,12917352.545454543
2026-03-11T00:00:00.000Z,0,0.0855700445974294,28252.333333333332,868.6666666666666,10063749.666666666
2026-03-14T00:00:00.000Z,0,0.0240062357689806,27796.666666666668,794.0,5005743.0
2026-03-11T00:00:00.000Z,1,0.1233263934145569,28195.875,885.375,10086600.625
2026-03-14T00:00:00.000Z,1,0.0249851133123557,27721.125,923.0,5150103.0
2026-03-09T00:00:00.000Z,2,0.4472661685426359,28107.6,29.6,12558731.8
2026-02-09T00:00:00.000Z,39,0.0049249956350678,27325.722222222223,12.444444444444445,3768719.3333333335
2026-02-07T00:00:00.000Z,39,0.0578318800091895,27666.38888888889,75.5,5428993.166666667
2026-02-09T00:00:00.000Z,11,0.0091559641723278,27320.285714285714,8.142857142857142,3670744.0
2026-02-04T00:00:00.000Z,39,0.0314335623378621,27199.5,0.0,5733745.888888889
2026-02-07T00:00:00.000Z,11,-0.0007390375301744533,27652.85714285714,68.28571428571429,4250819.428571428
2026-02-04T00:00:00.000Z,11,0.0367548376121623,27194.714285714286,0.0,5819950.714285715
2026-02-24T00:00:00.000Z,11,0.022380596566917,27966.85714285714,1511.857142857143,1432387.4285714286
2026-03-16T00:00:00.000Z,14,0.0551096977341032,27956.0,267.0,8741312.666666666
2026-03-19T00:00:00.000Z,14,0.4208384744451025,28169.333333333332,0.0,16630513.0
2026-03-26T00:00:00.000Z,0,0.1265020370169622,27559.0,433.3333333333333,13365562.666666666
2026-03-31T00:00:00.000Z,4,0.063030398629491,27765.625,182.0,14066342.625
2026-03-31T00:00:00.000Z,0,0.1021670975313902,27701.666666666668,189.33333333333337,14139394.666666666
2026-03-29T00:00:00.000Z,0,0.1092111945116009,27693.666666666668,35.0,10572582.333333334
2026-03-29T00:00:00.000Z,4,0.2799312279899406,27743.0,28.5,10549231.375
2026-03-26T00:00:00.000Z,4,0.1236373529164767,27613.25,385.5,13323173.125
2026-02-09T00:00:00.000Z,38,0.0058164826018157,27351.0,3.0,3810864.0
2026-02-04T00:00:00.000Z,38,0.0300812183267764,27225.0,0.0,5512976.0
2026-03-21T00:00:00.000Z,37,0.1292458816931206,27829.3,151.9,14020594.4
2026-03-16T00:00:00.000Z,37,0.035733981119208,27599.4,150.6,8569954.4
2026-03-19T00:00:00.000Z,37,0.5392119397524764,27835.4,0.0,17051896.6
2026-03-19T00:00:00.000Z,0,0.2756585907965008,28019.0,0.0,16518799.666666666
2026-03-16T00:00:00.000Z,0,0.1371038987879977,27792.666666666668,334.3333333333333,10344032.0
2026-03-21T00:00:00.000Z,0,0.0779682465758336,27980.0,145.33333333333334,13125169.0
2026-03-29T00:00:00.000Z,21,0.3223152759910037,27700.0,25.0,10325110.0
2026-03-31T00:00:00.000Z,21,0.0866041063189887,27724.0,187.0,14359327.0
2026-03-26T00:00:00.000Z,21,0.339610358637522,27566.0,444.0,13701642.0
2026-03-21T00:00:00.000Z,3,0.2206624867201798,27890.375,292.875,14280999.25
2026-03-19T00:00:00.000Z,3,0.50865113503543,27913.875,0.0,16134526.75
2026-03-16T00:00:00.000Z,3,0.2325750055003984,27683.125,389.0,10290844.0
2026-03-16T00:00:00.000Z,29,0.0733364819660151,27610.777777777777,222.55555555555551,7986836.111111111
2026-03-21T00:00:00.000Z,29,0.1264228847105176,27868.777777777777,133.44444444444446,13961441.333333334
2026-03-19T00:00:00.000Z,29,0.5896437464623873,27874.0,0.0,17080273.777777776
2026-03-21T00:00:00.000Z,28,0.2578431714093855,28033.521739130436,114.91304347826087,13680880.173913045
2026-02-07T00:00:00.000Z,4,0.2624223704208012,27852.625,49.5,4763547.375
2026-02-09T00:00:00.000Z,4,0.0268916251476497,27563.625,1.5,4689346.875
2026-02-04T00:00:00.000Z,4,0.0781868309913245,27409.25,0.0,5784703.25
2026-02-19T00:00:00.000Z,36,0.0304623680388489,27556.75,437.75,4020273.25
2026-02-17T00:00:00.000Z,36,0.3780624088830219,27507.0,458.125,7518377.75
2026-02-12T00:00:00.000Z,36,0.0358861063675238,27945.625,1800.0,3144146.0
2026-02-14T00:00:00.000Z,36,0.0160725408019311,27510.0,592.625,2945590.5
2026-02-19T00:00:00.000Z,38,0.0269077355080074,27288.0,786.0,3209824.0
2026-02-14T00:00:00.000Z,11,0.0200456235352987,27440.428571428572,484.57142857142856,2270330.5714285714
2026-02-19T00:00:00.000Z,11,0.0196544200395036,27247.428571428572,876.4285714285714,2946023.0
2026-02-17T00:00:00.000Z,38,0.2020736033410875,27488.0,416.0,7350708.0
2026-02-14T00:00:00.000Z,38,0.0181302353007105,27470.0,511.0,2867718.0
2026-04-03T00:00:00.000Z,13,0.2467897174783494,28200.0,25.0,11468042.5
2026-04-05T00:00:00.000Z,13,0.5883491376642891,28581.0,3.0,18145883.0
2026-03-01T00:00:00.000Z,9,0.3254197391888259,27871.529411764703,39.94117647058823,8933907.529411765
2026-03-01T00:00:00.000Z,12,0.364616367034641,27851.842105263157,77.73684210526316,8109461.52631579
2026-03-06T00:00:00.000Z,12,0.4551187394973648,27944.21052631579,0.0,13548998.315789474
2026-03-04T00:00:00.000Z,12,0.5603937266519421,27865.157894736843,0.0,12174152.94736842
2026-03-04T00:00:00.000Z,9,0.4956547716498128,27916.941176470587,0.0,12550400.11764706
2026-03-06T00:00:00.000Z,9,0.4200209248533142,28010.17647058823,0.0,13396478.0
2026-03-19T00:00:00.000Z,38,0.509179237908417,27773.0,0.0,15673665.0
2026-03-09T00:00:00.000Z,36,0.3786601205076897,28083.5,222.5,12154513.625
2026-03-14T00:00:00.000Z,36,0.0222382534718476,27685.375,1036.25,4579198.5
2026-03-11T00:00:00.000Z,36,0.0956505173842178,28202.25,809.125,10844958.0
2026-03-01T00:00:00.000Z,17,0.3961120885461946,27983.0,2.0,11332620.0
2026-03-06T00:00:00.000Z,17,0.310421203313755,28082.0,0.0,13049457.0
2026-03-04T00:00:00.000Z,17,0.46953779858565,28058.0,0.0,12595285.0
2026-03-31T00:00:00.000Z,17,0.0392931438177056,27830.0,142.0,13673656.0
2026-03-29T00:00:00.000Z,17,0.2301009754592089,27778.0,41.0,9709903.0
2026-03-26T00:00:00.000Z,17,0.0503837595993462,27652.0,177.0,14584020.0
2026-02-07T00:00:00.000Z,25,0.5569562619150825,27834.666666666668,2.3333333333333335,8695936.666666666
2026-02-07T00:00:00.000Z,26,0.4096922363139653,27657.1875,2.1875,8901521.5625
2026-02-07T00:00:00.000Z,27,0.4975790128182558,27776.444444444445,2.7777777777777777,8582138.888888888
2026-02-04T00:00:00.000Z,30,0.066277474577797,27196.363636363636,0.0,6445977.090909091
2026-02-09T00:00:00.000Z,30,0.0760385123376797,27388.18181818182,1.0909090909090908,6852127.545454546
2026-02-07T00:00:00.000Z,30,0.2981100618278215,27605.090909090908,2.1818181818181817,8427551.818181818
2026-02-09T00:00:00.000Z,26,0.1273472347719889,27462.25,0.75,7326757.875
2026-02-04T00:00:00.000Z,26,0.0593591070630524,27262.3125,0.0,6808411.125
2026-03-26T00:00:00.000Z,33,0.0186636753740156,27421.222222222223,664.5555555555555,12255151.777777778
2026-03-29T00:00:00.000Z,33,0.2721033425364109,27593.666666666668,71.33333333333333,12226858.777777778
2026-02-09T00:00:00.000Z,40,0.0220073359975512,27354.333333333332,4.333333333333333,4311922.277777778
2026-02-07T00:00:00.000Z,42,0.3003913920144578,27689.4,36.7,6482821.55
2026-02-04T00:00:00.000Z,40,0.0437548134773239,27237.333333333332,0.0,5458050.833333333
2026-02-07T00:00:00.000Z,40,0.1424603081353738,27689.166666666668,41.888888888888886,6183119.166666667
2026-02-07T00:00:00.000Z,32,0.1539568422186845,27666.363636363636,4.545454545454546,8052105.545454546
2026-02-09T00:00:00.000Z,32,0.0192737199807635,27408.0,0.3636363636363636,6180540.636363637
2026-02-04T00:00:00.000Z,41,0.0393196046041587,27257.555555555555,0.0,5279493.444444444
2026-02-09T00:00:00.000Z,41,0.0496764406235306,27437.777777777777,0.7777777777777778,5589932.777777778
2026-02-07T00:00:00.000Z,41,0.2955046941787727,27686.88888888889,20.0,7337373.666666667
2026-02-04T00:00:00.000Z,32,0.0465738481489901,27228.636363636364,0.0,5755391.363636363
2026-03-19T00:00:00.000Z,31,0.5798742593485778,27773.555555555555,0.0,17268907.555555556
2026-03-19T00:00:00.000Z,30,0.6153101972637918,27822.090909090908,0.0,17404871.454545453
2026-03-21T00:00:00.000Z,31,0.0895902645090552,27777.11111111111,193.33333333333337,14715089.888888888
2026-03-16T00:00:00.000Z,30,0.0654720983227351,27527.636363636364,154.63636363636363,7460689.090909091
2026-03-21T00:00:00.000Z,30,0.1338464993001187,27812.727272727272,159.0,14422299.454545457
2026-03-16T00:00:00.000Z,31,0.0316446932876622,27531.777777777777,93.77777777777776,8154359.555555556
2026-02-12T00:00:00.000Z,33,0.0245038115901784,27973.88888888889,1793.4444444444443,1991017.7777777775
2026-02-17T00:00:00.000Z,33,0.0625288156906438,27471.0,801.2222222222222,6730215.111111111
2026-04-02T00:00:00.000Z,37,0.4700929551743606,27646.9,0.0,18796992.8
2026-04-05T00:00:00.000Z,37,0.4165341064296188,28535.6,17.9,18675777.0
2026-04-03T00:00:00.000Z,37,0.1903214424654663,27989.3,1.9,14923382.1
2026-03-29T00:00:00.000Z,42,-0.0001111758706391077,27500.5,434.8,10670728.6
2026-03-31T00:00:00.000Z,42,0.1085425317307602,27447.45,419.75,13776818.0
2026-03-26T00:00:00.000Z,42,0.0790903101682187,27348.7,810.4,11887213.75
2026-03-26T00:00:00.000Z,40,0.0813526937440942,27383.5,376.3888888888889,13917054.055555556
2026-03-31T00:00:00.000Z,40,0.0796368844687385,27473.38888888889,242.72222222222223,14948350.111111112
2026-04-03T00:00:00.000Z,14,0.0374082246193201,28322.666666666668,24.0,11678726.666666666
2026-04-05T00:00:00.000Z,14,0.4650559126580593,28676.0,0.0,17663786.0
2026-04-05T00:00:00.000Z,20,0.4713554759472224,28557.0625,0.5,16221945.4375
2026-04-03T00:00:00.000Z,20,0.0738846474546769,28273.625,27.875,12311648.6875
2026-04-05T00:00:00.000Z,7,0.5064486516367792,28588.41176470588,0.0,16987852.23529412
2026-04-05T00:00:00.000Z,8,0.5335441845539088,28550.88888888889,0.0,16817932.333333332
2026-04-03T00:00:00.000Z,7,0.2504790660509283,28220.058823529413,26.823529411764707,13245159.823529411
2026-04-03T00:00:00.000Z,8,0.2109457209567717,28154.333333333332,22.77777777777778,13488134.222222222
2026-03-01T00:00:00.000Z,14,0.3423158453338467,28072.333333333332,1.0,11195558.666666666
2026-03-04T00:00:00.000Z,14,0.4365828934454882,28124.333333333332,0.0,12943590.0
2026-03-06T00:00:00.000Z,14,0.2181564110366792,28182.0,0.0,12979024.333333334
2026-04-05T00:00:00.000Z,2,0.1991911320166006,28633.8,4.4,18134603.6
2026-04-05T00:00:00.000Z,35,0.2858454523528468,28540.8,28.133333333333333,18389808.666666668
2026-04-03T00:00:00.000Z,39,0.1956345817027712,28037.055555555555,0.2222222222222222,15452013.722222222
2026-04-03T00:00:00.000Z,2,0.1441891428783959,28157.6,12.0,14554500.0
2026-04-03T00:00:00.000Z,3,0.2556382711531408,28099.0,8.25,14671084.75
2026-04-03T00:00:00.000Z,35,0.2356158481717263,28004.866666666665,1.4,15315152.2
2026-04-05T00:00:00.000Z,3,0.2520249409888106,28593.25,10.5,18165008.25
2026-03-11T00:00:00.000Z,28,0.0925546570798092,28228.17391304348,1135.0,9742785.43478261
2026-03-09T00:00:00.000Z,24,0.3388640301179564,28038.666666666668,188.55555555555551,12392205.444444444
2026-03-14T00:00:00.000Z,24,0.02035221483272,27548.11111111111,1387.888888888889,4911276.222222222
2026-03-11T00:00:00.000Z,24,0.0826317733761254,28080.222222222223,1145.111111111111,10365047.777777778
2026-03-16T00:00:00.000Z,11,0.0925914931045196,27610.85714285714,364.42857142857144,10233702.857142856
2026-03-21T00:00:00.000Z,11,0.0898448804657886,27825.571428571428,159.14285714285714,14208812.42857143
2026-03-19T00:00:00.000Z,11,0.4121771179451025,27797.0,0.0,15533789.42857143
2026-02-09T00:00:00.000Z,23,0.0299664892161662,27560.833333333332,1.3333333333333333,5327104.833333333
2026-02-09T00:00:00.000Z,16,0.0302413458898252,27515.333333333332,0.2222222222222222,6348201.0
2026-02-04T00:00:00.000Z,16,0.0905031003995097,27397.555555555555,0.0,6101438.333333333
2026-02-07T00:00:00.000Z,23,0.3024229071746644,27869.333333333332,35.333333333333336,5432716.0
2026-02-04T00:00:00.000Z,23,0.0850982203973428,27420.5,0.0,5915000.166666667
2026-02-12T00:00:00.000Z,37,0.0283758376927352,27851.1,1823.3,3081581.6
2026-02-14T00:00:00.000Z,37,0.0156404280648247,27433.8,533.6,3354781.5
2026-02-17T00:00:00.000Z,37,0.1335180801012829,27395.7,424.0,7620320.5
2026-02-19T00:00:00.000Z,37,0.0250337120839363,27451.2,441.8,4278406.2
2026-02-24T00:00:00.000Z,26,0.0433704274772402,28153.125,170.5,3337754.8125
2026-04-05T00:00:00.000Z,36,0.3938383149463278,28620.375,15.75,18499706.75
2026-04-03T00:00:00.000Z,36,0.1041407620309763,28124.75,3.75,14518325.0
2026-04-03T00:00:00.000Z,18,0.0294014008410425,28364.0,12.0,12660223.0
2026-04-05T00:00:00.000Z,17,0.447709463477369,28549.0,1.0,15800503.0
2026-04-03T00:00:00.000Z,17,0.0129601936075737,28293.0,30.0,12183717.0
2026-04-05T00:00:00.000Z,18,0.2845070077840035,28575.0,0.0,15305305.0
2026-02-27T00:00:00.000Z,11,0.5248718812230622,28084.285714285714,0.0,12267580.714285716
2026-02-22T00:00:00.000Z,11,0.0930918674844364,28059.0,877.4285714285714,2825866.714285714
2026-01-03T00:00:00.000Z,11,0.1426667815126787,26944.714285714286,30.0,4623499.285714285
2026-03-19T00:00:00.000Z,25,0.5188874086273595,28126.666666666668,0.0,17324165.333333332
2026-03-16T00:00:00.000Z,25,0.0715692820401708,27855.0,102.0,6064092.333333333
2026-03-16T00:00:00.000Z,27,0.0445418406006941,27780.666666666668,130.22222222222223,6190799.222222222
2026-03-19T00:00:00.000Z,27,0.6004417442413283,28079.88888888889,0.0,17302945.555555556
2026-03-19T00:00:00.000Z,26,0.5844423220863126,27929.25,0.0,17475728.75
2026-03-16T00:00:00.000Z,26,0.0564945339907203,27639.0,66.4375,6581298.75
2026-03-11T00:00:00.000Z,16,0.0614271513523524,28226.222222222223,1091.0,9395945.666666666
2026-03-31T00:00:00.000Z,11,0.0806624163783201,27567.0,97.28571428571428,13071041.857142856
2026-03-29T00:00:00.000Z,11,0.3818395878686118,27577.571428571428,104.28571428571428,10959842.285714284
2026-03-26T00:00:00.000Z,11,0.0861177302325272,27448.285714285714,275.0,12884328.142857144
2026-03-01T00:00:00.000Z,16,0.5104975950512304,27975.11111111111,7.555555555555555,11289205.555555556
2026-02-12T00:00:00.000Z,38,0.0269811576147704,27829.0,1110.0,3876318.0
2026-04-05T00:00:00.000Z,4,0.4714121637167172,28644.25,0.0,17755552.5
2026-04-03T00:00:00.000Z,4,0.1772428521999728,28229.375,20.5,13658395.375
2026-02-02T00:00:00.000Z,25,0.0144568819620825,27706.0,542.0,4604893.0
2026-02-12T00:00:00.000Z,26,0.0206425897822023,27913.75,1894.625,2311953.5
2026-02-17T00:00:00.000Z,25,0.5233805553893877,27551.0,642.3333333333334,7315648.0
2026-02-17T00:00:00.000Z,26,0.2044771858144319,27395.25,734.5625,7318782.0
2026-02-12T00:00:00.000Z,25,0.0237433105207265,28070.333333333332,1867.0,2229943.3333333335
2026-03-09T00:00:00.000Z,27,0.4142722842716073,28203.222222222223,187.66666666666663,13082647.888888888
2026-03-14T00:00:00.000Z,27,0.0246070164854081,27654.555555555555,1475.7777777777778,4448997.888888889
2026-02-07T00:00:00.000Z,21,0.3682780506639801,27882.0,29.0,5612632.0
2026-02-04T00:00:00.000Z,21,0.0808095060607559,27430.0,0.0,5949974.0
2026-02-09T00:00:00.000Z,21,0.0293415394861143,27566.0,1.0,5495981.0
2026-02-22T00:00:00.000Z,31,0.0285514059949854,27967.444444444445,352.8888888888889,5487217.777777778
2026-02-27T00:00:00.000Z,31,0.5699742606297722,28129.333333333332,0.0,12892903.333333334
2026-02-24T00:00:00.000Z,31,0.054602509748161,28059.11111111111,254.22222222222223,2378964.6666666665
2026-02-27T00:00:00.000Z,43,0.5474214281125578,28091.53846153846,0.0,12853697.76923077
2026-02-24T00:00:00.000Z,43,0.0480082526073595,28029.69230769231,480.38461538461536,1743819.6153846155
2026-02-22T00:00:00.000Z,43,0.0566604977046294,27951.76923076923,383.61538461538464,5162613.923076923
2026-02-27T00:00:00.000Z,32,0.5104741152448681,28190.18181818182,0.0,12889010.636363637
2026-02-22T00:00:00.000Z,32,0.0362661838048907,28006.454545454544,215.0909090909091,6809000.909090909
2026-02-24T00:00:00.000Z,32,0.029594554699658,28123.81818181818,264.8181818181818,2511686.1818181816
2026-03-29T00:00:00.000Z,43,0.1695203343773131,27428.69230769231,133.3846153846154,12164136.076923076
2026-03-31T00:00:00.000Z,43,0.0634174307022935,27342.53846153846,227.15384615384616,15289653.461538462
2026-03-26T00:00:00.000Z,43,0.0682388788251517,27302.0,501.7692307692308,14986157.76923077
2026-03-29T00:00:00.000Z,40,0.192983545677959,27485.055555555555,232.16666666666663,10705185.722222222
2026-03-21T00:00:00.000Z,32,0.2358415165231155,27870.363636363636,187.1818181818182,15364452.0
2026-03-16T00:00:00.000Z,32,0.0538106843775298,27645.090909090908,76.36363636363636,8292723.545454546
2026-03-19T00:00:00.000Z,32,0.5270806680331892,27876.454545454544,0.0,17231722.727272727
2026-03-16T00:00:00.000Z,43,0.0240326221431774,27557.615384615383,99.76923076923076,8584338.461538462
2026-03-19T00:00:00.000Z,43,0.5196457568783541,27757.07692307692,0.0,16926192.153846152
2026-03-21T00:00:00.000Z,43,0.2772392848767436,27751.30769230769,177.53846153846155,14953379.307692308
2026-02-07T00:00:00.000Z,33,0.4710905511637375,27695.666666666668,3.888888888888889,8860104.0
2026-03-14T00:00:00.000Z,34,0.0207261674592234,27491.14285714286,1613.5,3483509.285714286
2026-03-09T00:00:00.000Z,34,0.2299170103423147,28062.571428571428,228.57142857142856,12459837.214285716
2026-03-11T00:00:00.000Z,34,0.1655426916441816,28097.214285714286,1126.071428571429,10643806.357142856
2026-04-05T00:00:00.000Z,33,0.5095768329129832,28659.88888888889,85.11111111111111,18613098.0
2026-04-03T00:00:00.000Z,33,0.3071162965720144,28128.444444444445,2.5555555555555554,16944894.888888888
2026-04-03T00:00:00.000Z,40,0.2901737453752855,28014.944444444445,0.0,16433116.444444444
2026-01-30T00:00:00.000Z,40,0.1014799876065641,27257.0,58.388888888888886,5769468.722222222
2026-02-02T00:00:00.000Z,42,0.3468674434964697,27357.95,55.1,6898976.95
2026-01-30T00:00:00.000Z,42,0.1402168414364055,27250.4,60.5,5775427.15
2026-04-02T00:00:00.000Z,38,0.4626886211008676,27693.0,0.0,17088688.0
2026-04-05T00:00:00.000Z,38,0.4116772292019515,28600.0,17.0,18580176.0
2026-01-30T00:00:00.000Z,21,0.5586182546369085,27492.0,57.0,6422786.0
2026-02-02T00:00:00.000Z,21,0.0270328753330698,27499.0,254.0,6163604.0
2026-03-06T00:00:00.000Z,8,0.3725277792776668,28031.444444444445,0.0,13296811.0
2026-03-01T00:00:00.000Z,8,0.3691617038047744,27902.11111111111,12.22222222222222,9901916.888888888
2026-03-04T00:00:00.000Z,8,0.4742752382958219,27957.555555555555,0.0,12677278.666666666
2026-03-19T00:00:00.000Z,12,0.469778208073576,27891.736842105263,0.0,15650097.89473684
2026-03-16T00:00:00.000Z,12,0.0258827384289136,27620.947368421053,480.5263157894737,10118693.631578946
2026-03-21T00:00:00.000Z,12,0.2550260054717082,27893.947368421053,270.4736842105263,14158129.789473685
2026-03-06T00:00:00.000Z,27,0.2695418453320688,28150.666666666668,0.0,12883798.111111112
2026-03-04T00:00:00.000Z,27,0.6001611923323887,28023.222222222223,0.0,13724738.333333334
2026-03-21T00:00:00.000Z,26,0.2301548660082629,27932.125,229.3125,14605288.8125
2026-02-02T00:00:00.000Z,40,0.0247948410865366,27285.777777777777,194.11111111111111,6645531.055555556
2026-02-02T00:00:00.000Z,32,0.0740344451510215,27423.0,422.1818181818182,6370183.2727272725
2026-02-02T00:00:00.000Z,41,0.4373361161931398,27399.333333333332,102.11111111111111,6729008.0
2026-01-30T00:00:00.000Z,32,0.0217553785072263,27263.363636363636,95.63636363636364,4494542.909090909
2026-01-30T00:00:00.000Z,41,0.0075284531486431,27275.222222222223,87.11111111111111,4922251.333333333
2026-04-03T00:00:00.000Z,25,0.3960695106063586,28234.333333333332,6.666666666666667,14196651.666666666
2026-04-05T00:00:00.000Z,25,0.4573762508493538,28726.333333333332,2.0,18660726.666666668
2026-04-03T00:00:00.000Z,42,0.5277813193528668,28029.55,0.0,16968205.75
2026-03-19T00:00:00.000Z,42,0.3830485431882109,27758.4,0.0,16451642.5
2026-03-21T00:00:00.000Z,42,0.4148333347144552,27782.5,85.95,15311821.0
2026-03-16T00:00:00.000Z,42,0.0224681863571498,27638.45,237.1,9560769.15
2026-04-05T00:00:00.000Z,11,0.3371447923652934,28558.714285714286,16.714285714285715,18406618.85714286
2026-02-02T00:00:00.000Z,37,0.0108720904766219,27373.9,418.7,6167417.1
2026-01-30T00:00:00.000Z,37,0.1138165658789196,27256.3,58.4,5486043.0
2026-01-12T00:00:00.000Z,14,0.069119461411204,27688.333333333332,127.0,687169.6666666666
2026-01-15T00:00:00.000Z,14,0.5409734163115034,28021.333333333332,295.0,4626333.0
2026-04-05T00:00:00.000Z,0,0.3154602326419939,28615.666666666668,1.3333333333333333,17797718.0
2026-04-03T00:00:00.000Z,0,-0.009061316617556,28180.0,17.666666666666668,13918085.666666666
2026-02-17T00:00:00.000Z,11,0.0079844385735921,27480.85714285714,483.2857142857143,6927331.714285715
2026-02-12T00:00:00.000Z,11,0.0654607238362062,27831.0,1131.142857142857,4081748.8571428577
2026-03-29T00:00:00.000Z,39,0.2422393430813501,27537.11111111111,119.16666666666669,10772055.0
2026-03-26T00:00:00.000Z,39,0.0898684865454797,27413.277777777777,384.5,13970396.277777778
2026-03-31T00:00:00.000Z,39,0.0842881459942627,27516.88888888889,168.05555555555554,14578930.333333334
2026-04-03T00:00:00.000Z,38,0.307537490073752,28068.0,0.0,15386129.0
2026-02-14T00:00:00.000Z,26,0.0224676629469585,27521.375,504.5625,2865310.4375
2026-02-19T00:00:00.000Z,26,0.026205695037457,27581.5,844.25,3800204.9375
2026-01-30T00:00:00.000Z,29,0.1822831352558823,27288.222222222223,77.11111111111111,5261214.444444444
2026-02-02T00:00:00.000Z,31,0.0485881426285956,27353.0,565.7777777777778,6194067.222222222
2026-01-30T00:00:00.000Z,31,0.0388442078944435,27183.555555555555,73.88888888888889,5044074.0
2026-02-17T00:00:00.000Z,31,0.0342702883327793,27343.222222222223,358.6666666666667,7587013.222222222
2026-02-19T00:00:00.000Z,31,0.0207576190795361,27387.666666666668,455.55555555555554,4566078.0
2026-02-12T00:00:00.000Z,31,0.0243614092017025,27774.88888888889,1694.3333333333333,3030283.0
2026-02-14T00:00:00.000Z,31,0.0182937111026622,27428.777777777777,455.77777777777777,3868089.111111111
2026-03-06T00:00:00.000Z,31,0.3060520802516058,27924.333333333332,0.0,13469008.777777778
2026-03-01T00:00:00.000Z,31,0.0520985495315163,27687.0,264.0,6799901.111111111
2026-03-04T00:00:00.000Z,31,0.4843262813966287,27660.0,0.0,13650844.111111112
2026-03-06T00:00:00.000Z,43,0.3464187873958383,27889.07692307692,0.0,13706348.846153846
2026-03-04T00:00:00.000Z,43,0.4012715922920165,27655.384615384617,0.0,13285514.692307692
2026-03-01T00:00:00.000Z,43,-0.0097015872906402,27680.23076923077,284.6923076923077,6365983.692307692
2026-03-01T00:00:00.000Z,32,0.0212086907671198,27771.18181818182,286.3636363636364,6176682.090909091
2026-03-04T00:00:00.000Z,32,0.4244261954108208,27712.363636363636,0.0,13679667.0
2026-03-06T00:00:00.000Z,32,0.2123244475779894,27933.454545454544,0.0,13505912.727272728
2026-03-26T00:00:00.000Z,32,0.0689392649055068,27417.272727272728,478.3636363636364,13530640.909090908
2026-03-29T00:00:00.000Z,32,0.1550542868501365,27575.545454545456,180.45454545454547,13266925.727272728
2026-03-31T00:00:00.000Z,32,0.0807164960581463,27460.636363636364,252.72727272727272,14767349.818181818
2026-04-03T00:00:00.000Z,34,0.3919070002422987,27999.64285714286,1.6428571428571428,17524212.92857143
2026-04-05T00:00:00.000Z,34,0.584788680900024,28567.571428571428,143.85714285714286,18825151.42857143
2026-02-22T00:00:00.000Z,42,0.091508762518638,27973.6,209.3,6147592.55
2026-02-27T00:00:00.000Z,42,0.5711549322974826,28061.65,0.0,12876472.6
2026-02-24T00:00:00.000Z,42,0.0095408195006854,28008.75,963.95,1380949.9
2026-03-31T00:00:00.000Z,41,0.1357030775239325,27577.88888888889,306.55555555555554,14045414.222222222
2026-03-26T00:00:00.000Z,41,0.1001570664359856,27472.555555555555,636.8888888888889,12564986.0
2026-03-29T00:00:00.000Z,41,0.0369821036489618,27635.222222222223,285.77777777777777,11683325.0
2026-01-30T00:00:00.000Z,38,-0.0062728685946723,27240.0,48.0,5800936.0
2026-03-26T00:00:00.000Z,30,0.1340431837434223,27184.909090909092,674.8181818181819,14799283.818181818
2026-03-31T00:00:00.000Z,26,0.0192904513014234,27459.875,200.8125,15151812.0
2026-03-31T00:00:00.000Z,30,0.0298875410642066,27245.18181818182,220.27272727272728,15613610.727272728
2026-03-29T00:00:00.000Z,30,0.1344684330922392,27350.18181818182,53.54545454545455,13844846.0
2026-02-02T00:00:00.000Z,43,0.0449293238935256,27290.153846153848,329.0,6520594.846153846
2026-01-30T00:00:00.000Z,43,0.0121571132354156,27171.153846153848,68.6923076923077,5270798.461538462
2026-03-26T00:00:00.000Z,31,0.0528112058052187,27251.444444444445,546.2222222222222,15050272.777777778
2026-03-29T00:00:00.000Z,31,0.1251459452009398,27396.555555555555,82.77777777777777,13473484.333333334
2026-03-31T00:00:00.000Z,31,0.0513800751812696,27258.555555555555,198.55555555555551,15358308.666666666
2026-03-09T00:00:00.000Z,33,0.2633043856318117,28156.0,179.11111111111111,12650778.0
2026-03-14T00:00:00.000Z,33,0.0196797312852357,27594.222222222223,1609.7777777777778,3617179.444444445
2026-04-03T00:00:00.000Z,11,0.1974455621063199,28035.85714285714,1.4285714285714286,14418994.714285716
2026-03-14T00:00:00.000Z,25,0.0228419871765363,27710.333333333332,1414.0,4583370.0
2026-03-09T00:00:00.000Z,25,0.3372888235011412,28248.333333333332,109.0,13351804.666666666
2026-02-17T00:00:00.000Z,21,0.1737248303787726,27621.0,571.0,7235882.0
2026-02-14T00:00:00.000Z,21,0.0121741872681906,27512.0,632.0,2403110.0
2026-02-19T00:00:00.000Z,21,0.0249298348471345,27595.0,634.0,3945488.0
2026-02-12T00:00:00.000Z,21,0.0181597585346957,28067.0,1312.0,3014318.0
2026-02-22T00:00:00.000Z,13,0.0168054101474937,28194.5,1185.0,2020354.5
2026-02-27T00:00:00.000Z,13,0.6005526898496527,28407.5,0.0,12112247.5
2026-01-30T00:00:00.000Z,14,0.2584022064843485,27544.0,52.0,6182504.333333333
2026-02-24T00:00:00.000Z,16,0.0046879087554106,28233.0,1184.5555555555557,1416644.3333333333
2026-02-22T00:00:00.000Z,38,0.1676978936494257,28046.0,697.0,3364965.0
2026-02-27T00:00:00.000Z,38,0.4738457923890852,28061.0,0.0,12432220.0
2026-03-04T00:00:00.000Z,38,0.0297176636599444,27721.0,0.0,12391992.0
2026-03-26T00:00:00.000Z,38,0.0950928345946139,27475.0,223.0,13259745.0
2026-03-31T00:00:00.000Z,38,0.0773141468220098,27577.0,134.0,14215047.0
2026-01-30T00:00:00.000Z,28,0.3644909007103398,27445.869565217392,125.1304347826087,5216347.304347826
2026-03-29T00:00:00.000Z,38,0.2760029740415508,27576.0,154.0,10471851.0
2026-02-02T00:00:00.000Z,38,-0.0088375736471519,27207.0,226.0,6507736.0
2026-02-04T00:00:00.000Z,14,0.103596337655043,27486.0,0.0,5777174.666666667
2026-02-09T00:00:00.000Z,14,0.0275895175470329,27597.333333333332,0.0,5690690.333333333
2026-03-21T00:00:00.000Z,14,0.1918955577074841,28122.666666666668,75.0,13070124.666666666
2026-02-07T00:00:00.000Z,38,0.0541035470077958,27720.0,67.0,5013996.0
2026-03-19T00:00:00.000Z,21,0.478494561854197,28102.0,0.0,16796728.0
2026-03-21T00:00:00.000Z,21,0.084253703728345,28035.0,81.0,12911247.0
2026-03-16T00:00:00.000Z,21,0.1933651743855635,27847.0,344.0,9691614.0
2026-03-09T00:00:00.000Z,38,0.3515713769723521,27954.0,109.0,12460056.0
2026-03-14T00:00:00.000Z,38,0.0261392506681692,27690.0,419.0,5580824.0
2026-01-08T00:00:00.000Z,35,0.0369563674503699,27276.133333333335,707.2666666666667,3165948.8
2026-04-02T00:00:00.000Z,9,0.5886637306969981,27784.764705882353,0.0,19357679.17647059
2026-01-28T00:00:00.000Z,30,0.0154654998011633,27427.454545454544,655.2727272727273,2765256.8181818184
2026-03-13T00:00:00.000Z,26,0.641228308990488,28141.75,1.0,15077947.625
2026-03-13T00:00:00.000Z,37,0.5650639677796738,28069.0,0.0,15250508.2
2026-01-08T00:00:00.000Z,29,0.0222569413786281,27341.666666666668,818.5555555555555,2633336.0
2026-01-08T00:00:00.000Z,38,0.0252155722703406,27249.0,604.0,3350854.0
2026-01-08T00:00:00.000Z,3,0.0321778523313327,27333.125,697.875,3371971.875
2026-01-08T00:00:00.000Z,39,0.0255380265846922,27232.666666666668,658.7222222222222,3323752.8333333335
2026-01-08T00:00:00.000Z,4,0.0289497801000659,27445.125,685.5,2791562.0
2026-01-08T00:00:00.000Z,7,0.0237519065768836,27372.764705882353,767.9411764705883,2674287.705882353
2026-01-08T00:00:00.000Z,30,0.0183159620103501,27263.18181818182,966.4545454545456,2599961.636363636
2026-01-08T00:00:00.000Z,41,0.0228098837975529,27225.88888888889,812.7777777777778,2570494.222222222
2026-01-08T00:00:00.000Z,42,0.0257531143335511,27206.75,817.25,2820761.55
2026-01-08T00:00:00.000Z,9,0.0181344108159754,27252.117647058825,622.3529411764706,3431055.1764705884
2026-01-08T00:00:00.000Z,12,0.0172477881396621,27237.315789473683,595.0,3645989.5263157897
2026-01-08T00:00:00.000Z,40,0.0281142235151423,27202.055555555555,669.7777777777778,3138918.0555555555
2026-01-28T00:00:00.000Z,20,0.057138257126588,27524.125,562.375,1101459.6875
2026-01-28T00:00:00.000Z,15,0.0148849254812009,27599.785714285714,612.9285714285714,1374492.4285714286
2026-03-13T00:00:00.000Z,20,0.4974820257086335,28272.0,27.125,12728210.4375
2026-03-13T00:00:00.000Z,15,0.4850543616071721,28347.35714285714,9.857142857142858,13264867.857142856
2026-03-13T00:00:00.000Z,8,0.4671754119802617,28210.88888888889,0.4444444444444444,14434074.444444444
2026-01-28T00:00:00.000Z,28,0.0110774720646979,27586.217391304348,1092.391304347826,1282004.956521739
2026-01-08T00:00:00.000Z,31,0.022868044428287,27245.333333333332,719.6666666666666,2870282.222222222
2026-01-08T00:00:00.000Z,32,0.0200197243283867,27271.81818181818,782.6363636363636,2491753.1818181816
2026-01-28T00:00:00.000Z,23,0.016211115154685,27542.333333333332,489.3333333333333,2113922.0
2026-03-13T00:00:00.000Z,21,0.4530297103881132,28301.0,0.0,14073029.0
2026-03-13T00:00:00.000Z,23,0.4758227612554792,28289.666666666668,0.0,14196680.5
2026-03-13T00:00:00.000Z,19,0.2777243687049083,28189.0,12.428571428571429,13442289.857142856
2026-03-13T00:00:00.000Z,10,0.343981774665834,28212.5,3.3125,13926918.0
2026-03-13T00:00:00.000Z,14,0.5651118787485,28386.333333333332,4.0,13419416.0
2026-03-13T00:00:00.000Z,17,0.4550040716086705,28281.0,44.0,12224030.0
2026-04-02T00:00:00.000Z,28,0.7221230807829111,27905.217391304348,0.0,19594424.34782609
2026-01-28T00:00:00.000Z,12,0.0411148919714677,27404.842105263157,175.10526315789474,3851419.210526316
2026-04-02T00:00:00.000Z,22,0.6952926503292324,27795.727272727272,0.0,19546028.545454547
2026-04-02T00:00:00.000Z,1,0.5401343598049609,27855.125,0.0,19478053.0
2026-01-28T00:00:00.000Z,39,0.1017833750449103,27331.944444444445,274.55555555555554,4234218.611111111
2026-01-28T00:00:00.000Z,11,0.044567119976948,27338.428571428572,179.28571428571428,4646379.285714285
2026-01-28T00:00:00.000Z,29,0.019228068115196,27502.333333333332,592.2222222222222,2796004.777777778
2026-03-13T00:00:00.000Z,22,0.5612463398899042,28168.272727272728,0.3636363636363636,14292753.454545457
2026-03-13T00:00:00.000Z,2,0.5024843895958453,28224.4,0.0,15021198.8
2026-03-13T00:00:00.000Z,1,0.4704519578460729,28203.875,0.0,14636649.75
2026-03-13T00:00:00.000Z,0,0.4295618303212341,28241.666666666668,0.0,14653426.0
2026-04-02T00:00:00.000Z,16,0.6228349361207427,27941.222222222223,0.0,19771653.111111112
2026-03-13T00:00:00.000Z,36,0.5288641853030072,28190.375,0.0,15011374.0
2026-04-02T00:00:00.000Z,8,0.560342422215095,27856.0,0.0,19718541.555555556
2026-04-02T00:00:00.000Z,7,0.5332147699077602,27931.29411764706,0.0,19877619.05882353
2026-04-02T00:00:00.000Z,3,0.6069925810883444,27784.0,0.0,18622748.5
2026-04-02T00:00:00.000Z,2,0.5417476407984894,27867.0,0.0,19043992.0
2026-04-02T00:00:00.000Z,35,0.4568206721954994,27687.6,0.0,18503975.733333334
2026-03-13T00:00:00.000Z,28,0.7325261818823737,28293.347826086956,7.217391304347826,14211778.391304348
2026-03-13T00:00:00.000Z,24,0.5512783014705,28123.444444444445,0.0,14595371.444444444
2026-04-02T00:00:00.000Z,36,0.566465800048427,27803.875,0.0,19034959.25
2026-04-02T00:00:00.000Z,17,0.5490318973470731,28034.0,0.0,19311602.0
2026-04-02T00:00:00.000Z,20,0.5746960997688554,28004.625,0.0,19512472.5
2026-01-08T00:00:00.000Z,11,0.0152480447547283,27223.0,577.8571428571429,3569530.8571428573
2026-03-13T00:00:00.000Z,16,0.3550292077762851,28300.88888888889,13.0,13680462.555555556
2026-04-02T00:00:00.000Z,4,0.5177616782292964,27942.625,0.0,19751254.5
2026-01-28T00:00:00.000Z,25,0.0113065088319765,27603.0,1410.3333333333333,1276467.3333333333
2026-03-13T00:00:00.000Z,34,0.6019556192222616,28036.428571428572,0.0,15470944.0
2026-01-28T00:00:00.000Z,42,0.0150277957148665,27333.25,354.7,3599166.1
2026-01-28T00:00:00.000Z,21,0.0055710898753971,27549.0,526.0,2015902.0
2026-01-28T00:00:00.000Z,40,0.1314278641107548,27312.5,343.6111111111111,3834147.611111111
2026-01-28T00:00:00.000Z,41,0.0726695665983706,27407.88888888889,377.55555555555554,3396527.5555555555
2026-01-28T00:00:00.000Z,32,0.0472430944268814,27430.272727272728,441.54545454545456,3302073.0
2026-04-02T00:00:00.000Z,11,0.5451218671692413,27667.428571428572,0.0,17790714.57142857
2026-01-28T00:00:00.000Z,37,0.0505196949968703,27451.6,514.5,3238890.5
2026-04-02T00:00:00.000Z,0,0.4699388918390836,27892.666666666668,0.0,19425885.333333332
2026-01-28T00:00:00.000Z,31,0.0464984371459212,27388.444444444445,521.0,3399173.4444444445
2026-04-02T00:00:00.000Z,34,0.4963426191656496,27674.785714285714,0.5714285714285714,17796184.92857143
2026-01-28T00:00:00.000Z,43,0.1362088630539418,27327.384615384617,437.3076923076923,3616332.692307693
2026-04-02T00:00:00.000Z,14,0.5917318259678267,28046.333333333332,0.0,19672430.0
2026-01-28T00:00:00.000Z,38,0.0214267777617758,27324.0,224.0,4381562.0
2026-05-13T00:00:00.000Z,20,0.0120430644877676,28294.6875,467.875,14225773.0
2026-05-15T00:00:00.000Z,15,0.258364927653221,28196.428571428572,343.92857142857144,18512922.0
2026-05-13T00:00:00.000Z,14,0.0902360072916215,28357.666666666668,579.0,15418718.666666666
2026-05-18T00:00:00.000Z,15,0.2109567412298027,28507.714285714286,301.07142857142856,16947673.42857143
2026-05-15T00:00:00.000Z,14,0.0648679498919737,28223.333333333332,491.0,18931049.333333332
2026-05-18T00:00:00.000Z,14,0.0831262366282623,28540.333333333332,408.0,16822197.666666668
2026-05-15T00:00:00.000Z,20,0.1961737428883082,28174.6875,288.75,18176402.25
2026-05-13T00:00:00.000Z,15,0.0560209684049302,28334.35714285714,419.92857142857144,15094715.714285716
2026-05-18T00:00:00.000Z,20,0.2453547395185397,28479.375,229.125,17009166.0
2026-04-10T00:00:00.000Z,20,0.1041313063858745,28268.5625,161.125,10467872.0625
2026-04-15T00:00:00.000Z,20,0.5520193436964647,28443.125,7.0625,13348750.8125
2026-04-13T00:00:00.000Z,7,0.0270215354740305,28177.235294117647,108.94117647058825,5329736.352941177
2026-04-10T00:00:00.000Z,19,0.1182455975628815,28173.428571428572,176.07142857142858,10513499.642857144
2026-04-13T00:00:00.000Z,19,0.0322272052756731,28133.14285714286,109.14285714285714,6152946.571428572
2026-04-15T00:00:00.000Z,19,0.601138849924335,28365.85714285714,27.785714285714285,12510340.714285716
2026-04-12T00:00:00.000Z,7,0.0293006435454146,28105.29411764706,544.4705882352941,7243613.05882353
2026-04-12T00:00:00.000Z,19,0.0317490229744842,28067.14285714286,312.7857142857143,8886114.0
2026-04-10T00:00:00.000Z,7,0.0753299436962534,28242.941176470587,207.94117647058823,9370962.470588235
2026-04-15T00:00:00.000Z,7,0.5312249916418392,28404.941176470587,9.411764705882351,11468142.11764706
2026-04-13T00:00:00.000Z,20,0.0212532186816498,28171.6875,252.625,4037106.8125
2026-04-12T00:00:00.000Z,20,0.0363712033475328,28141.625,257.4375,9197214.25
2026-04-13T00:00:00.000Z,8,0.0371284751682419,28164.555555555555,73.33333333333333,7327025.666666667
2026-04-15T00:00:00.000Z,8,0.3561250625585212,28349.0,13.77777777777778,10844750.888888888
2026-04-12T00:00:00.000Z,8,0.0236098494385487,28065.0,498.0,6451090.0
2026-04-10T00:00:00.000Z,8,0.0887639922255275,28172.11111111111,194.66666666666663,9390487.777777778
2026-06-02T00:00:00.000Z,20,0.1377804072059099,29034.125,825.875,17974449.125
2026-06-01T00:00:00.000Z,20,0.3468433146237017,29155.5,39.125,18837481.375
2026-06-02T00:00:00.000Z,18,0.080660638380225,29076.0,748.0,17347082.0
2026-05-28T00:00:00.000Z,20,0.6985855845279875,29219.125,0.0,27953033.75
2026-05-28T00:00:00.000Z,17,0.6857600389774978,29221.0,0.0,27991630.0
2026-06-02T00:00:00.000Z,17,0.0255977416202483,29040.0,970.0,18063910.0
2026-05-30T00:00:00.000Z,17,0.062657783006336,29478.0,124.0,22561976.0
2026-05-28T00:00:00.000Z,18,0.4967610048865259,29313.0,0.0,27768890.0
2026-05-30T00:00:00.000Z,20,0.1455407793112139,29469.6875,148.875,22561510.625
2026-06-01T00:00:00.000Z,17,0.4748805262321114,29165.0,39.0,18588314.0
2026-05-18T00:00:00.000Z,10,0.2483218371902666,28420.8125,249.125,20086650.875
2026-05-12T00:00:00.000Z,19,0.1811057877875008,28011.0,152.28571428571428,21250006.57142857
2026-05-15T00:00:00.000Z,10,0.2285734243380799,28090.6875,315.1875,18213878.5
2026-05-12T00:00:00.000Z,10,0.1630455390808291,28006.5625,89.9375,21553907.875
2026-05-13T00:00:00.000Z,19,0.0430752341325033,28184.214285714286,593.4285714285714,14946244.07142857
2026-05-13T00:00:00.000Z,10,0.0956729793819652,28214.0,454.25,16009054.0625
2026-05-18T00:00:00.000Z,19,0.2348464604614681,28390.85714285714,169.28571428571428,18179872.85714286
2026-05-15T00:00:00.000Z,19,0.1670186328461324,28074.571428571428,560.3571428571429,18096022.14285714
2026-05-22T00:00:00.000Z,15,0.7196582123747135,29268.14285714286,0.0,27282422.85714286
2026-05-23T00:00:00.000Z,15,0.720634832108452,29446.928571428572,0.0,27306621.85714286
2026-05-25T00:00:00.000Z,15,0.7065606213810078,29544.64285714286,0.0,27336254.285714287
2026-05-22T00:00:00.000Z,20,0.7482825867372456,29235.75,0.0,27176881.5
2026-05-20T00:00:00.000Z,15,0.1426018389824352,28854.5,209.71428571428572,18007044.85714286
2026-05-25T00:00:00.000Z,20,0.7022775452881644,29508.9375,0.0,27329692.375
2026-05-25T00:00:00.000Z,7,0.7015646815600687,29492.882352941175,0.0,27362261.05882353
2026-05-23T00:00:00.000Z,20,0.7141000400114653,29407.75,0.0,27238911.5
2026-05-20T00:00:00.000Z,20,0.0750169997292293,28816.6875,314.375,17828544.625
2026-05-20T00:00:00.000Z,7,0.078364209892661,28770.117647058825,299.8235294117647,17419490.352941178
2026-05-23T00:00:00.000Z,7,0.7111131538839541,29376.882352941175,0.0,27299577.411764707
2026-05-22T00:00:00.000Z,7,0.703399940643382,29205.470588235297,0.0,27318694.23529412
2026-06-01T00:00:00.000Z,8,0.4725053118657905,29061.777777777777,55.888888888888886,20291562.444444444
2026-05-30T00:00:00.000Z,8,0.3503043749150422,29411.88888888889,107.88888888888889,22388186.888888888
2026-05-28T00:00:00.000Z,7,0.7034219903037685,29172.882352941175,0.0,28051912.82352941
2026-06-02T00:00:00.000Z,7,0.2962008560093898,29046.117647058825,701.4705882352941,17758537.76470588
2026-05-28T00:00:00.000Z,8,0.733330523382652,29090.555555555555,0.0,27995226.0
2026-06-01T00:00:00.000Z,7,0.5233660662874668,29115.41176470588,42.94117647058823,19761876.82352941
2026-06-02T00:00:00.000Z,8,0.1619823628288628,29025.0,564.0,17207895.777777776
2026-05-30T00:00:00.000Z,7,0.3366803078114294,29448.058823529413,100.47058823529412,22409728.588235293
2026-04-23T00:00:00.000Z,28,0.7158297913756856,28353.695652173912,0.0,24912545.04347826
2026-04-18T00:00:00.000Z,16,0.5549709165655672,28781.222222222223,3.111111111111111,18270371.333333332
2026-04-18T00:00:00.000Z,28,0.6681346233982808,28755.608695652172,5.956521739130435,18980351.913043477
2026-04-23T00:00:00.000Z,16,0.7070415032086242,28380.0,0.0,24776353.555555556
2026-04-23T00:00:00.000Z,13,0.7719085506457548,28378.0,0.0,24771945.0
2026-04-18T00:00:00.000Z,13,0.6863021237037535,28774.0,4.0,18074399.0
2026-04-18T00:00:00.000Z,24,0.2296171769722763,28606.222222222223,14.22222222222222,17800357.333333332
2026-04-23T00:00:00.000Z,24,0.7645784674433788,28225.11111111111,0.0,24867049.333333332
2026-05-15T00:00:00.000Z,23,0.1965943464623608,28092.166666666668,395.6666666666667,17841626.0
2026-05-13T00:00:00.000Z,22,0.1799263544869701,28088.18181818182,697.3636363636364,16644099.0
2026-05-18T00:00:00.000Z,16,0.2188306119693181,28379.222222222223,379.6666666666667,17072125.777777776
2026-05-12T00:00:00.000Z,23,0.3834131693890881,28015.5,148.0,21721533.666666668
2026-05-13T00:00:00.000Z,23,0.1666553528385285,28235.5,582.3333333333334,16381524.833333334
2026-05-12T00:00:00.000Z,22,0.3805796537055124,27855.727272727272,173.1818181818182,21361418.0
2026-05-18T00:00:00.000Z,13,0.1762261391596449,28360.5,376.0,16826366.5
2026-05-12T00:00:00.000Z,16,0.0895889000442594,27994.444444444445,179.77777777777777,20592728.666666668
2026-05-15T00:00:00.000Z,16,0.1687560924945838,28064.555555555555,489.6666666666667,19657884.444444444
2026-05-13T00:00:00.000Z,13,0.3081669830938761,28191.0,707.5,15654686.5
2026-05-13T00:00:00.000Z,16,0.1165888365876143,28208.444444444445,687.6666666666666,15679064.222222222
2026-05-15T00:00:00.000Z,13,0.0561891396254847,28048.5,531.0,19491460.0
2026-05-18T00:00:00.000Z,23,0.2508173411317403,28391.666666666668,485.3333333333333,16093998.0
2026-05-18T00:00:00.000Z,22,0.1871302353067259,28237.545454545456,468.45454545454544,15552651.909090908
2026-05-12T00:00:00.000Z,15,0.2498211602816515,28144.64285714286,156.21428571428572,21218130.57142857
2026-05-15T00:00:00.000Z,22,0.2161377455183803,27942.090909090908,550.9090909090909,18279192.181818184
2026-05-03T00:00:00.000Z,28,0.0490893835583524,28913.521739130436,34.56521739130435,19998939.826086957
2026-05-10T00:00:00.000Z,24,0.4911727301262006,28670.222222222223,746.2222222222222,18021334.222222224
2026-05-08T00:00:00.000Z,29,0.4108297435934924,28460.88888888889,80.66666666666667,21138101.333333332
2026-05-05T00:00:00.000Z,28,0.0331919471653537,28563.82608695652,351.8695652173913,9310519.08695652
2026-05-03T00:00:00.000Z,24,0.245705298189049,28787.666666666668,87.77777777777777,19822317.777777776
2026-05-05T00:00:00.000Z,29,0.0251532489566991,28391.666666666668,546.3333333333334,9830170.444444444
2026-05-08T00:00:00.000Z,28,0.576715817614793,28587.521739130436,45.130434782608695,21151345.13043478
2026-05-10T00:00:00.000Z,29,0.3488237475040784,28663.0,652.8888888888889,17501938.333333332
2026-05-08T00:00:00.000Z,24,0.318506302152609,28434.444444444445,76.11111111111111,20302497.333333332
2026-05-05T00:00:00.000Z,24,0.0239711085936164,28403.666666666668,607.0,9718254.222222222
2026-05-10T00:00:00.000Z,28,0.2003056848003099,28796.17391304348,916.1739130434784,17837713.347826086
2026-05-03T00:00:00.000Z,29,0.3009931583574728,28783.777777777777,106.77777777777776,19824479.333333332
2026-04-08T00:00:00.000Z,1,0.5551330443466539,28363.5,0.0,21467523.75
2026-04-08T00:00:00.000Z,21,0.6037126096690367,28467.0,0.0,21485814.0
2026-04-08T00:00:00.000Z,22,0.712184414916556,28353.727272727272,0.0,21336079.09090909
2026-04-08T00:00:00.000Z,23,0.6203300865873217,28454.166666666668,0.0,21516910.333333332
2026-04-25T00:00:00.000Z,4,0.6388169074877762,28533.625,0.0,25063176.25
2026-05-02T00:00:00.000Z,7,0.5289139983687099,29004.235294117647,0.0,25374348.470588237
2026-04-30T00:00:00.000Z,4,0.6412281630206412,28446.25,0.0,26251944.25
2026-04-28T00:00:00.000Z,4,0.6353496505750029,28816.875,0.0,23219797.25
2026-05-02T00:00:00.000Z,23,0.6310558024003544,29018.5,0.0,24974129.0
2026-05-02T00:00:00.000Z,15,0.6158657849268057,29097.285714285714,0.2142857142857142,24747054.57142857
2026-04-25T00:00:00.000Z,7,0.6634765798304438,28513.764705882353,0.0,25052737.411764707
2026-04-28T00:00:00.000Z,23,0.726393794559154,28802.166666666668,0.0,23235423.0
2026-04-28T00:00:00.000Z,15,0.6913890479622443,28887.071428571428,0.0,23783037.85714286
2026-04-30T00:00:00.000Z,15,0.7002159465568066,28536.714285714286,0.0,26048051.0
2026-05-02T00:00:00.000Z,4,0.5458866312760144,29001.75,0.0,25292638.75
2026-04-30T00:00:00.000Z,23,0.7344414464827748,28427.833333333332,0.0,26141412.0
2026-04-28T00:00:00.000Z,7,0.6709291398037167,28803.235294117647,0.0,24072876.11764706
2026-04-30T00:00:00.000Z,7,0.6771321784801014,28427.882352941175,0.0,26189261.88235294
2026-04-25T00:00:00.000Z,23,0.7304124462683445,28519.333333333332,0.0,24956951.0
2026-04-25T00:00:00.000Z,15,0.6911621771209514,28604.714285714286,0.0,24893686.42857143
2026-04-28T00:00:00.000Z,12,0.7047213779101382,28643.0,0.0,23384380.842105266
2026-04-28T00:00:00.000Z,5,0.7249099735986856,28752.18181818182,0.0,23226027.818181816
2026-04-28T00:00:00.000Z,3,0.7173154955713101,28680.25,0.0,22248952.25
2026-04-25T00:00:00.000Z,2,0.6890823925715652,28492.0,0.0,24977393.6
2026-04-25T00:00:00.000Z,12,0.7220974447400764,28418.315789473683,0.0,24911980.0
2026-05-02T00:00:00.000Z,2,0.565822802983905,28880.0,0.0,25401801.2
2026-05-02T00:00:00.000Z,12,0.5709100692030911,28847.473684210527,0.0,25672932.210526317
2026-05-02T00:00:00.000Z,5,0.4921639594784656,28927.363636363636,0.0,25489711.272727273
2026-04-25T00:00:00.000Z,5,0.7338695461782139,28463.0,0.0,25045704.363636363
2026-04-30T00:00:00.000Z,3,0.7411800662084891,28256.375,0.0,26303090.5
2026-04-25T00:00:00.000Z,3,0.7367403445735234,28450.5,0.0,25030367.0
2026-04-30T00:00:00.000Z,12,0.7318935312486851,28215.263157894737,0.0,26053177.05263158
2026-05-02T00:00:00.000Z,3,0.5782474453199458,28835.875,0.0,25674072.75
2026-04-30T00:00:00.000Z,2,0.7001134655148072,28346.6,0.0,26265316.8
2026-04-28T00:00:00.000Z,2,0.6639658101373287,28726.0,0.0,22064099.6
2026-04-30T00:00:00.000Z,5,0.7357122526154976,28371.272727272728,0.0,26214434.181818184
2026-04-12T00:00:00.000Z,3,0.0162847683166125,28004.0,1067.375,5209012.125
2026-04-12T00:00:00.000Z,39,0.0184161759347824,28004.277777777777,762.4444444444445,5321392.777777778
2026-04-15T00:00:00.000Z,3,0.1608391548905656,28216.625,15.5,9359722.0
2026-04-13T00:00:00.000Z,35,0.0104798395858564,27953.733333333337,340.46666666666664,5448137.8
2026-04-12T00:00:00.000Z,2,0.0188851799062513,28022.4,967.0,5096810.0
2026-04-15T00:00:00.000Z,39,0.0545111016134075,28145.944444444445,28.333333333333332,8872779.0
2026-04-13T00:00:00.000Z,2,0.014381310652107,28091.0,266.8,4781725.4
2026-04-10T00:00:00.000Z,39,0.0168922161771035,28114.944444444445,572.8888888888889,6134725.777777778
2026-04-12T00:00:00.000Z,35,0.0144885410130368,27911.466666666667,944.7333333333332,5408796.866666666
2026-04-15T00:00:00.000Z,2,0.1651480485448963,28270.2,12.6,9987877.0
2026-04-13T00:00:00.000Z,3,0.0297068291785726,28062.875,356.875,5706779.75
2026-04-10T00:00:00.000Z,2,0.0207098790890648,28211.8,513.6,6983023.0
2026-04-10T00:00:00.000Z,3,0.0176305857963869,28157.375,513.125,6707209.375
2026-04-10T00:00:00.000Z,35,0.0125292221743407,28098.0,655.0666666666667,6213260.666666667
2026-04-15T00:00:00.000Z,35,0.0536077834252164,28109.133333333335,18.666666666666668,9567332.0
2026-04-13T00:00:00.000Z,39,0.022909735745844,28026.944444444445,389.05555555555554,6422378.388888889
2026-05-15T00:00:00.000Z,0,0.0616623604254975,28098.333333333332,313.0,16976150.0
2026-05-12T00:00:00.000Z,2,0.270083068191742,27952.6,139.0,22149874.8
2026-05-15T00:00:00.000Z,2,0.1712307833362112,28070.4,235.8,16863611.0
2026-05-13T00:00:00.000Z,2,0.2845616834565516,28236.8,492.6,17548332.0
2026-05-18T00:00:00.000Z,1,0.1571288706605039,28309.125,431.875,15348635.25
2026-05-13T00:00:00.000Z,1,0.1366646516499318,28194.75,565.125,17299753.5
2026-05-18T00:00:00.000Z,0,0.2343114294842117,28363.666666666668,412.3333333333333,16113701.333333334
2026-05-12T00:00:00.000Z,0,0.0972914246419627,27995.666666666668,122.0,21961762.0
2026-05-15T00:00:00.000Z,4,0.3165534547282776,28153.25,359.5,17080393.5
2026-05-18T00:00:00.000Z,2,0.3132305214958839,28345.8,419.4,16498938.4
2026-05-12T00:00:00.000Z,4,0.2628005034100717,28055.625,115.0,22030516.5
2026-05-13T00:00:00.000Z,4,0.0506871402404534,28292.0,591.0,16956257.375
2026-05-12T00:00:00.000Z,1,0.346452119641608,27941.625,131.375,21905980.75
2026-05-13T00:00:00.000Z,0,0.059135581631554,28247.333333333332,557.6666666666666,17113054.666666668
2026-05-18T00:00:00.000Z,4,0.2087079886266721,28413.25,394.0,16094025.875
2026-05-15T00:00:00.000Z,1,0.2478759337551843,28041.625,408.0,17391993.75
2026-05-12T00:00:00.000Z,3,0.3353414903144442,27880.75,136.375,22263336.5
2026-05-13T00:00:00.000Z,12,0.2074661872269108,28163.78947368421,497.7894736842105,18650578.0
2026-05-15T00:00:00.000Z,12,0.1126013164531073,28031.36842105263,402.10526315789474,17958564.10526316
2026-05-13T00:00:00.000Z,3,0.247907806507919,28176.25,488.125,17884461.75
2026-05-13T00:00:00.000Z,5,0.268144077339164,28229.18181818182,555.1818181818181,17509155.454545453
2026-05-18T00:00:00.000Z,3,0.2120439351054236,28305.875,298.375,18514104.5
2026-05-15T00:00:00.000Z,5,0.2236676797466127,28097.363636363636,284.6363636363636,16942191.636363637
2026-05-12T00:00:00.000Z,12,0.1667835730611897,27880.57894736842,166.78947368421052,22171993.157894734
2026-05-15T00:00:00.000Z,3,0.1004465415356553,28016.375,372.125,17214622.0
2026-05-12T00:00:00.000Z,5,0.1319372477605804,27974.727272727272,144.27272727272728,22170468.0
2026-05-18T00:00:00.000Z,5,0.3344258806063861,28361.454545454544,277.3636363636364,17201873.545454547
2026-05-18T00:00:00.000Z,12,0.0557578511910705,28354.473684210527,137.73684210526315,20356950.42105263
2026-05-03T00:00:00.000Z,35,0.5412558019050784,28814.533333333333,77.06666666666666,21732456.933333337
2026-05-03T00:00:00.000Z,1,0.5472996787308994,28909.375,48.625,20388588.5
2026-05-03T00:00:00.000Z,37,0.4060054560109637,28780.2,104.0,20412513.8
2026-05-10T00:00:00.000Z,35,0.5702467053232008,28684.8,488.26666666666665,19233656.666666668
2026-05-10T00:00:00.000Z,36,0.5342133296108273,28793.125,491.875,18761358.5
2026-05-05T00:00:00.000Z,35,0.0371770157704222,28437.066666666666,519.7333333333333,10247286.666666666
2026-05-05T00:00:00.000Z,36,0.0334993390552048,28533.25,529.125,9993690.125
2026-05-08T00:00:00.000Z,37,0.3403250919558134,28422.7,44.5,20308909.6
2026-05-10T00:00:00.000Z,1,0.400278850985487,28825.375,546.625,19771591.0
2026-05-05T00:00:00.000Z,1,0.0806525272006519,28571.375,622.375,10360807.5
2026-05-05T00:00:00.000Z,37,0.0221468438267013,28386.9,480.1,9693675.1
2026-05-03T00:00:00.000Z,36,0.4183077948938764,28894.375,106.875,20582531.0
2026-05-08T00:00:00.000Z,1,0.3123877776385446,28492.875,39.875,17510480.25
2026-05-10T00:00:00.000Z,37,0.4926186843985471,28658.0,452.9,18013756.8
2026-05-08T00:00:00.000Z,35,0.3014516710870938,28413.4,25.666666666666668,18763473.066666663
2026-05-08T00:00:00.000Z,36,0.3801597255416559,28523.625,33.5,19358828.25
2026-05-15T00:00:00.000Z,39,0.1266187795097132,28003.944444444445,354.0,17873133.888888888
2026-05-15T00:00:00.000Z,35,0.0769165714581202,27907.4,326.26666666666665,17428843.866666667
2026-05-18T00:00:00.000Z,39,0.0635826037938501,28277.38888888889,498.1111111111111,19755727.333333332
2026-05-12T00:00:00.000Z,39,0.221684129611187,27861.777777777777,157.72222222222223,22065474.222222224
2026-05-12T00:00:00.000Z,35,0.318561967673328,27797.333333333332,122.73333333333332,21915673.466666665
2026-05-13T00:00:00.000Z,35,0.0628885360180861,28086.533333333333,493.06666666666666,17338266.266666666
2026-05-13T00:00:00.000Z,39,0.0700765234344547,28161.277777777777,432.44444444444446,17645631.111111112
2026-05-18T00:00:00.000Z,35,0.1641300008024283,28179.333333333332,411.6,17147543.8
2026-04-15T00:00:00.000Z,10,0.485718480150545,28363.8125,18.6875,11880130.9375
2026-04-12T00:00:00.000Z,10,0.0268080759439836,28083.3125,382.75,6995297.1875
2026-04-13T00:00:00.000Z,10,0.0627540102489289,28200.3125,82.25,8946886.875
2026-04-10T00:00:00.000Z,10,0.1090094710834417,28147.1875,154.0625,10552500.875
2026-04-08T00:00:00.000Z,9,0.6176674520043806,28211.647058823528,0.0,21623003.17647059
2026-04-08T00:00:00.000Z,10,0.5795194979005124,28211.5625,0.0,21314111.625
2026-04-20T00:00:00.000Z,9,0.4282362490995913,27984.235294117647,6.411764705882353,17636471.05882353
2026-04-23T00:00:00.000Z,10,0.7028789445758826,28342.5,0.0,24442123.25
2026-04-22T00:00:00.000Z,9,0.6882590651049988,28091.41176470588,0.0,24368914.23529412
2026-04-23T00:00:00.000Z,9,0.7090406030656052,28264.70588235294,0.0,24735459.411764707
2026-04-18T00:00:00.000Z,8,0.6373015585537797,28740.777777777777,14.11111111111111,17000088.444444444
2026-04-22T00:00:00.000Z,8,0.6808315179050645,28149.11111111111,0.0,24390060.888888888
2026-04-18T00:00:00.000Z,10,0.5479124336371657,28742.375,36.0625,16500273.875
2026-04-18T00:00:00.000Z,9,0.4175924257067104,28701.764705882353,15.176470588235292,17227444.0
2026-04-20T00:00:00.000Z,10,0.538166859074855,28049.3125,2.5,17014204.625
2026-04-20T00:00:00.000Z,8,0.4565399045380547,28044.666666666668,6.555555555555555,17998952.222222224
2026-04-22T00:00:00.000Z,10,0.6777329983672499,28140.1875,0.0,24042620.375
2026-04-23T00:00:00.000Z,8,0.7024054684995557,28312.666666666668,0.0,24754717.777777776
2026-04-28T00:00:00.000Z,20,0.693217755362626,28841.25,0.0,24201051.125
2026-04-28T00:00:00.000Z,14,0.6231319320855032,28895.666666666668,0.0,23225090.0
2026-04-25T00:00:00.000Z,20,0.6729874047288317,28548.9375,0.0,24866552.625
2026-04-25T00:00:00.000Z,14,0.6207062072111783,28657.333333333332,0.0,24737604.0
2026-05-08T00:00:00.000Z,9,0.4695398716339924,28418.29411764706,1.2352941176470589,15823727.647058824
2026-05-08T00:00:00.000Z,8,0.5339951417528259,28460.0,0.6666666666666666,15638438.0
2026-05-10T00:00:00.000Z,9,0.4391451891675177,28891.882352941175,602.4117647058823,20402697.647058822
2026-05-03T00:00:00.000Z,9,0.4990292457801583,28959.117647058825,1.4705882352941178,22168308.70588235
2026-05-03T00:00:00.000Z,8,0.5646745048514775,28975.555555555555,0.3333333333333333,21535922.888888888
2026-05-05T00:00:00.000Z,9,0.2712649623722423,28664.058823529413,546.9411764705883,10885905.470588235
2026-05-05T00:00:00.000Z,8,0.2312625014154716,28708.11111111111,502.55555555555554,10691882.555555556
2026-05-10T00:00:00.000Z,8,0.519575162622849,28938.666666666668,586.0,20771139.111111112
2026-04-30T00:00:00.000Z,19,0.7283284846521155,28340.285714285714,0.0,25911707.85714286
2026-04-28T00:00:00.000Z,10,0.719742549923035,28650.75,0.0,24012341.5
2026-04-25T00:00:00.000Z,10,0.7016005864550473,28461.9375,0.0,24592392.875
2026-04-25T00:00:00.000Z,19,0.7007711756584022,28486.5,0.0,24775139.85714286
2026-04-28T00:00:00.000Z,19,0.7234085741213927,28693.285714285714,0.0,24259316.85714286
2026-04-30T00:00:00.000Z,10,0.7214735323896816,28296.9375,0.0,25678664.0
2026-05-02T00:00:00.000Z,19,0.5782963022286213,28966.14285714286,0.0,25208098.14285714
2026-05-02T00:00:00.000Z,10,0.587762714954769,28883.0625,0.0,25292459.0
2026-04-13T00:00:00.000Z,9,0.0697473148978545,28124.17647058823,121.05882352941175,8189863.294117647
2026-04-15T00:00:00.000Z,5,0.2415607941213844,28309.272727272728,12.727272727272728,10104416.090909092
2026-04-10T00:00:00.000Z,5,0.0394176004026568,28187.454545454544,367.54545454545456,7833653.909090909
2026-04-13T00:00:00.000Z,5,0.0212612669626748,28107.727272727272,162.36363636363637,5280665.545454546
2026-04-15T00:00:00.000Z,9,0.1744535691605054,28272.529411764703,20.352941176470587,9666214.23529412
2026-04-12T00:00:00.000Z,5,0.019131306093159,28031.81818181818,820.5454545454545,5445930.909090909
2026-04-10T00:00:00.000Z,9,0.0609924182146584,28124.41176470588,288.6470588235294,8598181.294117646
2026-04-12T00:00:00.000Z,9,0.0179943484318129,28017.29411764706,721.5294117647059,5360716.470588235
2026-04-25T00:00:00.000Z,9,0.7129731338574044,28425.647058823528,0.0,24921736.23529412
2026-04-30T00:00:00.000Z,9,0.7224227401252469,28259.70588235294,0.0,26019996.0
2026-04-28T00:00:00.000Z,9,0.7151704772128862,28659.058823529413,0.0,23942313.529411763
2026-05-02T00:00:00.000Z,9,0.5486940254372981,28888.117647058825,0.0,25611875.29411765
2026-04-23T00:00:00.000Z,3,0.731524783134567,28268.875,0.0,24962660.0
2026-04-18T00:00:00.000Z,11,0.4575958197960014,28652.14285714286,25.428571428571427,18691709.14285714
2026-04-20T00:00:00.000Z,39,0.2822803179533943,27994.5,27.555555555555557,18293387.111111112
2026-04-18T00:00:00.000Z,39,0.5742674330438859,28635.222222222223,31.555555555555557,19358061.888888888
2026-04-22T00:00:00.000Z,11,0.6468629893004736,27991.571428571428,0.0,24418827.14285714
2026-04-20T00:00:00.000Z,11,0.3124352868800901,27946.428571428572,16.714285714285715,18232151.714285713
2026-04-18T00:00:00.000Z,3,0.5624881447638564,28705.875,36.5,18152421.0
2026-04-20T00:00:00.000Z,3,0.3788295765152507,27997.75,28.125,17826482.75
2026-04-22T00:00:00.000Z,39,0.6401924409146219,27988.666666666668,0.0,24731068.666666668
2026-04-22T00:00:00.000Z,3,0.7040596775563974,28062.875,0.0,24683307.25
2026-04-23T00:00:00.000Z,39,0.6680637664399045,28180.11111111111,0.0,24975966.444444444
2026-04-23T00:00:00.000Z,11,0.6866852067422566,28181.85714285714,0.0,24712800.285714287
2026-05-12T00:00:00.000Z,20,0.2062124902283737,28125.9375,144.0,21094302.25
2026-05-15T00:00:00.000Z,7,0.3793856924704289,28146.82352941177,292.1764705882353,17590409.29411765
2026-05-18T00:00:00.000Z,7,0.2282012677594999,28420.941176470587,197.05882352941177,17352669.29411765
2026-05-12T00:00:00.000Z,7,0.115288530370718,28062.82352941177,109.23529411764706,21808440.23529412
2026-05-13T00:00:00.000Z,7,0.0758262589730884,28268.58823529412,530.6470588235294,16126482.529411765
2026-05-23T00:00:00.000Z,9,0.7529359738607162,29290.70588235294,0.0,27063905.05882353
2026-05-22T00:00:00.000Z,9,0.7453013912569569,29077.058823529413,0.0,27025774.23529412
2026-05-25T00:00:00.000Z,12,0.7278362933444463,29385.684210526317,0.0,27181855.36842105
2026-05-25T00:00:00.000Z,9,0.7436744818405673,29388.764705882353,0.0,27198091.76470588
2026-05-23T00:00:00.000Z,12,0.7659909209252201,29262.78947368421,0.0,27084470.63157895
2026-05-20T00:00:00.000Z,9,0.0929691915369035,28659.647058823528,418.0,16952620.29411765
2026-05-20T00:00:00.000Z,12,0.0018824067369594,28620.736842105263,628.4736842105264,15780306.05263158
2026-05-22T00:00:00.000Z,12,0.7519096579358129,29027.052631578947,0.0,27085904.42105263
2026-05-23T00:00:00.000Z,19,0.7727681149595942,29335.928571428572,0.0,27069024.714285713
2026-05-23T00:00:00.000Z,10,0.7734771681125816,29352.1875,0.0,26837344.125
2026-05-20T00:00:00.000Z,8,0.0920399976828422,28712.777777777777,269.3333333333333,17407492.666666668
2026-05-23T00:00:00.000Z,8,0.7445350787402335,29328.444444444445,0.0,27120422.444444444
2026-05-20T00:00:00.000Z,19,0.1383692890733966,28705.214285714286,469.92857142857144,17505741.714285713
2026-05-22T00:00:00.000Z,19,0.7663918079082533,29148.428571428572,0.0,26984010.85714286
2026-05-25T00:00:00.000Z,10,0.7714800774974806,29383.625,0.0,27038187.625
2026-05-20T00:00:00.000Z,10,0.1697240622216744,28723.6875,455.125,17622177.875
2026-05-22T00:00:00.000Z,10,0.7478527155340641,29116.4375,0.0,26632879.25
2026-05-25T00:00:00.000Z,19,0.7689875882389942,29416.785714285714,0.0,27206818.714285713
2026-05-25T00:00:00.000Z,8,0.7362064144359363,29425.88888888889,0.0,27253285.333333332
2026-05-22T00:00:00.000Z,8,0.7303463981142689,29129.444444444445,0.0,27088503.111111112
2026-05-05T00:00:00.000Z,39,0.0738424725377035,28528.833333333332,407.6666666666667,11580285.277777778
2026-05-03T00:00:00.000Z,11,0.6750225569678109,28959.571428571428,2.7142857142857144,23201652.57142857
2026-05-05T00:00:00.000Z,3,0.1164217885222474,28580.0,580.875,10541440.75
2026-05-10T00:00:00.000Z,3,0.6310667502340609,28829.0,528.25,19784018.75
2026-05-03T00:00:00.000Z,3,0.6751711638618462,28934.75,5.875,22117629.0
2026-05-03T00:00:00.000Z,39,0.648587608082808,28887.666666666668,6.611111111111111,23008189.333333332
2026-05-08T00:00:00.000Z,3,0.3046026973965277,28472.375,4.375,16623624.75
2026-05-05T00:00:00.000Z,11,0.2248167761417482,28610.714285714286,435.2857142857143,12394950.714285716
2026-05-08T00:00:00.000Z,39,0.4255290890782817,28451.38888888889,11.833333333333334,18216524.777777776
2026-05-10T00:00:00.000Z,11,0.3097004952751177,28804.714285714286,428.2857142857143,20562207.14285714
2026-05-08T00:00:00.000Z,11,0.2311988733172155,28413.714285714286,1.7142857142857142,16471756.0
2026-05-10T00:00:00.000Z,39,0.5844393982470559,28749.0,420.94444444444446,20093110.777777776
2026-04-08T00:00:00.000Z,27,0.6573352556071758,28613.88888888889,0.0,21641471.333333332
2026-04-08T00:00:00.000Z,28,0.6591131122659752,28523.260869565216,0.0,21456793.04347826
2026-04-22T00:00:00.000Z,22,0.7202142446991856,28070.636363636364,0.0,24384742.727272727
2026-04-18T00:00:00.000Z,22,0.2241689983912738,28648.909090909092,16.545454545454547,17674294.363636363
2026-04-20T00:00:00.000Z,16,0.2795814386803382,28158.0,64.33333333333333,17221042.666666668
2026-04-22T00:00:00.000Z,16,0.7555411288686855,28229.444444444445,0.0,24467102.222222224
2026-04-20T00:00:00.000Z,24,0.127908664853119,28012.555555555555,70.88888888888889,17131118.666666668
2026-04-22T00:00:00.000Z,24,0.7307940886825461,28052.333333333332,0.0,24613389.111111112
2026-04-23T00:00:00.000Z,22,0.7560981073791729,28260.363636363636,0.0,24684418.90909091
2026-04-20T00:00:00.000Z,22,0.2610967291547504,27998.454545454544,93.72727272727272,17529022.90909091
2026-04-23T00:00:00.000Z,25,0.6704131092692736,28468.666666666668,0.0,25167188.0
2026-04-18T00:00:00.000Z,25,0.6284923442533906,28763.0,8.666666666666666,20012110.0
2026-04-18T00:00:00.000Z,27,0.6505589933629208,28713.88888888889,13.555555555555555,19667485.333333332
2026-04-23T00:00:00.000Z,27,0.7268927436821763,28418.777777777777,0.0,25189321.333333332
2026-04-23T00:00:00.000Z,26,0.6993643215026129,28296.875,0.0,25316182.875
2026-04-18T00:00:00.000Z,26,0.5137033619569327,28593.5625,22.5,20167411.625
2026-04-13T00:00:00.000Z,30,0.0162697641922226,27804.81818181818,380.27272727272725,4589957.0
2026-04-10T00:00:00.000Z,24,0.0210358558790556,28125.555555555555,630.3333333333334,7231720.777777778
2026-04-15T00:00:00.000Z,29,0.0476397914782563,28073.444444444445,10.333333333333334,11149400.222222222
2026-04-10T00:00:00.000Z,29,0.0126109491108764,28151.555555555555,466.3333333333333,7094492.666666667
2026-04-12T00:00:00.000Z,29,0.018116048246794,27853.11111111111,1397.2222222222222,6244813.111111111
2026-04-12T00:00:00.000Z,28,0.0184269572252972,27968.739130434784,1176.0869565217392,6494333.608695652
2026-04-13T00:00:00.000Z,28,0.012873504844828,27986.217391304348,578.8695652173913,3490640.782608696
2026-04-13T00:00:00.000Z,24,0.0166196416492432,27872.88888888889,366.44444444444446,4304291.0
2026-04-12T00:00:00.000Z,24,0.0199692823806845,27824.88888888889,1465.6666666666667,6272438.0
2026-04-15T00:00:00.000Z,24,0.0515992624661339,28087.11111111111,7.888888888888889,11460502.222222222
2026-04-15T00:00:00.000Z,28,0.0801705801339844,28236.260869565216,2.8260869565217392,12792861.08695652
2026-04-13T00:00:00.000Z,29,0.0163741775939296,27891.0,324.1111111111111,4948629.111111111
2026-04-12T00:00:00.000Z,30,0.017908015731955,27792.454545454544,1519.5454545454545,5740217.0
2026-04-10T00:00:00.000Z,28,0.0091476166138434,28262.304347826088,410.60869565217394,7627153.9130434785
2026-04-10T00:00:00.000Z,30,0.0195412729119117,28120.363636363636,411.90909090909093,7203998.090909091
2026-04-15T00:00:00.000Z,30,0.0177440115289745,27994.545454545456,8.454545454545455,11407141.909090908
2026-05-13T00:00:00.000Z,29,0.0392372624342309,28057.666666666668,735.6666666666666,17576079.111111112
2026-05-15T00:00:00.000Z,28,0.122177485420828,28036.304347826088,362.39130434782606,20036847.739130434
2026-05-15T00:00:00.000Z,24,0.1759602048968268,27890.444444444445,480.1111111111111,18583370.222222224
2026-05-13T00:00:00.000Z,28,0.0554923779850865,28205.695652173912,746.3913043478261,16302914.608695652
2026-05-18T00:00:00.000Z,29,0.1336516983293625,28132.333333333332,533.8888888888889,14155741.0
2026-05-15T00:00:00.000Z,29,0.1738201622247874,27874.88888888889,518.0,18325646.0
2026-05-12T00:00:00.000Z,28,0.3946905780452343,27989.0,181.5217391304348,20655989.13043478
2026-05-18T00:00:00.000Z,28,0.0787332104744953,28339.17391304348,349.2173913043478,16930631.43478261
2026-05-12T00:00:00.000Z,24,0.375297382296258,27800.222222222223,247.0,21291828.0
2026-05-13T00:00:00.000Z,24,0.0448797213811001,28042.222222222223,894.3333333333334,17113861.555555556
2026-05-18T00:00:00.000Z,24,0.2253229363903732,28155.555555555555,484.77777777777777,14629926.222222222
2026-05-12T00:00:00.000Z,29,0.396350425505413,27803.0,214.44444444444449,21510252.222222224
2026-04-08T00:00:00.000Z,26,0.6353269141855142,28501.6875,0.0,21709376.5
2026-04-08T00:00:00.000Z,34,0.6393239793055483,28510.5,0.0,21761234.285714287
2026-04-15T00:00:00.000Z,4,0.2922182187094095,28369.375,12.5,10917964.375
2026-04-13T00:00:00.000Z,12,0.0420534353681011,28098.947368421053,279.3157894736842,8562203.789473685
2026-04-12T00:00:00.000Z,4,0.0260853645012654,28069.875,1006.5,5851089.125
2026-04-10T00:00:00.000Z,12,0.0224267491461991,28104.78947368421,349.0,7671196.368421053
2026-04-13T00:00:00.000Z,4,0.0209734926224393,28145.5,153.0,4474130.375
2026-04-12T00:00:00.000Z,12,0.0161515945182509,28013.0,812.1052631578947,5007961.421052632
2026-04-10T00:00:00.000Z,4,0.0468131804310416,28255.125,303.5,8269805.375
2026-04-15T00:00:00.000Z,12,0.1142874841045439,28229.63157894737,30.842105263157897,8810414.05263158
2026-04-20T00:00:00.000Z,34,0.5079433912344825,28178.071428571428,14.142857142857142,17755088.42857143
2026-04-20T00:00:00.000Z,26,0.3540231491649693,28153.5625,12.4375,17974130.25
2026-04-22T00:00:00.000Z,34,0.7270580919192547,28144.64285714286,0.0,25141638.0
2026-04-23T00:00:00.000Z,34,0.7425137726534645,28287.35714285714,0.0,25422894.285714287
2026-04-18T00:00:00.000Z,34,0.604184534532979,28570.785714285714,41.0,20472752.714285713
2026-04-22T00:00:00.000Z,26,0.7175735029809549,28174.8125,0.0,25084653.625
2026-05-13T00:00:00.000Z,30,0.0292910336551251,27974.636363636364,793.0,17463710.727272727
2026-05-13T00:00:00.000Z,27,0.0740823655601977,28185.88888888889,717.5555555555555,16554163.777777778
2026-05-15T00:00:00.000Z,27,0.2119022776843395,27990.0,337.55555555555554,19615698.0
2026-05-18T00:00:00.000Z,30,0.0492534355412669,28045.454545454544,561.7272727272727,13989670.090909092
2026-05-12T00:00:00.000Z,30,0.506710658779926,27735.545454545456,295.8181818181818,21566132.90909091
2026-05-18T00:00:00.000Z,27,0.0498800690982448,28314.11111111111,296.8888888888889,16466602.111111112
2026-05-15T00:00:00.000Z,30,0.0969233281666264,27778.0,548.0,18424397.09090909
2026-05-03T00:00:00.000Z,26,0.0913804521052196,28721.1875,63.375,19317395.0
2026-05-08T00:00:00.000Z,26,0.5067381517910319,28507.125,186.75,22104480.0
2026-05-03T00:00:00.000Z,33,0.1767772607224022,28768.222222222223,73.11111111111111,18963546.444444444
2026-05-08T00:00:00.000Z,33,0.6630902625768642,28595.88888888889,243.44444444444449,21641031.555555556
2026-05-05T00:00:00.000Z,26,0.0326163042109593,28393.25,385.8125,9688402.375
2026-05-05T00:00:00.000Z,33,0.0230925564937153,28463.0,400.0,10105435.666666666
2026-04-28T00:00:00.000Z,36,0.5902639666020192,28703.5,0.0,20877178.5
2026-05-02T00:00:00.000Z,37,0.6383747672675395,28769.1,6.9,25340116.0
2026-04-30T00:00:00.000Z,35,0.7143715580690737,28168.266666666663,0.0,26459034.533333335
2026-04-25T00:00:00.000Z,35,0.6923800378265126,28415.4,0.0,25037558.266666666
2026-04-25T00:00:00.000Z,1,0.6681064173917811,28450.0,0.0,24842500.0
2026-05-02T00:00:00.000Z,35,0.6219420528182147,28751.466666666667,0.0,25616724.933333337
2026-04-30T00:00:00.000Z,37,0.7192495911728475,28183.0,0.0,26464288.0
2026-04-25T00:00:00.000Z,36,0.7003989537995435,28511.75,0.0,24982315.25
2026-04-30T00:00:00.000Z,1,0.6969010634912663,28334.75,0.0,26081360.0
2026-05-02T00:00:00.000Z,1,0.5910438604278313,28891.125,0.0,25014108.75
2026-04-30T00:00:00.000Z,36,0.718192960986898,28303.0,0.0,26367535.75
2026-04-28T00:00:00.000Z,35,0.6018147367804328,28584.066666666666,0.0,20878240.666666668
2026-04-28T00:00:00.000Z,1,0.6414347661050986,28709.5,0.0,22242897.75
2026-04-28T00:00:00.000Z,37,0.5555099762356338,28595.9,0.0,20283090.8
2026-04-25T00:00:00.000Z,37,0.7078543792728659,28404.4,0.0,25047758.4
2026-05-02T00:00:00.000Z,36,0.6397022553684963,28873.5,2.125,25298303.0
2026-05-30T00:00:00.000Z,15,0.472343791818222,29523.0,201.42857142857144,22853923.285714287
2026-06-01T00:00:00.000Z,23,0.6142574608784322,29117.666666666668,28.333333333333332,19924327.666666668
2026-05-28T00:00:00.000Z,21,0.7398439377288063,29206.0,0.0,27841708.0
2026-06-02T00:00:00.000Z,21,0.4643684114188565,28978.0,812.0,17904376.0
2026-05-30T00:00:00.000Z,21,0.5288797039335444,29447.0,147.0,22760096.0
2026-05-30T00:00:00.000Z,23,0.6085384780452852,29440.5,141.0,22636938.333333332
2026-06-02T00:00:00.000Z,23,0.4300420559644854,28996.333333333332,794.6666666666666,17816655.0
2026-06-02T00:00:00.000Z,15,0.4322483585765274,29065.5,633.2142857142857,17907291.57142857
2026-06-01T00:00:00.000Z,15,0.5103176456645999,29215.35714285714,24.928571428571427,19416034.85714286
2026-05-28T00:00:00.000Z,15,0.7009576925510602,29284.928571428572,0.0,27859974.0
2026-06-01T00:00:00.000Z,21,0.6208059173080673,29113.0,24.0,19906082.0
2026-05-28T00:00:00.000Z,23,0.7465637872654604,29208.666666666668,0.0,27861458.666666668
2026-05-20T00:00:00.000Z,2,0.0329799978818269,28695.4,349.2,17738761.2
2026-05-25T00:00:00.000Z,5,0.730131500294097,29464.0,0.0,27241800.0
2026-05-25T00:00:00.000Z,2,0.708277233204587,29451.0,0.0,27171343.2
2026-05-25T00:00:00.000Z,3,0.7347831429325867,29391.125,0.0,27283982.25
2026-05-22T00:00:00.000Z,2,0.7239375071303337,29081.2,0.0,27484259.6
2026-05-23T00:00:00.000Z,2,0.7267318790752925,29296.6,0.0,27330898.0
2026-05-22T00:00:00.000Z,5,0.7558865392493352,29118.272727272728,0.0,27376394.727272727
2026-05-20T00:00:00.000Z,5,0.1494011316688555,28704.545454545456,292.6363636363636,17262448.545454547
2026-05-23T00:00:00.000Z,5,0.7578883765113199,29323.636363636364,0.0,27270699.818181816
2026-05-20T00:00:00.000Z,3,0.0452348070915066,28633.125,521.625,17107501.75
2026-05-22T00:00:00.000Z,3,0.7617583091072998,29031.625,0.0,27449880.5
2026-05-23T00:00:00.000Z,3,0.7630804408293117,29261.375,0.0,27332846.0
2026-05-25T00:00:00.000Z,18,0.4980532977131556,29553.0,0.0,27224606.0
2026-05-23T00:00:00.000Z,18,0.5106121287567473,29490.0,0.0,27094084.0
2026-05-30T00:00:00.000Z,34,0.6594036915786547,29304.428571428572,66.78571428571429,24583885.57142857
2026-06-02T00:00:00.000Z,33,0.573327131733387,28842.666666666668,1389.6666666666667,16820026.111111112
2026-06-02T00:00:00.000Z,34,0.2842959966263317,28773.785714285714,1540.571428571429,17574243.785714287
2026-05-28T00:00:00.000Z,34,0.6372668244758023,29271.285714285714,6.357142857142857,27252654.714285713
2026-06-01T00:00:00.000Z,34,0.2383342957385784,28968.285714285714,74.0,17227221.57142857
2026-05-28T00:00:00.000Z,33,0.6910628528775806,29354.444444444445,5.0,27125004.222222224
2026-04-08T00:00:00.000Z,19,0.6063169482121504,28308.14285714286,0.0,21447335.42857143
2026-04-23T00:00:00.000Z,19,0.7100741823725863,28377.0,0.0,24635619.14285714
2026-04-20T00:00:00.000Z,19,0.5922684896291462,28071.285714285714,2.7857142857142856,18136452.85714286
2026-04-18T00:00:00.000Z,7,0.6194353808403487,28800.470588235297,8.882352941176471,17442515.76470588
2026-04-18T00:00:00.000Z,19,0.4844902810901541,28741.285714285714,33.857142857142854,17203927.785714287
2026-04-20T00:00:00.000Z,7,0.4166558153658476,28127.764705882353,9.470588235294118,18651827.411764707
2026-04-22T00:00:00.000Z,19,0.687416752159394,28181.928571428572,0.0,24272029.14285714
2026-04-22T00:00:00.000Z,7,0.6505396226287569,28242.647058823528,0.0,24552250.0
2026-04-23T00:00:00.000Z,7,0.6704688889750015,28379.058823529413,0.0,24899692.470588237
2026-06-02T00:00:00.000Z,2,0.4226678755583824,28993.4,675.4,17542103.6
2026-05-28T00:00:00.000Z,36,0.7521039471666021,29166.375,0.0,27633242.25
2026-06-02T00:00:00.000Z,35,0.4032973571775761,28832.733333333337,1031.4,18501546.666666668
2026-06-02T00:00:00.000Z,1,0.6794489943714743,28949.5,609.5,17497664.25
2026-06-02T00:00:00.000Z,0,0.586017700842544,29014.666666666668,672.6666666666666,17427466.0
2026-05-28T00:00:00.000Z,1,0.7317144828588098,29145.5,0.0,27651716.0
2026-06-01T00:00:00.000Z,0,0.3410628079445131,29091.666666666668,37.0,19996406.0
2026-05-30T00:00:00.000Z,2,0.5577668726184208,29389.2,102.4,22117197.6
2026-05-30T00:00:00.000Z,0,0.3625970360163195,29406.0,124.66666666666669,22106758.666666668
2026-05-28T00:00:00.000Z,2,0.7024892171088228,29158.8,0.0,27799568.8
2026-06-01T00:00:00.000Z,35,0.5417507276115698,28901.6,85.73333333333333,19178933.066666663
2026-05-28T00:00:00.000Z,35,0.7465941085077984,29053.133333333335,0.0666666666666666,27702374.933333337
2026-06-01T00:00:00.000Z,2,0.4308637064615188,29055.4,45.8,20172075.2
2026-06-01T00:00:00.000Z,36,0.6373241170201229,29030.375,54.5,18146457.5
2026-06-02T00:00:00.000Z,36,0.7272872255060407,28931.75,847.375,17836733.5
2026-05-28T00:00:00.000Z,0,0.6301028378397696,29183.0,0.0,27726375.333333332
2026-06-01T00:00:00.000Z,1,0.4790933535936562,29045.125,28.0,19531091.75
2026-05-30T00:00:00.000Z,1,0.5058866570315689,29353.0,110.75,22535238.5
2026-05-30T00:00:00.000Z,35,0.70230741469794,29299.2,32.666666666666664,22808504.8
2026-05-30T00:00:00.000Z,36,0.7130045465487779,29382.0,39.875,23207212.75
2026-04-23T00:00:00.000Z,18,0.5125599811144436,28503.0,0.0,24536884.0
2026-04-23T00:00:00.000Z,15,0.6959068923166586,28474.928571428572,0.0,24777385.285714287
2026-04-18T00:00:00.000Z,20,0.5064711729494067,28822.0625,14.0625,17470881.75
2026-04-18T00:00:00.000Z,15,0.6183920146911602,28872.14285714286,7.642857142857143,17770095.0
2026-04-18T00:00:00.000Z,18,0.2873123290499517,28867.0,15.0,17105540.0
2026-04-23T00:00:00.000Z,20,0.6879961923160197,28439.0,0.0,24738568.25
2026-04-08T00:00:00.000Z,37,0.6240107009200505,28337.5,0.0,21785892.4
2026-04-08T00:00:00.000Z,43,0.5922359689062171,28271.07692307692,0.0,22018936.0
2026-04-08T00:00:00.000Z,31,0.6092446085830401,28317.666666666668,0.0,21900105.333333332
2026-04-08T00:00:00.000Z,29,0.6655049547841534,28403.555555555555,0.0,21612622.888888888
2026-04-08T00:00:00.000Z,30,0.6617747927329153,28385.454545454544,0.0,21809459.09090909
2026-05-10T00:00:00.000Z,10,0.4889127066980783,28928.125,534.4375,21083067.125
2026-05-05T00:00:00.000Z,10,0.368915833975189,28746.0625,519.875,11551881.6875
2026-05-08T00:00:00.000Z,10,0.4200487259597618,28412.8125,2.3125,15336647.875
2026-05-03T00:00:00.000Z,10,0.5885227857085312,28980.6875,0.6875,21565866.0
2026-04-08T00:00:00.000Z,12,0.6752385454425116,28189.105263157893,0.0,21637024.842105266
2026-04-22T00:00:00.000Z,20,0.6924803567872114,28279.6875,0.0,24376684.5
2026-04-20T00:00:00.000Z,20,0.5902166095370155,28173.75,5.5,18457410.375
2026-04-08T00:00:00.000Z,7,0.5618100693871045,28390.0,0.0,21662269.76470588
2026-04-08T00:00:00.000Z,15,0.5868539469562183,28507.285714285714,0.0,21438949.14285714
2026-04-08T00:00:00.000Z,20,0.5868553684039013,28434.3125,0.0,21453790.5
2026-04-10T00:00:00.000Z,11,0.0155730836383328,28086.14285714286,407.57142857142856,6873203.714285715
2026-04-15T00:00:00.000Z,11,0.0571838305377142,28180.85714285714,37.42857142857143,8479445.285714285
2026-04-12T00:00:00.000Z,11,0.0183825838865682,28026.285714285714,857.5714285714286,5248675.571428572
2026-04-13T00:00:00.000Z,11,0.0540741689194332,28070.428571428572,434.57142857142856,8088255.857142857
2026-04-13T00:00:00.000Z,40,0.0131944710708613,28022.555555555555,371.77777777777777,6280348.166666667
2026-04-10T00:00:00.000Z,43,0.0252209930380484,28087.07692307692,511.6923076923077,6373459.461538462
2026-04-12T00:00:00.000Z,43,0.0213201151133757,27932.615384615383,768.0,5405890.769230769
2026-04-13T00:00:00.000Z,43,0.0140572802810438,27943.153846153848,358.3076923076923,5643535.923076923
2026-04-15T00:00:00.000Z,43,0.0181162946133997,28058.153846153848,38.0,9677409.23076923
2026-04-12T00:00:00.000Z,40,0.0229799427545825,28036.944444444445,492.55555555555554,4958681.944444444
2026-04-13T00:00:00.000Z,37,0.0103602949087775,27902.2,318.0,4918561.0
2026-04-15T00:00:00.000Z,37,0.0334649110474953,28066.1,15.5,10297295.1
2026-04-10T00:00:00.000Z,37,0.0136786508747719,28112.7,558.7,6546133.5
2026-04-12T00:00:00.000Z,37,0.0173438460596612,27855.9,1150.7,5716573.1
2026-04-15T00:00:00.000Z,40,0.0195767014245831,28132.277777777777,33.05555555555556,9027816.111111112
2026-04-10T00:00:00.000Z,40,0.0162295028529068,28121.722222222223,561.2777777777778,5905628.944444444
2026-04-22T00:00:00.000Z,15,0.6746608893834182,28317.5,0.0,24432281.285714287
2026-04-20T00:00:00.000Z,15,0.6030311857883237,28217.785714285714,24.071428571428573,18247142.285714287
2026-05-05T00:00:00.000Z,19,0.1095976203042698,28702.35714285714,532.7857142857143,11008728.0
2026-05-03T00:00:00.000Z,19,0.5706273697232358,28975.714285714286,9.5,20738045.714285713
2026-05-10T00:00:00.000Z,7,0.5480005252478195,28986.58823529412,568.5294117647059,21159499.05882353
2026-05-10T00:00:00.000Z,19,0.5425450856509341,28924.64285714286,641.4285714285714,21537737.14285714
2026-05-05T00:00:00.000Z,20,0.0956433899205425,28757.125,483.5,10712956.0625
2026-05-08T00:00:00.000Z,7,0.6088786535230832,28553.764705882353,0.8823529411764706,15467073.352941176
2026-05-05T00:00:00.000Z,7,0.2116069750185023,28726.647058823528,494.05882352941177,10421648.23529412
2026-05-08T00:00:00.000Z,19,0.3771414005400407,28461.0,12.928571428571429,15220613.5
2026-05-08T00:00:00.000Z,20,0.4104429347967045,28583.3125,7.25,15207744.4375
2026-05-03T00:00:00.000Z,20,0.4776249031659941,29030.4375,3.9375,19817622.875
2026-05-03T00:00:00.000Z,7,0.58846199667981,29011.058823529413,1.7647058823529411,20782217.529411763
2026-05-10T00:00:00.000Z,20,0.4747158795267133,29010.25,607.8125,21689340.625
2026-04-15T00:00:00.000Z,31,0.0130071587711174,28014.666666666668,22.333333333333332,10479384.777777778
2026-04-15T00:00:00.000Z,41,0.0145390215385869,28189.444444444445,51.44444444444444,9805855.0
2026-04-15T00:00:00.000Z,32,0.0093565950534373,28121.81818181818,42.36363636363637,10498485.818181818
2026-04-10T00:00:00.000Z,32,0.0431332961901657,28228.545454545456,260.0,7751937.545454546
2026-04-13T00:00:00.000Z,31,0.0111707318475935,27877.333333333332,332.1111111111111,5283665.0
2026-04-13T00:00:00.000Z,41,0.0129756516571564,28112.88888888889,485.77777777777777,5411625.555555556
2026-04-12T00:00:00.000Z,41,0.0234413103886835,28138.777777777777,605.4444444444445,4544056.111111111
2026-04-13T00:00:00.000Z,32,0.0192939901676442,28032.454545454544,424.90909090909093,5212812.818181818
2026-04-12T00:00:00.000Z,31,0.0178762434952196,27860.11111111111,1011.1111111111112,5835090.777777778
2026-04-10T00:00:00.000Z,41,0.0371568098385461,28241.777777777777,407.0,7327138.111111111
2026-04-12T00:00:00.000Z,32,0.0213881378863164,28042.18181818182,761.5454545454545,5246319.090909091
2026-04-10T00:00:00.000Z,31,0.0184671791996582,28099.11111111111,306.77777777777777,6968127.777777778
2026-04-23T00:00:00.000Z,32,0.7018541207408551,28278.272727272728,0.0,25443288.727272727
2026-04-20T00:00:00.000Z,41,0.4289604941081841,28221.222222222223,24.0,17693631.111111112
2026-04-22T00:00:00.000Z,41,0.6943595048187774,28182.666666666668,0.0,25152199.111111112
2026-04-18T00:00:00.000Z,41,0.670056597778844,28618.444444444445,30.333333333333332,21317475.777777776
2026-04-22T00:00:00.000Z,32,0.6892024684309638,28155.454545454544,0.0,25169337.636363637
2026-04-23T00:00:00.000Z,41,0.7090234025008404,28294.222222222223,0.0,25444125.777777776
2026-04-18T00:00:00.000Z,32,0.6479338691857577,28589.090909090908,43.72727272727273,20313792.545454547
2026-04-20T00:00:00.000Z,32,0.4589111069237776,28188.272727272728,31.818181818181817,17544191.818181816
2026-04-08T00:00:00.000Z,14,0.5384546466617521,28542.0,0.0,21256035.333333332
2026-05-13T00:00:00.000Z,9,0.1372088770522308,28172.647058823528,524.9411764705883,18110378.11764706
2026-05-12T00:00:00.000Z,9,0.0398058011921105,27927.58823529412,164.11764705882354,22174894.94117647
2026-05-18T00:00:00.000Z,9,0.1274369521226752,28381.352941176472,148.05882352941177,19937100.0
2026-05-15T00:00:00.000Z,9,0.1876833697365822,28050.82352941177,395.52941176470586,18012184.23529412
2026-05-12T00:00:00.000Z,31,0.5028613831571099,27776.88888888889,221.44444444444449,21536551.777777776
2026-05-15T00:00:00.000Z,43,0.1088253486586624,27892.384615384617,481.53846153846155,17577013.846153848
2026-05-13T00:00:00.000Z,43,0.1382186823468205,28101.23076923077,412.15384615384613,17296999.230769232
2026-05-18T00:00:00.000Z,31,0.0605521000038451,28076.555555555555,463.0,14252484.444444444
2026-05-12T00:00:00.000Z,43,0.3873094832258054,27827.615384615383,265.0,21547587.846153848
2026-05-18T00:00:00.000Z,37,0.1052173429498712,28119.5,448.2,14493659.5
2026-05-13T00:00:00.000Z,31,0.0550079792494488,28039.11111111111,510.22222222222223,17615560.666666668
2026-05-18T00:00:00.000Z,43,0.0693752894095308,28155.46153846154,372.7692307692308,16750812.846153846
2026-05-13T00:00:00.000Z,37,0.1058859184896899,28050.9,537.6,17377364.2
2026-05-15T00:00:00.000Z,31,0.0984048843537182,27823.444444444445,524.3333333333334,17858140.666666668
2026-05-15T00:00:00.000Z,37,0.1011439379765067,27861.6,467.4,17703669.4
2026-05-12T00:00:00.000Z,37,0.3419751979199245,27778.4,143.6,21590813.4
2026-05-18T00:00:00.000Z,8,0.2709076024275354,28401.444444444445,117.66666666666669,19155197.333333332
2026-05-15T00:00:00.000Z,8,0.267593570112728,28090.222222222223,297.44444444444446,17931431.777777776
2026-05-12T00:00:00.000Z,8,0.1240632780992652,27992.555555555555,124.0,21914370.444444444
2026-05-13T00:00:00.000Z,8,0.1607961093209091,28211.0,480.55555555555554,16935025.555555556
2026-04-18T00:00:00.000Z,14,0.565941227533419,28892.0,3.0,17787008.0
2026-04-23T00:00:00.000Z,14,0.633476951000461,28506.333333333332,0.0,24646138.666666668
2026-05-30T00:00:00.000Z,43,0.6558673371656614,29317.846153846152,33.53846153846154,23921519.53846154
2026-05-28T00:00:00.000Z,40,0.6783201256564837,29185.055555555555,0.0555555555555555,27962958.666666668
2026-06-02T00:00:00.000Z,43,0.5388807317474166,28816.23076923077,1122.923076923077,18838281.384615384
2026-06-01T00:00:00.000Z,43,0.4786630388884553,28912.92307692308,100.76923076923076,17992287.384615384
2026-06-01T00:00:00.000Z,40,0.3898248787249803,28970.5,121.61111111111111,20034366.111111112
2026-05-30T00:00:00.000Z,40,0.5753988872254616,29388.833333333332,31.5,23529798.888888888
2026-05-28T00:00:00.000Z,43,0.7144123880073526,29134.23076923077,1.0,27699001.230769232
2026-06-02T00:00:00.000Z,37,0.3617023856365349,28801.7,989.0,17625275.4
2026-05-28T00:00:00.000Z,37,0.7710634910103559,29090.9,0.0,27478734.6
2026-05-30T00:00:00.000Z,37,0.7136858125178279,29298.1,42.9,23510313.2
2026-06-01T00:00:00.000Z,37,0.5890433539275322,28911.5,53.8,17177795.3
2026-06-02T00:00:00.000Z,40,0.5325971273696374,28918.055555555555,700.1666666666666,19818874.111111112
2026-04-08T00:00:00.000Z,24,0.7357985311085652,28391.222222222223,0.0,21451856.222222224
2026-05-20T00:00:00.000Z,31,0.0755406989930616,28514.777777777777,322.55555555555554,18756337.333333332
2026-05-23T00:00:00.000Z,30,0.7614374311702515,29128.727272727272,0.0,27665878.727272727
2026-05-23T00:00:00.000Z,32,0.7241203020727478,29256.727272727272,0.0,27822588.727272727
2026-05-20T00:00:00.000Z,32,0.3017044007392245,28673.81818181818,246.0909090909091,18750757.272727273
2026-05-23T00:00:00.000Z,31,0.7897809142243569,29139.333333333332,0.0,27621368.666666668
2026-05-25T00:00:00.000Z,32,0.692668112534883,29503.363636363636,0.0,26929822.90909091
2026-05-25T00:00:00.000Z,30,0.6883574775930379,29338.545454545456,0.0,26276726.545454547
2026-05-22T00:00:00.000Z,32,0.7165874130347692,29025.909090909092,0.0,28036894.181818184
2026-05-22T00:00:00.000Z,31,0.7804511829740192,28917.666666666668,0.0,27783305.777777776
2026-05-20T00:00:00.000Z,30,0.0624182297922117,28467.81818181818,264.6363636363636,18870964.181818184
2026-05-22T00:00:00.000Z,30,0.7441198089390909,28913.909090909092,0.0,27765255.636363637
2026-05-25T00:00:00.000Z,31,0.6554622806937032,29380.88888888889,0.0,26565311.777777776
2026-05-30T00:00:00.000Z,39,0.6589557230979387,29348.166666666668,80.83333333333333,22536274.444444444
2026-05-28T00:00:00.000Z,39,0.7180504815980173,29101.11111111111,0.0,27825093.222222224
2026-05-30T00:00:00.000Z,3,0.4242764480111744,29370.25,60.75,22029032.0
2026-06-01T00:00:00.000Z,3,0.4873094583734159,28995.75,67.625,21020768.25
2026-05-30T00:00:00.000Z,11,0.510898905189098,29343.428571428572,115.0,21826590.0
2026-06-01T00:00:00.000Z,11,0.4847712050780851,28988.714285714286,50.142857142857146,21624744.0
2026-06-01T00:00:00.000Z,39,0.5359227601542428,28964.555555555555,77.38888888888889,20713154.222222224
2026-06-02T00:00:00.000Z,39,0.3331468173611339,28914.666666666668,791.5555555555555,19122149.333333332
2026-05-28T00:00:00.000Z,11,0.7544944557454591,29071.14285714286,0.0,27811728.285714287
2026-06-02T00:00:00.000Z,3,0.292598451288593,28943.5,956.125,17591535.75
2026-05-28T00:00:00.000Z,3,0.7382866399673416,29106.5,0.0,27892248.25
2026-06-02T00:00:00.000Z,11,0.1807815911019331,28954.428571428572,859.7142857142857,18171040.57142857
2026-06-02T00:00:00.000Z,42,0.4066527984875116,28858.1,740.55,18475297.3
2026-05-30T00:00:00.000Z,41,0.5952065427961312,29460.777777777777,30.22222222222222,24622478.444444444
2026-05-28T00:00:00.000Z,42,0.697079177500928,29233.35,17.2,27723692.8
2026-06-02T00:00:00.000Z,41,0.4134413125572015,28977.444444444445,909.8888888888888,18501987.666666668
2026-06-01T00:00:00.000Z,41,0.4207947463001069,29097.777777777777,187.33333333333337,18581994.222222224
2026-06-01T00:00:00.000Z,42,0.2333926133668709,28924.9,280.55,19489228.1
2026-05-28T00:00:00.000Z,41,0.6964385077469993,29367.777777777777,1.8888888888888888,27729976.666666668
2026-05-30T00:00:00.000Z,42,0.5372947317691839,29341.35,51.6,24405575.2
2026-04-25T00:00:00.000Z,40,0.6786904054173986,28420.444444444445,0.0,25311370.888888888
2026-05-02T00:00:00.000Z,40,0.5691612594954385,28777.333333333332,0.0,26086823.222222224
2026-04-28T00:00:00.000Z,42,0.4202689776820276,28604.15,0.0,20108949.5
2026-04-30T00:00:00.000Z,42,0.7380262389280818,28172.7,0.0,26951777.0
2026-05-02T00:00:00.000Z,42,0.6526572926559959,28791.05,0.0,26077934.7
2026-04-30T00:00:00.000Z,40,0.682505585855848,28153.222222222223,0.0,26788169.888888888
2026-04-25T00:00:00.000Z,42,0.741106225207931,28434.1,0.0,25538265.2
2026-04-28T00:00:00.000Z,40,0.3122974815262166,28582.61111111111,0.0,20547986.888888888
2026-05-25T00:00:00.000Z,28,0.7161860178427782,29482.869565217392,0.0,26508486.34782609
2026-05-23T00:00:00.000Z,16,0.7268017272758036,29369.11111111111,0.0,27253649.777777776
2026-05-25T00:00:00.000Z,16,0.701330557741816,29459.555555555555,0.0,27056708.444444444
2026-05-23T00:00:00.000Z,28,0.7372675840552448,29351.956521739132,0.0,27383118.0
2026-05-08T00:00:00.000Z,13,0.4902374346115538,28543.5,38.0,18876909.0
2026-05-05T00:00:00.000Z,16,0.0574414789180276,28596.0,525.4444444444445,10017583.666666666
2026-05-08T00:00:00.000Z,22,0.3415758003388274,28432.090909090908,65.45454545454545,18405844.363636363
2026-05-08T00:00:00.000Z,23,0.6065157358521537,28551.333333333332,47.666666666666664,16877171.666666668
2026-05-10T00:00:00.000Z,22,0.4833657444798576,28739.727272727272,677.3636363636364,19601111.818181816
2026-05-03T00:00:00.000Z,16,0.1230463554669155,28961.333333333332,13.333333333333334,20612913.555555556
2026-05-05T00:00:00.000Z,23,0.2467216091055338,28640.0,677.6666666666666,10484211.166666666
2026-05-03T00:00:00.000Z,13,0.1153964158978894,28951.0,18.5,20575519.0
2026-05-05T00:00:00.000Z,15,0.1239828346397837,28742.0,526.2857142857143,10597293.5
2026-05-03T00:00:00.000Z,23,0.5153640058538106,29014.666666666668,14.666666666666666,20484889.666666668
2026-05-08T00:00:00.000Z,15,0.6850174238223978,28631.64285714286,13.5,16555614.42857143
2026-05-10T00:00:00.000Z,16,0.497425097060035,28847.666666666668,859.1111111111111,19743873.333333332
2026-05-08T00:00:00.000Z,16,0.4450746589132197,28558.666666666668,32.77777777777778,19054923.111111112
2026-05-05T00:00:00.000Z,13,0.0430789801149689,28582.0,559.0,10066756.0
2026-05-03T00:00:00.000Z,22,0.2925060564608967,28854.090909090908,43.27272727272727,20318083.272727273
2026-05-03T00:00:00.000Z,15,0.4239414928112494,29063.071428571428,5.571428571428571,20161803.0
2026-05-10T00:00:00.000Z,15,0.5282988497994919,29006.714285714286,592.7857142857143,21190194.0
2026-05-05T00:00:00.000Z,22,0.0539259536453572,28477.727272727272,651.5454545454545,10315608.272727272
2026-05-10T00:00:00.000Z,23,0.3515342713094583,28909.333333333332,622.6666666666666,20685839.333333332
2026-05-22T00:00:00.000Z,40,0.6993909305670358,28958.666666666668,0.0,27882423.222222224
2026-05-20T00:00:00.000Z,40,0.0664342948133454,28611.833333333332,641.0,17783001.333333332
2026-05-22T00:00:00.000Z,38,0.6520600195910498,28984.0,0.0,27232994.0
2026-05-22T00:00:00.000Z,39,0.7225683982911165,28962.555555555555,0.0,27445285.222222224
2026-05-25T00:00:00.000Z,40,0.683424086416328,29376.833333333332,0.0,27573728.777777776
2026-05-25T00:00:00.000Z,39,0.7097319616420574,29347.0,0.0,27307467.888888888
2026-05-20T00:00:00.000Z,39,0.0219442923028879,28599.333333333332,620.5555555555555,17230565.055555556
2026-05-25T00:00:00.000Z,38,0.6437100174009495,29375.0,0.0,27235736.0
2026-05-23T00:00:00.000Z,40,0.7084933105442472,29178.222222222223,0.0,27723922.777777776
2026-05-20T00:00:00.000Z,38,0.0023677414972071,28655.0,614.0,16462026.0
2026-05-23T00:00:00.000Z,39,0.7429403648186392,29188.222222222223,0.0,27345808.333333332
2026-04-28T00:00:00.000Z,18,0.5009460563617739,28885.0,0.0,24217236.0
2026-04-25T00:00:00.000Z,18,0.5048077466646896,28591.0,0.0,24665108.0
2026-04-15T00:00:00.000Z,26,0.0263792821842087,28075.75,7.875,12671399.625
2026-04-12T00:00:00.000Z,26,0.0174238999046106,27884.5,1733.9375,4588132.25
2026-04-13T00:00:00.000Z,26,0.0105257825719224,27852.9375,636.5625,3846866.875
2026-04-10T00:00:00.000Z,26,0.0281659325275088,28240.9375,281.0,8318832.375
2026-04-08T00:00:00.000Z,18,0.4510369775254937,28469.0,0.0,21243684.0
2026-04-08T00:00:00.000Z,17,0.5660253593267524,28433.0,0.0,21415640.0
2026-05-23T00:00:00.000Z,29,0.7690385984982884,29205.777777777777,0.0,27445550.666666668
2026-05-20T00:00:00.000Z,24,0.0626343749083901,28541.0,299.55555555555554,18329181.777777776
2026-05-25T00:00:00.000Z,29,0.7436647254122811,29394.88888888889,0.0,26310096.0
2026-05-23T00:00:00.000Z,24,0.7971069573931023,29207.222222222223,0.0,27319953.777777776
2026-05-22T00:00:00.000Z,24,0.7792777605446726,29021.444444444445,0.0,27408291.555555556
2026-05-22T00:00:00.000Z,28,0.8179105634217291,29154.869565217392,0.0,27369679.04347826
2026-05-20T00:00:00.000Z,29,0.0467509157946635,28549.666666666668,284.77777777777777,18725547.555555556
2026-05-20T00:00:00.000Z,28,0.2167838296609625,28725.043478260868,191.0,17788425.304347824
2026-05-22T00:00:00.000Z,29,0.7600241193547278,29005.666666666668,0.0,27565436.0
2026-05-25T00:00:00.000Z,24,0.6772570777600863,29343.88888888889,0.0,26384383.111111112
2026-04-20T00:00:00.000Z,1,0.3434448418666319,28053.0,73.25,17841935.75
2026-04-18T00:00:00.000Z,21,0.2382216231383894,28810.0,14.0,17752744.0
2026-04-23T00:00:00.000Z,23,0.7291781425262971,28385.666666666668,0.0,24865680.0
2026-04-20T00:00:00.000Z,23,0.5027575927919725,28118.333333333332,46.333333333333336,18195635.666666668
2026-04-23T00:00:00.000Z,1,0.6604774249395016,28305.875,0.0,24803368.5
2026-04-18T00:00:00.000Z,23,0.4260659045838999,28809.833333333332,16.666666666666668,17678065.333333332
2026-04-22T00:00:00.000Z,21,0.6685703817921742,28226.0,0.0,24514442.0
2026-04-22T00:00:00.000Z,23,0.7024980427369644,28230.5,0.0,24537256.666666668
2026-04-18T00:00:00.000Z,1,0.2576253970536141,28717.75,17.875,17507320.25
2026-04-20T00:00:00.000Z,21,0.3839520732934637,28111.0,47.0,18153880.0
2026-04-22T00:00:00.000Z,1,0.6346329142279015,28115.375,0.0,24503187.0
2026-04-23T00:00:00.000Z,21,0.7037423456710576,28384.0,0.0,24843980.0
2026-04-20T00:00:00.000Z,17,0.6781669797533552,28183.0,3.0,18435216.0
2026-04-23T00:00:00.000Z,17,0.6777943807286122,28453.0,0.0,24692242.0
2026-04-22T00:00:00.000Z,17,0.7222386581342451,28288.0,0.0,24323148.0
2026-04-18T00:00:00.000Z,17,0.344789682287985,28836.0,14.0,17398846.0
2026-06-07T00:00:00.000Z,20,0.5130753847691683,29047.125,0.5625,26740911.125
2026-06-09T00:00:00.000Z,19,0.3740720574715973,28754.64285714286,235.92857142857144,18284806.85714286
2026-06-04T00:00:00.000Z,19,0.0572223251654641,28836.714285714286,260.0,12202303.42857143
2026-06-09T00:00:00.000Z,20,0.5018689516406697,28840.875,218.375,18877235.25
2026-06-07T00:00:00.000Z,19,0.5391181764766763,28956.5,0.7857142857142857,26282273.714285713
2026-06-04T00:00:00.000Z,20,0.063108214010686,28932.9375,226.3125,11566078.1875
2026-05-08T00:00:00.000Z,27,0.6251828091458757,28608.88888888889,165.22222222222223,21995897.555555556
2026-05-03T00:00:00.000Z,25,0.0893908679737292,28907.333333333332,40.333333333333336,19281072.0
2026-05-03T00:00:00.000Z,27,0.065103960430268,28866.222222222223,68.11111111111111,19234453.555555556
2026-05-05T00:00:00.000Z,25,0.0398703310384319,28595.666666666668,290.6666666666667,9305294.0
2026-05-05T00:00:00.000Z,27,0.0362793032712563,28531.88888888889,373.55555555555554,9235140.444444444
2026-05-08T00:00:00.000Z,25,0.6523371818366541,28652.333333333332,121.66666666666669,22000712.0
2026-04-08T00:00:00.000Z,35,0.5793140134248678,28242.2,0.0,21818180.8
2026-04-08T00:00:00.000Z,36,0.5922340311204513,28415.125,0.0,21668182.0
2026-05-13T00:00:00.000Z,18,0.0064354039238334,28381.0,317.0,13498243.0
2026-05-12T00:00:00.000Z,17,0.4295662289620871,28142.0,156.0,20933882.0
2026-05-13T00:00:00.000Z,17,0.0011618456383719,28296.0,545.0,13686641.0
2026-05-18T00:00:00.000Z,18,0.0405382104661724,28562.0,280.0,16929748.0
2026-05-15T00:00:00.000Z,17,0.1949345250975093,28184.0,240.0,18381302.0
2026-05-18T00:00:00.000Z,17,0.1796761910997394,28503.0,244.0,17076730.0
2026-05-15T00:00:00.000Z,18,0.0002541503420196469,28273.0,227.0,18616408.0
2026-06-09T00:00:00.000Z,7,0.2335977449167458,28810.117647058825,255.7058823529412,17333212.352941178
2026-06-04T00:00:00.000Z,15,0.088771260130171,28982.64285714286,130.57142857142858,12544735.857142856
2026-06-07T00:00:00.000Z,15,0.676056350144297,29115.285714285714,0.2142857142857142,27008943.285714287
2026-06-04T00:00:00.000Z,7,0.0672616180672916,28933.529411764703,175.76470588235293,13004613.647058824
2026-06-07T00:00:00.000Z,7,0.6770845854602312,29021.58823529412,0.0,26680678.23529412
2026-06-09T00:00:00.000Z,15,0.4960030906697247,28868.64285714286,260.14285714285717,18274739.0
2026-04-28T00:00:00.000Z,28,0.4042064064145086,28793.304347826088,0.0,20918990.0
2026-04-28T00:00:00.000Z,16,0.6826271764703354,28801.222222222223,0.0,22803766.666666668
2026-04-25T00:00:00.000Z,16,0.7082102200904477,28551.666666666668,0.0,24847747.111111112
2026-04-25T00:00:00.000Z,28,0.719557327511444,28546.91304347826,0.0,24965362.34782609
2026-05-05T00:00:00.000Z,34,0.022057616686012,28362.928571428572,464.1428571428572,9944553.357142856
2026-05-03T00:00:00.000Z,34,0.1836117799439574,28729.928571428572,91.07142857142856,19866112.0
2026-05-03T00:00:00.000Z,30,0.1972090777163057,28690.18181818182,136.45454545454547,19589312.363636363
2026-05-08T00:00:00.000Z,34,0.6340454536946625,28529.785714285714,228.78571428571428,22545932.285714287
2026-05-05T00:00:00.000Z,30,0.0275850248215852,28294.909090909092,581.7272727272727,9525909.727272728
2026-05-10T00:00:00.000Z,34,0.1302305703378181,28621.285714285714,680.3571428571429,15633061.142857144
2026-05-10T00:00:00.000Z,30,0.149053822649175,28562.272727272728,880.3636363636364,16648900.363636363
2026-05-08T00:00:00.000Z,30,0.439981938991996,28408.909090909092,165.8181818181818,22092927.09090909
2026-06-02T00:00:00.000Z,14,0.5591448003217929,29079.666666666668,662.0,17559207.333333332
2026-05-28T00:00:00.000Z,14,0.6263362432669872,29313.666666666668,0.0,27632040.0
2026-06-02T00:00:00.000Z,16,0.5247734242820504,28927.0,812.1111111111111,17256353.777777776
2026-05-28T00:00:00.000Z,16,0.7138231596217328,29214.222222222223,0.0,27584920.0
2026-04-08T00:00:00.000Z,2,0.5807396738609485,28336.8,0.0,21644934.4
2026-04-08T00:00:00.000Z,0,0.5025402883555903,28368.666666666668,0.0,21502751.333333332
2026-05-08T00:00:00.000Z,5,0.3912103909786133,28509.545454545456,0.0,15783744.545454543
2026-05-10T00:00:00.000Z,5,0.61838744678432,28914.363636363636,520.1818181818181,20100038.0
2026-05-03T00:00:00.000Z,5,0.667112852149772,28964.090909090908,9.818181818181818,21163058.90909091
2026-05-05T00:00:00.000Z,5,0.1343087905749481,28650.272727272728,594.0,10151970.909090908
2026-06-01T00:00:00.000Z,14,0.8207053892080124,29246.666666666668,16.0,19795290.0
2026-05-30T00:00:00.000Z,14,0.6282023087233126,29541.0,208.0,22998590.0
2026-04-20T00:00:00.000Z,31,0.2925267311200518,28006.444444444445,44.111111111111114,17437205.333333332
2026-04-18T00:00:00.000Z,43,0.5138647003343771,28549.615384615383,61.53846153846154,19671528.0
2026-04-18T00:00:00.000Z,37,0.4676373204415866,28585.8,37.5,18145276.4
2026-04-23T00:00:00.000Z,43,0.6860084441372283,28152.30769230769,0.0,25389300.615384616
2026-04-22T00:00:00.000Z,37,0.678595736779162,27982.9,0.0,24902898.2
2026-04-18T00:00:00.000Z,31,0.3980940297191053,28518.88888888889,46.0,18922130.444444444
2026-04-22T00:00:00.000Z,31,0.6902124829077462,27987.666666666668,0.0,25060610.0
2026-04-23T00:00:00.000Z,31,0.709685429915037,28149.11111111111,0.0,25307336.666666668
2026-04-20T00:00:00.000Z,43,0.1884646164154546,28004.69230769231,36.84615384615385,17706726.769230768
2026-04-23T00:00:00.000Z,37,0.698743473586327,28207.7,0.0,25155606.2
2026-04-20T00:00:00.000Z,37,0.4433679456370759,27982.6,66.9,17406939.8
2026-04-22T00:00:00.000Z,43,0.6655656860959955,27985.0,0.0,25139173.076923076
2026-04-08T00:00:00.000Z,4,0.5460327936590563,28423.0,0.0,21646509.25
2026-04-08T00:00:00.000Z,5,0.6448021658957779,28314.727272727272,0.0,21682239.454545453
2026-04-18T00:00:00.000Z,36,0.6004942299790854,28707.0,30.0,17886704.0
2026-04-23T00:00:00.000Z,35,0.6794626791689771,28194.066666666666,0.0,25109586.666666668
2026-04-20T00:00:00.000Z,36,0.3314770476897022,28080.875,78.0,17555523.0
2026-04-23T00:00:00.000Z,36,0.6904199838318521,28338.375,0.0,25051071.0
2026-04-20T00:00:00.000Z,35,0.3707298962799522,27968.4,41.733333333333334,17781487.066666666
2026-04-22T00:00:00.000Z,35,0.6552692356670876,27971.133333333335,0.0,24859206.266666666
2026-04-22T00:00:00.000Z,36,0.6632406394383766,28093.75,0.0,24786788.0
2026-04-18T00:00:00.000Z,35,0.4849252515648472,28629.6,45.333333333333336,18552691.466666665
2026-05-02T00:00:00.000Z,32,0.5652324256721589,28848.272727272728,0.0,25673978.727272727
2026-04-30T00:00:00.000Z,32,0.708588707995037,28319.272727272728,0.0,26820259.09090909
2026-04-25T00:00:00.000Z,34,0.7441809352335587,28447.5,0.0,25326831.42857143
2026-04-28T00:00:00.000Z,32,0.2887448026000122,28667.909090909092,0.3636363636363636,19834473.09090909
2026-04-25T00:00:00.000Z,32,0.7000542970587332,28485.909090909092,0.0,25350543.09090909
2026-05-02T00:00:00.000Z,34,0.6020841154008579,28833.64285714286,17.5,24323053.285714287
2026-04-28T00:00:00.000Z,34,0.1303726840991468,28619.928571428572,6.5,18314050.57142857
2026-04-30T00:00:00.000Z,34,0.7505406676392802,28330.285714285714,0.0,26670320.42857143
2026-04-28T00:00:00.000Z,22,0.7001986504830345,28660.909090909092,0.0,22146964.727272727
2026-04-28T00:00:00.000Z,13,0.7619315335738752,28789.0,0.0,22819910.0
2026-05-02T00:00:00.000Z,22,0.5270012890847853,28885.545454545456,2.0,24664189.272727273
2026-04-25T00:00:00.000Z,22,0.7534925709283699,28409.454545454544,0.0,24715605.09090909
2026-04-30T00:00:00.000Z,22,0.7599999371435765,28281.18181818182,0.0,25939554.0
2026-05-02T00:00:00.000Z,16,0.4479006694333673,29030.333333333332,0.8888888888888888,24382338.888888888
2026-04-25T00:00:00.000Z,13,0.7775966424537181,28549.0,0.0,24835101.0
2026-04-30T00:00:00.000Z,16,0.7706826410890025,28458.11111111111,0.0,26022243.555555556
2026-05-15T00:00:00.000Z,21,0.2214345322872019,28070.0,369.0,18091152.0
2026-05-12T00:00:00.000Z,21,0.5299210454396719,27999.0,168.0,21617286.0
2026-05-18T00:00:00.000Z,21,0.2619911470821615,28389.0,522.0,16188327.0
2026-05-13T00:00:00.000Z,21,0.1393782006089729,28217.0,562.0,16192123.0
2026-05-05T00:00:00.000Z,4,0.2181372619849436,28692.75,628.0,10184705.875
2026-05-05T00:00:00.000Z,2,0.0675875084398833,28613.0,604.6,10207133.6
2026-05-10T00:00:00.000Z,2,0.6304289532037725,28852.4,551.4,19725605.6
2026-05-08T00:00:00.000Z,0,0.3181788926245298,28529.666666666668,19.0,16404645.333333334
2026-05-10T00:00:00.000Z,0,0.1550801590263105,28893.333333333332,538.3333333333334,20126404.666666668
2026-05-03T00:00:00.000Z,0,0.5034144369543657,28971.666666666668,28.333333333333332,20653600.666666668
2026-05-03T00:00:00.000Z,4,0.5309719010838859,29024.5,19.0,20642867.5
2026-05-08T00:00:00.000Z,2,0.334962115011863,28519.4,4.0,16903284.0
2026-05-03T00:00:00.000Z,2,0.5944624956999057,28944.6,39.0,21115422.8
2026-05-10T00:00:00.000Z,4,0.4353189741538878,28954.875,529.0,20438220.5
2026-05-08T00:00:00.000Z,4,0.5572248692359956,28575.375,26.5,16151555.375
2026-05-05T00:00:00.000Z,0,0.1490951903408911,28640.0,620.3333333333334,10253765.666666666
2026-06-04T00:00:00.000Z,10,0.0738145907715225,28891.6875,210.4375,13407136.875
2026-06-07T00:00:00.000Z,10,0.5319540460523138,28980.1875,6.625,25925192.75
2026-06-09T00:00:00.000Z,10,0.2645942138835014,28791.1875,170.5,18073684.125
2026-06-02T00:00:00.000Z,24,0.5111351661604592,28770.555555555555,1183.7777777777778,16984531.111111112
2026-05-28T00:00:00.000Z,22,0.7890296471359832,29086.363636363636,0.0,27459473.454545453
2026-06-02T00:00:00.000Z,13,0.6258535425761289,28911.0,846.0,17282475.0
2026-06-01T00:00:00.000Z,22,0.476402646235836,28971.545454545456,26.90909090909091,19230782.363636363
2026-05-30T00:00:00.000Z,16,0.7123084846907841,29459.777777777777,148.44444444444446,23391066.444444444
2026-05-28T00:00:00.000Z,24,0.7184009986431654,29071.0,0.0,27417239.555555556
2026-06-01T00:00:00.000Z,24,0.3371645149923089,28905.222222222223,31.22222222222222,17538855.555555556
2026-05-28T00:00:00.000Z,13,0.7802564272510745,29201.0,0.0,27590597.0
2026-05-30T00:00:00.000Z,22,0.5481811700108101,29308.454545454544,149.36363636363637,22929786.545454547
2026-06-01T00:00:00.000Z,16,0.5504384775857986,29110.555555555555,13.88888888888889,19819310.888888888
2026-05-30T00:00:00.000Z,24,0.576501563202209,29275.11111111111,148.77777777777777,23600863.555555556
2026-06-02T00:00:00.000Z,22,0.4870040342930071,28835.545454545456,829.0,17507171.272727273
2026-05-23T00:00:00.000Z,17,0.7024560825151331,29424.0,0.0,27227580.0
2026-05-22T00:00:00.000Z,17,0.8047145078271571,29248.0,0.0,27136232.0
2026-05-25T00:00:00.000Z,17,0.6933319558824442,29528.0,0.0,27340728.0
2026-05-20T00:00:00.000Z,17,0.0249313899720469,28830.0,396.0,17992492.0
2026-06-04T00:00:00.000Z,9,0.1325338506772119,28843.117647058825,303.4117647058824,14332260.11764706
2026-06-09T00:00:00.000Z,9,0.1013011790334093,28729.941176470587,228.23529411764707,15759183.88235294
2026-06-07T00:00:00.000Z,9,0.607382605871307,28921.17647058823,11.0,25662877.05882353
2026-06-09T00:00:00.000Z,12,0.069892354174313,28700.105263157893,336.2105263157895,13661794.263157897
2026-06-04T00:00:00.000Z,12,0.1807361226894764,28811.105263157893,421.94736842105266,14974162.47368421
2026-06-09T00:00:00.000Z,11,0.0586536778464069,28693.571428571428,599.5714285714286,11448238.285714284
2026-06-04T00:00:00.000Z,11,0.2440199269015883,28799.14285714286,472.2857142857143,16182089.142857144
2026-05-23T00:00:00.000Z,14,0.6418406547188269,29470.0,0.0,27185328.666666668
2026-05-25T00:00:00.000Z,14,0.6267627189441277,29547.0,0.0,27159511.333333332
2026-05-30T00:00:00.000Z,19,0.045970162288105,29384.85714285714,163.0,22600509.57142857
2026-06-02T00:00:00.000Z,10,0.0377929244095443,29025.25,572.0625,17543209.0
2026-05-28T00:00:00.000Z,10,0.7532923954854993,29032.6875,0.0,27787781.5
2026-05-30T00:00:00.000Z,10,0.2459189330930018,29377.0625,144.9375,22610088.0
2026-05-28T00:00:00.000Z,19,0.7676159666836025,29090.35714285714,0.0,27937709.85714286
2026-06-01T00:00:00.000Z,10,0.4653928103056394,29043.125,45.5625,19951138.5
2026-06-02T00:00:00.000Z,19,0.1790294558005914,28973.714285714286,830.0,17994740.0
2026-06-01T00:00:00.000Z,19,0.4443590621514957,29041.5,74.07142857142857,19494335.0
2026-04-20T00:00:00.000Z,2,0.4038941689100294,28076.4,42.0,17836031.6
2026-04-22T00:00:00.000Z,4,0.6197119971791158,28242.25,0.0,24636637.75
2026-04-18T00:00:00.000Z,5,0.6112827490108851,28742.18181818182,9.636363636363637,17377338.545454547
2026-04-22T00:00:00.000Z,5,0.7083714648183052,28155.454545454544,0.0,24603818.181818184
2026-04-23T00:00:00.000Z,2,0.6834050743209166,28308.4,0.0,24947319.6
2026-04-18T00:00:00.000Z,2,0.5812119217386923,28770.0,20.2,17776929.6
2026-04-20T00:00:00.000Z,4,0.335275421170548,28143.125,37.0,18233804.75
2026-04-20T00:00:00.000Z,0,0.2497572254553695,28095.666666666668,39.666666666666664,18034648.0
2026-04-22T00:00:00.000Z,2,0.6563896547213719,28117.0,0.0,24661932.4
2026-04-22T00:00:00.000Z,0,0.578783751818556,28174.0,0.0,24478261.333333332
2026-04-23T00:00:00.000Z,5,0.7326731049950554,28323.81818181818,0.0,24920565.09090909
2026-04-18T00:00:00.000Z,0,0.2995304039706824,28785.666666666668,16.333333333333332,17474819.333333332
2026-04-23T00:00:00.000Z,4,0.6395987920247161,28393.625,0.0,24961974.75
2026-04-18T00:00:00.000Z,4,0.5869612050575741,28829.875,15.5,17446837.0
2026-04-23T00:00:00.000Z,0,0.6085813815658219,28337.333333333332,0.0,24787077.333333332
2026-04-20T00:00:00.000Z,5,0.3536234660991643,28054.454545454544,25.818181818181817,18042879.272727273
2026-05-23T00:00:00.000Z,23,0.766534062132418,29413.0,0.0,27341869.666666668
2026-05-22T00:00:00.000Z,14,0.8609217445225821,29274.333333333332,0.0,27171321.333333332
2026-05-25T00:00:00.000Z,23,0.7460695558237451,29500.0,0.0,27278231.0
2026-05-20T00:00:00.000Z,23,0.0282585967453825,28756.0,357.3333333333333,17934425.666666668
2026-05-20T00:00:00.000Z,14,-0.0002230600780700784,28869.666666666668,235.0,17836136.0
2026-05-22T00:00:00.000Z,23,0.7614513925549462,29206.5,0.0,27408313.333333332
2026-05-23T00:00:00.000Z,1,0.74647519658594,29314.25,0.0,27245163.25
2026-05-25T00:00:00.000Z,36,0.755299362813443,29447.125,0.0,26811261.5
2026-05-23T00:00:00.000Z,35,0.7721626768199036,29155.333333333332,0.0,27439965.733333334
2026-05-22T00:00:00.000Z,35,0.768158446137263,28935.466666666667,0.0,27604545.466666665
2026-05-22T00:00:00.000Z,1,0.7430350718127906,29113.5,0.0,27372137.75
2026-05-22T00:00:00.000Z,22,0.7877193927087456,29065.545454545456,0.0,27206188.363636363
2026-05-25T00:00:00.000Z,35,0.7257307387873624,29324.066666666666,0.0,27088772.4
2026-05-25T00:00:00.000Z,1,0.7303327366838174,29444.25,0.0,26957406.0
2026-05-25T00:00:00.000Z,22,0.7110721404445579,29369.0,0.0,26802174.545454547
2026-05-20T00:00:00.000Z,1,0.0968332808938746,28677.0,336.5,18122375.0
2026-05-23T00:00:00.000Z,22,0.8019771348908669,29271.545454545456,0.0,27132323.636363637
2026-05-22T00:00:00.000Z,36,0.7636415769152555,29110.375,0.0,27623804.25
2026-05-20T00:00:00.000Z,22,0.1211573131816177,28599.090909090908,371.54545454545456,18071942.545454547
2026-05-23T00:00:00.000Z,36,0.7691538442752799,29295.0,0.0,27466643.25
2026-05-20T00:00:00.000Z,36,0.0139989245496061,28660.875,381.0,18475109.25
2026-05-20T00:00:00.000Z,35,0.033269268201314,28546.2,511.6666666666667,18047847.6
2026-05-02T00:00:00.000Z,0,0.5558378657584269,28935.333333333332,0.0,25150380.0
2026-04-25T00:00:00.000Z,0,0.6093330861200773,28492.333333333332,0.0,24864315.333333332
2026-04-30T00:00:00.000Z,0,0.6188289182581374,28389.333333333332,0.0,26074272.666666668
2026-04-28T00:00:00.000Z,0,0.611772542371878,28760.333333333332,0.0,22696258.0
2026-04-18T00:00:00.000Z,42,0.6332533394209304,28542.55,3.95,21729629.5
2026-04-20T00:00:00.000Z,42,0.3402286192195027,28086.25,25.7,18273168.7
2026-04-22T00:00:00.000Z,42,0.7353810481050268,28024.45,0.0,25318717.4
2026-04-23T00:00:00.000Z,42,0.6997765252480571,28148.1,0.0,25600146.2
2026-06-01T00:00:00.000Z,4,0.5237565007450694,29145.25,35.0,20058367.25
2026-06-01T00:00:00.000Z,5,0.5510309395943493,29086.0,40.0,20508975.636363637
2026-05-30T00:00:00.000Z,5,0.307460884018508,29424.18181818182,104.45454545454544,21926168.727272727
2026-05-28T00:00:00.000Z,5,0.7394537437365332,29176.0,0.0,27934654.90909091
2026-05-28T00:00:00.000Z,4,0.6575860670487247,29231.375,0.0,27957831.75
2026-05-30T00:00:00.000Z,4,0.4186668305624874,29452.875,132.0,22214920.75
2026-06-02T00:00:00.000Z,5,0.5566390352063939,29021.636363636364,725.5454545454545,16901936.0
2026-06-02T00:00:00.000Z,4,0.5170771011625388,29062.125,699.5,17382195.75
2026-06-07T00:00:00.000Z,28,0.5798347260859736,28988.869565217392,11.73913043478261,26374681.826086957
2026-06-04T00:00:00.000Z,28,0.0871850054729186,28820.17391304348,180.8695652173913,12824767.043478262
2026-06-04T00:00:00.000Z,27,0.0662428033269246,28753.777777777777,208.66666666666663,12783405.222222222
2026-06-07T00:00:00.000Z,27,0.5037756409471046,28994.555555555555,6.777777777777778,25425885.777777776
2026-05-28T00:00:00.000Z,9,0.7421987485054586,29067.764705882353,0.0,27937820.352941178
2026-05-30T00:00:00.000Z,9,0.422866262439957,29376.58823529412,216.41176470588235,22105868.588235293
2026-06-02T00:00:00.000Z,9,0.1921910181395896,28983.70588235294,687.7647058823529,16907637.88235294
2026-06-01T00:00:00.000Z,9,0.4123260992890033,29014.17647058823,62.1764705882353,20825716.352941178
2026-04-13T00:00:00.000Z,15,0.0190263232793526,28171.35714285714,383.2142857142857,3721580.9285714286
2026-04-10T00:00:00.000Z,15,0.0684509169183626,28314.14285714286,209.92857142857144,9887426.42857143
2026-04-12T00:00:00.000Z,15,0.0344674828608863,28145.214285714286,430.2857142857143,8099458.5
2026-04-15T00:00:00.000Z,15,0.559315237260376,28438.928571428572,3.2142857142857144,13088282.42857143
2026-04-28T00:00:00.000Z,8,0.7064156091347689,28704.222222222223,0.0,24137140.444444444
2026-04-30T00:00:00.000Z,8,0.7095904981963579,28326.333333333332,0.0,26030776.0
2026-04-25T00:00:00.000Z,8,0.7009137624674895,28455.0,0.0,24927771.777777776
2026-05-02T00:00:00.000Z,8,0.5260991252551598,28929.88888888889,0.0,25527529.555555556
2026-05-03T00:00:00.000Z,17,0.4947404815921487,29050.0,4.0,19565022.0
2026-05-10T00:00:00.000Z,17,0.4590369072781633,29036.0,684.0,21951524.0
2026-05-03T00:00:00.000Z,18,0.1730919446936149,29062.0,9.0,18727944.0
2026-05-08T00:00:00.000Z,17,0.0215712005964782,28591.0,11.0,14888039.0
2026-05-08T00:00:00.000Z,18,0.1232526208813979,28621.0,6.0,14841790.0
2026-05-05T00:00:00.000Z,17,0.0604237330861424,28791.0,498.0,10969582.0
2026-05-05T00:00:00.000Z,18,0.0462385121168937,28823.0,529.0,10854193.0
2026-04-22T00:00:00.000Z,29,0.7010196021639026,28046.777777777777,0.0,24784456.0
2026-04-23T00:00:00.000Z,29,0.7206591554575641,28217.222222222223,0.0,25025013.555555556
2026-04-22T00:00:00.000Z,28,0.779681477270976,28241.782608695652,0.0,24677637.56521739
2026-04-18T00:00:00.000Z,29,0.3915502960118804,28589.0,26.333333333333332,18159936.0
2026-04-20T00:00:00.000Z,28,0.395422771273446,28197.91304347826,28.782608695652176,17064177.304347824
2026-04-20T00:00:00.000Z,29,0.3097290322367427,28033.88888888889,53.111111111111114,17296134.0
2026-05-15T00:00:00.000Z,36,0.2887985694721663,28024.875,416.875,17689836.75
2026-05-13T00:00:00.000Z,36,0.2281116081504847,28193.625,519.875,17461419.25
2026-05-12T00:00:00.000Z,36,0.1311219482269233,27922.5,123.125,21815728.75
2026-05-18T00:00:00.000Z,36,0.1264076522941962,28280.375,410.5,15058052.0
2026-06-01T00:00:00.000Z,28,0.2068490284274316,29088.478260869564,11.347826086956522,18483424.304347824
2026-05-28T00:00:00.000Z,28,0.7066245407031551,29254.260869565216,0.4347826086956521,27491297.826086957
2026-06-02T00:00:00.000Z,29,0.3687800985154102,28794.666666666668,1263.4444444444443,17256006.666666668
2026-05-28T00:00:00.000Z,29,0.7214355592389193,29120.666666666668,0.8888888888888888,27400140.666666668
2026-05-30T00:00:00.000Z,28,0.7463523934597551,29492.521739130436,64.78260869565217,23905066.43478261
2026-06-01T00:00:00.000Z,29,0.4368502106593278,28923.11111111111,32.888888888888886,16814099.666666668
2026-06-02T00:00:00.000Z,28,0.1659074472043537,28913.869565217392,891.2173913043479,16623459.782608695
2026-05-30T00:00:00.000Z,29,0.6946153252641972,29306.333333333332,128.22222222222223,23948090.222222224
2026-04-08T00:00:00.000Z,3,0.6349828959758879,28274.5,0.0,21733854.25
2026-04-08T00:00:00.000Z,39,0.5643818956076773,28195.833333333332,0.0,21778320.111111112
2026-05-02T00:00:00.000Z,21,0.6032216009778218,29029.0,0.0,24887428.0
2026-04-25T00:00:00.000Z,21,0.7079695296609156,28518.0,0.0,24933056.0
2026-04-28T00:00:00.000Z,21,0.7079902911084588,28802.0,0.0,23252086.0
2026-04-30T00:00:00.000Z,21,0.7158396670853993,28426.0,0.0,26116116.0
2026-04-25T00:00:00.000Z,38,0.5961904198920809,28446.0,0.0,24850462.0
2026-05-02T00:00:00.000Z,39,0.5601410468248053,28766.777777777777,0.0,25777285.777777776
2026-05-02T00:00:00.000Z,11,0.566540819776217,28771.14285714286,0.0,25680901.14285714
2026-04-28T00:00:00.000Z,39,0.481395405205728,28594.0,0.0,21341688.111111112
2026-04-30T00:00:00.000Z,39,0.6907360510413941,28173.61111111111,0.0,26358926.333333332
2026-04-30T00:00:00.000Z,11,0.7098893537831673,28178.14285714286,0.0,26054670.57142857
2026-04-25T00:00:00.000Z,11,0.6768505593811319,28386.571428571428,0.0,24847402.57142857
2026-04-30T00:00:00.000Z,38,0.6207123345306776,28207.0,0.0,26196350.0
2026-05-02T00:00:00.000Z,38,0.4776722963713768,28781.0,0.0,25736380.0
2026-04-25T00:00:00.000Z,39,0.6708792141825399,28417.166666666668,0.0,24979690.666666668
2026-04-23T00:00:00.000Z,12,0.7381592887827126,28241.526315789473,0.0,24740916.736842107
2026-04-22T00:00:00.000Z,12,0.6967457302590269,28058.842105263157,0.0,24397915.36842105
2026-04-18T00:00:00.000Z,12,0.5385026547185163,28684.526315789473,20.94736842105263,17742398.210526317
2026-04-20T00:00:00.000Z,12,0.3630400825623048,27958.42105263158,7.157894736842105,17712853.684210528
2026-05-22T00:00:00.000Z,4,0.6692993305677036,29204.0,0.0,27471933.5
2026-05-20T00:00:00.000Z,4,0.0444258230694988,28781.5,317.0,17631978.0
2026-05-23T00:00:00.000Z,4,0.6725981906353325,29404.125,0.0,27366123.75
2026-05-25T00:00:00.000Z,4,0.6573700909841682,29529.625,0.0,27299439.0
2026-06-09T00:00:00.000Z,30,0.0744087368159089,28527.545454545456,463.90909090909093,13496815.545454543
2026-06-04T00:00:00.000Z,30,0.0485574921797908,28521.18181818182,276.27272727272725,14991379.0
2026-06-04T00:00:00.000Z,26,0.061165125753035,28609.375,232.625,13055448.4375
2026-06-07T00:00:00.000Z,26,0.6463028178464841,28869.875,9.375,23685189.25
2026-06-07T00:00:00.000Z,30,0.6016646657679412,28789.090909090908,12.636363636363637,24942574.90909091
2026-06-09T00:00:00.000Z,26,0.2015928762117237,28634.1875,295.125,13100301.5625
2026-05-02T00:00:00.000Z,24,0.545552439303079,28852.444444444445,26.666666666666668,24821835.555555556
2026-04-25T00:00:00.000Z,24,0.7658794254987977,28413.333333333332,0.0,24841266.0
2026-04-28T00:00:00.000Z,24,0.4496805243383989,28638.777777777777,0.0,20702243.111111112
2026-04-30T00:00:00.000Z,24,0.7568415537967104,28256.333333333332,0.0,26140220.888888888
2026-06-04T00:00:00.000Z,41,0.3167138861610514,28779.555555555555,714.1111111111111,16861077.555555556
2026-06-07T00:00:00.000Z,41,0.6573188711866795,29119.666666666668,42.0,19769128.444444444
2026-06-07T00:00:00.000Z,32,0.6433298354517487,29062.0,20.181818181818183,22148402.181818184
2026-06-09T00:00:00.000Z,32,0.0177149163085101,28711.545454545456,612.5454545454545,9496780.818181818
2026-06-09T00:00:00.000Z,41,0.0211943507469748,28748.222222222223,779.6666666666666,6947887.111111111
2026-06-04T00:00:00.000Z,32,0.222907861107051,28703.272727272728,415.1818181818182,16603092.818181818
2026-04-13T00:00:00.000Z,1,0.0178299510271974,28028.125,234.75,4538878.625
2026-04-15T00:00:00.000Z,1,0.0892737738292772,28234.875,10.0,11116447.125
2026-04-10T00:00:00.000Z,36,0.0222511503721668,28211.75,682.0,6748835.75
2026-04-10T00:00:00.000Z,1,0.033387565029333,28178.25,467.75,7967819.0
2026-04-12T00:00:00.000Z,1,0.0213624886812056,27953.375,1201.375,5905222.75
2026-04-12T00:00:00.000Z,36,0.0202246565844452,27968.75,1173.75,5731927.375
2026-04-13T00:00:00.000Z,36,0.0134163940208156,28027.75,311.25,4892499.375
2026-04-15T00:00:00.000Z,36,0.0789544217952903,28202.125,12.625,10400706.0
2026-05-10T00:00:00.000Z,21,0.3074154055546305,28898.0,667.0,20741130.0
2026-05-05T00:00:00.000Z,21,0.2258765357055991,28627.0,689.0,10550773.0
2026-05-03T00:00:00.000Z,21,0.3074056229291697,29018.0,13.0,20468300.0
2026-05-08T00:00:00.000Z,21,0.3920698575477913,28545.0,45.0,17085554.0
2026-06-04T00:00:00.000Z,39,0.1292537532594984,28750.0,482.5,16342131.777777778
2026-06-04T00:00:00.000Z,42,0.3293607857529034,28656.55,868.75,17821600.35
2026-06-09T00:00:00.000Z,40,0.0316402342609666,28651.444444444445,856.6666666666666,7505478.166666667
2026-06-04T00:00:00.000Z,40,0.1628200019452744,28729.555555555555,667.0,17308020.5
2026-06-09T00:00:00.000Z,39,0.0546097634253755,28670.777777777777,748.1111111111111,9956940.611111112
2026-06-09T00:00:00.000Z,42,0.0198863215501814,28591.2,792.3,5670971.9
2026-05-12T00:00:00.000Z,14,0.0342448113598497,28163.333333333332,183.0,20918485.333333332
2026-06-01T00:00:00.000Z,12,0.4061700019810905,29008.63157894737,44.10526315789474,21366948.315789472
2026-05-30T00:00:00.000Z,12,0.4090477898143627,29378.105263157893,138.05263157894737,21780397.157894734
2026-06-02T00:00:00.000Z,12,0.4078936475666614,28963.315789473683,825.4736842105264,17292556.157894738
2026-05-28T00:00:00.000Z,12,0.7475328853017044,29075.894736842107,0.0,27901713.789473683
2026-04-28T00:00:00.000Z,11,0.6857148485197655,28605.0,0.0,22532384.285714287
2026-05-10T00:00:00.000Z,40,0.5945290317290766,28730.055555555555,318.77777777777777,20205791.777777776
2026-05-05T00:00:00.000Z,43,0.0338566121618578,28384.69230769231,380.38461538461536,10588346.23076923
2026-05-03T00:00:00.000Z,43,0.3666430218212027,28788.0,85.15384615384616,22156538.153846152
2026-05-05T00:00:00.000Z,40,0.0322321843570065,28498.055555555555,324.22222222222223,12229258.944444444
2026-05-08T00:00:00.000Z,43,0.6181775462217488,28456.384615384617,43.0,21253813.692307692
2026-05-03T00:00:00.000Z,42,0.5146055096728873,28881.85,1.4,24133700.8
2026-05-05T00:00:00.000Z,42,0.0337237474353119,28469.15,307.65,12958841.2
2026-05-08T00:00:00.000Z,42,0.6384229760356769,28545.75,14.6,21925567.9
2026-05-10T00:00:00.000Z,43,0.4368738801265449,28646.846153846152,310.2307692307692,18591555.692307692
2026-05-10T00:00:00.000Z,42,0.5973928086216297,28719.7,295.9,19966918.9
2026-05-03T00:00:00.000Z,40,0.5671864284871744,28874.444444444445,11.444444444444445,23707921.666666668
2026-05-08T00:00:00.000Z,40,0.5725040758409334,28496.38888888889,18.333333333333332,20299984.0
2026-04-15T00:00:00.000Z,16,0.1185133292390898,28306.222222222223,4.111111111111111,12934912.444444444
2026-04-13T00:00:00.000Z,16,0.0153140369438802,28022.11111111111,583.3333333333334,3332565.4444444445
2026-04-12T00:00:00.000Z,17,0.0415424034446257,28162.0,170.0,10131708.0
2026-04-10T00:00:00.000Z,17,0.0974431952410003,28275.0,150.0,10984119.0
2026-04-13T00:00:00.000Z,18,0.0213959557515908,28206.0,349.0,3343955.0
2026-04-13T00:00:00.000Z,17,0.0183437064602874,28185.0,255.0,4019706.0
2026-04-15T00:00:00.000Z,18,0.4282921065605219,28506.0,1.0,14695926.0
2026-04-15T00:00:00.000Z,17,0.4349967726743314,28478.0,4.0,13943555.0
2026-05-05T00:00:00.000Z,32,0.0185045030856597,28460.18181818182,338.8181818181818,10633679.545454543
2026-05-03T00:00:00.000Z,32,0.3941700582297983,28871.18181818182,3.909090909090909,21566791.818181816
2026-05-05T00:00:00.000Z,41,0.0425548163451115,28554.0,361.55555555555554,11826088.333333334
2026-05-10T00:00:00.000Z,32,0.1839848542762053,28722.454545454544,225.0909090909091,17399707.636363637
2026-05-03T00:00:00.000Z,41,0.4341772864729928,28939.0,7.333333333333333,23294084.222222224
2026-05-08T00:00:00.000Z,41,0.6999833585410068,28671.88888888889,13.666666666666666,22800645.111111112
2026-05-08T00:00:00.000Z,32,0.6782357619914594,28612.727272727272,38.90909090909091,23085049.09090909
2026-05-10T00:00:00.000Z,41,0.4477690978485282,28803.777777777777,230.33333333333337,18652861.555555556
2026-05-23T00:00:00.000Z,38,0.748606978836571,29214.0,0.0,27187166.0
2026-05-03T00:00:00.000Z,12,0.6119352598687067,28972.526315789473,1.9473684210526316,22779113.89473684
2026-05-10T00:00:00.000Z,12,0.4972289031924713,28854.947368421053,537.1578947368421,20481056.42105263
2026-05-08T00:00:00.000Z,12,0.3359623637853194,28409.473684210527,2.210526315789474,15789113.0
2026-05-05T00:00:00.000Z,12,0.2469688515100861,28644.42105263158,483.1578947368421,11513501.263157897
2026-04-12T00:00:00.000Z,34,0.0228700733425325,27940.785714285714,1513.571428571429,4183972.8571428577
2026-04-13T00:00:00.000Z,33,0.0102641999928157,27911.333333333332,682.1111111111111,3611066.888888889
2026-04-15T00:00:00.000Z,34,0.0209967813266293,28088.785714285714,15.428571428571429,11833057.857142856
2026-04-13T00:00:00.000Z,34,0.0191120653430259,27891.285714285714,515.7142857142857,3967181.0714285714
2026-04-10T00:00:00.000Z,34,0.0562643453021965,28264.0,284.92857142857144,9110470.214285716
2026-04-15T00:00:00.000Z,33,0.0313841099494645,28151.666666666668,6.777777777777778,12746877.666666666
2026-04-23T00:00:00.000Z,30,0.7209177361652676,28157.090909090908,0.0,25282028.727272727
2026-04-20T00:00:00.000Z,30,0.3485921176438601,28008.0,24.90909090909091,17358773.818181816
2026-04-18T00:00:00.000Z,30,0.3975358293440747,28502.18181818182,38.81818181818182,18857363.818181816
2026-04-22T00:00:00.000Z,30,0.7044291092168017,28019.454545454544,0.0,25052876.727272727
2026-05-20T00:00:00.000Z,11,0.0078071860422811,28609.428571428572,607.4285714285714,15545103.857142856
2026-05-23T00:00:00.000Z,11,0.7691859175517052,29209.0,0.0,27072893.14285714
2026-05-22T00:00:00.000Z,11,0.7457509979421071,28966.571428571428,0.0,27099559.14285714
2026-05-25T00:00:00.000Z,11,0.7145069029914686,29350.571428571428,0.0,27130278.57142857
2026-06-01T00:00:00.000Z,30,0.3905283280136173,28839.18181818182,42.36363636363637,16349282.545454543
2026-05-28T00:00:00.000Z,30,0.7302212346923128,29080.272727272728,4.545454545454546,27467897.09090909
2026-05-30T00:00:00.000Z,30,0.6081460558944322,29220.545454545456,187.63636363636363,24329640.363636363
2026-06-02T00:00:00.000Z,26,0.2950192439197782,28766.5625,1328.125,16839759.4375
2026-06-02T00:00:00.000Z,30,0.2621027641894694,28690.545454545456,1657.1818181818182,17042043.636363637
2026-05-28T00:00:00.000Z,26,0.6626543334822702,29258.875,5.375,27320500.375
2026-06-01T00:00:00.000Z,26,0.4343454055687964,28975.8125,28.125,17017142.1875
2026-05-30T00:00:00.000Z,26,0.634594376271072,29338.6875,56.0625,24267723.875
2026-04-13T00:00:00.000Z,14,0.0205728017978489,28160.666666666668,568.0,3319097.3333333335
2026-04-13T00:00:00.000Z,23,0.0184994112163216,28077.333333333332,300.6666666666667,4036391.1666666665
2026-04-10T00:00:00.000Z,14,0.0620525232309797,28338.333333333332,291.0,9284371.0
2026-04-12T00:00:00.000Z,23,0.0300882394503841,28018.5,961.3333333333334,6684262.5
2026-04-15T00:00:00.000Z,14,0.4846893251295435,28438.666666666668,4.0,12803588.0
2026-04-10T00:00:00.000Z,23,0.0558161143406966,28236.666666666668,298.0,8930524.5
2026-04-15T00:00:00.000Z,23,0.4525022704340328,28333.166666666668,7.0,11958899.166666666
2026-04-12T00:00:00.000Z,14,0.0335667484016539,28138.666666666668,579.0,7308623.0
2026-04-30T00:00:00.000Z,17,0.7454803277092067,28510.0,0.0,25978040.0
2026-05-02T00:00:00.000Z,20,0.5707821069887039,29059.4375,0.0,24890869.5
2026-04-28T00:00:00.000Z,17,0.6874349212660144,28856.0,0.0,24356856.0
2026-04-25T00:00:00.000Z,17,0.6811171524120452,28556.0,0.0,24816194.0
2026-04-30T00:00:00.000Z,20,0.7259328908072649,28491.875,0.0,26020493.875
2026-05-02T00:00:00.000Z,17,0.5782230133974692,29090.0,0.0,24848462.0
2026-04-25T00:00:00.000Z,30,0.7216394343822513,28377.727272727272,0.0,25206011.636363637
2026-04-28T00:00:00.000Z,30,0.3143448491641908,28565.272727272728,0.3636363636363636,19435416.545454547
2026-04-30T00:00:00.000Z,29,0.7190238517094959,28246.11111111111,0.0,26319624.888888888
2026-05-02T00:00:00.000Z,29,0.5810205143073727,28822.0,31.77777777777778,25074634.222222224
2026-05-02T00:00:00.000Z,30,0.5200592063274301,28764.909090909092,50.36363636363637,25104644.545454547
2026-04-28T00:00:00.000Z,29,0.4739756820918772,28633.222222222223,0.0,20072366.444444444
2026-04-30T00:00:00.000Z,28,0.7983523087553714,28495.739130434784,0.0,26172204.0
2026-04-25T00:00:00.000Z,29,0.7195785556056549,28430.444444444445,0.0,24955424.888888888
2026-05-02T00:00:00.000Z,28,0.6251389567664924,29000.347826086956,15.043478260869565,24453513.13043478
2026-04-25T00:00:00.000Z,27,0.7334458069046624,28553.777777777777,0.0,25231301.777777776
2026-04-30T00:00:00.000Z,30,0.716340503204773,28208.545454545456,0.0,26587338.90909091
2026-04-28T00:00:00.000Z,27,0.3531256506662491,28788.0,0.0,19183199.555555556
2026-05-15T00:00:00.000Z,26,0.1130852459216706,27870.6875,336.5625,18970202.25
2026-05-13T00:00:00.000Z,26,0.0454547754285263,28083.25,621.6875,16352399.8125
2026-05-12T00:00:00.000Z,26,0.5208469736435846,27920.5625,429.25,21851220.0
2026-05-18T00:00:00.000Z,26,0.0787742955709036,28167.25,298.1875,15212446.8125
2026-05-12T00:00:00.000Z,34,0.562652885324999,27897.64285714286,483.7857142857143,21830926.57142857
2026-05-18T00:00:00.000Z,34,0.0227283346971952,28153.35714285714,419.07142857142856,13701235.92857143
2026-05-15T00:00:00.000Z,34,0.0705331951350868,27875.714285714286,428.3571428571428,17890418.42857143
2026-05-13T00:00:00.000Z,34,0.0476020558642671,28109.5,616.7142857142857,16749140.5
2026-04-30T00:00:00.000Z,31,0.7336319511644244,28174.11111111111,0.0,26642034.0
2026-04-25T00:00:00.000Z,31,0.7147898120985582,28367.0,0.0,25180473.777777776
2026-04-28T00:00:00.000Z,31,0.2929527559195564,28562.222222222223,0.2222222222222222,19760719.777777776
2026-05-02T00:00:00.000Z,31,0.6008423226200986,28735.88888888889,8.0,25470746.666666668
2026-04-13T00:00:00.000Z,22,0.0155129235883426,27923.636363636364,419.09090909090907,4130744.363636364
2026-04-12T00:00:00.000Z,22,0.0231632847628322,27868.090909090908,1170.7272727272727,6544963.090909091
2026-04-10T00:00:00.000Z,22,0.0400515773067175,28121.545454545456,488.6363636363636,8354359.818181818
2026-04-15T00:00:00.000Z,22,0.0755635275941501,28163.909090909092,7.181818181818182,11861465.545454543
2026-05-30T00:00:00.000Z,31,0.6762801969904702,29299.88888888889,40.888888888888886,24208471.333333332
2026-05-28T00:00:00.000Z,31,0.7552426312815556,29139.88888888889,0.0,27457760.0
2026-06-01T00:00:00.000Z,31,0.5341658235031734,28903.0,66.44444444444444,16727930.333333334
2026-06-02T00:00:00.000Z,31,0.4926861701526356,28780.555555555555,1051.4444444444443,17900264.666666668
2026-05-25T00:00:00.000Z,37,0.741811935011238,29369.4,0.0,26578134.6
2026-05-22T00:00:00.000Z,43,0.7334702969547752,28929.384615384617,0.0,27894664.153846152
2026-05-20T00:00:00.000Z,37,0.0260801378700289,28532.1,374.6,18460093.8
2026-05-22T00:00:00.000Z,37,0.779271278435658,28983.2,0.0,27621771.0
2026-05-23T00:00:00.000Z,43,0.74402790285851,29141.846153846152,0.0,27678987.230769232
2026-05-25T00:00:00.000Z,43,0.6905371316551757,29351.92307692308,0.0,27042458.153846152
2026-05-23T00:00:00.000Z,37,0.788271932150717,29183.1,0.0,27459444.4
2026-05-20T00:00:00.000Z,43,0.0783060829657253,28552.07692307692,503.0769230769231,18399461.384615384
2026-04-08T00:00:00.000Z,32,0.5839726212638287,28415.909090909092,0.0,21933980.727272727
2026-05-20T00:00:00.000Z,42,0.1923732541522388,28598.9,454.55,17580901.75
2026-05-25T00:00:00.000Z,41,0.701466721197385,29498.222222222223,0.0,27157850.444444444
2026-05-20T00:00:00.000Z,41,0.1970292863967352,28729.88888888889,357.0,18094570.0
2026-05-23T00:00:00.000Z,41,0.7270481915302491,29284.666666666668,0.0,27748565.111111112
2026-05-25T00:00:00.000Z,42,0.7272600789763429,29405.35,0.0,27485913.0
2026-05-23T00:00:00.000Z,42,0.7198059650437316,29182.4,0.0,27851166.3
2026-05-22T00:00:00.000Z,42,0.7411880429445836,28973.65,0.0,28170685.0
2026-05-22T00:00:00.000Z,41,0.7287442508635548,29073.555555555555,0.0,28075509.333333332
2026-04-15T00:00:00.000Z,42,0.0128890173142511,28148.9,29.05,9850612.85
2026-04-13T00:00:00.000Z,42,0.0141211454541801,28034.6,449.2,6143608.4
2026-04-12T00:00:00.000Z,42,0.0216757812146216,28080.15,399.8,3994296.75
2026-04-10T00:00:00.000Z,42,0.0239529659246776,28162.75,512.65,6693881.8
2026-04-13T00:00:00.000Z,13,0.0152030448685536,28016.0,558.0,3333531.0
2026-04-15T00:00:00.000Z,13,0.0393218487296561,28300.0,5.0,12823303.0
2026-04-12T00:00:00.000Z,16,0.0217491156074461,28002.666666666668,724.6666666666666,7305221.666666667
2026-04-10T00:00:00.000Z,16,0.0326738425192164,28239.11111111111,356.22222222222223,8971496.111111112
2026-05-22T00:00:00.000Z,16,0.7761992089393193,29168.222222222223,0.0,27216796.666666668
2026-05-23T00:00:00.000Z,13,0.7944021673805861,29361.0,0.0,27255832.0
2026-05-25T00:00:00.000Z,13,0.7821922363715527,29453.0,0.0,27071866.0
2026-05-20T00:00:00.000Z,16,0.2024652436675443,28731.555555555555,236.33333333333337,17703534.222222224
2026-04-22T00:00:00.000Z,14,0.726110522756944,28344.0,0.0,24313025.333333332
2026-04-20T00:00:00.000Z,14,0.4501667813912326,28250.666666666668,57.0,17552163.333333332
2026-04-25T00:00:00.000Z,41,0.7070655885767845,28539.555555555555,0.0,25383507.111111112
2026-04-30T00:00:00.000Z,41,0.7085973341378714,28331.88888888889,0.0,26776138.444444444
2026-05-02T00:00:00.000Z,41,0.6196736174065369,28875.222222222223,0.0,25869595.777777776
2026-04-30T00:00:00.000Z,14,0.7286686821632433,28561.0,0.0,25908161.333333332
2026-05-02T00:00:00.000Z,14,0.7402771695810135,29134.666666666668,1.0,24462156.0
2026-06-04T00:00:00.000Z,1,0.089733048119097,28836.5,165.25,14742760.5
2026-06-04T00:00:00.000Z,4,0.0741615469820214,28952.0,174.5,13936927.625
2026-06-09T00:00:00.000Z,1,0.1365942727688353,28732.375,299.375,15345367.125
2026-06-07T00:00:00.000Z,4,0.652642917198663,29058.375,0.0,26949571.0
2026-06-04T00:00:00.000Z,22,0.1042879740803397,28729.454545454544,177.8181818181818,14197024.727272728
2026-06-09T00:00:00.000Z,2,0.0489705827029073,28774.6,377.4,13398677.2
2026-06-07T00:00:00.000Z,0,0.5766717092443095,29015.0,0.3333333333333333,26450298.0
2026-06-07T00:00:00.000Z,1,0.6664725308465499,28976.25,0.75,26792231.5
2026-06-07T00:00:00.000Z,23,0.7464959427179023,29025.666666666668,0.0,27184210.666666668
2026-06-09T00:00:00.000Z,0,0.0859379137548076,28785.666666666668,307.3333333333333,15097769.0
2026-06-07T00:00:00.000Z,2,0.5237730328316178,29001.0,1.0,25714214.8
2026-06-07T00:00:00.000Z,22,0.766905855300371,28886.0,1.818181818181818,26763076.363636363
2026-06-09T00:00:00.000Z,22,0.1711859719232879,28618.636363636364,414.90909090909093,15898469.818181818
2026-06-04T00:00:00.000Z,23,0.0898821380373218,28904.166666666668,142.0,13695874.833333334
2026-06-04T00:00:00.000Z,0,0.071587705623495,28899.0,183.66666666666663,14306851.0
2026-06-04T00:00:00.000Z,2,0.1427274507475233,28863.8,219.2,14939479.6
2026-06-09T00:00:00.000Z,4,0.0834198699672802,28827.375,284.5,15815944.875
2026-06-09T00:00:00.000Z,23,0.2371545068884435,28767.166666666668,330.0,16697461.833333334
2026-05-05T00:00:00.000Z,14,0.1409153744498103,28728.333333333332,647.0,10319748.0
2026-05-03T00:00:00.000Z,14,0.2576748314198778,29083.333333333332,12.0,20425593.333333332
2026-05-08T00:00:00.000Z,14,0.6033419487232543,28661.333333333332,27.0,17705556.666666668
2026-04-13T00:00:00.000Z,21,0.0155400810098364,28059.0,369.0,3886916.0
2026-04-10T00:00:00.000Z,21,0.0561231134546874,28236.0,305.0,9100112.0
2026-04-12T00:00:00.000Z,21,0.0281239386123161,28007.0,862.0,6911780.0
2026-04-15T00:00:00.000Z,21,0.3073236211432695,28325.0,5.0,12249448.0
2026-05-22T00:00:00.000Z,21,0.7442191921058771,29210.0,0.0,27392842.0
2026-05-20T00:00:00.000Z,21,0.0213831027103686,28749.0,344.0,18001640.0
2026-05-23T00:00:00.000Z,21,0.7510682107825754,29417.0,0.0,27340642.0
2026-05-25T00:00:00.000Z,21,0.7318367808395353,29493.0,0.0,27282836.0
2026-04-15T00:00:00.000Z,25,0.0357456420529118,28244.333333333332,2.3333333333333335,13354651.0
2026-04-13T00:00:00.000Z,25,0.0075344621335539,27997.333333333332,755.6666666666666,3643677.0
2026-05-23T00:00:00.000Z,0,0.6473150669354565,29343.333333333332,0.0,27184741.333333332
2026-05-25T00:00:00.000Z,0,0.6265557722477445,29481.0,0.0,27083519.333333332
2026-05-20T00:00:00.000Z,0,0.0049634013006466,28728.333333333332,314.3333333333333,17675050.0
2026-05-22T00:00:00.000Z,0,0.64189411986224,29138.333333333332,0.0,27305318.0
2026-04-23T00:00:00.000Z,33,0.7370371103441622,28370.88888888889,0.0,25375656.444444444
2026-04-18T00:00:00.000Z,33,0.5937990352634145,28687.222222222223,17.77777777777778,20426872.888888888
2026-05-15T00:00:00.000Z,25,0.2678952943238278,28061.666666666668,304.0,19958667.333333332
2026-05-13T00:00:00.000Z,25,0.053017825361378,28253.333333333332,660.0,16366550.333333334
2026-05-18T00:00:00.000Z,25,0.0753916218479455,28379.666666666668,256.6666666666667,17199427.666666668
2026-05-10T00:00:00.000Z,26,0.1054507959326899,28615.3125,627.9375,15819421.5
2026-04-15T00:00:00.000Z,27,0.0270325288430525,28201.88888888889,3.2222222222222223,12864390.222222222
2026-04-13T00:00:00.000Z,27,0.0101055080829477,27948.11111111111,693.8888888888889,3654250.444444445
2026-06-07T00:00:00.000Z,12,0.3682694636045461,28912.736842105263,3.5789473684210527,24447881.57894737
2026-06-09T00:00:00.000Z,5,0.1038668921178604,28774.272727272728,323.27272727272725,15081270.454545457
2026-06-07T00:00:00.000Z,5,0.6413279031094041,28989.454545454544,0.0,26318498.0
2026-06-04T00:00:00.000Z,5,0.1144728052498647,28892.454545454544,221.27272727272728,14178733.818181818
2026-04-08T00:00:00.000Z,25,0.5947159343094749,28644.0,0.0,21622636.0
2026-04-13T00:00:00.000Z,0,0.0177954348275384,28099.666666666668,186.33333333333337,4665549.0
2026-04-15T00:00:00.000Z,0,0.0469803931249088,28311.0,12.666666666666666,10686197.666666666
2026-04-12T00:00:00.000Z,0,0.0211523858480616,28026.0,990.0,5710534.0
2026-04-10T00:00:00.000Z,0,0.0324023669272843,28214.333333333332,371.6666666666667,7937317.666666667
2026-05-25T00:00:00.000Z,26,0.6671524727720427,29430.9375,0.375,26128881.875
2026-05-23T00:00:00.000Z,26,0.7335548858583363,29215.9375,0.0,27714266.625
2026-05-25T00:00:00.000Z,27,0.7211339131847209,29528.11111111111,0.0,26230262.666666668
2026-05-23T00:00:00.000Z,27,0.7459394431527813,29364.777777777777,0.0,27684292.888888888
2026-05-20T00:00:00.000Z,26,0.0401241147624999,28564.0625,143.375,18822868.375
2026-05-22T00:00:00.000Z,26,0.7553129847709321,28993.4375,0.0,27740248.5
2026-06-07T00:00:00.000Z,38,0.557538801022822,29050.0,9.0,21061440.0
2026-06-04T00:00:00.000Z,38,0.1182314549873247,28826.0,572.0,17168756.0
2026-06-09T00:00:00.000Z,3,0.0378409358991069,28710.5,484.0,12550921.0
2026-06-07T00:00:00.000Z,3,0.4654594766314938,28944.5,1.375,24699653.0
2026-06-09T00:00:00.000Z,38,0.056113938633578,28728.0,841.0,9041881.0
2026-06-04T00:00:00.000Z,3,0.1123378307703974,28795.75,322.875,15101459.75
2026-06-07T00:00:00.000Z,39,0.5481828242445954,28977.444444444445,8.333333333333334,22246305.888888888
2026-05-28T00:00:00.000Z,27,0.7277207543713214,29320.444444444445,5.333333333333333,27575160.666666668
2026-06-02T00:00:00.000Z,27,0.3786284356936972,28884.777777777777,1343.0,16441459.333333334
2026-05-23T00:00:00.000Z,25,0.701973446887297,29418.666666666668,0.0,27661976.666666668
2026-05-25T00:00:00.000Z,25,0.6878233303753545,29584.333333333332,0.0,26254937.333333332
2026-06-07T00:00:00.000Z,33,0.688373877100326,28933.333333333332,4.444444444444445,22270109.333333332
2026-06-04T00:00:00.000Z,33,0.0644634252654501,28689.444444444445,246.0,12584402.666666666
2026-05-15T00:00:00.000Z,32,0.1938917402694107,27989.090909090908,699.9090909090909,17532257.636363637
2026-05-15T00:00:00.000Z,41,0.1259403598097981,28080.88888888889,688.2222222222222,16828931.777777776
2026-05-12T00:00:00.000Z,32,0.5069972694635528,27972.727272727272,503.09090909090907,21409069.09090909
2026-05-18T00:00:00.000Z,32,0.1645716677222517,28242.272727272728,255.72727272727272,14946388.181818182
2026-05-13T00:00:00.000Z,32,0.1458721702186607,28229.363636363636,319.09090909090907,17764721.09090909
2026-05-18T00:00:00.000Z,41,0.2431082771633576,28348.88888888889,209.55555555555551,17352681.111111112
2026-05-13T00:00:00.000Z,41,0.4618124321480121,28327.88888888889,226.44444444444449,17518299.555555556
2026-05-12T00:00:00.000Z,41,0.4903423301461934,28051.666666666668,681.4444444444445,21153921.333333332
2026-06-02T00:00:00.000Z,32,0.4645636078479253,28928.636363636364,832.7272727272727,18366100.90909091
2026-06-01T00:00:00.000Z,32,0.3500729025802713,29078.18181818182,120.1818181818182,17552659.454545453
2026-05-30T00:00:00.000Z,32,0.5935538753330749,29430.636363636364,14.0,24825225.636363637
2026-05-28T00:00:00.000Z,32,0.6555207186571634,29340.545454545456,0.6363636363636364,27618841.818181816
2026-04-18T00:00:00.000Z,40,0.5928924224106973,28577.38888888889,15.166666666666666,20682961.777777776
2026-04-23T00:00:00.000Z,40,0.6790238556085645,28137.38888888889,0.0,25379630.0
2026-04-22T00:00:00.000Z,40,0.6641683919387413,27966.88888888889,0.0,25141065.222222224
2026-04-20T00:00:00.000Z,40,0.3964690045763386,28025.38888888889,30.88888888888889,18586414.666666668
2026-05-05T00:00:00.000Z,31,0.0251541476573095,28327.444444444445,395.77777777777777,9867921.444444444
2026-05-10T00:00:00.000Z,31,0.3469874426636001,28600.11111111111,346.6666666666667,17322875.111111112
2026-05-08T00:00:00.000Z,31,0.4060523432738797,28433.88888888889,57.666666666666664,21820377.333333332
2026-05-03T00:00:00.000Z,31,0.3448890568677608,28741.333333333332,70.33333333333333,20543735.333333332
2026-06-07T00:00:00.000Z,40,0.403457109109609,29018.833333333332,31.77777777777778,20288998.444444444
2026-06-09T00:00:00.000Z,8,0.0983604902857251,28770.11111111111,208.0,17151782.111111112
2026-06-04T00:00:00.000Z,8,0.0785101474595765,28892.88888888889,202.44444444444449,13611082.222222222
2026-06-07T00:00:00.000Z,8,0.6540977931412401,28973.444444444445,0.2222222222222222,26209081.333333332
2026-05-15T00:00:00.000Z,11,0.140125540597897,28037.0,507.42857142857144,18054097.42857143
2026-05-13T00:00:00.000Z,11,0.0285807195279334,28175.714285714286,433.1428571428572,18576296.85714286
2026-05-12T00:00:00.000Z,11,0.2225812510024564,27853.14285714286,117.14285714285714,22131588.285714287
2026-05-18T00:00:00.000Z,11,0.0623446993465403,28331.428571428572,215.8571428571429,20629278.85714286
2026-04-20T00:00:00.000Z,38,0.2740151150494401,28035.0,19.0,18665106.0
2026-04-22T00:00:00.000Z,38,0.573629378769963,28005.0,0.0,24557550.0
2026-06-07T00:00:00.000Z,35,0.5095806568133145,28900.666666666668,4.0,23914317.333333332
2026-06-09T00:00:00.000Z,35,0.0218322712788457,28614.0,591.9333333333333,11289436.2
2026-06-09T00:00:00.000Z,36,0.0815630582367616,28733.875,406.375,13462126.875
2026-06-04T00:00:00.000Z,36,0.1049983591676473,28794.375,226.75,15437879.125
2026-06-04T00:00:00.000Z,35,0.1664498810280928,28675.533333333333,320.1333333333333,15519152.4
2026-06-07T00:00:00.000Z,36,0.6075967080059304,29011.625,2.125,25612624.0
2026-05-10T00:00:00.000Z,38,0.4942036012936459,28798.0,339.0,20535172.0
2026-05-05T00:00:00.000Z,38,0.053477701246153,28609.0,312.0,12621836.0
2026-04-28T00:00:00.000Z,26,0.2199520356797473,28641.5,1.6875,18311112.5
2026-04-25T00:00:00.000Z,26,0.7025549779766012,28432.6875,0.0,25294010.625
2026-04-28T00:00:00.000Z,33,0.1816334865070411,28698.333333333332,12.666666666666666,17062589.888888888
2026-04-25T00:00:00.000Z,33,0.7402706368888375,28516.333333333332,0.0,25302249.333333332
2026-04-28T00:00:00.000Z,38,0.4498246407665225,28611.0,0.0,21471716.0
2026-05-28T00:00:00.000Z,25,0.6888960110489434,29399.0,4.0,27553381.333333332
2026-06-02T00:00:00.000Z,25,0.3513471907866308,28951.666666666668,1123.0,16451157.333333334
2026-05-13T00:00:00.000Z,38,0.0249282312160673,28230.0,387.0,17866274.0
2026-05-18T00:00:00.000Z,38,0.0095752249316742,28353.0,540.0,20574068.0
2026-05-12T00:00:00.000Z,38,0.1110526520266908,27916.0,182.0,22001796.0
2026-05-15T00:00:00.000Z,38,0.0733592380321708,28090.0,352.0,18136168.0
2026-06-07T00:00:00.000Z,34,0.703806882148632,28894.0,14.785714285714286,22166637.14285714
2026-06-09T00:00:00.000Z,34,0.1047567809865846,28618.714285714286,477.7142857142857,10214246.142857144
2026-06-04T00:00:00.000Z,34,0.1190354382194884,28578.0,332.5,14371301.285714284
2026-05-15T00:00:00.000Z,42,0.1554473001828642,27948.35,591.9,16537248.15
2026-05-12T00:00:00.000Z,42,0.3491580723734095,27864.95,747.2,21378332.1
2026-05-28T00:00:00.000Z,38,0.7150560882349014,29143.0,0.0,27802250.0
2026-05-30T00:00:00.000Z,38,0.6219162873681848,29380.0,147.0,22327062.0
2026-06-01T00:00:00.000Z,38,0.4231516337202238,29024.0,60.0,21051174.0
2026-04-25T00:00:00.000Z,25,0.6827096428856987,28596.666666666668,0.0,25237844.0
2026-04-28T00:00:00.000Z,25,0.2483370148113209,28825.0,0.0,19200002.666666668
2026-04-18T00:00:00.000Z,38,0.6063663855735594,28658.0,5.0,19704504.0
2026-04-23T00:00:00.000Z,38,0.6857745225693042,28183.0,0.0,24801510.0
2026-06-09T00:00:00.000Z,31,0.0427771949361037,28582.777777777777,585.6666666666666,11650295.444444444
2026-06-07T00:00:00.000Z,31,0.4300376590975409,28884.0,10.11111111111111,23946245.555555556
2026-06-04T00:00:00.000Z,31,0.1042408197495813,28580.333333333332,295.55555555555554,15970580.0
2026-05-02T00:00:00.000Z,26,0.3914889130802599,28856.9375,18.9375,24156943.5
2026-04-30T00:00:00.000Z,26,0.7134140303872804,28372.9375,0.0,26559980.5
2026-06-04T00:00:00.000Z,18,0.0371013634893238,28994.0,261.0,10917639.0
2026-06-07T00:00:00.000Z,18,0.3220720884439956,29115.0,1.0,26829840.0
2026-06-04T00:00:00.000Z,17,0.0621110800218169,28929.0,302.0,11078111.0
2026-06-07T00:00:00.000Z,17,0.4375255452594883,29035.0,1.0,26717286.0
2026-06-09T00:00:00.000Z,17,0.5221900671651886,28847.0,194.0,19446524.0
2026-05-18T00:00:00.000Z,33,0.1438901722379739,28250.11111111111,315.22222222222223,13952323.777777778
2026-05-13T00:00:00.000Z,33,0.0441635052959625,28193.222222222223,591.1111111111111,15778624.111111112
2026-05-15T00:00:00.000Z,33,0.1450681845690743,27964.666666666668,255.0,18437825.333333332
2026-06-07T00:00:00.000Z,24,0.6807688315036046,28849.11111111111,9.444444444444445,26435230.0
2026-06-04T00:00:00.000Z,24,0.0874771777372976,28646.444444444445,222.44444444444449,14617137.555555556
2026-06-09T00:00:00.000Z,24,0.1583698963113635,28588.11111111111,466.6666666666667,15252677.777777778
2026-04-13T00:00:00.000Z,38,0.0285098100336714,28087.0,410.0,7056624.0
2026-04-10T00:00:00.000Z,38,0.017700538377433,28139.0,540.0,5970247.0
2026-04-15T00:00:00.000Z,38,0.0469336949383164,28189.0,36.0,8186497.0
2026-04-12T00:00:00.000Z,38,0.0219671197796071,28081.0,509.0,5044620.0
2026-06-04T00:00:00.000Z,21,0.0890875040447394,28891.0,131.0,13588036.0
2026-06-07T00:00:00.000Z,21,0.740665917712911,29016.0,0.0,27220676.0
2026-06-09T00:00:00.000Z,21,0.2582486582544376,28749.0,347.0,16933286.0
2026-05-23T00:00:00.000Z,33,0.7752520745820314,29264.0,0.0,27791436.888888888
2026-05-25T00:00:00.000Z,33,0.6947308006993665,29488.444444444445,0.4444444444444444,25881415.333333332
2026-06-02T00:00:00.000Z,38,0.1482351478141793,28991.0,550.0,19386788.0
2026-05-15T00:00:00.000Z,40,0.1471922756041542,27995.11111111111,401.6666666666667,17825784.555555556
2026-05-18T00:00:00.000Z,40,0.0538384380752763,28257.61111111111,699.1666666666666,19869749.111111112
2026-05-13T00:00:00.000Z,40,0.1231427591137598,28181.88888888889,312.44444444444446,17436806.111111112
2026-05-12T00:00:00.000Z,40,0.2969086269182145,27873.166666666668,317.72222222222223,21881766.666666668
2026-04-28T00:00:00.000Z,41,0.3445226259387258,28698.11111111111,2.7777777777777777,19972028.222222224
2026-05-03T00:00:00.000Z,38,0.7313292646498559,28941.0,0.0,23431784.0
2026-05-08T00:00:00.000Z,38,0.5718985419375964,28485.0,7.0,18009796.0
2026-04-30T00:00:00.000Z,43,0.6963224402631176,28148.76923076923,0.0,26748966.307692308
2026-05-02T00:00:00.000Z,43,0.5989002580142454,28738.53846153846,0.0,25814708.153846152
2026-04-25T00:00:00.000Z,43,0.6868990140107014,28389.07692307692,0.0,25260184.307692308
2026-04-28T00:00:00.000Z,43,0.3615573868579636,28565.53846153846,0.0,20014643.230769232
2026-06-07T00:00:00.000Z,25,0.5855550484630538,29061.333333333332,7.0,25431829.333333332
2026-06-04T00:00:00.000Z,25,0.0771949143031836,28825.666666666668,186.66666666666663,12351466.666666666
2026-05-18T00:00:00.000Z,42,0.1351124206376253,28218.65,358.55,18981286.6
2026-05-13T00:00:00.000Z,42,0.5427409636418563,28187.3,179.45,17834993.2
2026-05-22T00:00:00.000Z,34,0.7648902278763002,28996.5,0.0,27875944.0
2026-05-25T00:00:00.000Z,34,0.7103355552867177,29446.714285714286,0.3571428571428571,26391367.57142857
2026-05-23T00:00:00.000Z,34,0.7790974340624668,29213.785714285714,0.0,27831422.42857143
2026-05-20T00:00:00.000Z,34,0.0852235318578216,28567.14285714286,212.8571428571429,19137378.57142857
2026-06-07T00:00:00.000Z,14,0.5994042764672034,29142.666666666668,1.0,27007004.666666668
2026-06-04T00:00:00.000Z,14,0.096516790264239,28999.0,146.0,12875151.0
2026-06-04T00:00:00.000Z,16,0.1089877696344193,28847.777777777777,176.66666666666666,12830800.555555556
2026-06-07T00:00:00.000Z,16,0.6568349280723564,28983.11111111111,3.5555555555555554,26894523.777777776
2026-06-09T00:00:00.000Z,29,0.2327808936618527,28615.666666666668,457.0,14197795.555555556
2026-06-04T00:00:00.000Z,29,0.0479254395445331,28638.88888888889,245.44444444444449,15399699.666666666
2026-06-09T00:00:00.000Z,28,0.080163562247466,28744.304347826088,349.5652173913044,16116603.695652174
2026-06-07T00:00:00.000Z,29,0.6569749337360522,28882.777777777777,9.444444444444445,25599778.222222224
2026-06-09T00:00:00.000Z,37,0.1080498721254266,28599.4,484.6,12665925.1
2026-06-04T00:00:00.000Z,37,0.1294506120266635,28637.5,254.1,15428469.5
2026-06-04T00:00:00.000Z,43,0.2063371018694902,28627.846153846152,456.0769230769231,16165872.692307692
2026-06-07T00:00:00.000Z,43,0.4830627473640471,28933.0,28.384615384615383,22188772.0
2026-06-09T00:00:00.000Z,43,0.0358261291696698,28597.46153846154,783.9230769230769,9385993.461538462
2026-06-07T00:00:00.000Z,37,0.4127058804927201,28894.8,4.8,24940346.8
2026-06-07T00:00:00.000Z,42,0.5607869059856871,28970.8,34.9,18492540.4
2026-06-04T00:00:00.000Z,13,0.1311701135955489,28826.0,190.0,12977647.0
2026-06-07T00:00:00.000Z,13,0.6966939529483335,28970.0,2.5,26911545.0
2026-06-09T00:00:00.000Z,16,0.1431323081230331,28728.0,389.77777777777777,16854510.333333332
2026-06-07T00:00:00.000Z,11,0.5072589558193786,28937.285714285714,3.0,22743086.0
2026-05-10T00:00:00.000Z,14,0.5733090243188476,28979.333333333332,717.0,20455192.666666668
2026-06-09T00:00:00.000Z,14,0.0110917762255447,28879.333333333332,362.0,17353660.666666668
2026-04-08T00:00:00.000Z,8,0.5883581784893059,28262.88888888889,0.0,21592742.222222224
2026-04-08T00:00:00.000Z,11,0.6009416556439391,28130.285714285714,0.0,21625273.14285714
2026-04-08T00:00:00.000Z,16,0.6402805959737531,28468.0,0.0,21379436.666666668
2026-04-08T00:00:00.000Z,42,0.6164467593616454,28296.55,0.0,22143603.1
2026-04-08T00:00:00.000Z,41,0.5846798643946444,28406.11111111111,0.0,21964285.555555556
2026-04-08T00:00:00.000Z,13,0.6664823633536942,28462.0,0.0,21370575.0
2026-04-08T00:00:00.000Z,33,0.6249032166428736,28577.333333333332,0.0,21630737.555555556
2026-04-08T00:00:00.000Z,40,0.602531812666177,28206.166666666668,0.0,22076073.333333332
2026-04-08T00:00:00.000Z,38,0.5681636870533778,28172.0,0.0,21666796.0
