,Kreis-Id,Jahr,NDVI,Temperatur,Bestrahlungsstärke,Niederschlagsrate,Stadt,Prognose_dt_ha
0,8115,2026,0.2973600045448979,28093.027777777777,13016549.501736112,240.29340277777777,"      Böblingen, Landkreis",75.81072366288866
1,8116,2026,0.3054682487179197,28112.394444444442,12958324.905555556,239.1611111111111,"      Esslingen, Landkreis",76.38354716556539
2,8117,2026,0.3011776873784685,28051.20138888889,13000542.579861112,262.7517361111111,"      Göppingen, Landkreis",79.86915174664041
3,8118,2026,0.2820058208335832,28182.25173611111,12932127.925347222,234.04861111111111,"      Ludwigsburg, Landkreis",75.62237244275903
4,8119,2026,0.3132097388919209,28108.2297979798,12902121.252525253,241.63888888888889,"      Rems-Murr-Kreis, Landkreis",75.76035345326422
5,8125,2026,0.2933080683018189,28163.069444444445,12917868.920751635,220.58496732026143,"      Heilbronn, Landkreis",75.42140348732529
6,8126,2026,0.28615099879131906,28100.203703703704,12932565.675925925,211.00154320987656,"      Hohenlohekreis, Landkreis",75.44076923232278
7,8127,2026,0.28285862672520706,28054.59477124183,12960497.388071897,235.0228758169935,"      Schwäbisch Hall, Landkreis",75.62237244275903
8,8128,2026,0.29434293046581167,28099.00704225352,13092720.811619718,199.89964788732394,"      Main-Tauber-Kreis, Landkreis",75.42140348732529
9,8135,2026,0.2628341223497715,27986.210317460318,13042435.069444444,237.58531746031747,"      Heidenheim, Landkreis",75.86299852421756
10,8136,2026,0.293479361301639,28029.528508771928,12940924.048245614,240.58187134502927,"      Ostalbkreis, Landkreis",75.60300669776154
11,8215,2026,0.3103035294033641,28238.492063492064,12930629.490079366,218.87996031746033,"      Karlsruhe, Landkreis",76.14419229626796
12,8216,2026,0.3211274015006356,28156.015432098764,12999451.763888888,271.0895061728395,"      Rastatt, Landkreis",81.73795767569766
13,8225,2026,0.29695730309568963,28102.944668008047,13047920.785714285,234.99698189134807,"      Neckar-Odenwald-Kreis, Landkreis",75.81072366288866
14,8226,2026,0.2832001659197816,28188.473958333332,12772557.050347222,224.99652777777777,"      Rhein-Neckar-Kreis, Landkreis",75.44076923232278
15,8235,2026,0.3365702440436208,28039.477272727276,13035134.09090909,277.3358585858586,"      Calw, Landkreis",82.7314359787208
16,8236,2026,0.3331148989277891,28169.747685185182,13028595.074074075,247.61111111111111,"      Enzkreis, Landkreis",76.66223073084639
17,8237,2026,0.30601029494139403,27999.652777777777,12994948.944444444,316.20987654320993,"      Freudenstadt, Landkreis",80.94360856575655
18,8315,2026,0.2740941860576456,28031.813368055555,13069816.157986112,294.7986111111111,"      Breisgau-Hochschwarzwald, Landkreis",77.05187296193273
19,8316,2026,0.3129954085926955,28164.412698412696,13357831.912698414,319.4973544973545,"      Emmendingen, Landkreis",80.80114217837706
20,8317,2026,0.3170117710523946,28153.39311594203,12958177.890700482,278.34842995169083,"      Ortenaukreis, Landkreis",81.97841348111584
21,8325,2026,0.3005030314160748,27996.814814814818,13125426.141975308,284.5679012345679,"      Rottweil, Landkreis",81.71110690673001
22,8326,2026,0.2739051862249606,27923.57702020202,13241496.424242424,312.29797979797985,"      Schwarzwald-Baar-Kreis, Landkreis",77.73135370434497
23,8327,2026,0.2781038221408436,27929.662037037036,13255189.524691358,237.05401234567904,"      Tuttlingen, Landkreis",75.62237244275903
24,8335,2026,0.2827501230125812,28038.281565656565,13267337.478535354,221.0770202020202,"      Konstanz, Landkreis",75.44076923232278
25,8337,2026,0.27424532752046377,28001.981150793654,13120159.645833334,303.4494047619048,"      Waldshut, Landkreis",77.08832663369596
26,8415,2026,0.2810868947046731,27970.619444444445,13100445.728703704,249.6314814814815,"      Reutlingen, Landkreis",75.14164511783734
27,8416,2026,0.3148392827454201,28088.26388888889,13041811.133680556,243.29861111111111,"      Tübingen, Landkreis",75.5209265071378
28,8417,2026,0.2918487186966662,27976.005555555555,13095096.351388888,245.6638888888889,"      Zollernalbkreis, Landkreis",75.12227937283986
29,8425,2026,0.26064063536800913,27985.61651234568,13140003.183641976,243.2307098765432,"      Alb-Donau-Kreis, Landkreis",75.38227119929587
30,8426,2026,0.26913155648290743,27977.72762345679,13286465.972993828,230.44598765432096,"      Biberach, Landkreis",75.60142296679287
31,8435,2026,0.2924711584727755,28065.864197530864,13164542.691358024,235.44135802469134,"      Bodenseekreis, Landkreis",75.60300669776154
32,8436,2026,0.29406570356393286,27980.29513888889,13214323.217361111,255.20833333333334,"      Ravensburg, Landkreis",71.90698814540703
33,8437,2026,0.2742480642872641,27933.05341880342,13235848.806623932,236.26923076923075,"      Sigmaringen, Landkreis",75.62237244275903
34,8115,2026,0.2973600045448979,28093.027777777777,13016549.501736112,240.29340277777777,"      Böblingen, Landkreis",75.81072366288866
35,8116,2026,0.3054682487179197,28112.394444444442,12958324.905555556,239.1611111111111,"      Esslingen, Landkreis",76.38354716556539
36,8117,2026,0.3011776873784685,28051.20138888889,13000542.579861112,262.7517361111111,"      Göppingen, Landkreis",79.86915174664041
37,8118,2026,0.2820058208335832,28182.25173611111,12932127.925347222,234.04861111111111,"      Ludwigsburg, Landkreis",75.62237244275903
38,8119,2026,0.3132097388919209,28108.2297979798,12902121.252525253,241.63888888888889,"      Rems-Murr-Kreis, Landkreis",75.76035345326422
39,8125,2026,0.2933080683018189,28163.069444444445,12917868.920751635,220.58496732026143,"      Heilbronn, Landkreis",75.42140348732529
40,8126,2026,0.28615099879131906,28100.203703703704,12932565.675925925,211.00154320987656,"      Hohenlohekreis, Landkreis",75.44076923232278
41,8127,2026,0.28285862672520706,28054.59477124183,12960497.388071897,235.0228758169935,"      Schwäbisch Hall, Landkreis",75.62237244275903
42,8128,2026,0.29434293046581167,28099.00704225352,13092720.811619718,199.89964788732394,"      Main-Tauber-Kreis, Landkreis",75.42140348732529
43,8135,2026,0.2628341223497715,27986.210317460318,13042435.069444444,237.58531746031747,"      Heidenheim, Landkreis",75.86299852421756
44,8136,2026,0.293479361301639,28029.528508771928,12940924.048245614,240.58187134502927,"      Ostalbkreis, Landkreis",75.60300669776154
45,8211,2026,0.3551309052845689,28176.27380952381,13240012.202380951,269.8809523809524,"      Baden-Baden, Stadtkreis",81.1891755712423
46,8215,2026,0.3103035294033641,28238.492063492064,12930629.490079366,218.87996031746033,"      Karlsruhe, Landkreis",76.14419229626796
47,8216,2026,0.3211274015006356,28156.015432098764,12999451.763888888,271.0895061728395,"      Rastatt, Landkreis",81.73795767569766
48,8225,2026,0.29695730309568963,28102.944668008047,13047920.785714285,234.99698189134807,"      Neckar-Odenwald-Kreis, Landkreis",75.81072366288866
49,8226,2026,0.2832001659197816,28188.473958333332,12772557.050347222,224.99652777777777,"      Rhein-Neckar-Kreis, Landkreis",75.44076923232278
50,8235,2026,0.3365702440436208,28039.477272727276,13035134.09090909,277.3358585858586,"      Calw, Landkreis",82.7314359787208
51,8236,2026,0.3331148989277891,28169.747685185182,13028595.074074075,247.61111111111111,"      Enzkreis, Landkreis",76.66223073084639
52,8237,2026,0.30601029494139403,27999.652777777777,12994948.944444444,316.20987654320993,"      Freudenstadt, Landkreis",80.94360856575655
53,8315,2026,0.2740941860576456,28031.813368055555,13069816.157986112,294.7986111111111,"      Breisgau-Hochschwarzwald, Landkreis",77.05187296193273
54,8316,2026,0.3129954085926955,28164.412698412696,13357831.912698414,319.4973544973545,"      Emmendingen, Landkreis",80.80114217837706
55,8317,2026,0.3170117710523946,28153.39311594203,12958177.890700482,278.34842995169083,"      Ortenaukreis, Landkreis",81.97841348111584
56,8325,2026,0.3005030314160748,27996.814814814818,13125426.141975308,284.5679012345679,"      Rottweil, Landkreis",81.71110690673001
57,8326,2026,0.2739051862249606,27923.57702020202,13241496.424242424,312.29797979797985,"      Schwarzwald-Baar-Kreis, Landkreis",77.73135370434497
58,8327,2026,0.2781038221408436,27929.662037037036,13255189.524691358,237.05401234567904,"      Tuttlingen, Landkreis",75.62237244275903
59,8335,2026,0.2827501230125812,28038.281565656565,13267337.478535354,221.0770202020202,"      Konstanz, Landkreis",75.44076923232278
60,8337,2026,0.27424532752046377,28001.981150793654,13120159.645833334,303.4494047619048,"      Waldshut, Landkreis",77.08832663369596
61,8415,2026,0.2810868947046731,27970.619444444445,13100445.728703704,249.6314814814815,"      Reutlingen, Landkreis",75.14164511783734
62,8416,2026,0.3148392827454201,28088.26388888889,13041811.133680556,243.29861111111111,"      Tübingen, Landkreis",75.5209265071378
63,8417,2026,0.2918487186966662,27976.005555555555,13095096.351388888,245.6638888888889,"      Zollernalbkreis, Landkreis",75.12227937283986
64,8425,2026,0.26064063536800913,27985.61651234568,13140003.183641976,243.2307098765432,"      Alb-Donau-Kreis, Landkreis",75.38227119929587
65,8426,2026,0.26913155648290743,27977.72762345679,13286465.972993828,230.44598765432096,"      Biberach, Landkreis",75.60142296679287
66,8436,2026,0.29406570356393286,27980.29513888889,13214323.217361111,255.20833333333334,"      Ravensburg, Landkreis",71.90698814540703
67,8437,2026,0.2742480642872641,27933.05341880342,13235848.806623932,236.26923076923075,"      Sigmaringen, Landkreis",75.62237244275903
68,8115,2026,0.2973600045448979,28093.027777777777,13016549.501736112,240.29340277777777,"      Böblingen, Landkreis",75.81072366288866
69,8116,2026,0.3054682487179197,28112.394444444442,12958324.905555556,239.1611111111111,"      Esslingen, Landkreis",76.38354716556539
70,8117,2026,0.3011776873784685,28051.20138888889,13000542.579861112,262.7517361111111,"      Göppingen, Landkreis",79.86915174664041
71,8118,2026,0.2820058208335832,28182.25173611111,12932127.925347222,234.04861111111111,"      Ludwigsburg, Landkreis",75.62237244275903
72,8119,2026,0.3132097388919209,28108.2297979798,12902121.252525253,241.63888888888889,"      Rems-Murr-Kreis, Landkreis",75.76035345326422
73,8125,2026,0.2933080683018189,28163.069444444445,12917868.920751635,220.58496732026143,"      Heilbronn, Landkreis",75.42140348732529
74,8126,2026,0.28615099879131906,28100.203703703704,12932565.675925925,211.00154320987656,"      Hohenlohekreis, Landkreis",75.44076923232278
75,8127,2026,0.28285862672520706,28054.59477124183,12960497.388071897,235.0228758169935,"      Schwäbisch Hall, Landkreis",75.62237244275903
76,8128,2026,0.29434293046581167,28099.00704225352,13092720.811619718,199.89964788732394,"      Main-Tauber-Kreis, Landkreis",75.42140348732529
77,8135,2026,0.2628341223497715,27986.210317460318,13042435.069444444,237.58531746031747,"      Heidenheim, Landkreis",75.86299852421756
78,8136,2026,0.293479361301639,28029.528508771928,12940924.048245614,240.58187134502927,"      Ostalbkreis, Landkreis",75.60300669776154
79,8215,2026,0.3103035294033641,28238.492063492064,12930629.490079366,218.87996031746033,"      Karlsruhe, Landkreis",76.14419229626796
80,8216,2026,0.3211274015006356,28156.015432098764,12999451.763888888,271.0895061728395,"      Rastatt, Landkreis",81.73795767569766
81,8225,2026,0.29695730309568963,28102.944668008047,13047920.785714285,234.99698189134807,"      Neckar-Odenwald-Kreis, Landkreis",75.81072366288866
82,8226,2026,0.2832001659197816,28188.473958333332,12772557.050347222,224.99652777777777,"      Rhein-Neckar-Kreis, Landkreis",75.44076923232278
83,8235,2026,0.3365702440436208,28039.477272727276,13035134.09090909,277.3358585858586,"      Calw, Landkreis",82.7314359787208
84,8236,2026,0.3331148989277891,28169.747685185182,13028595.074074075,247.61111111111111,"      Enzkreis, Landkreis",76.66223073084639
85,8237,2026,0.30601029494139403,27999.652777777777,12994948.944444444,316.20987654320993,"      Freudenstadt, Landkreis",80.94360856575655
86,8315,2026,0.2740941860576456,28031.813368055555,13069816.157986112,294.7986111111111,"      Breisgau-Hochschwarzwald, Landkreis",77.05187296193273
87,8316,2026,0.3129954085926955,28164.412698412696,13357831.912698414,319.4973544973545,"      Emmendingen, Landkreis",80.80114217837706
88,8317,2026,0.3170117710523946,28153.39311594203,12958177.890700482,278.34842995169083,"      Ortenaukreis, Landkreis",81.97841348111584
89,8325,2026,0.3005030314160748,27996.814814814818,13125426.141975308,284.5679012345679,"      Rottweil, Landkreis",81.71110690673001
90,8327,2026,0.2781038221408436,27929.662037037036,13255189.524691358,237.05401234567904,"      Tuttlingen, Landkreis",75.62237244275903
91,8335,2026,0.2827501230125812,28038.281565656565,13267337.478535354,221.0770202020202,"      Konstanz, Landkreis",75.44076923232278
92,8337,2026,0.27424532752046377,28001.981150793654,13120159.645833334,303.4494047619048,"      Waldshut, Landkreis",77.08832663369596
93,8415,2026,0.2810868947046731,27970.619444444445,13100445.728703704,249.6314814814815,"      Reutlingen, Landkreis",75.14164511783734
94,8416,2026,0.3148392827454201,28088.26388888889,13041811.133680556,243.29861111111111,"      Tübingen, Landkreis",75.5209265071378
95,8417,2026,0.2918487186966662,27976.005555555555,13095096.351388888,245.6638888888889,"      Zollernalbkreis, Landkreis",75.12227937283986
96,8425,2026,0.26064063536800913,27985.61651234568,13140003.183641976,243.2307098765432,"      Alb-Donau-Kreis, Landkreis",75.38227119929587
97,8426,2026,0.26913155648290743,27977.72762345679,13286465.972993828,230.44598765432096,"      Biberach, Landkreis",75.60142296679287
98,8435,2026,0.2924711584727755,28065.864197530864,13164542.691358024,235.44135802469134,"      Bodenseekreis, Landkreis",75.60300669776154
99,8436,2026,0.29406570356393286,27980.29513888889,13214323.217361111,255.20833333333334,"      Ravensburg, Landkreis",71.90698814540703
100,8437,2026,0.2742480642872641,27933.05341880342,13235848.806623932,236.26923076923075,"      Sigmaringen, Landkreis",75.62237244275903
101,8115,2026,0.2973600045448979,28093.027777777777,13016549.501736112,240.29340277777777,"      Böblingen, Landkreis",75.81072366288866
102,8116,2026,0.3054682487179197,28112.394444444442,12958324.905555556,239.1611111111111,"      Esslingen, Landkreis",76.38354716556539
103,8117,2026,0.3011776873784685,28051.20138888889,13000542.579861112,262.7517361111111,"      Göppingen, Landkreis",79.86915174664041
104,8118,2026,0.2820058208335832,28182.25173611111,12932127.925347222,234.04861111111111,"      Ludwigsburg, Landkreis",75.62237244275903
105,8119,2026,0.3132097388919209,28108.2297979798,12902121.252525253,241.63888888888889,"      Rems-Murr-Kreis, Landkreis",75.76035345326422
106,8125,2026,0.2933080683018189,28163.069444444445,12917868.920751635,220.58496732026143,"      Heilbronn, Landkreis",75.42140348732529
107,8126,2026,0.28615099879131906,28100.203703703704,12932565.675925925,211.00154320987656,"      Hohenlohekreis, Landkreis",75.44076923232278
108,8127,2026,0.28285862672520706,28054.59477124183,12960497.388071897,235.0228758169935,"      Schwäbisch Hall, Landkreis",75.62237244275903
109,8128,2026,0.29434293046581167,28099.00704225352,13092720.811619718,199.89964788732394,"      Main-Tauber-Kreis, Landkreis",75.42140348732529
110,8135,2026,0.2628341223497715,27986.210317460318,13042435.069444444,237.58531746031747,"      Heidenheim, Landkreis",75.86299852421756
111,8136,2026,0.293479361301639,28029.528508771928,12940924.048245614,240.58187134502927,"      Ostalbkreis, Landkreis",75.60300669776154
112,8215,2026,0.3103035294033641,28238.492063492064,12930629.490079366,218.87996031746033,"      Karlsruhe, Landkreis",76.14419229626796
113,8216,2026,0.3211274015006356,28156.015432098764,12999451.763888888,271.0895061728395,"      Rastatt, Landkreis",81.73795767569766
114,8225,2026,0.29695730309568963,28102.944668008047,13047920.785714285,234.99698189134807,"      Neckar-Odenwald-Kreis, Landkreis",75.81072366288866
115,8226,2026,0.2832001659197816,28188.473958333332,12772557.050347222,224.99652777777777,"      Rhein-Neckar-Kreis, Landkreis",75.44076923232278
116,8235,2026,0.3365702440436208,28039.477272727276,13035134.09090909,277.3358585858586,"      Calw, Landkreis",82.7314359787208
117,8236,2026,0.3331148989277891,28169.747685185182,13028595.074074075,247.61111111111111,"      Enzkreis, Landkreis",76.66223073084639
118,8237,2026,0.30601029494139403,27999.652777777777,12994948.944444444,316.20987654320993,"      Freudenstadt, Landkreis",80.94360856575655
119,8315,2026,0.2740941860576456,28031.813368055555,13069816.157986112,294.7986111111111,"      Breisgau-Hochschwarzwald, Landkreis",77.05187296193273
120,8316,2026,0.3129954085926955,28164.412698412696,13357831.912698414,319.4973544973545,"      Emmendingen, Landkreis",80.80114217837706
121,8317,2026,0.3170117710523946,28153.39311594203,12958177.890700482,278.34842995169083,"      Ortenaukreis, Landkreis",81.97841348111584
122,8325,2026,0.3005030314160748,27996.814814814818,13125426.141975308,284.5679012345679,"      Rottweil, Landkreis",81.71110690673001
123,8327,2026,0.2781038221408436,27929.662037037036,13255189.524691358,237.05401234567904,"      Tuttlingen, Landkreis",75.62237244275903
124,8335,2026,0.2827501230125812,28038.281565656565,13267337.478535354,221.0770202020202,"      Konstanz, Landkreis",75.44076923232278
125,8337,2026,0.27424532752046377,28001.981150793654,13120159.645833334,303.4494047619048,"      Waldshut, Landkreis",77.08832663369596
126,8415,2026,0.2810868947046731,27970.619444444445,13100445.728703704,249.6314814814815,"      Reutlingen, Landkreis",75.14164511783734
127,8416,2026,0.3148392827454201,28088.26388888889,13041811.133680556,243.29861111111111,"      Tübingen, Landkreis",75.5209265071378
128,8417,2026,0.2918487186966662,27976.005555555555,13095096.351388888,245.6638888888889,"      Zollernalbkreis, Landkreis",75.12227937283986
129,8425,2026,0.26064063536800913,27985.61651234568,13140003.183641976,243.2307098765432,"      Alb-Donau-Kreis, Landkreis",75.38227119929587
130,8426,2026,0.26913155648290743,27977.72762345679,13286465.972993828,230.44598765432096,"      Biberach, Landkreis",75.60142296679287
131,8436,2026,0.29406570356393286,27980.29513888889,13214323.217361111,255.20833333333334,"      Ravensburg, Landkreis",71.90698814540703
132,8437,2026,0.2742480642872641,27933.05341880342,13235848.806623932,236.26923076923075,"      Sigmaringen, Landkreis",75.62237244275903
133,8115,2026,0.2973600045448979,28093.027777777777,13016549.501736112,240.29340277777777,"      Böblingen, Landkreis",75.81072366288866
134,8116,2026,0.3054682487179197,28112.394444444442,12958324.905555556,239.1611111111111,"      Esslingen, Landkreis",76.38354716556539
135,8117,2026,0.3011776873784685,28051.20138888889,13000542.579861112,262.7517361111111,"      Göppingen, Landkreis",79.86915174664041
136,8118,2026,0.2820058208335832,28182.25173611111,12932127.925347222,234.04861111111111,"      Ludwigsburg, Landkreis",75.62237244275903
137,8119,2026,0.3132097388919209,28108.2297979798,12902121.252525253,241.63888888888889,"      Rems-Murr-Kreis, Landkreis",75.76035345326422
138,8125,2026,0.2933080683018189,28163.069444444445,12917868.920751635,220.58496732026143,"      Heilbronn, Landkreis",75.42140348732529
139,8126,2026,0.28615099879131906,28100.203703703704,12932565.675925925,211.00154320987656,"      Hohenlohekreis, Landkreis",75.44076923232278
140,8127,2026,0.28285862672520706,28054.59477124183,12960497.388071897,235.0228758169935,"      Schwäbisch Hall, Landkreis",75.62237244275903
141,8128,2026,0.29434293046581167,28099.00704225352,13092720.811619718,199.89964788732394,"      Main-Tauber-Kreis, Landkreis",75.42140348732529
142,8135,2026,0.2628341223497715,27986.210317460318,13042435.069444444,237.58531746031747,"      Heidenheim, Landkreis",75.86299852421756
143,8136,2026,0.293479361301639,28029.528508771928,12940924.048245614,240.58187134502927,"      Ostalbkreis, Landkreis",75.60300669776154
144,8215,2026,0.3103035294033641,28238.492063492064,12930629.490079366,218.87996031746033,"      Karlsruhe, Landkreis",76.14419229626796
145,8216,2026,0.3211274015006356,28156.015432098764,12999451.763888888,271.0895061728395,"      Rastatt, Landkreis",81.73795767569766
146,8225,2026,0.29695730309568963,28102.944668008047,13047920.785714285,234.99698189134807,"      Neckar-Odenwald-Kreis, Landkreis",75.81072366288866
147,8226,2026,0.2832001659197816,28188.473958333332,12772557.050347222,224.99652777777777,"      Rhein-Neckar-Kreis, Landkreis",75.44076923232278
148,8236,2026,0.3331148989277891,28169.747685185182,13028595.074074075,247.61111111111111,"      Enzkreis, Landkreis",76.66223073084639
149,8237,2026,0.30601029494139403,27999.652777777777,12994948.944444444,316.20987654320993,"      Freudenstadt, Landkreis",80.94360856575655
150,8315,2026,0.2740941860576456,28031.813368055555,13069816.157986112,294.7986111111111,"      Breisgau-Hochschwarzwald, Landkreis",77.05187296193273
151,8316,2026,0.3129954085926955,28164.412698412696,13357831.912698414,319.4973544973545,"      Emmendingen, Landkreis",80.80114217837706
152,8317,2026,0.3170117710523946,28153.39311594203,12958177.890700482,278.34842995169083,"      Ortenaukreis, Landkreis",81.97841348111584
153,8325,2026,0.3005030314160748,27996.814814814818,13125426.141975308,284.5679012345679,"      Rottweil, Landkreis",81.71110690673001
154,8327,2026,0.2781038221408436,27929.662037037036,13255189.524691358,237.05401234567904,"      Tuttlingen, Landkreis",75.62237244275903
155,8335,2026,0.2827501230125812,28038.281565656565,13267337.478535354,221.0770202020202,"      Konstanz, Landkreis",75.44076923232278
156,8337,2026,0.27424532752046377,28001.981150793654,13120159.645833334,303.4494047619048,"      Waldshut, Landkreis",77.08832663369596
157,8415,2026,0.2810868947046731,27970.619444444445,13100445.728703704,249.6314814814815,"      Reutlingen, Landkreis",75.14164511783734
158,8416,2026,0.3148392827454201,28088.26388888889,13041811.133680556,243.29861111111111,"      Tübingen, Landkreis",75.5209265071378
159,8417,2026,0.2918487186966662,27976.005555555555,13095096.351388888,245.6638888888889,"      Zollernalbkreis, Landkreis",75.12227937283986
160,8425,2026,0.26064063536800913,27985.61651234568,13140003.183641976,243.2307098765432,"      Alb-Donau-Kreis, Landkreis",75.38227119929587
161,8426,2026,0.26913155648290743,27977.72762345679,13286465.972993828,230.44598765432096,"      Biberach, Landkreis",75.60142296679287
162,8435,2026,0.2924711584727755,28065.864197530864,13164542.691358024,235.44135802469134,"      Bodenseekreis, Landkreis",75.60300669776154
163,8436,2026,0.29406570356393286,27980.29513888889,13214323.217361111,255.20833333333334,"      Ravensburg, Landkreis",71.90698814540703
164,8437,2026,0.2742480642872641,27933.05341880342,13235848.806623932,236.26923076923075,"      Sigmaringen, Landkreis",75.62237244275903
165,8115,2026,0.2973600045448979,28093.027777777777,13016549.501736112,240.29340277777777,"      Böblingen, Landkreis",75.81072366288866
166,8116,2026,0.3054682487179197,28112.394444444442,12958324.905555556,239.1611111111111,"      Esslingen, Landkreis",76.38354716556539
167,8117,2026,0.3011776873784685,28051.20138888889,13000542.579861112,262.7517361111111,"      Göppingen, Landkreis",79.86915174664041
168,8118,2026,0.2820058208335832,28182.25173611111,12932127.925347222,234.04861111111111,"      Ludwigsburg, Landkreis",75.62237244275903
169,8119,2026,0.3132097388919209,28108.2297979798,12902121.252525253,241.63888888888889,"      Rems-Murr-Kreis, Landkreis",75.76035345326422
170,8125,2026,0.2933080683018189,28163.069444444445,12917868.920751635,220.58496732026143,"      Heilbronn, Landkreis",75.42140348732529
171,8126,2026,0.28615099879131906,28100.203703703704,12932565.675925925,211.00154320987656,"      Hohenlohekreis, Landkreis",75.44076923232278
172,8127,2026,0.28285862672520706,28054.59477124183,12960497.388071897,235.0228758169935,"      Schwäbisch Hall, Landkreis",75.62237244275903
173,8128,2026,0.29434293046581167,28099.00704225352,13092720.811619718,199.89964788732394,"      Main-Tauber-Kreis, Landkreis",75.42140348732529
174,8135,2026,0.2628341223497715,27986.210317460318,13042435.069444444,237.58531746031747,"      Heidenheim, Landkreis",75.86299852421756
175,8136,2026,0.293479361301639,28029.528508771928,12940924.048245614,240.58187134502927,"      Ostalbkreis, Landkreis",75.60300669776154
176,8215,2026,0.3103035294033641,28238.492063492064,12930629.490079366,218.87996031746033,"      Karlsruhe, Landkreis",76.14419229626796
177,8216,2026,0.3211274015006356,28156.015432098764,12999451.763888888,271.0895061728395,"      Rastatt, Landkreis",81.73795767569766
178,8225,2026,0.29695730309568963,28102.944668008047,13047920.785714285,234.99698189134807,"      Neckar-Odenwald-Kreis, Landkreis",75.81072366288866
179,8226,2026,0.2832001659197816,28188.473958333332,12772557.050347222,224.99652777777777,"      Rhein-Neckar-Kreis, Landkreis",75.44076923232278
180,8235,2026,0.3365702440436208,28039.477272727276,13035134.09090909,277.3358585858586,"      Calw, Landkreis",82.7314359787208
181,8236,2026,0.3331148989277891,28169.747685185182,13028595.074074075,247.61111111111111,"      Enzkreis, Landkreis",76.66223073084639
182,8237,2026,0.30601029494139403,27999.652777777777,12994948.944444444,316.20987654320993,"      Freudenstadt, Landkreis",80.94360856575655
183,8315,2026,0.2740941860576456,28031.813368055555,13069816.157986112,294.7986111111111,"      Breisgau-Hochschwarzwald, Landkreis",77.05187296193273
184,8316,2026,0.3129954085926955,28164.412698412696,13357831.912698414,319.4973544973545,"      Emmendingen, Landkreis",80.80114217837706
185,8317,2026,0.3170117710523946,28153.39311594203,12958177.890700482,278.34842995169083,"      Ortenaukreis, Landkreis",81.97841348111584
186,8325,2026,0.3005030314160748,27996.814814814818,13125426.141975308,284.5679012345679,"      Rottweil, Landkreis",81.71110690673001
187,8326,2026,0.2739051862249606,27923.57702020202,13241496.424242424,312.29797979797985,"      Schwarzwald-Baar-Kreis, Landkreis",77.73135370434497
188,8327,2026,0.2781038221408436,27929.662037037036,13255189.524691358,237.05401234567904,"      Tuttlingen, Landkreis",75.62237244275903
189,8335,2026,0.2827501230125812,28038.281565656565,13267337.478535354,221.0770202020202,"      Konstanz, Landkreis",75.44076923232278
190,8337,2026,0.27424532752046377,28001.981150793654,13120159.645833334,303.4494047619048,"      Waldshut, Landkreis",77.08832663369596
191,8415,2026,0.2810868947046731,27970.619444444445,13100445.728703704,249.6314814814815,"      Reutlingen, Landkreis",75.14164511783734
192,8416,2026,0.3148392827454201,28088.26388888889,13041811.133680556,243.29861111111111,"      Tübingen, Landkreis",75.5209265071378
193,8417,2026,0.2918487186966662,27976.005555555555,13095096.351388888,245.6638888888889,"      Zollernalbkreis, Landkreis",75.12227937283986
194,8425,2026,0.26064063536800913,27985.61651234568,13140003.183641976,243.2307098765432,"      Alb-Donau-Kreis, Landkreis",75.38227119929587
195,8426,2026,0.26913155648290743,27977.72762345679,13286465.972993828,230.44598765432096,"      Biberach, Landkreis",75.60142296679287
196,8435,2026,0.2924711584727755,28065.864197530864,13164542.691358024,235.44135802469134,"      Bodenseekreis, Landkreis",75.60300669776154
197,8436,2026,0.29406570356393286,27980.29513888889,13214323.217361111,255.20833333333334,"      Ravensburg, Landkreis",71.90698814540703
198,8437,2026,0.2742480642872641,27933.05341880342,13235848.806623932,236.26923076923075,"      Sigmaringen, Landkreis",75.62237244275903
199,8115,2026,0.2973600045448979,28093.027777777777,13016549.501736112,240.29340277777777,"      Böblingen, Landkreis",75.81072366288866
200,8116,2026,0.3054682487179197,28112.394444444442,12958324.905555556,239.1611111111111,"      Esslingen, Landkreis",76.38354716556539
201,8117,2026,0.3011776873784685,28051.20138888889,13000542.579861112,262.7517361111111,"      Göppingen, Landkreis",79.86915174664041
202,8118,2026,0.2820058208335832,28182.25173611111,12932127.925347222,234.04861111111111,"      Ludwigsburg, Landkreis",75.62237244275903
203,8119,2026,0.3132097388919209,28108.2297979798,12902121.252525253,241.63888888888889,"      Rems-Murr-Kreis, Landkreis",75.76035345326422
204,8125,2026,0.2933080683018189,28163.069444444445,12917868.920751635,220.58496732026143,"      Heilbronn, Landkreis",75.42140348732529
205,8126,2026,0.28615099879131906,28100.203703703704,12932565.675925925,211.00154320987656,"      Hohenlohekreis, Landkreis",75.44076923232278
206,8127,2026,0.28285862672520706,28054.59477124183,12960497.388071897,235.0228758169935,"      Schwäbisch Hall, Landkreis",75.62237244275903
207,8128,2026,0.29434293046581167,28099.00704225352,13092720.811619718,199.89964788732394,"      Main-Tauber-Kreis, Landkreis",75.42140348732529
208,8135,2026,0.2628341223497715,27986.210317460318,13042435.069444444,237.58531746031747,"      Heidenheim, Landkreis",75.86299852421756
209,8136,2026,0.293479361301639,28029.528508771928,12940924.048245614,240.58187134502927,"      Ostalbkreis, Landkreis",75.60300669776154
210,8215,2026,0.3103035294033641,28238.492063492064,12930629.490079366,218.87996031746033,"      Karlsruhe, Landkreis",76.14419229626796
211,8216,2026,0.3211274015006356,28156.015432098764,12999451.763888888,271.0895061728395,"      Rastatt, Landkreis",81.73795767569766
212,8225,2026,0.29695730309568963,28102.944668008047,13047920.785714285,234.99698189134807,"      Neckar-Odenwald-Kreis, Landkreis",75.81072366288866
213,8226,2026,0.2832001659197816,28188.473958333332,12772557.050347222,224.99652777777777,"      Rhein-Neckar-Kreis, Landkreis",75.44076923232278
214,8236,2026,0.3331148989277891,28169.747685185182,13028595.074074075,247.61111111111111,"      Enzkreis, Landkreis",76.66223073084639
215,8237,2026,0.30601029494139403,27999.652777777777,12994948.944444444,316.20987654320993,"      Freudenstadt, Landkreis",80.94360856575655
216,8315,2026,0.2740941860576456,28031.813368055555,13069816.157986112,294.7986111111111,"      Breisgau-Hochschwarzwald, Landkreis",77.05187296193273
217,8316,2026,0.3129954085926955,28164.412698412696,13357831.912698414,319.4973544973545,"      Emmendingen, Landkreis",80.80114217837706
218,8317,2026,0.3170117710523946,28153.39311594203,12958177.890700482,278.34842995169083,"      Ortenaukreis, Landkreis",81.97841348111584
219,8325,2026,0.3005030314160748,27996.814814814818,13125426.141975308,284.5679012345679,"      Rottweil, Landkreis",81.71110690673001
220,8326,2026,0.2739051862249606,27923.57702020202,13241496.424242424,312.29797979797985,"      Schwarzwald-Baar-Kreis, Landkreis",77.73135370434497
221,8327,2026,0.2781038221408436,27929.662037037036,13255189.524691358,237.05401234567904,"      Tuttlingen, Landkreis",75.62237244275903
222,8335,2026,0.2827501230125812,28038.281565656565,13267337.478535354,221.0770202020202,"      Konstanz, Landkreis",75.44076923232278
223,8337,2026,0.27424532752046377,28001.981150793654,13120159.645833334,303.4494047619048,"      Waldshut, Landkreis",77.08832663369596
224,8415,2026,0.2810868947046731,27970.619444444445,13100445.728703704,249.6314814814815,"      Reutlingen, Landkreis",75.14164511783734
225,8416,2026,0.3148392827454201,28088.26388888889,13041811.133680556,243.29861111111111,"      Tübingen, Landkreis",75.5209265071378
226,8417,2026,0.2918487186966662,27976.005555555555,13095096.351388888,245.6638888888889,"      Zollernalbkreis, Landkreis",75.12227937283986
227,8425,2026,0.26064063536800913,27985.61651234568,13140003.183641976,243.2307098765432,"      Alb-Donau-Kreis, Landkreis",75.38227119929587
228,8426,2026,0.26913155648290743,27977.72762345679,13286465.972993828,230.44598765432096,"      Biberach, Landkreis",75.60142296679287
229,8435,2026,0.2924711584727755,28065.864197530864,13164542.691358024,235.44135802469134,"      Bodenseekreis, Landkreis",75.60300669776154
230,8436,2026,0.29406570356393286,27980.29513888889,13214323.217361111,255.20833333333334,"      Ravensburg, Landkreis",71.90698814540703
231,8437,2026,0.2742480642872641,27933.05341880342,13235848.806623932,236.26923076923075,"      Sigmaringen, Landkreis",75.62237244275903
232,8111,2026,0.2446908429278833,28134.796296296296,12922428.138888888,233.77777777777777,"      Stuttgart, Stadtkreis",75.86299852421756
233,8115,2026,0.2973600045448979,28093.027777777777,13016549.501736112,240.29340277777777,"      Böblingen, Landkreis",75.81072366288866
234,8116,2026,0.3054682487179197,28112.394444444442,12958324.905555556,239.1611111111111,"      Esslingen, Landkreis",76.38354716556539
235,8117,2026,0.3011776873784685,28051.20138888889,13000542.579861112,262.7517361111111,"      Göppingen, Landkreis",79.86915174664041
236,8118,2026,0.2820058208335832,28182.25173611111,12932127.925347222,234.04861111111111,"      Ludwigsburg, Landkreis",75.62237244275903
237,8119,2026,0.3132097388919209,28108.2297979798,12902121.252525253,241.63888888888889,"      Rems-Murr-Kreis, Landkreis",75.76035345326422
238,8125,2026,0.2933080683018189,28163.069444444445,12917868.920751635,220.58496732026143,"      Heilbronn, Landkreis",75.42140348732529
239,8126,2026,0.28615099879131906,28100.203703703704,12932565.675925925,211.00154320987656,"      Hohenlohekreis, Landkreis",75.44076923232278
240,8127,2026,0.28285862672520706,28054.59477124183,12960497.388071897,235.0228758169935,"      Schwäbisch Hall, Landkreis",75.62237244275903
241,8128,2026,0.29434293046581167,28099.00704225352,13092720.811619718,199.89964788732394,"      Main-Tauber-Kreis, Landkreis",75.42140348732529
242,8135,2026,0.2628341223497715,27986.210317460318,13042435.069444444,237.58531746031747,"      Heidenheim, Landkreis",75.86299852421756
243,8136,2026,0.293479361301639,28029.528508771928,12940924.048245614,240.58187134502927,"      Ostalbkreis, Landkreis",75.60300669776154
244,8215,2026,0.3103035294033641,28238.492063492064,12930629.490079366,218.87996031746033,"      Karlsruhe, Landkreis",76.14419229626796
245,8216,2026,0.3211274015006356,28156.015432098764,12999451.763888888,271.0895061728395,"      Rastatt, Landkreis",81.73795767569766
246,8225,2026,0.29695730309568963,28102.944668008047,13047920.785714285,234.99698189134807,"      Neckar-Odenwald-Kreis, Landkreis",75.81072366288866
247,8226,2026,0.2832001659197816,28188.473958333332,12772557.050347222,224.99652777777777,"      Rhein-Neckar-Kreis, Landkreis",75.44076923232278
248,8235,2026,0.3365702440436208,28039.477272727276,13035134.09090909,277.3358585858586,"      Calw, Landkreis",82.7314359787208
249,8236,2026,0.3331148989277891,28169.747685185182,13028595.074074075,247.61111111111111,"      Enzkreis, Landkreis",76.66223073084639
250,8237,2026,0.30601029494139403,27999.652777777777,12994948.944444444,316.20987654320993,"      Freudenstadt, Landkreis",80.94360856575655
251,8315,2026,0.2740941860576456,28031.813368055555,13069816.157986112,294.7986111111111,"      Breisgau-Hochschwarzwald, Landkreis",77.05187296193273
252,8316,2026,0.3129954085926955,28164.412698412696,13357831.912698414,319.4973544973545,"      Emmendingen, Landkreis",80.80114217837706
253,8317,2026,0.3170117710523946,28153.39311594203,12958177.890700482,278.34842995169083,"      Ortenaukreis, Landkreis",81.97841348111584
254,8325,2026,0.3005030314160748,27996.814814814818,13125426.141975308,284.5679012345679,"      Rottweil, Landkreis",81.71110690673001
255,8326,2026,0.2739051862249606,27923.57702020202,13241496.424242424,312.29797979797985,"      Schwarzwald-Baar-Kreis, Landkreis",77.73135370434497
256,8327,2026,0.2781038221408436,27929.662037037036,13255189.524691358,237.05401234567904,"      Tuttlingen, Landkreis",75.62237244275903
257,8335,2026,0.2827501230125812,28038.281565656565,13267337.478535354,221.0770202020202,"      Konstanz, Landkreis",75.44076923232278
258,8337,2026,0.27424532752046377,28001.981150793654,13120159.645833334,303.4494047619048,"      Waldshut, Landkreis",77.08832663369596
259,8415,2026,0.2810868947046731,27970.619444444445,13100445.728703704,249.6314814814815,"      Reutlingen, Landkreis",75.14164511783734
260,8416,2026,0.3148392827454201,28088.26388888889,13041811.133680556,243.29861111111111,"      Tübingen, Landkreis",75.5209265071378
261,8417,2026,0.2918487186966662,27976.005555555555,13095096.351388888,245.6638888888889,"      Zollernalbkreis, Landkreis",75.12227937283986
262,8425,2026,0.26064063536800913,27985.61651234568,13140003.183641976,243.2307098765432,"      Alb-Donau-Kreis, Landkreis",75.38227119929587
263,8426,2026,0.26913155648290743,27977.72762345679,13286465.972993828,230.44598765432096,"      Biberach, Landkreis",75.60142296679287
264,8435,2026,0.2924711584727755,28065.864197530864,13164542.691358024,235.44135802469134,"      Bodenseekreis, Landkreis",75.60300669776154
265,8436,2026,0.29406570356393286,27980.29513888889,13214323.217361111,255.20833333333334,"      Ravensburg, Landkreis",71.90698814540703
266,8437,2026,0.2742480642872641,27933.05341880342,13235848.806623932,236.26923076923075,"      Sigmaringen, Landkreis",75.62237244275903
267,8111,2026,0.2446908429278833,28134.796296296296,12922428.138888888,233.77777777777777,"      Stuttgart, Stadtkreis",75.86299852421756
268,8115,2026,0.2973600045448979,28093.027777777777,13016549.501736112,240.29340277777777,"      Böblingen, Landkreis",75.81072366288866
269,8116,2026,0.3054682487179197,28112.394444444442,12958324.905555556,239.1611111111111,"      Esslingen, Landkreis",76.38354716556539
270,8117,2026,0.3011776873784685,28051.20138888889,13000542.579861112,262.7517361111111,"      Göppingen, Landkreis",79.86915174664041
271,8118,2026,0.2820058208335832,28182.25173611111,12932127.925347222,234.04861111111111,"      Ludwigsburg, Landkreis",75.62237244275903
272,8119,2026,0.3132097388919209,28108.2297979798,12902121.252525253,241.63888888888889,"      Rems-Murr-Kreis, Landkreis",75.76035345326422
273,8125,2026,0.2933080683018189,28163.069444444445,12917868.920751635,220.58496732026143,"      Heilbronn, Landkreis",75.42140348732529
274,8126,2026,0.28615099879131906,28100.203703703704,12932565.675925925,211.00154320987656,"      Hohenlohekreis, Landkreis",75.44076923232278
275,8127,2026,0.28285862672520706,28054.59477124183,12960497.388071897,235.0228758169935,"      Schwäbisch Hall, Landkreis",75.62237244275903
276,8128,2026,0.29434293046581167,28099.00704225352,13092720.811619718,199.89964788732394,"      Main-Tauber-Kreis, Landkreis",75.42140348732529
277,8135,2026,0.2628341223497715,27986.210317460318,13042435.069444444,237.58531746031747,"      Heidenheim, Landkreis",75.86299852421756
278,8136,2026,0.293479361301639,28029.528508771928,12940924.048245614,240.58187134502927,"      Ostalbkreis, Landkreis",75.60300669776154
279,8215,2026,0.3103035294033641,28238.492063492064,12930629.490079366,218.87996031746033,"      Karlsruhe, Landkreis",76.14419229626796
280,8225,2026,0.29695730309568963,28102.944668008047,13047920.785714285,234.99698189134807,"      Neckar-Odenwald-Kreis, Landkreis",75.81072366288866
281,8226,2026,0.2832001659197816,28188.473958333332,12772557.050347222,224.99652777777777,"      Rhein-Neckar-Kreis, Landkreis",75.44076923232278
282,8235,2026,0.3365702440436208,28039.477272727276,13035134.09090909,277.3358585858586,"      Calw, Landkreis",82.7314359787208
283,8236,2026,0.3331148989277891,28169.747685185182,13028595.074074075,247.61111111111111,"      Enzkreis, Landkreis",76.66223073084639
284,8237,2026,0.30601029494139403,27999.652777777777,12994948.944444444,316.20987654320993,"      Freudenstadt, Landkreis",80.94360856575655
285,8315,2026,0.2740941860576456,28031.813368055555,13069816.157986112,294.7986111111111,"      Breisgau-Hochschwarzwald, Landkreis",77.05187296193273
286,8316,2026,0.3129954085926955,28164.412698412696,13357831.912698414,319.4973544973545,"      Emmendingen, Landkreis",80.80114217837706
287,8317,2026,0.3170117710523946,28153.39311594203,12958177.890700482,278.34842995169083,"      Ortenaukreis, Landkreis",81.97841348111584
288,8325,2026,0.3005030314160748,27996.814814814818,13125426.141975308,284.5679012345679,"      Rottweil, Landkreis",81.71110690673001
289,8326,2026,0.2739051862249606,27923.57702020202,13241496.424242424,312.29797979797985,"      Schwarzwald-Baar-Kreis, Landkreis",77.73135370434497
290,8327,2026,0.2781038221408436,27929.662037037036,13255189.524691358,237.05401234567904,"      Tuttlingen, Landkreis",75.62237244275903
291,8335,2026,0.2827501230125812,28038.281565656565,13267337.478535354,221.0770202020202,"      Konstanz, Landkreis",75.44076923232278
292,8337,2026,0.27424532752046377,28001.981150793654,13120159.645833334,303.4494047619048,"      Waldshut, Landkreis",77.08832663369596
293,8415,2026,0.2810868947046731,27970.619444444445,13100445.728703704,249.6314814814815,"      Reutlingen, Landkreis",75.14164511783734
294,8416,2026,0.3148392827454201,28088.26388888889,13041811.133680556,243.29861111111111,"      Tübingen, Landkreis",75.5209265071378
295,8417,2026,0.2918487186966662,27976.005555555555,13095096.351388888,245.6638888888889,"      Zollernalbkreis, Landkreis",75.12227937283986
296,8425,2026,0.26064063536800913,27985.61651234568,13140003.183641976,243.2307098765432,"      Alb-Donau-Kreis, Landkreis",75.38227119929587
297,8426,2026,0.26913155648290743,27977.72762345679,13286465.972993828,230.44598765432096,"      Biberach, Landkreis",75.60142296679287
298,8435,2026,0.2924711584727755,28065.864197530864,13164542.691358024,235.44135802469134,"      Bodenseekreis, Landkreis",75.60300669776154
299,8436,2026,0.29406570356393286,27980.29513888889,13214323.217361111,255.20833333333334,"      Ravensburg, Landkreis",71.90698814540703
300,8437,2026,0.2742480642872641,27933.05341880342,13235848.806623932,236.26923076923075,"      Sigmaringen, Landkreis",75.62237244275903
301,8111,2026,0.2446908429278833,28134.796296296296,12922428.138888888,233.77777777777777,"      Stuttgart, Stadtkreis",75.86299852421756
302,8115,2026,0.2973600045448979,28093.027777777777,13016549.501736112,240.29340277777777,"      Böblingen, Landkreis",75.81072366288866
303,8116,2026,0.3054682487179197,28112.394444444442,12958324.905555556,239.1611111111111,"      Esslingen, Landkreis",76.38354716556539
304,8117,2026,0.3011776873784685,28051.20138888889,13000542.579861112,262.7517361111111,"      Göppingen, Landkreis",79.86915174664041
305,8118,2026,0.2820058208335832,28182.25173611111,12932127.925347222,234.04861111111111,"      Ludwigsburg, Landkreis",75.62237244275903
306,8119,2026,0.3132097388919209,28108.2297979798,12902121.252525253,241.63888888888889,"      Rems-Murr-Kreis, Landkreis",75.76035345326422
307,8125,2026,0.2933080683018189,28163.069444444445,12917868.920751635,220.58496732026143,"      Heilbronn, Landkreis",75.42140348732529
308,8126,2026,0.28615099879131906,28100.203703703704,12932565.675925925,211.00154320987656,"      Hohenlohekreis, Landkreis",75.44076923232278
309,8127,2026,0.28285862672520706,28054.59477124183,12960497.388071897,235.0228758169935,"      Schwäbisch Hall, Landkreis",75.62237244275903
310,8128,2026,0.29434293046581167,28099.00704225352,13092720.811619718,199.89964788732394,"      Main-Tauber-Kreis, Landkreis",75.42140348732529
311,8135,2026,0.2628341223497715,27986.210317460318,13042435.069444444,237.58531746031747,"      Heidenheim, Landkreis",75.86299852421756
312,8136,2026,0.293479361301639,28029.528508771928,12940924.048245614,240.58187134502927,"      Ostalbkreis, Landkreis",75.60300669776154
313,8215,2026,0.3103035294033641,28238.492063492064,12930629.490079366,218.87996031746033,"      Karlsruhe, Landkreis",76.14419229626796
314,8216,2026,0.3211274015006356,28156.015432098764,12999451.763888888,271.0895061728395,"      Rastatt, Landkreis",81.73795767569766
315,8225,2026,0.29695730309568963,28102.944668008047,13047920.785714285,234.99698189134807,"      Neckar-Odenwald-Kreis, Landkreis",75.81072366288866
316,8226,2026,0.2832001659197816,28188.473958333332,12772557.050347222,224.99652777777777,"      Rhein-Neckar-Kreis, Landkreis",75.44076923232278
317,8235,2026,0.3365702440436208,28039.477272727276,13035134.09090909,277.3358585858586,"      Calw, Landkreis",82.7314359787208
318,8236,2026,0.3331148989277891,28169.747685185182,13028595.074074075,247.61111111111111,"      Enzkreis, Landkreis",76.66223073084639
319,8237,2026,0.30601029494139403,27999.652777777777,12994948.944444444,316.20987654320993,"      Freudenstadt, Landkreis",80.94360856575655
320,8315,2026,0.2740941860576456,28031.813368055555,13069816.157986112,294.7986111111111,"      Breisgau-Hochschwarzwald, Landkreis",77.05187296193273
321,8316,2026,0.3129954085926955,28164.412698412696,13357831.912698414,319.4973544973545,"      Emmendingen, Landkreis",80.80114217837706
322,8317,2026,0.3170117710523946,28153.39311594203,12958177.890700482,278.34842995169083,"      Ortenaukreis, Landkreis",81.97841348111584
323,8325,2026,0.3005030314160748,27996.814814814818,13125426.141975308,284.5679012345679,"      Rottweil, Landkreis",81.71110690673001
324,8326,2026,0.2739051862249606,27923.57702020202,13241496.424242424,312.29797979797985,"      Schwarzwald-Baar-Kreis, Landkreis",77.73135370434497
325,8327,2026,0.2781038221408436,27929.662037037036,13255189.524691358,237.05401234567904,"      Tuttlingen, Landkreis",75.62237244275903
326,8335,2026,0.2827501230125812,28038.281565656565,13267337.478535354,221.0770202020202,"      Konstanz, Landkreis",75.44076923232278
327,8337,2026,0.27424532752046377,28001.981150793654,13120159.645833334,303.4494047619048,"      Waldshut, Landkreis",77.08832663369596
328,8415,2026,0.2810868947046731,27970.619444444445,13100445.728703704,249.6314814814815,"      Reutlingen, Landkreis",75.14164511783734
329,8416,2026,0.3148392827454201,28088.26388888889,13041811.133680556,243.29861111111111,"      Tübingen, Landkreis",75.5209265071378
330,8417,2026,0.2918487186966662,27976.005555555555,13095096.351388888,245.6638888888889,"      Zollernalbkreis, Landkreis",75.12227937283986
331,8425,2026,0.26064063536800913,27985.61651234568,13140003.183641976,243.2307098765432,"      Alb-Donau-Kreis, Landkreis",75.38227119929587
332,8426,2026,0.26913155648290743,27977.72762345679,13286465.972993828,230.44598765432096,"      Biberach, Landkreis",75.60142296679287
333,8435,2026,0.2924711584727755,28065.864197530864,13164542.691358024,235.44135802469134,"      Bodenseekreis, Landkreis",75.60300669776154
334,8436,2026,0.29406570356393286,27980.29513888889,13214323.217361111,255.20833333333334,"      Ravensburg, Landkreis",71.90698814540703
335,8437,2026,0.2742480642872641,27933.05341880342,13235848.806623932,236.26923076923075,"      Sigmaringen, Landkreis",75.62237244275903
336,8115,2026,0.2973600045448979,28093.027777777777,13016549.501736112,240.29340277777777,"      Böblingen, Landkreis",75.81072366288866
337,8116,2026,0.3054682487179197,28112.394444444442,12958324.905555556,239.1611111111111,"      Esslingen, Landkreis",76.38354716556539
338,8117,2026,0.3011776873784685,28051.20138888889,13000542.579861112,262.7517361111111,"      Göppingen, Landkreis",79.86915174664041
339,8118,2026,0.2820058208335832,28182.25173611111,12932127.925347222,234.04861111111111,"      Ludwigsburg, Landkreis",75.62237244275903
340,8119,2026,0.3132097388919209,28108.2297979798,12902121.252525253,241.63888888888889,"      Rems-Murr-Kreis, Landkreis",75.76035345326422
341,8125,2026,0.2933080683018189,28163.069444444445,12917868.920751635,220.58496732026143,"      Heilbronn, Landkreis",75.42140348732529
342,8126,2026,0.28615099879131906,28100.203703703704,12932565.675925925,211.00154320987656,"      Hohenlohekreis, Landkreis",75.44076923232278
343,8127,2026,0.28285862672520706,28054.59477124183,12960497.388071897,235.0228758169935,"      Schwäbisch Hall, Landkreis",75.62237244275903
344,8128,2026,0.29434293046581167,28099.00704225352,13092720.811619718,199.89964788732394,"      Main-Tauber-Kreis, Landkreis",75.42140348732529
345,8135,2026,0.2628341223497715,27986.210317460318,13042435.069444444,237.58531746031747,"      Heidenheim, Landkreis",75.86299852421756
346,8136,2026,0.293479361301639,28029.528508771928,12940924.048245614,240.58187134502927,"      Ostalbkreis, Landkreis",75.60300669776154
347,8215,2026,0.3103035294033641,28238.492063492064,12930629.490079366,218.87996031746033,"      Karlsruhe, Landkreis",76.14419229626796
348,8225,2026,0.29695730309568963,28102.944668008047,13047920.785714285,234.99698189134807,"      Neckar-Odenwald-Kreis, Landkreis",75.81072366288866
349,8226,2026,0.2832001659197816,28188.473958333332,12772557.050347222,224.99652777777777,"      Rhein-Neckar-Kreis, Landkreis",75.44076923232278
350,8235,2026,0.3365702440436208,28039.477272727276,13035134.09090909,277.3358585858586,"      Calw, Landkreis",82.7314359787208
351,8236,2026,0.3331148989277891,28169.747685185182,13028595.074074075,247.61111111111111,"      Enzkreis, Landkreis",76.66223073084639
352,8237,2026,0.30601029494139403,27999.652777777777,12994948.944444444,316.20987654320993,"      Freudenstadt, Landkreis",80.94360856575655
353,8315,2026,0.2740941860576456,28031.813368055555,13069816.157986112,294.7986111111111,"      Breisgau-Hochschwarzwald, Landkreis",77.05187296193273
354,8317,2026,0.3170117710523946,28153.39311594203,12958177.890700482,278.34842995169083,"      Ortenaukreis, Landkreis",81.97841348111584
355,8325,2026,0.3005030314160748,27996.814814814818,13125426.141975308,284.5679012345679,"      Rottweil, Landkreis",81.71110690673001
356,8326,2026,0.2739051862249606,27923.57702020202,13241496.424242424,312.29797979797985,"      Schwarzwald-Baar-Kreis, Landkreis",77.73135370434497
357,8327,2026,0.2781038221408436,27929.662037037036,13255189.524691358,237.05401234567904,"      Tuttlingen, Landkreis",75.62237244275903
358,8337,2026,0.27424532752046377,28001.981150793654,13120159.645833334,303.4494047619048,"      Waldshut, Landkreis",77.08832663369596
359,8415,2026,0.2810868947046731,27970.619444444445,13100445.728703704,249.6314814814815,"      Reutlingen, Landkreis",75.14164511783734
360,8416,2026,0.3148392827454201,28088.26388888889,13041811.133680556,243.29861111111111,"      Tübingen, Landkreis",75.5209265071378
361,8417,2026,0.2918487186966662,27976.005555555555,13095096.351388888,245.6638888888889,"      Zollernalbkreis, Landkreis",75.12227937283986
362,8425,2026,0.26064063536800913,27985.61651234568,13140003.183641976,243.2307098765432,"      Alb-Donau-Kreis, Landkreis",75.38227119929587
363,8426,2026,0.26913155648290743,27977.72762345679,13286465.972993828,230.44598765432096,"      Biberach, Landkreis",75.60142296679287
364,8435,2026,0.2924711584727755,28065.864197530864,13164542.691358024,235.44135802469134,"      Bodenseekreis, Landkreis",75.60300669776154
365,8436,2026,0.29406570356393286,27980.29513888889,13214323.217361111,255.20833333333334,"      Ravensburg, Landkreis",71.90698814540703
366,8437,2026,0.2742480642872641,27933.05341880342,13235848.806623932,236.26923076923075,"      Sigmaringen, Landkreis",75.62237244275903
367,8115,2026,0.2973600045448979,28093.027777777777,13016549.501736112,240.29340277777777,"      Böblingen, Landkreis",75.81072366288866
368,8116,2026,0.3054682487179197,28112.394444444442,12958324.905555556,239.1611111111111,"      Esslingen, Landkreis",76.38354716556539
369,8117,2026,0.3011776873784685,28051.20138888889,13000542.579861112,262.7517361111111,"      Göppingen, Landkreis",79.86915174664041
370,8118,2026,0.2820058208335832,28182.25173611111,12932127.925347222,234.04861111111111,"      Ludwigsburg, Landkreis",75.62237244275903
371,8119,2026,0.3132097388919209,28108.2297979798,12902121.252525253,241.63888888888889,"      Rems-Murr-Kreis, Landkreis",75.76035345326422
372,8125,2026,0.2933080683018189,28163.069444444445,12917868.920751635,220.58496732026143,"      Heilbronn, Landkreis",75.42140348732529
373,8126,2026,0.28615099879131906,28100.203703703704,12932565.675925925,211.00154320987656,"      Hohenlohekreis, Landkreis",75.44076923232278
374,8127,2026,0.28285862672520706,28054.59477124183,12960497.388071897,235.0228758169935,"      Schwäbisch Hall, Landkreis",75.62237244275903
375,8128,2026,0.29434293046581167,28099.00704225352,13092720.811619718,199.89964788732394,"      Main-Tauber-Kreis, Landkreis",75.42140348732529
376,8135,2026,0.2628341223497715,27986.210317460318,13042435.069444444,237.58531746031747,"      Heidenheim, Landkreis",75.86299852421756
377,8136,2026,0.293479361301639,28029.528508771928,12940924.048245614,240.58187134502927,"      Ostalbkreis, Landkreis",75.60300669776154
378,8215,2026,0.3103035294033641,28238.492063492064,12930629.490079366,218.87996031746033,"      Karlsruhe, Landkreis",76.14419229626796
379,8225,2026,0.29695730309568963,28102.944668008047,13047920.785714285,234.99698189134807,"      Neckar-Odenwald-Kreis, Landkreis",75.81072366288866
380,8226,2026,0.2832001659197816,28188.473958333332,12772557.050347222,224.99652777777777,"      Rhein-Neckar-Kreis, Landkreis",75.44076923232278
381,8235,2026,0.3365702440436208,28039.477272727276,13035134.09090909,277.3358585858586,"      Calw, Landkreis",82.7314359787208
382,8236,2026,0.3331148989277891,28169.747685185182,13028595.074074075,247.61111111111111,"      Enzkreis, Landkreis",76.66223073084639
383,8237,2026,0.30601029494139403,27999.652777777777,12994948.944444444,316.20987654320993,"      Freudenstadt, Landkreis",80.94360856575655
384,8315,2026,0.2740941860576456,28031.813368055555,13069816.157986112,294.7986111111111,"      Breisgau-Hochschwarzwald, Landkreis",77.05187296193273
385,8316,2026,0.3129954085926955,28164.412698412696,13357831.912698414,319.4973544973545,"      Emmendingen, Landkreis",80.80114217837706
386,8317,2026,0.3170117710523946,28153.39311594203,12958177.890700482,278.34842995169083,"      Ortenaukreis, Landkreis",81.97841348111584
387,8325,2026,0.3005030314160748,27996.814814814818,13125426.141975308,284.5679012345679,"      Rottweil, Landkreis",81.71110690673001
388,8326,2026,0.2739051862249606,27923.57702020202,13241496.424242424,312.29797979797985,"      Schwarzwald-Baar-Kreis, Landkreis",77.73135370434497
389,8327,2026,0.2781038221408436,27929.662037037036,13255189.524691358,237.05401234567904,"      Tuttlingen, Landkreis",75.62237244275903
390,8335,2026,0.2827501230125812,28038.281565656565,13267337.478535354,221.0770202020202,"      Konstanz, Landkreis",75.44076923232278
391,8337,2026,0.27424532752046377,28001.981150793654,13120159.645833334,303.4494047619048,"      Waldshut, Landkreis",77.08832663369596
392,8415,2026,0.2810868947046731,27970.619444444445,13100445.728703704,249.6314814814815,"      Reutlingen, Landkreis",75.14164511783734
393,8416,2026,0.3148392827454201,28088.26388888889,13041811.133680556,243.29861111111111,"      Tübingen, Landkreis",75.5209265071378
394,8417,2026,0.2918487186966662,27976.005555555555,13095096.351388888,245.6638888888889,"      Zollernalbkreis, Landkreis",75.12227937283986
395,8425,2026,0.26064063536800913,27985.61651234568,13140003.183641976,243.2307098765432,"      Alb-Donau-Kreis, Landkreis",75.38227119929587
396,8426,2026,0.26913155648290743,27977.72762345679,13286465.972993828,230.44598765432096,"      Biberach, Landkreis",75.60142296679287
397,8436,2026,0.29406570356393286,27980.29513888889,13214323.217361111,255.20833333333334,"      Ravensburg, Landkreis",71.90698814540703
398,8437,2026,0.2742480642872641,27933.05341880342,13235848.806623932,236.26923076923075,"      Sigmaringen, Landkreis",75.62237244275903
399,8115,2026,0.2973600045448979,28093.027777777777,13016549.501736112,240.29340277777777,"      Böblingen, Landkreis",75.81072366288866
400,8116,2026,0.3054682487179197,28112.394444444442,12958324.905555556,239.1611111111111,"      Esslingen, Landkreis",76.38354716556539
401,8117,2026,0.3011776873784685,28051.20138888889,13000542.579861112,262.7517361111111,"      Göppingen, Landkreis",79.86915174664041
402,8118,2026,0.2820058208335832,28182.25173611111,12932127.925347222,234.04861111111111,"      Ludwigsburg, Landkreis",75.62237244275903
403,8119,2026,0.3132097388919209,28108.2297979798,12902121.252525253,241.63888888888889,"      Rems-Murr-Kreis, Landkreis",75.76035345326422
404,8125,2026,0.2933080683018189,28163.069444444445,12917868.920751635,220.58496732026143,"      Heilbronn, Landkreis",75.42140348732529
405,8126,2026,0.28615099879131906,28100.203703703704,12932565.675925925,211.00154320987656,"      Hohenlohekreis, Landkreis",75.44076923232278
406,8127,2026,0.28285862672520706,28054.59477124183,12960497.388071897,235.0228758169935,"      Schwäbisch Hall, Landkreis",75.62237244275903
407,8128,2026,0.29434293046581167,28099.00704225352,13092720.811619718,199.89964788732394,"      Main-Tauber-Kreis, Landkreis",75.42140348732529
408,8135,2026,0.2628341223497715,27986.210317460318,13042435.069444444,237.58531746031747,"      Heidenheim, Landkreis",75.86299852421756
409,8136,2026,0.293479361301639,28029.528508771928,12940924.048245614,240.58187134502927,"      Ostalbkreis, Landkreis",75.60300669776154
410,8215,2026,0.3103035294033641,28238.492063492064,12930629.490079366,218.87996031746033,"      Karlsruhe, Landkreis",76.14419229626796
411,8225,2026,0.29695730309568963,28102.944668008047,13047920.785714285,234.99698189134807,"      Neckar-Odenwald-Kreis, Landkreis",75.81072366288866
412,8226,2026,0.2832001659197816,28188.473958333332,12772557.050347222,224.99652777777777,"      Rhein-Neckar-Kreis, Landkreis",75.44076923232278
413,8235,2026,0.3365702440436208,28039.477272727276,13035134.09090909,277.3358585858586,"      Calw, Landkreis",82.7314359787208
414,8236,2026,0.3331148989277891,28169.747685185182,13028595.074074075,247.61111111111111,"      Enzkreis, Landkreis",76.66223073084639
415,8237,2026,0.30601029494139403,27999.652777777777,12994948.944444444,316.20987654320993,"      Freudenstadt, Landkreis",80.94360856575655
416,8315,2026,0.2740941860576456,28031.813368055555,13069816.157986112,294.7986111111111,"      Breisgau-Hochschwarzwald, Landkreis",77.05187296193273
417,8316,2026,0.3129954085926955,28164.412698412696,13357831.912698414,319.4973544973545,"      Emmendingen, Landkreis",80.80114217837706
418,8317,2026,0.3170117710523946,28153.39311594203,12958177.890700482,278.34842995169083,"      Ortenaukreis, Landkreis",81.97841348111584
419,8325,2026,0.3005030314160748,27996.814814814818,13125426.141975308,284.5679012345679,"      Rottweil, Landkreis",81.71110690673001
420,8326,2026,0.2739051862249606,27923.57702020202,13241496.424242424,312.29797979797985,"      Schwarzwald-Baar-Kreis, Landkreis",77.73135370434497
421,8327,2026,0.2781038221408436,27929.662037037036,13255189.524691358,237.05401234567904,"      Tuttlingen, Landkreis",75.62237244275903
422,8335,2026,0.2827501230125812,28038.281565656565,13267337.478535354,221.0770202020202,"      Konstanz, Landkreis",75.44076923232278
423,8337,2026,0.27424532752046377,28001.981150793654,13120159.645833334,303.4494047619048,"      Waldshut, Landkreis",77.08832663369596
424,8415,2026,0.2810868947046731,27970.619444444445,13100445.728703704,249.6314814814815,"      Reutlingen, Landkreis",75.14164511783734
425,8416,2026,0.3148392827454201,28088.26388888889,13041811.133680556,243.29861111111111,"      Tübingen, Landkreis",75.5209265071378
426,8417,2026,0.2918487186966662,27976.005555555555,13095096.351388888,245.6638888888889,"      Zollernalbkreis, Landkreis",75.12227937283986
427,8425,2026,0.26064063536800913,27985.61651234568,13140003.183641976,243.2307098765432,"      Alb-Donau-Kreis, Landkreis",75.38227119929587
428,8426,2026,0.26913155648290743,27977.72762345679,13286465.972993828,230.44598765432096,"      Biberach, Landkreis",75.60142296679287
429,8435,2026,0.2924711584727755,28065.864197530864,13164542.691358024,235.44135802469134,"      Bodenseekreis, Landkreis",75.60300669776154
430,8436,2026,0.29406570356393286,27980.29513888889,13214323.217361111,255.20833333333334,"      Ravensburg, Landkreis",71.90698814540703
431,8437,2026,0.2742480642872641,27933.05341880342,13235848.806623932,236.26923076923075,"      Sigmaringen, Landkreis",75.62237244275903
432,8115,2026,0.2973600045448979,28093.027777777777,13016549.501736112,240.29340277777777,"      Böblingen, Landkreis",75.81072366288866
433,8116,2026,0.3054682487179197,28112.394444444442,12958324.905555556,239.1611111111111,"      Esslingen, Landkreis",76.38354716556539
434,8117,2026,0.3011776873784685,28051.20138888889,13000542.579861112,262.7517361111111,"      Göppingen, Landkreis",79.86915174664041
435,8118,2026,0.2820058208335832,28182.25173611111,12932127.925347222,234.04861111111111,"      Ludwigsburg, Landkreis",75.62237244275903
436,8119,2026,0.3132097388919209,28108.2297979798,12902121.252525253,241.63888888888889,"      Rems-Murr-Kreis, Landkreis",75.76035345326422
437,8125,2026,0.2933080683018189,28163.069444444445,12917868.920751635,220.58496732026143,"      Heilbronn, Landkreis",75.42140348732529
438,8126,2026,0.28615099879131906,28100.203703703704,12932565.675925925,211.00154320987656,"      Hohenlohekreis, Landkreis",75.44076923232278
439,8127,2026,0.28285862672520706,28054.59477124183,12960497.388071897,235.0228758169935,"      Schwäbisch Hall, Landkreis",75.62237244275903
440,8128,2026,0.29434293046581167,28099.00704225352,13092720.811619718,199.89964788732394,"      Main-Tauber-Kreis, Landkreis",75.42140348732529
441,8135,2026,0.2628341223497715,27986.210317460318,13042435.069444444,237.58531746031747,"      Heidenheim, Landkreis",75.86299852421756
442,8136,2026,0.293479361301639,28029.528508771928,12940924.048245614,240.58187134502927,"      Ostalbkreis, Landkreis",75.60300669776154
443,8215,2026,0.3103035294033641,28238.492063492064,12930629.490079366,218.87996031746033,"      Karlsruhe, Landkreis",76.14419229626796
444,8225,2026,0.29695730309568963,28102.944668008047,13047920.785714285,234.99698189134807,"      Neckar-Odenwald-Kreis, Landkreis",75.81072366288866
445,8226,2026,0.2832001659197816,28188.473958333332,12772557.050347222,224.99652777777777,"      Rhein-Neckar-Kreis, Landkreis",75.44076923232278
446,8235,2026,0.3365702440436208,28039.477272727276,13035134.09090909,277.3358585858586,"      Calw, Landkreis",82.7314359787208
447,8236,2026,0.3331148989277891,28169.747685185182,13028595.074074075,247.61111111111111,"      Enzkreis, Landkreis",76.66223073084639
448,8237,2026,0.30601029494139403,27999.652777777777,12994948.944444444,316.20987654320993,"      Freudenstadt, Landkreis",80.94360856575655
449,8315,2026,0.2740941860576456,28031.813368055555,13069816.157986112,294.7986111111111,"      Breisgau-Hochschwarzwald, Landkreis",77.05187296193273
450,8316,2026,0.3129954085926955,28164.412698412696,13357831.912698414,319.4973544973545,"      Emmendingen, Landkreis",80.80114217837706
451,8317,2026,0.3170117710523946,28153.39311594203,12958177.890700482,278.34842995169083,"      Ortenaukreis, Landkreis",81.97841348111584
452,8325,2026,0.3005030314160748,27996.814814814818,13125426.141975308,284.5679012345679,"      Rottweil, Landkreis",81.71110690673001
453,8326,2026,0.2739051862249606,27923.57702020202,13241496.424242424,312.29797979797985,"      Schwarzwald-Baar-Kreis, Landkreis",77.73135370434497
454,8327,2026,0.2781038221408436,27929.662037037036,13255189.524691358,237.05401234567904,"      Tuttlingen, Landkreis",75.62237244275903
455,8335,2026,0.2827501230125812,28038.281565656565,13267337.478535354,221.0770202020202,"      Konstanz, Landkreis",75.44076923232278
456,8337,2026,0.27424532752046377,28001.981150793654,13120159.645833334,303.4494047619048,"      Waldshut, Landkreis",77.08832663369596
457,8415,2026,0.2810868947046731,27970.619444444445,13100445.728703704,249.6314814814815,"      Reutlingen, Landkreis",75.14164511783734
458,8416,2026,0.3148392827454201,28088.26388888889,13041811.133680556,243.29861111111111,"      Tübingen, Landkreis",75.5209265071378
459,8417,2026,0.2918487186966662,27976.005555555555,13095096.351388888,245.6638888888889,"      Zollernalbkreis, Landkreis",75.12227937283986
460,8425,2026,0.26064063536800913,27985.61651234568,13140003.183641976,243.2307098765432,"      Alb-Donau-Kreis, Landkreis",75.38227119929587
461,8426,2026,0.26913155648290743,27977.72762345679,13286465.972993828,230.44598765432096,"      Biberach, Landkreis",75.60142296679287
462,8435,2026,0.2924711584727755,28065.864197530864,13164542.691358024,235.44135802469134,"      Bodenseekreis, Landkreis",75.60300669776154
463,8436,2026,0.29406570356393286,27980.29513888889,13214323.217361111,255.20833333333334,"      Ravensburg, Landkreis",71.90698814540703
464,8437,2026,0.2742480642872641,27933.05341880342,13235848.806623932,236.26923076923075,"      Sigmaringen, Landkreis",75.62237244275903
465,8115,2026,0.2973600045448979,28093.027777777777,13016549.501736112,240.29340277777777,"      Böblingen, Landkreis",75.81072366288866
466,8116,2026,0.3054682487179197,28112.394444444442,12958324.905555556,239.1611111111111,"      Esslingen, Landkreis",76.38354716556539
467,8117,2026,0.3011776873784685,28051.20138888889,13000542.579861112,262.7517361111111,"      Göppingen, Landkreis",79.86915174664041
468,8118,2026,0.2820058208335832,28182.25173611111,12932127.925347222,234.04861111111111,"      Ludwigsburg, Landkreis",75.62237244275903
469,8119,2026,0.3132097388919209,28108.2297979798,12902121.252525253,241.63888888888889,"      Rems-Murr-Kreis, Landkreis",75.76035345326422
470,8125,2026,0.2933080683018189,28163.069444444445,12917868.920751635,220.58496732026143,"      Heilbronn, Landkreis",75.42140348732529
471,8126,2026,0.28615099879131906,28100.203703703704,12932565.675925925,211.00154320987656,"      Hohenlohekreis, Landkreis",75.44076923232278
472,8127,2026,0.28285862672520706,28054.59477124183,12960497.388071897,235.0228758169935,"      Schwäbisch Hall, Landkreis",75.62237244275903
473,8128,2026,0.29434293046581167,28099.00704225352,13092720.811619718,199.89964788732394,"      Main-Tauber-Kreis, Landkreis",75.42140348732529
474,8135,2026,0.2628341223497715,27986.210317460318,13042435.069444444,237.58531746031747,"      Heidenheim, Landkreis",75.86299852421756
475,8136,2026,0.293479361301639,28029.528508771928,12940924.048245614,240.58187134502927,"      Ostalbkreis, Landkreis",75.60300669776154
476,8215,2026,0.3103035294033641,28238.492063492064,12930629.490079366,218.87996031746033,"      Karlsruhe, Landkreis",76.14419229626796
477,8225,2026,0.29695730309568963,28102.944668008047,13047920.785714285,234.99698189134807,"      Neckar-Odenwald-Kreis, Landkreis",75.81072366288866
478,8226,2026,0.2832001659197816,28188.473958333332,12772557.050347222,224.99652777777777,"      Rhein-Neckar-Kreis, Landkreis",75.44076923232278
479,8235,2026,0.3365702440436208,28039.477272727276,13035134.09090909,277.3358585858586,"      Calw, Landkreis",82.7314359787208
480,8236,2026,0.3331148989277891,28169.747685185182,13028595.074074075,247.61111111111111,"      Enzkreis, Landkreis",76.66223073084639
481,8237,2026,0.30601029494139403,27999.652777777777,12994948.944444444,316.20987654320993,"      Freudenstadt, Landkreis",80.94360856575655
482,8315,2026,0.2740941860576456,28031.813368055555,13069816.157986112,294.7986111111111,"      Breisgau-Hochschwarzwald, Landkreis",77.05187296193273
483,8316,2026,0.3129954085926955,28164.412698412696,13357831.912698414,319.4973544973545,"      Emmendingen, Landkreis",80.80114217837706
484,8317,2026,0.3170117710523946,28153.39311594203,12958177.890700482,278.34842995169083,"      Ortenaukreis, Landkreis",81.97841348111584
485,8325,2026,0.3005030314160748,27996.814814814818,13125426.141975308,284.5679012345679,"      Rottweil, Landkreis",81.71110690673001
486,8326,2026,0.2739051862249606,27923.57702020202,13241496.424242424,312.29797979797985,"      Schwarzwald-Baar-Kreis, Landkreis",77.73135370434497
487,8327,2026,0.2781038221408436,27929.662037037036,13255189.524691358,237.05401234567904,"      Tuttlingen, Landkreis",75.62237244275903
488,8335,2026,0.2827501230125812,28038.281565656565,13267337.478535354,221.0770202020202,"      Konstanz, Landkreis",75.44076923232278
489,8337,2026,0.27424532752046377,28001.981150793654,13120159.645833334,303.4494047619048,"      Waldshut, Landkreis",77.08832663369596
490,8415,2026,0.2810868947046731,27970.619444444445,13100445.728703704,249.6314814814815,"      Reutlingen, Landkreis",75.14164511783734
491,8416,2026,0.3148392827454201,28088.26388888889,13041811.133680556,243.29861111111111,"      Tübingen, Landkreis",75.5209265071378
492,8417,2026,0.2918487186966662,27976.005555555555,13095096.351388888,245.6638888888889,"      Zollernalbkreis, Landkreis",75.12227937283986
493,8425,2026,0.26064063536800913,27985.61651234568,13140003.183641976,243.2307098765432,"      Alb-Donau-Kreis, Landkreis",75.38227119929587
494,8426,2026,0.26913155648290743,27977.72762345679,13286465.972993828,230.44598765432096,"      Biberach, Landkreis",75.60142296679287
495,8435,2026,0.2924711584727755,28065.864197530864,13164542.691358024,235.44135802469134,"      Bodenseekreis, Landkreis",75.60300669776154
496,8436,2026,0.29406570356393286,27980.29513888889,13214323.217361111,255.20833333333334,"      Ravensburg, Landkreis",71.90698814540703
497,8437,2026,0.2742480642872641,27933.05341880342,13235848.806623932,236.26923076923075,"      Sigmaringen, Landkreis",75.62237244275903
498,8115,2026,0.2973600045448979,28093.027777777777,13016549.501736112,240.29340277777777,"      Böblingen, Landkreis",75.81072366288866
499,8116,2026,0.3054682487179197,28112.394444444442,12958324.905555556,239.1611111111111,"      Esslingen, Landkreis",76.38354716556539
500,8117,2026,0.3011776873784685,28051.20138888889,13000542.579861112,262.7517361111111,"      Göppingen, Landkreis",79.86915174664041
501,8118,2026,0.2820058208335832,28182.25173611111,12932127.925347222,234.04861111111111,"      Ludwigsburg, Landkreis",75.62237244275903
502,8119,2026,0.3132097388919209,28108.2297979798,12902121.252525253,241.63888888888889,"      Rems-Murr-Kreis, Landkreis",75.76035345326422
503,8125,2026,0.2933080683018189,28163.069444444445,12917868.920751635,220.58496732026143,"      Heilbronn, Landkreis",75.42140348732529
504,8126,2026,0.28615099879131906,28100.203703703704,12932565.675925925,211.00154320987656,"      Hohenlohekreis, Landkreis",75.44076923232278
505,8127,2026,0.28285862672520706,28054.59477124183,12960497.388071897,235.0228758169935,"      Schwäbisch Hall, Landkreis",75.62237244275903
506,8128,2026,0.29434293046581167,28099.00704225352,13092720.811619718,199.89964788732394,"      Main-Tauber-Kreis, Landkreis",75.42140348732529
507,8135,2026,0.2628341223497715,27986.210317460318,13042435.069444444,237.58531746031747,"      Heidenheim, Landkreis",75.86299852421756
508,8136,2026,0.293479361301639,28029.528508771928,12940924.048245614,240.58187134502927,"      Ostalbkreis, Landkreis",75.60300669776154
509,8215,2026,0.3103035294033641,28238.492063492064,12930629.490079366,218.87996031746033,"      Karlsruhe, Landkreis",76.14419229626796
510,8216,2026,0.3211274015006356,28156.015432098764,12999451.763888888,271.0895061728395,"      Rastatt, Landkreis",81.73795767569766
511,8225,2026,0.29695730309568963,28102.944668008047,13047920.785714285,234.99698189134807,"      Neckar-Odenwald-Kreis, Landkreis",75.81072366288866
512,8226,2026,0.2832001659197816,28188.473958333332,12772557.050347222,224.99652777777777,"      Rhein-Neckar-Kreis, Landkreis",75.44076923232278
513,8235,2026,0.3365702440436208,28039.477272727276,13035134.09090909,277.3358585858586,"      Calw, Landkreis",82.7314359787208
514,8236,2026,0.3331148989277891,28169.747685185182,13028595.074074075,247.61111111111111,"      Enzkreis, Landkreis",76.66223073084639
515,8237,2026,0.30601029494139403,27999.652777777777,12994948.944444444,316.20987654320993,"      Freudenstadt, Landkreis",80.94360856575655
516,8315,2026,0.2740941860576456,28031.813368055555,13069816.157986112,294.7986111111111,"      Breisgau-Hochschwarzwald, Landkreis",77.05187296193273
517,8316,2026,0.3129954085926955,28164.412698412696,13357831.912698414,319.4973544973545,"      Emmendingen, Landkreis",80.80114217837706
518,8317,2026,0.3170117710523946,28153.39311594203,12958177.890700482,278.34842995169083,"      Ortenaukreis, Landkreis",81.97841348111584
519,8325,2026,0.3005030314160748,27996.814814814818,13125426.141975308,284.5679012345679,"      Rottweil, Landkreis",81.71110690673001
520,8326,2026,0.2739051862249606,27923.57702020202,13241496.424242424,312.29797979797985,"      Schwarzwald-Baar-Kreis, Landkreis",77.73135370434497
521,8327,2026,0.2781038221408436,27929.662037037036,13255189.524691358,237.05401234567904,"      Tuttlingen, Landkreis",75.62237244275903
522,8335,2026,0.2827501230125812,28038.281565656565,13267337.478535354,221.0770202020202,"      Konstanz, Landkreis",75.44076923232278
523,8336,2026,0.30343983806475094,28111.291005291005,13222600.48941799,316.81746031746036,"      Lörrach, Landkreis",80.94360856575655
524,8337,2026,0.27424532752046377,28001.981150793654,13120159.645833334,303.4494047619048,"      Waldshut, Landkreis",77.08832663369596
525,8415,2026,0.2810868947046731,27970.619444444445,13100445.728703704,249.6314814814815,"      Reutlingen, Landkreis",75.14164511783734
526,8416,2026,0.3148392827454201,28088.26388888889,13041811.133680556,243.29861111111111,"      Tübingen, Landkreis",75.5209265071378
527,8417,2026,0.2918487186966662,27976.005555555555,13095096.351388888,245.6638888888889,"      Zollernalbkreis, Landkreis",75.12227937283986
528,8425,2026,0.26064063536800913,27985.61651234568,13140003.183641976,243.2307098765432,"      Alb-Donau-Kreis, Landkreis",75.38227119929587
529,8426,2026,0.26913155648290743,27977.72762345679,13286465.972993828,230.44598765432096,"      Biberach, Landkreis",75.60142296679287
530,8435,2026,0.2924711584727755,28065.864197530864,13164542.691358024,235.44135802469134,"      Bodenseekreis, Landkreis",75.60300669776154
531,8436,2026,0.29406570356393286,27980.29513888889,13214323.217361111,255.20833333333334,"      Ravensburg, Landkreis",71.90698814540703
532,8437,2026,0.2742480642872641,27933.05341880342,13235848.806623932,236.26923076923075,"      Sigmaringen, Landkreis",75.62237244275903
533,8115,2026,0.2973600045448979,28093.027777777777,13016549.501736112,240.29340277777777,"      Böblingen, Landkreis",75.81072366288866
534,8116,2026,0.3054682487179197,28112.394444444442,12958324.905555556,239.1611111111111,"      Esslingen, Landkreis",76.38354716556539
535,8117,2026,0.3011776873784685,28051.20138888889,13000542.579861112,262.7517361111111,"      Göppingen, Landkreis",79.86915174664041
536,8118,2026,0.2820058208335832,28182.25173611111,12932127.925347222,234.04861111111111,"      Ludwigsburg, Landkreis",75.62237244275903
537,8119,2026,0.3132097388919209,28108.2297979798,12902121.252525253,241.63888888888889,"      Rems-Murr-Kreis, Landkreis",75.76035345326422
538,8125,2026,0.2933080683018189,28163.069444444445,12917868.920751635,220.58496732026143,"      Heilbronn, Landkreis",75.42140348732529
539,8126,2026,0.28615099879131906,28100.203703703704,12932565.675925925,211.00154320987656,"      Hohenlohekreis, Landkreis",75.44076923232278
540,8127,2026,0.28285862672520706,28054.59477124183,12960497.388071897,235.0228758169935,"      Schwäbisch Hall, Landkreis",75.62237244275903
541,8128,2026,0.29434293046581167,28099.00704225352,13092720.811619718,199.89964788732394,"      Main-Tauber-Kreis, Landkreis",75.42140348732529
542,8135,2026,0.2628341223497715,27986.210317460318,13042435.069444444,237.58531746031747,"      Heidenheim, Landkreis",75.86299852421756
543,8136,2026,0.293479361301639,28029.528508771928,12940924.048245614,240.58187134502927,"      Ostalbkreis, Landkreis",75.60300669776154
544,8215,2026,0.3103035294033641,28238.492063492064,12930629.490079366,218.87996031746033,"      Karlsruhe, Landkreis",76.14419229626796
545,8216,2026,0.3211274015006356,28156.015432098764,12999451.763888888,271.0895061728395,"      Rastatt, Landkreis",81.73795767569766
546,8225,2026,0.29695730309568963,28102.944668008047,13047920.785714285,234.99698189134807,"      Neckar-Odenwald-Kreis, Landkreis",75.81072366288866
547,8226,2026,0.2832001659197816,28188.473958333332,12772557.050347222,224.99652777777777,"      Rhein-Neckar-Kreis, Landkreis",75.44076923232278
548,8235,2026,0.3365702440436208,28039.477272727276,13035134.09090909,277.3358585858586,"      Calw, Landkreis",82.7314359787208
549,8236,2026,0.3331148989277891,28169.747685185182,13028595.074074075,247.61111111111111,"      Enzkreis, Landkreis",76.66223073084639
550,8237,2026,0.30601029494139403,27999.652777777777,12994948.944444444,316.20987654320993,"      Freudenstadt, Landkreis",80.94360856575655
551,8315,2026,0.2740941860576456,28031.813368055555,13069816.157986112,294.7986111111111,"      Breisgau-Hochschwarzwald, Landkreis",77.05187296193273
552,8316,2026,0.3129954085926955,28164.412698412696,13357831.912698414,319.4973544973545,"      Emmendingen, Landkreis",80.80114217837706
553,8317,2026,0.3170117710523946,28153.39311594203,12958177.890700482,278.34842995169083,"      Ortenaukreis, Landkreis",81.97841348111584
554,8325,2026,0.3005030314160748,27996.814814814818,13125426.141975308,284.5679012345679,"      Rottweil, Landkreis",81.71110690673001
555,8326,2026,0.2739051862249606,27923.57702020202,13241496.424242424,312.29797979797985,"      Schwarzwald-Baar-Kreis, Landkreis",77.73135370434497
556,8327,2026,0.2781038221408436,27929.662037037036,13255189.524691358,237.05401234567904,"      Tuttlingen, Landkreis",75.62237244275903
557,8335,2026,0.2827501230125812,28038.281565656565,13267337.478535354,221.0770202020202,"      Konstanz, Landkreis",75.44076923232278
558,8336,2026,0.30343983806475094,28111.291005291005,13222600.48941799,316.81746031746036,"      Lörrach, Landkreis",80.94360856575655
559,8337,2026,0.27424532752046377,28001.981150793654,13120159.645833334,303.4494047619048,"      Waldshut, Landkreis",77.08832663369596
560,8415,2026,0.2810868947046731,27970.619444444445,13100445.728703704,249.6314814814815,"      Reutlingen, Landkreis",75.14164511783734
561,8416,2026,0.3148392827454201,28088.26388888889,13041811.133680556,243.29861111111111,"      Tübingen, Landkreis",75.5209265071378
562,8417,2026,0.2918487186966662,27976.005555555555,13095096.351388888,245.6638888888889,"      Zollernalbkreis, Landkreis",75.12227937283986
563,8425,2026,0.26064063536800913,27985.61651234568,13140003.183641976,243.2307098765432,"      Alb-Donau-Kreis, Landkreis",75.38227119929587
564,8426,2026,0.26913155648290743,27977.72762345679,13286465.972993828,230.44598765432096,"      Biberach, Landkreis",75.60142296679287
565,8435,2026,0.2924711584727755,28065.864197530864,13164542.691358024,235.44135802469134,"      Bodenseekreis, Landkreis",75.60300669776154
566,8436,2026,0.29406570356393286,27980.29513888889,13214323.217361111,255.20833333333334,"      Ravensburg, Landkreis",71.90698814540703
567,8437,2026,0.2742480642872641,27933.05341880342,13235848.806623932,236.26923076923075,"      Sigmaringen, Landkreis",75.62237244275903
568,8111,2026,0.2446908429278833,28134.796296296296,12922428.138888888,233.77777777777777,"      Stuttgart, Stadtkreis",75.86299852421756
569,8115,2026,0.2973600045448979,28093.027777777777,13016549.501736112,240.29340277777777,"      Böblingen, Landkreis",75.81072366288866
570,8116,2026,0.3054682487179197,28112.394444444442,12958324.905555556,239.1611111111111,"      Esslingen, Landkreis",76.38354716556539
571,8117,2026,0.3011776873784685,28051.20138888889,13000542.579861112,262.7517361111111,"      Göppingen, Landkreis",79.86915174664041
572,8118,2026,0.2820058208335832,28182.25173611111,12932127.925347222,234.04861111111111,"      Ludwigsburg, Landkreis",75.62237244275903
573,8119,2026,0.3132097388919209,28108.2297979798,12902121.252525253,241.63888888888889,"      Rems-Murr-Kreis, Landkreis",75.76035345326422
574,8125,2026,0.2933080683018189,28163.069444444445,12917868.920751635,220.58496732026143,"      Heilbronn, Landkreis",75.42140348732529
575,8126,2026,0.28615099879131906,28100.203703703704,12932565.675925925,211.00154320987656,"      Hohenlohekreis, Landkreis",75.44076923232278
576,8127,2026,0.28285862672520706,28054.59477124183,12960497.388071897,235.0228758169935,"      Schwäbisch Hall, Landkreis",75.62237244275903
577,8128,2026,0.29434293046581167,28099.00704225352,13092720.811619718,199.89964788732394,"      Main-Tauber-Kreis, Landkreis",75.42140348732529
578,8135,2026,0.2628341223497715,27986.210317460318,13042435.069444444,237.58531746031747,"      Heidenheim, Landkreis",75.86299852421756
579,8136,2026,0.293479361301639,28029.528508771928,12940924.048245614,240.58187134502927,"      Ostalbkreis, Landkreis",75.60300669776154
580,8215,2026,0.3103035294033641,28238.492063492064,12930629.490079366,218.87996031746033,"      Karlsruhe, Landkreis",76.14419229626796
581,8216,2026,0.3211274015006356,28156.015432098764,12999451.763888888,271.0895061728395,"      Rastatt, Landkreis",81.73795767569766
582,8225,2026,0.29695730309568963,28102.944668008047,13047920.785714285,234.99698189134807,"      Neckar-Odenwald-Kreis, Landkreis",75.81072366288866
583,8226,2026,0.2832001659197816,28188.473958333332,12772557.050347222,224.99652777777777,"      Rhein-Neckar-Kreis, Landkreis",75.44076923232278
584,8235,2026,0.3365702440436208,28039.477272727276,13035134.09090909,277.3358585858586,"      Calw, Landkreis",82.7314359787208
585,8236,2026,0.3331148989277891,28169.747685185182,13028595.074074075,247.61111111111111,"      Enzkreis, Landkreis",76.66223073084639
586,8237,2026,0.30601029494139403,27999.652777777777,12994948.944444444,316.20987654320993,"      Freudenstadt, Landkreis",80.94360856575655
587,8315,2026,0.2740941860576456,28031.813368055555,13069816.157986112,294.7986111111111,"      Breisgau-Hochschwarzwald, Landkreis",77.05187296193273
588,8316,2026,0.3129954085926955,28164.412698412696,13357831.912698414,319.4973544973545,"      Emmendingen, Landkreis",80.80114217837706
589,8317,2026,0.3170117710523946,28153.39311594203,12958177.890700482,278.34842995169083,"      Ortenaukreis, Landkreis",81.97841348111584
590,8325,2026,0.3005030314160748,27996.814814814818,13125426.141975308,284.5679012345679,"      Rottweil, Landkreis",81.71110690673001
591,8326,2026,0.2739051862249606,27923.57702020202,13241496.424242424,312.29797979797985,"      Schwarzwald-Baar-Kreis, Landkreis",77.73135370434497
592,8327,2026,0.2781038221408436,27929.662037037036,13255189.524691358,237.05401234567904,"      Tuttlingen, Landkreis",75.62237244275903
593,8335,2026,0.2827501230125812,28038.281565656565,13267337.478535354,221.0770202020202,"      Konstanz, Landkreis",75.44076923232278
594,8336,2026,0.30343983806475094,28111.291005291005,13222600.48941799,316.81746031746036,"      Lörrach, Landkreis",80.94360856575655
595,8337,2026,0.27424532752046377,28001.981150793654,13120159.645833334,303.4494047619048,"      Waldshut, Landkreis",77.08832663369596
596,8415,2026,0.2810868947046731,27970.619444444445,13100445.728703704,249.6314814814815,"      Reutlingen, Landkreis",75.14164511783734
597,8416,2026,0.3148392827454201,28088.26388888889,13041811.133680556,243.29861111111111,"      Tübingen, Landkreis",75.5209265071378
598,8417,2026,0.2918487186966662,27976.005555555555,13095096.351388888,245.6638888888889,"      Zollernalbkreis, Landkreis",75.12227937283986
599,8425,2026,0.26064063536800913,27985.61651234568,13140003.183641976,243.2307098765432,"      Alb-Donau-Kreis, Landkreis",75.38227119929587
600,8426,2026,0.26913155648290743,27977.72762345679,13286465.972993828,230.44598765432096,"      Biberach, Landkreis",75.60142296679287
601,8435,2026,0.2924711584727755,28065.864197530864,13164542.691358024,235.44135802469134,"      Bodenseekreis, Landkreis",75.60300669776154
602,8436,2026,0.29406570356393286,27980.29513888889,13214323.217361111,255.20833333333334,"      Ravensburg, Landkreis",71.90698814540703
603,8437,2026,0.2742480642872641,27933.05341880342,13235848.806623932,236.26923076923075,"      Sigmaringen, Landkreis",75.62237244275903
604,8111,2026,0.2446908429278833,28134.796296296296,12922428.138888888,233.77777777777777,"      Stuttgart, Stadtkreis",75.86299852421756
605,8115,2026,0.2973600045448979,28093.027777777777,13016549.501736112,240.29340277777777,"      Böblingen, Landkreis",75.81072366288866
606,8116,2026,0.3054682487179197,28112.394444444442,12958324.905555556,239.1611111111111,"      Esslingen, Landkreis",76.38354716556539
607,8117,2026,0.3011776873784685,28051.20138888889,13000542.579861112,262.7517361111111,"      Göppingen, Landkreis",79.86915174664041
608,8118,2026,0.2820058208335832,28182.25173611111,12932127.925347222,234.04861111111111,"      Ludwigsburg, Landkreis",75.62237244275903
609,8119,2026,0.3132097388919209,28108.2297979798,12902121.252525253,241.63888888888889,"      Rems-Murr-Kreis, Landkreis",75.76035345326422
610,8125,2026,0.2933080683018189,28163.069444444445,12917868.920751635,220.58496732026143,"      Heilbronn, Landkreis",75.42140348732529
611,8126,2026,0.28615099879131906,28100.203703703704,12932565.675925925,211.00154320987656,"      Hohenlohekreis, Landkreis",75.44076923232278
612,8127,2026,0.28285862672520706,28054.59477124183,12960497.388071897,235.0228758169935,"      Schwäbisch Hall, Landkreis",75.62237244275903
613,8128,2026,0.29434293046581167,28099.00704225352,13092720.811619718,199.89964788732394,"      Main-Tauber-Kreis, Landkreis",75.42140348732529
614,8135,2026,0.2628341223497715,27986.210317460318,13042435.069444444,237.58531746031747,"      Heidenheim, Landkreis",75.86299852421756
615,8136,2026,0.293479361301639,28029.528508771928,12940924.048245614,240.58187134502927,"      Ostalbkreis, Landkreis",75.60300669776154
616,8215,2026,0.3103035294033641,28238.492063492064,12930629.490079366,218.87996031746033,"      Karlsruhe, Landkreis",76.14419229626796
617,8216,2026,0.3211274015006356,28156.015432098764,12999451.763888888,271.0895061728395,"      Rastatt, Landkreis",81.73795767569766
618,8225,2026,0.29695730309568963,28102.944668008047,13047920.785714285,234.99698189134807,"      Neckar-Odenwald-Kreis, Landkreis",75.81072366288866
619,8226,2026,0.2832001659197816,28188.473958333332,12772557.050347222,224.99652777777777,"      Rhein-Neckar-Kreis, Landkreis",75.44076923232278
620,8235,2026,0.3365702440436208,28039.477272727276,13035134.09090909,277.3358585858586,"      Calw, Landkreis",82.7314359787208
621,8236,2026,0.3331148989277891,28169.747685185182,13028595.074074075,247.61111111111111,"      Enzkreis, Landkreis",76.66223073084639
622,8237,2026,0.30601029494139403,27999.652777777777,12994948.944444444,316.20987654320993,"      Freudenstadt, Landkreis",80.94360856575655
623,8315,2026,0.2740941860576456,28031.813368055555,13069816.157986112,294.7986111111111,"      Breisgau-Hochschwarzwald, Landkreis",77.05187296193273
624,8316,2026,0.3129954085926955,28164.412698412696,13357831.912698414,319.4973544973545,"      Emmendingen, Landkreis",80.80114217837706
625,8317,2026,0.3170117710523946,28153.39311594203,12958177.890700482,278.34842995169083,"      Ortenaukreis, Landkreis",81.97841348111584
626,8325,2026,0.3005030314160748,27996.814814814818,13125426.141975308,284.5679012345679,"      Rottweil, Landkreis",81.71110690673001
627,8326,2026,0.2739051862249606,27923.57702020202,13241496.424242424,312.29797979797985,"      Schwarzwald-Baar-Kreis, Landkreis",77.73135370434497
628,8327,2026,0.2781038221408436,27929.662037037036,13255189.524691358,237.05401234567904,"      Tuttlingen, Landkreis",75.62237244275903
629,8335,2026,0.2827501230125812,28038.281565656565,13267337.478535354,221.0770202020202,"      Konstanz, Landkreis",75.44076923232278
630,8336,2026,0.30343983806475094,28111.291005291005,13222600.48941799,316.81746031746036,"      Lörrach, Landkreis",80.94360856575655
631,8337,2026,0.27424532752046377,28001.981150793654,13120159.645833334,303.4494047619048,"      Waldshut, Landkreis",77.08832663369596
632,8415,2026,0.2810868947046731,27970.619444444445,13100445.728703704,249.6314814814815,"      Reutlingen, Landkreis",75.14164511783734
633,8416,2026,0.3148392827454201,28088.26388888889,13041811.133680556,243.29861111111111,"      Tübingen, Landkreis",75.5209265071378
634,8417,2026,0.2918487186966662,27976.005555555555,13095096.351388888,245.6638888888889,"      Zollernalbkreis, Landkreis",75.12227937283986
635,8425,2026,0.26064063536800913,27985.61651234568,13140003.183641976,243.2307098765432,"      Alb-Donau-Kreis, Landkreis",75.38227119929587
636,8426,2026,0.26913155648290743,27977.72762345679,13286465.972993828,230.44598765432096,"      Biberach, Landkreis",75.60142296679287
637,8435,2026,0.2924711584727755,28065.864197530864,13164542.691358024,235.44135802469134,"      Bodenseekreis, Landkreis",75.60300669776154
638,8436,2026,0.29406570356393286,27980.29513888889,13214323.217361111,255.20833333333334,"      Ravensburg, Landkreis",71.90698814540703
639,8437,2026,0.2742480642872641,27933.05341880342,13235848.806623932,236.26923076923075,"      Sigmaringen, Landkreis",75.62237244275903
640,8111,2026,0.2446908429278833,28134.796296296296,12922428.138888888,233.77777777777777,"      Stuttgart, Stadtkreis",75.86299852421756
641,8115,2026,0.2973600045448979,28093.027777777777,13016549.501736112,240.29340277777777,"      Böblingen, Landkreis",75.81072366288866
642,8116,2026,0.3054682487179197,28112.394444444442,12958324.905555556,239.1611111111111,"      Esslingen, Landkreis",76.38354716556539
643,8117,2026,0.3011776873784685,28051.20138888889,13000542.579861112,262.7517361111111,"      Göppingen, Landkreis",79.86915174664041
644,8118,2026,0.2820058208335832,28182.25173611111,12932127.925347222,234.04861111111111,"      Ludwigsburg, Landkreis",75.62237244275903
645,8119,2026,0.3132097388919209,28108.2297979798,12902121.252525253,241.63888888888889,"      Rems-Murr-Kreis, Landkreis",75.76035345326422
646,8125,2026,0.2933080683018189,28163.069444444445,12917868.920751635,220.58496732026143,"      Heilbronn, Landkreis",75.42140348732529
647,8126,2026,0.28615099879131906,28100.203703703704,12932565.675925925,211.00154320987656,"      Hohenlohekreis, Landkreis",75.44076923232278
648,8127,2026,0.28285862672520706,28054.59477124183,12960497.388071897,235.0228758169935,"      Schwäbisch Hall, Landkreis",75.62237244275903
649,8128,2026,0.29434293046581167,28099.00704225352,13092720.811619718,199.89964788732394,"      Main-Tauber-Kreis, Landkreis",75.42140348732529
650,8135,2026,0.2628341223497715,27986.210317460318,13042435.069444444,237.58531746031747,"      Heidenheim, Landkreis",75.86299852421756
651,8136,2026,0.293479361301639,28029.528508771928,12940924.048245614,240.58187134502927,"      Ostalbkreis, Landkreis",75.60300669776154
652,8215,2026,0.3103035294033641,28238.492063492064,12930629.490079366,218.87996031746033,"      Karlsruhe, Landkreis",76.14419229626796
653,8216,2026,0.3211274015006356,28156.015432098764,12999451.763888888,271.0895061728395,"      Rastatt, Landkreis",81.73795767569766
654,8225,2026,0.29695730309568963,28102.944668008047,13047920.785714285,234.99698189134807,"      Neckar-Odenwald-Kreis, Landkreis",75.81072366288866
655,8226,2026,0.2832001659197816,28188.473958333332,12772557.050347222,224.99652777777777,"      Rhein-Neckar-Kreis, Landkreis",75.44076923232278
656,8235,2026,0.3365702440436208,28039.477272727276,13035134.09090909,277.3358585858586,"      Calw, Landkreis",82.7314359787208
657,8236,2026,0.3331148989277891,28169.747685185182,13028595.074074075,247.61111111111111,"      Enzkreis, Landkreis",76.66223073084639
658,8237,2026,0.30601029494139403,27999.652777777777,12994948.944444444,316.20987654320993,"      Freudenstadt, Landkreis",80.94360856575655
659,8315,2026,0.2740941860576456,28031.813368055555,13069816.157986112,294.7986111111111,"      Breisgau-Hochschwarzwald, Landkreis",77.05187296193273
660,8316,2026,0.3129954085926955,28164.412698412696,13357831.912698414,319.4973544973545,"      Emmendingen, Landkreis",80.80114217837706
661,8317,2026,0.3170117710523946,28153.39311594203,12958177.890700482,278.34842995169083,"      Ortenaukreis, Landkreis",81.97841348111584
662,8325,2026,0.3005030314160748,27996.814814814818,13125426.141975308,284.5679012345679,"      Rottweil, Landkreis",81.71110690673001
663,8326,2026,0.2739051862249606,27923.57702020202,13241496.424242424,312.29797979797985,"      Schwarzwald-Baar-Kreis, Landkreis",77.73135370434497
664,8327,2026,0.2781038221408436,27929.662037037036,13255189.524691358,237.05401234567904,"      Tuttlingen, Landkreis",75.62237244275903
665,8335,2026,0.2827501230125812,28038.281565656565,13267337.478535354,221.0770202020202,"      Konstanz, Landkreis",75.44076923232278
666,8336,2026,0.30343983806475094,28111.291005291005,13222600.48941799,316.81746031746036,"      Lörrach, Landkreis",80.94360856575655
667,8337,2026,0.27424532752046377,28001.981150793654,13120159.645833334,303.4494047619048,"      Waldshut, Landkreis",77.08832663369596
668,8415,2026,0.2810868947046731,27970.619444444445,13100445.728703704,249.6314814814815,"      Reutlingen, Landkreis",75.14164511783734
669,8416,2026,0.3148392827454201,28088.26388888889,13041811.133680556,243.29861111111111,"      Tübingen, Landkreis",75.5209265071378
670,8417,2026,0.2918487186966662,27976.005555555555,13095096.351388888,245.6638888888889,"      Zollernalbkreis, Landkreis",75.12227937283986
671,8425,2026,0.26064063536800913,27985.61651234568,13140003.183641976,243.2307098765432,"      Alb-Donau-Kreis, Landkreis",75.38227119929587
672,8426,2026,0.26913155648290743,27977.72762345679,13286465.972993828,230.44598765432096,"      Biberach, Landkreis",75.60142296679287
673,8435,2026,0.2924711584727755,28065.864197530864,13164542.691358024,235.44135802469134,"      Bodenseekreis, Landkreis",75.60300669776154
674,8436,2026,0.29406570356393286,27980.29513888889,13214323.217361111,255.20833333333334,"      Ravensburg, Landkreis",71.90698814540703
675,8437,2026,0.2742480642872641,27933.05341880342,13235848.806623932,236.26923076923075,"      Sigmaringen, Landkreis",75.62237244275903
676,8111,2026,0.2446908429278833,28134.796296296296,12922428.138888888,233.77777777777777,"      Stuttgart, Stadtkreis",75.86299852421756
677,8115,2026,0.2973600045448979,28093.027777777777,13016549.501736112,240.29340277777777,"      Böblingen, Landkreis",75.81072366288866
678,8116,2026,0.3054682487179197,28112.394444444442,12958324.905555556,239.1611111111111,"      Esslingen, Landkreis",76.38354716556539
679,8117,2026,0.3011776873784685,28051.20138888889,13000542.579861112,262.7517361111111,"      Göppingen, Landkreis",79.86915174664041
680,8118,2026,0.2820058208335832,28182.25173611111,12932127.925347222,234.04861111111111,"      Ludwigsburg, Landkreis",75.62237244275903
681,8119,2026,0.3132097388919209,28108.2297979798,12902121.252525253,241.63888888888889,"      Rems-Murr-Kreis, Landkreis",75.76035345326422
682,8125,2026,0.2933080683018189,28163.069444444445,12917868.920751635,220.58496732026143,"      Heilbronn, Landkreis",75.42140348732529
683,8126,2026,0.28615099879131906,28100.203703703704,12932565.675925925,211.00154320987656,"      Hohenlohekreis, Landkreis",75.44076923232278
684,8127,2026,0.28285862672520706,28054.59477124183,12960497.388071897,235.0228758169935,"      Schwäbisch Hall, Landkreis",75.62237244275903
685,8128,2026,0.29434293046581167,28099.00704225352,13092720.811619718,199.89964788732394,"      Main-Tauber-Kreis, Landkreis",75.42140348732529
686,8135,2026,0.2628341223497715,27986.210317460318,13042435.069444444,237.58531746031747,"      Heidenheim, Landkreis",75.86299852421756
687,8136,2026,0.293479361301639,28029.528508771928,12940924.048245614,240.58187134502927,"      Ostalbkreis, Landkreis",75.60300669776154
688,8215,2026,0.3103035294033641,28238.492063492064,12930629.490079366,218.87996031746033,"      Karlsruhe, Landkreis",76.14419229626796
689,8216,2026,0.3211274015006356,28156.015432098764,12999451.763888888,271.0895061728395,"      Rastatt, Landkreis",81.73795767569766
690,8225,2026,0.29695730309568963,28102.944668008047,13047920.785714285,234.99698189134807,"      Neckar-Odenwald-Kreis, Landkreis",75.81072366288866
691,8226,2026,0.2832001659197816,28188.473958333332,12772557.050347222,224.99652777777777,"      Rhein-Neckar-Kreis, Landkreis",75.44076923232278
692,8235,2026,0.3365702440436208,28039.477272727276,13035134.09090909,277.3358585858586,"      Calw, Landkreis",82.7314359787208
693,8236,2026,0.3331148989277891,28169.747685185182,13028595.074074075,247.61111111111111,"      Enzkreis, Landkreis",76.66223073084639
694,8237,2026,0.30601029494139403,27999.652777777777,12994948.944444444,316.20987654320993,"      Freudenstadt, Landkreis",80.94360856575655
695,8315,2026,0.2740941860576456,28031.813368055555,13069816.157986112,294.7986111111111,"      Breisgau-Hochschwarzwald, Landkreis",77.05187296193273
696,8316,2026,0.3129954085926955,28164.412698412696,13357831.912698414,319.4973544973545,"      Emmendingen, Landkreis",80.80114217837706
697,8317,2026,0.3170117710523946,28153.39311594203,12958177.890700482,278.34842995169083,"      Ortenaukreis, Landkreis",81.97841348111584
698,8325,2026,0.3005030314160748,27996.814814814818,13125426.141975308,284.5679012345679,"      Rottweil, Landkreis",81.71110690673001
699,8326,2026,0.2739051862249606,27923.57702020202,13241496.424242424,312.29797979797985,"      Schwarzwald-Baar-Kreis, Landkreis",77.73135370434497
700,8327,2026,0.2781038221408436,27929.662037037036,13255189.524691358,237.05401234567904,"      Tuttlingen, Landkreis",75.62237244275903
701,8335,2026,0.2827501230125812,28038.281565656565,13267337.478535354,221.0770202020202,"      Konstanz, Landkreis",75.44076923232278
702,8336,2026,0.30343983806475094,28111.291005291005,13222600.48941799,316.81746031746036,"      Lörrach, Landkreis",80.94360856575655
703,8337,2026,0.27424532752046377,28001.981150793654,13120159.645833334,303.4494047619048,"      Waldshut, Landkreis",77.08832663369596
704,8415,2026,0.2810868947046731,27970.619444444445,13100445.728703704,249.6314814814815,"      Reutlingen, Landkreis",75.14164511783734
705,8416,2026,0.3148392827454201,28088.26388888889,13041811.133680556,243.29861111111111,"      Tübingen, Landkreis",75.5209265071378
706,8417,2026,0.2918487186966662,27976.005555555555,13095096.351388888,245.6638888888889,"      Zollernalbkreis, Landkreis",75.12227937283986
707,8425,2026,0.26064063536800913,27985.61651234568,13140003.183641976,243.2307098765432,"      Alb-Donau-Kreis, Landkreis",75.38227119929587
708,8426,2026,0.26913155648290743,27977.72762345679,13286465.972993828,230.44598765432096,"      Biberach, Landkreis",75.60142296679287
709,8435,2026,0.2924711584727755,28065.864197530864,13164542.691358024,235.44135802469134,"      Bodenseekreis, Landkreis",75.60300669776154
710,8436,2026,0.29406570356393286,27980.29513888889,13214323.217361111,255.20833333333334,"      Ravensburg, Landkreis",71.90698814540703
711,8437,2026,0.2742480642872641,27933.05341880342,13235848.806623932,236.26923076923075,"      Sigmaringen, Landkreis",75.62237244275903
712,8111,2026,0.2446908429278833,28134.796296296296,12922428.138888888,233.77777777777777,"      Stuttgart, Stadtkreis",75.86299852421756
713,8115,2026,0.2973600045448979,28093.027777777777,13016549.501736112,240.29340277777777,"      Böblingen, Landkreis",75.81072366288866
714,8116,2026,0.3054682487179197,28112.394444444442,12958324.905555556,239.1611111111111,"      Esslingen, Landkreis",76.38354716556539
715,8117,2026,0.3011776873784685,28051.20138888889,13000542.579861112,262.7517361111111,"      Göppingen, Landkreis",79.86915174664041
716,8118,2026,0.2820058208335832,28182.25173611111,12932127.925347222,234.04861111111111,"      Ludwigsburg, Landkreis",75.62237244275903
717,8119,2026,0.3132097388919209,28108.2297979798,12902121.252525253,241.63888888888889,"      Rems-Murr-Kreis, Landkreis",75.76035345326422
718,8125,2026,0.2933080683018189,28163.069444444445,12917868.920751635,220.58496732026143,"      Heilbronn, Landkreis",75.42140348732529
719,8126,2026,0.28615099879131906,28100.203703703704,12932565.675925925,211.00154320987656,"      Hohenlohekreis, Landkreis",75.44076923232278
720,8127,2026,0.28285862672520706,28054.59477124183,12960497.388071897,235.0228758169935,"      Schwäbisch Hall, Landkreis",75.62237244275903
721,8128,2026,0.29434293046581167,28099.00704225352,13092720.811619718,199.89964788732394,"      Main-Tauber-Kreis, Landkreis",75.42140348732529
722,8135,2026,0.2628341223497715,27986.210317460318,13042435.069444444,237.58531746031747,"      Heidenheim, Landkreis",75.86299852421756
723,8136,2026,0.293479361301639,28029.528508771928,12940924.048245614,240.58187134502927,"      Ostalbkreis, Landkreis",75.60300669776154
724,8215,2026,0.3103035294033641,28238.492063492064,12930629.490079366,218.87996031746033,"      Karlsruhe, Landkreis",76.14419229626796
725,8216,2026,0.3211274015006356,28156.015432098764,12999451.763888888,271.0895061728395,"      Rastatt, Landkreis",81.73795767569766
726,8225,2026,0.29695730309568963,28102.944668008047,13047920.785714285,234.99698189134807,"      Neckar-Odenwald-Kreis, Landkreis",75.81072366288866
727,8226,2026,0.2832001659197816,28188.473958333332,12772557.050347222,224.99652777777777,"      Rhein-Neckar-Kreis, Landkreis",75.44076923232278
728,8235,2026,0.3365702440436208,28039.477272727276,13035134.09090909,277.3358585858586,"      Calw, Landkreis",82.7314359787208
729,8236,2026,0.3331148989277891,28169.747685185182,13028595.074074075,247.61111111111111,"      Enzkreis, Landkreis",76.66223073084639
730,8237,2026,0.30601029494139403,27999.652777777777,12994948.944444444,316.20987654320993,"      Freudenstadt, Landkreis",80.94360856575655
731,8315,2026,0.2740941860576456,28031.813368055555,13069816.157986112,294.7986111111111,"      Breisgau-Hochschwarzwald, Landkreis",77.05187296193273
732,8316,2026,0.3129954085926955,28164.412698412696,13357831.912698414,319.4973544973545,"      Emmendingen, Landkreis",80.80114217837706
733,8317,2026,0.3170117710523946,28153.39311594203,12958177.890700482,278.34842995169083,"      Ortenaukreis, Landkreis",81.97841348111584
734,8325,2026,0.3005030314160748,27996.814814814818,13125426.141975308,284.5679012345679,"      Rottweil, Landkreis",81.71110690673001
735,8326,2026,0.2739051862249606,27923.57702020202,13241496.424242424,312.29797979797985,"      Schwarzwald-Baar-Kreis, Landkreis",77.73135370434497
736,8327,2026,0.2781038221408436,27929.662037037036,13255189.524691358,237.05401234567904,"      Tuttlingen, Landkreis",75.62237244275903
737,8335,2026,0.2827501230125812,28038.281565656565,13267337.478535354,221.0770202020202,"      Konstanz, Landkreis",75.44076923232278
738,8336,2026,0.30343983806475094,28111.291005291005,13222600.48941799,316.81746031746036,"      Lörrach, Landkreis",80.94360856575655
739,8337,2026,0.27424532752046377,28001.981150793654,13120159.645833334,303.4494047619048,"      Waldshut, Landkreis",77.08832663369596
740,8415,2026,0.2810868947046731,27970.619444444445,13100445.728703704,249.6314814814815,"      Reutlingen, Landkreis",75.14164511783734
741,8416,2026,0.3148392827454201,28088.26388888889,13041811.133680556,243.29861111111111,"      Tübingen, Landkreis",75.5209265071378
742,8417,2026,0.2918487186966662,27976.005555555555,13095096.351388888,245.6638888888889,"      Zollernalbkreis, Landkreis",75.12227937283986
743,8425,2026,0.26064063536800913,27985.61651234568,13140003.183641976,243.2307098765432,"      Alb-Donau-Kreis, Landkreis",75.38227119929587
744,8426,2026,0.26913155648290743,27977.72762345679,13286465.972993828,230.44598765432096,"      Biberach, Landkreis",75.60142296679287
745,8435,2026,0.2924711584727755,28065.864197530864,13164542.691358024,235.44135802469134,"      Bodenseekreis, Landkreis",75.60300669776154
746,8436,2026,0.29406570356393286,27980.29513888889,13214323.217361111,255.20833333333334,"      Ravensburg, Landkreis",71.90698814540703
747,8437,2026,0.2742480642872641,27933.05341880342,13235848.806623932,236.26923076923075,"      Sigmaringen, Landkreis",75.62237244275903
748,8111,2026,0.2446908429278833,28134.796296296296,12922428.138888888,233.77777777777777,"      Stuttgart, Stadtkreis",75.86299852421756
749,8115,2026,0.2973600045448979,28093.027777777777,13016549.501736112,240.29340277777777,"      Böblingen, Landkreis",75.81072366288866
750,8116,2026,0.3054682487179197,28112.394444444442,12958324.905555556,239.1611111111111,"      Esslingen, Landkreis",76.38354716556539
751,8117,2026,0.3011776873784685,28051.20138888889,13000542.579861112,262.7517361111111,"      Göppingen, Landkreis",79.86915174664041
752,8118,2026,0.2820058208335832,28182.25173611111,12932127.925347222,234.04861111111111,"      Ludwigsburg, Landkreis",75.62237244275903
753,8119,2026,0.3132097388919209,28108.2297979798,12902121.252525253,241.63888888888889,"      Rems-Murr-Kreis, Landkreis",75.76035345326422
754,8125,2026,0.2933080683018189,28163.069444444445,12917868.920751635,220.58496732026143,"      Heilbronn, Landkreis",75.42140348732529
755,8126,2026,0.28615099879131906,28100.203703703704,12932565.675925925,211.00154320987656,"      Hohenlohekreis, Landkreis",75.44076923232278
756,8127,2026,0.28285862672520706,28054.59477124183,12960497.388071897,235.0228758169935,"      Schwäbisch Hall, Landkreis",75.62237244275903
757,8128,2026,0.29434293046581167,28099.00704225352,13092720.811619718,199.89964788732394,"      Main-Tauber-Kreis, Landkreis",75.42140348732529
758,8135,2026,0.2628341223497715,27986.210317460318,13042435.069444444,237.58531746031747,"      Heidenheim, Landkreis",75.86299852421756
759,8136,2026,0.293479361301639,28029.528508771928,12940924.048245614,240.58187134502927,"      Ostalbkreis, Landkreis",75.60300669776154
760,8215,2026,0.3103035294033641,28238.492063492064,12930629.490079366,218.87996031746033,"      Karlsruhe, Landkreis",76.14419229626796
761,8216,2026,0.3211274015006356,28156.015432098764,12999451.763888888,271.0895061728395,"      Rastatt, Landkreis",81.73795767569766
762,8225,2026,0.29695730309568963,28102.944668008047,13047920.785714285,234.99698189134807,"      Neckar-Odenwald-Kreis, Landkreis",75.81072366288866
763,8226,2026,0.2832001659197816,28188.473958333332,12772557.050347222,224.99652777777777,"      Rhein-Neckar-Kreis, Landkreis",75.44076923232278
764,8235,2026,0.3365702440436208,28039.477272727276,13035134.09090909,277.3358585858586,"      Calw, Landkreis",82.7314359787208
765,8236,2026,0.3331148989277891,28169.747685185182,13028595.074074075,247.61111111111111,"      Enzkreis, Landkreis",76.66223073084639
766,8237,2026,0.30601029494139403,27999.652777777777,12994948.944444444,316.20987654320993,"      Freudenstadt, Landkreis",80.94360856575655
767,8315,2026,0.2740941860576456,28031.813368055555,13069816.157986112,294.7986111111111,"      Breisgau-Hochschwarzwald, Landkreis",77.05187296193273
768,8316,2026,0.3129954085926955,28164.412698412696,13357831.912698414,319.4973544973545,"      Emmendingen, Landkreis",80.80114217837706
769,8317,2026,0.3170117710523946,28153.39311594203,12958177.890700482,278.34842995169083,"      Ortenaukreis, Landkreis",81.97841348111584
770,8325,2026,0.3005030314160748,27996.814814814818,13125426.141975308,284.5679012345679,"      Rottweil, Landkreis",81.71110690673001
771,8326,2026,0.2739051862249606,27923.57702020202,13241496.424242424,312.29797979797985,"      Schwarzwald-Baar-Kreis, Landkreis",77.73135370434497
772,8327,2026,0.2781038221408436,27929.662037037036,13255189.524691358,237.05401234567904,"      Tuttlingen, Landkreis",75.62237244275903
773,8335,2026,0.2827501230125812,28038.281565656565,13267337.478535354,221.0770202020202,"      Konstanz, Landkreis",75.44076923232278
774,8336,2026,0.30343983806475094,28111.291005291005,13222600.48941799,316.81746031746036,"      Lörrach, Landkreis",80.94360856575655
775,8337,2026,0.27424532752046377,28001.981150793654,13120159.645833334,303.4494047619048,"      Waldshut, Landkreis",77.08832663369596
776,8415,2026,0.2810868947046731,27970.619444444445,13100445.728703704,249.6314814814815,"      Reutlingen, Landkreis",75.14164511783734
777,8416,2026,0.3148392827454201,28088.26388888889,13041811.133680556,243.29861111111111,"      Tübingen, Landkreis",75.5209265071378
778,8417,2026,0.2918487186966662,27976.005555555555,13095096.351388888,245.6638888888889,"      Zollernalbkreis, Landkreis",75.12227937283986
779,8421,2026,0.2392969507449786,28012.86111111111,13098457.166666666,223.91666666666666,"      Ulm, Stadtkreis",75.68139531378131
780,8425,2026,0.26064063536800913,27985.61651234568,13140003.183641976,243.2307098765432,"      Alb-Donau-Kreis, Landkreis",75.38227119929587
781,8426,2026,0.26913155648290743,27977.72762345679,13286465.972993828,230.44598765432096,"      Biberach, Landkreis",75.60142296679287
782,8435,2026,0.2924711584727755,28065.864197530864,13164542.691358024,235.44135802469134,"      Bodenseekreis, Landkreis",75.60300669776154
783,8436,2026,0.29406570356393286,27980.29513888889,13214323.217361111,255.20833333333334,"      Ravensburg, Landkreis",71.90698814540703
784,8437,2026,0.2742480642872641,27933.05341880342,13235848.806623932,236.26923076923075,"      Sigmaringen, Landkreis",75.62237244275903
785,8111,2026,0.2446908429278833,28134.796296296296,12922428.138888888,233.77777777777777,"      Stuttgart, Stadtkreis",75.86299852421756
786,8115,2026,0.2973600045448979,28093.027777777777,13016549.501736112,240.29340277777777,"      Böblingen, Landkreis",75.81072366288866
787,8116,2026,0.3054682487179197,28112.394444444442,12958324.905555556,239.1611111111111,"      Esslingen, Landkreis",76.38354716556539
788,8117,2026,0.3011776873784685,28051.20138888889,13000542.579861112,262.7517361111111,"      Göppingen, Landkreis",79.86915174664041
789,8118,2026,0.2820058208335832,28182.25173611111,12932127.925347222,234.04861111111111,"      Ludwigsburg, Landkreis",75.62237244275903
790,8119,2026,0.3132097388919209,28108.2297979798,12902121.252525253,241.63888888888889,"      Rems-Murr-Kreis, Landkreis",75.76035345326422
791,8125,2026,0.2933080683018189,28163.069444444445,12917868.920751635,220.58496732026143,"      Heilbronn, Landkreis",75.42140348732529
792,8126,2026,0.28615099879131906,28100.203703703704,12932565.675925925,211.00154320987656,"      Hohenlohekreis, Landkreis",75.44076923232278
793,8127,2026,0.28285862672520706,28054.59477124183,12960497.388071897,235.0228758169935,"      Schwäbisch Hall, Landkreis",75.62237244275903
794,8128,2026,0.29434293046581167,28099.00704225352,13092720.811619718,199.89964788732394,"      Main-Tauber-Kreis, Landkreis",75.42140348732529
795,8135,2026,0.2628341223497715,27986.210317460318,13042435.069444444,237.58531746031747,"      Heidenheim, Landkreis",75.86299852421756
796,8136,2026,0.293479361301639,28029.528508771928,12940924.048245614,240.58187134502927,"      Ostalbkreis, Landkreis",75.60300669776154
797,8215,2026,0.3103035294033641,28238.492063492064,12930629.490079366,218.87996031746033,"      Karlsruhe, Landkreis",76.14419229626796
798,8216,2026,0.3211274015006356,28156.015432098764,12999451.763888888,271.0895061728395,"      Rastatt, Landkreis",81.73795767569766
799,8225,2026,0.29695730309568963,28102.944668008047,13047920.785714285,234.99698189134807,"      Neckar-Odenwald-Kreis, Landkreis",75.81072366288866
800,8226,2026,0.2832001659197816,28188.473958333332,12772557.050347222,224.99652777777777,"      Rhein-Neckar-Kreis, Landkreis",75.44076923232278
801,8235,2026,0.3365702440436208,28039.477272727276,13035134.09090909,277.3358585858586,"      Calw, Landkreis",82.7314359787208
802,8236,2026,0.3331148989277891,28169.747685185182,13028595.074074075,247.61111111111111,"      Enzkreis, Landkreis",76.66223073084639
803,8237,2026,0.30601029494139403,27999.652777777777,12994948.944444444,316.20987654320993,"      Freudenstadt, Landkreis",80.94360856575655
804,8315,2026,0.2740941860576456,28031.813368055555,13069816.157986112,294.7986111111111,"      Breisgau-Hochschwarzwald, Landkreis",77.05187296193273
805,8316,2026,0.3129954085926955,28164.412698412696,13357831.912698414,319.4973544973545,"      Emmendingen, Landkreis",80.80114217837706
806,8317,2026,0.3170117710523946,28153.39311594203,12958177.890700482,278.34842995169083,"      Ortenaukreis, Landkreis",81.97841348111584
807,8325,2026,0.3005030314160748,27996.814814814818,13125426.141975308,284.5679012345679,"      Rottweil, Landkreis",81.71110690673001
808,8326,2026,0.2739051862249606,27923.57702020202,13241496.424242424,312.29797979797985,"      Schwarzwald-Baar-Kreis, Landkreis",77.73135370434497
809,8327,2026,0.2781038221408436,27929.662037037036,13255189.524691358,237.05401234567904,"      Tuttlingen, Landkreis",75.62237244275903
810,8335,2026,0.2827501230125812,28038.281565656565,13267337.478535354,221.0770202020202,"      Konstanz, Landkreis",75.44076923232278
811,8336,2026,0.30343983806475094,28111.291005291005,13222600.48941799,316.81746031746036,"      Lörrach, Landkreis",80.94360856575655
812,8337,2026,0.27424532752046377,28001.981150793654,13120159.645833334,303.4494047619048,"      Waldshut, Landkreis",77.08832663369596
813,8415,2026,0.2810868947046731,27970.619444444445,13100445.728703704,249.6314814814815,"      Reutlingen, Landkreis",75.14164511783734
814,8416,2026,0.3148392827454201,28088.26388888889,13041811.133680556,243.29861111111111,"      Tübingen, Landkreis",75.5209265071378
815,8417,2026,0.2918487186966662,27976.005555555555,13095096.351388888,245.6638888888889,"      Zollernalbkreis, Landkreis",75.12227937283986
816,8421,2026,0.2392969507449786,28012.86111111111,13098457.166666666,223.91666666666666,"      Ulm, Stadtkreis",75.68139531378131
817,8425,2026,0.26064063536800913,27985.61651234568,13140003.183641976,243.2307098765432,"      Alb-Donau-Kreis, Landkreis",75.38227119929587
818,8426,2026,0.26913155648290743,27977.72762345679,13286465.972993828,230.44598765432096,"      Biberach, Landkreis",75.60142296679287
819,8435,2026,0.2924711584727755,28065.864197530864,13164542.691358024,235.44135802469134,"      Bodenseekreis, Landkreis",75.60300669776154
820,8436,2026,0.29406570356393286,27980.29513888889,13214323.217361111,255.20833333333334,"      Ravensburg, Landkreis",71.90698814540703
821,8437,2026,0.2742480642872641,27933.05341880342,13235848.806623932,236.26923076923075,"      Sigmaringen, Landkreis",75.62237244275903
822,8111,2026,0.2446908429278833,28134.796296296296,12922428.138888888,233.77777777777777,"      Stuttgart, Stadtkreis",75.86299852421756
823,8115,2026,0.2973600045448979,28093.027777777777,13016549.501736112,240.29340277777777,"      Böblingen, Landkreis",75.81072366288866
824,8116,2026,0.3054682487179197,28112.394444444442,12958324.905555556,239.1611111111111,"      Esslingen, Landkreis",76.38354716556539
825,8117,2026,0.3011776873784685,28051.20138888889,13000542.579861112,262.7517361111111,"      Göppingen, Landkreis",79.86915174664041
826,8118,2026,0.2820058208335832,28182.25173611111,12932127.925347222,234.04861111111111,"      Ludwigsburg, Landkreis",75.62237244275903
827,8119,2026,0.3132097388919209,28108.2297979798,12902121.252525253,241.63888888888889,"      Rems-Murr-Kreis, Landkreis",75.76035345326422
828,8125,2026,0.2933080683018189,28163.069444444445,12917868.920751635,220.58496732026143,"      Heilbronn, Landkreis",75.42140348732529
829,8126,2026,0.28615099879131906,28100.203703703704,12932565.675925925,211.00154320987656,"      Hohenlohekreis, Landkreis",75.44076923232278
830,8127,2026,0.28285862672520706,28054.59477124183,12960497.388071897,235.0228758169935,"      Schwäbisch Hall, Landkreis",75.62237244275903
831,8128,2026,0.29434293046581167,28099.00704225352,13092720.811619718,199.89964788732394,"      Main-Tauber-Kreis, Landkreis",75.42140348732529
832,8135,2026,0.2628341223497715,27986.210317460318,13042435.069444444,237.58531746031747,"      Heidenheim, Landkreis",75.86299852421756
833,8136,2026,0.293479361301639,28029.528508771928,12940924.048245614,240.58187134502927,"      Ostalbkreis, Landkreis",75.60300669776154
834,8215,2026,0.3103035294033641,28238.492063492064,12930629.490079366,218.87996031746033,"      Karlsruhe, Landkreis",76.14419229626796
835,8216,2026,0.3211274015006356,28156.015432098764,12999451.763888888,271.0895061728395,"      Rastatt, Landkreis",81.73795767569766
836,8225,2026,0.29695730309568963,28102.944668008047,13047920.785714285,234.99698189134807,"      Neckar-Odenwald-Kreis, Landkreis",75.81072366288866
837,8226,2026,0.2832001659197816,28188.473958333332,12772557.050347222,224.99652777777777,"      Rhein-Neckar-Kreis, Landkreis",75.44076923232278
838,8235,2026,0.3365702440436208,28039.477272727276,13035134.09090909,277.3358585858586,"      Calw, Landkreis",82.7314359787208
839,8236,2026,0.3331148989277891,28169.747685185182,13028595.074074075,247.61111111111111,"      Enzkreis, Landkreis",76.66223073084639
840,8237,2026,0.30601029494139403,27999.652777777777,12994948.944444444,316.20987654320993,"      Freudenstadt, Landkreis",80.94360856575655
841,8315,2026,0.2740941860576456,28031.813368055555,13069816.157986112,294.7986111111111,"      Breisgau-Hochschwarzwald, Landkreis",77.05187296193273
842,8316,2026,0.3129954085926955,28164.412698412696,13357831.912698414,319.4973544973545,"      Emmendingen, Landkreis",80.80114217837706
843,8317,2026,0.3170117710523946,28153.39311594203,12958177.890700482,278.34842995169083,"      Ortenaukreis, Landkreis",81.97841348111584
844,8325,2026,0.3005030314160748,27996.814814814818,13125426.141975308,284.5679012345679,"      Rottweil, Landkreis",81.71110690673001
845,8326,2026,0.2739051862249606,27923.57702020202,13241496.424242424,312.29797979797985,"      Schwarzwald-Baar-Kreis, Landkreis",77.73135370434497
846,8327,2026,0.2781038221408436,27929.662037037036,13255189.524691358,237.05401234567904,"      Tuttlingen, Landkreis",75.62237244275903
847,8335,2026,0.2827501230125812,28038.281565656565,13267337.478535354,221.0770202020202,"      Konstanz, Landkreis",75.44076923232278
848,8336,2026,0.30343983806475094,28111.291005291005,13222600.48941799,316.81746031746036,"      Lörrach, Landkreis",80.94360856575655
849,8337,2026,0.27424532752046377,28001.981150793654,13120159.645833334,303.4494047619048,"      Waldshut, Landkreis",77.08832663369596
850,8415,2026,0.2810868947046731,27970.619444444445,13100445.728703704,249.6314814814815,"      Reutlingen, Landkreis",75.14164511783734
851,8416,2026,0.3148392827454201,28088.26388888889,13041811.133680556,243.29861111111111,"      Tübingen, Landkreis",75.5209265071378
852,8417,2026,0.2918487186966662,27976.005555555555,13095096.351388888,245.6638888888889,"      Zollernalbkreis, Landkreis",75.12227937283986
853,8421,2026,0.2392969507449786,28012.86111111111,13098457.166666666,223.91666666666666,"      Ulm, Stadtkreis",75.68139531378131
854,8425,2026,0.26064063536800913,27985.61651234568,13140003.183641976,243.2307098765432,"      Alb-Donau-Kreis, Landkreis",75.38227119929587
855,8426,2026,0.26913155648290743,27977.72762345679,13286465.972993828,230.44598765432096,"      Biberach, Landkreis",75.60142296679287
856,8435,2026,0.2924711584727755,28065.864197530864,13164542.691358024,235.44135802469134,"      Bodenseekreis, Landkreis",75.60300669776154
857,8436,2026,0.29406570356393286,27980.29513888889,13214323.217361111,255.20833333333334,"      Ravensburg, Landkreis",71.90698814540703
858,8437,2026,0.2742480642872641,27933.05341880342,13235848.806623932,236.26923076923075,"      Sigmaringen, Landkreis",75.62237244275903
859,8111,2026,0.2446908429278833,28134.796296296296,12922428.138888888,233.77777777777777,"      Stuttgart, Stadtkreis",75.86299852421756
860,8115,2026,0.2973600045448979,28093.027777777777,13016549.501736112,240.29340277777777,"      Böblingen, Landkreis",75.81072366288866
861,8116,2026,0.3054682487179197,28112.394444444442,12958324.905555556,239.1611111111111,"      Esslingen, Landkreis",76.38354716556539
862,8117,2026,0.3011776873784685,28051.20138888889,13000542.579861112,262.7517361111111,"      Göppingen, Landkreis",79.86915174664041
863,8118,2026,0.2820058208335832,28182.25173611111,12932127.925347222,234.04861111111111,"      Ludwigsburg, Landkreis",75.62237244275903
864,8119,2026,0.3132097388919209,28108.2297979798,12902121.252525253,241.63888888888889,"      Rems-Murr-Kreis, Landkreis",75.76035345326422
865,8125,2026,0.2933080683018189,28163.069444444445,12917868.920751635,220.58496732026143,"      Heilbronn, Landkreis",75.42140348732529
866,8126,2026,0.28615099879131906,28100.203703703704,12932565.675925925,211.00154320987656,"      Hohenlohekreis, Landkreis",75.44076923232278
867,8127,2026,0.28285862672520706,28054.59477124183,12960497.388071897,235.0228758169935,"      Schwäbisch Hall, Landkreis",75.62237244275903
868,8128,2026,0.29434293046581167,28099.00704225352,13092720.811619718,199.89964788732394,"      Main-Tauber-Kreis, Landkreis",75.42140348732529
869,8135,2026,0.2628341223497715,27986.210317460318,13042435.069444444,237.58531746031747,"      Heidenheim, Landkreis",75.86299852421756
870,8136,2026,0.293479361301639,28029.528508771928,12940924.048245614,240.58187134502927,"      Ostalbkreis, Landkreis",75.60300669776154
871,8215,2026,0.3103035294033641,28238.492063492064,12930629.490079366,218.87996031746033,"      Karlsruhe, Landkreis",76.14419229626796
872,8216,2026,0.3211274015006356,28156.015432098764,12999451.763888888,271.0895061728395,"      Rastatt, Landkreis",81.73795767569766
873,8225,2026,0.29695730309568963,28102.944668008047,13047920.785714285,234.99698189134807,"      Neckar-Odenwald-Kreis, Landkreis",75.81072366288866
874,8226,2026,0.2832001659197816,28188.473958333332,12772557.050347222,224.99652777777777,"      Rhein-Neckar-Kreis, Landkreis",75.44076923232278
875,8235,2026,0.3365702440436208,28039.477272727276,13035134.09090909,277.3358585858586,"      Calw, Landkreis",82.7314359787208
876,8236,2026,0.3331148989277891,28169.747685185182,13028595.074074075,247.61111111111111,"      Enzkreis, Landkreis",76.66223073084639
877,8237,2026,0.30601029494139403,27999.652777777777,12994948.944444444,316.20987654320993,"      Freudenstadt, Landkreis",80.94360856575655
878,8315,2026,0.2740941860576456,28031.813368055555,13069816.157986112,294.7986111111111,"      Breisgau-Hochschwarzwald, Landkreis",77.05187296193273
879,8316,2026,0.3129954085926955,28164.412698412696,13357831.912698414,319.4973544973545,"      Emmendingen, Landkreis",80.80114217837706
880,8317,2026,0.3170117710523946,28153.39311594203,12958177.890700482,278.34842995169083,"      Ortenaukreis, Landkreis",81.97841348111584
881,8325,2026,0.3005030314160748,27996.814814814818,13125426.141975308,284.5679012345679,"      Rottweil, Landkreis",81.71110690673001
882,8326,2026,0.2739051862249606,27923.57702020202,13241496.424242424,312.29797979797985,"      Schwarzwald-Baar-Kreis, Landkreis",77.73135370434497
883,8327,2026,0.2781038221408436,27929.662037037036,13255189.524691358,237.05401234567904,"      Tuttlingen, Landkreis",75.62237244275903
884,8335,2026,0.2827501230125812,28038.281565656565,13267337.478535354,221.0770202020202,"      Konstanz, Landkreis",75.44076923232278
885,8336,2026,0.30343983806475094,28111.291005291005,13222600.48941799,316.81746031746036,"      Lörrach, Landkreis",80.94360856575655
886,8337,2026,0.27424532752046377,28001.981150793654,13120159.645833334,303.4494047619048,"      Waldshut, Landkreis",77.08832663369596
887,8415,2026,0.2810868947046731,27970.619444444445,13100445.728703704,249.6314814814815,"      Reutlingen, Landkreis",75.14164511783734
888,8416,2026,0.3148392827454201,28088.26388888889,13041811.133680556,243.29861111111111,"      Tübingen, Landkreis",75.5209265071378
889,8417,2026,0.2918487186966662,27976.005555555555,13095096.351388888,245.6638888888889,"      Zollernalbkreis, Landkreis",75.12227937283986
890,8425,2026,0.26064063536800913,27985.61651234568,13140003.183641976,243.2307098765432,"      Alb-Donau-Kreis, Landkreis",75.38227119929587
891,8426,2026,0.26913155648290743,27977.72762345679,13286465.972993828,230.44598765432096,"      Biberach, Landkreis",75.60142296679287
892,8435,2026,0.2924711584727755,28065.864197530864,13164542.691358024,235.44135802469134,"      Bodenseekreis, Landkreis",75.60300669776154
893,8436,2026,0.29406570356393286,27980.29513888889,13214323.217361111,255.20833333333334,"      Ravensburg, Landkreis",71.90698814540703
894,8437,2026,0.2742480642872641,27933.05341880342,13235848.806623932,236.26923076923075,"      Sigmaringen, Landkreis",75.62237244275903
895,8111,2026,0.2446908429278833,28134.796296296296,12922428.138888888,233.77777777777777,"      Stuttgart, Stadtkreis",75.86299852421756
896,8115,2026,0.2973600045448979,28093.027777777777,13016549.501736112,240.29340277777777,"      Böblingen, Landkreis",75.81072366288866
897,8116,2026,0.3054682487179197,28112.394444444442,12958324.905555556,239.1611111111111,"      Esslingen, Landkreis",76.38354716556539
898,8117,2026,0.3011776873784685,28051.20138888889,13000542.579861112,262.7517361111111,"      Göppingen, Landkreis",79.86915174664041
899,8118,2026,0.2820058208335832,28182.25173611111,12932127.925347222,234.04861111111111,"      Ludwigsburg, Landkreis",75.62237244275903
900,8119,2026,0.3132097388919209,28108.2297979798,12902121.252525253,241.63888888888889,"      Rems-Murr-Kreis, Landkreis",75.76035345326422
901,8125,2026,0.2933080683018189,28163.069444444445,12917868.920751635,220.58496732026143,"      Heilbronn, Landkreis",75.42140348732529
902,8126,2026,0.28615099879131906,28100.203703703704,12932565.675925925,211.00154320987656,"      Hohenlohekreis, Landkreis",75.44076923232278
903,8127,2026,0.28285862672520706,28054.59477124183,12960497.388071897,235.0228758169935,"      Schwäbisch Hall, Landkreis",75.62237244275903
904,8128,2026,0.29434293046581167,28099.00704225352,13092720.811619718,199.89964788732394,"      Main-Tauber-Kreis, Landkreis",75.42140348732529
905,8135,2026,0.2628341223497715,27986.210317460318,13042435.069444444,237.58531746031747,"      Heidenheim, Landkreis",75.86299852421756
906,8136,2026,0.293479361301639,28029.528508771928,12940924.048245614,240.58187134502927,"      Ostalbkreis, Landkreis",75.60300669776154
907,8215,2026,0.3103035294033641,28238.492063492064,12930629.490079366,218.87996031746033,"      Karlsruhe, Landkreis",76.14419229626796
908,8216,2026,0.3211274015006356,28156.015432098764,12999451.763888888,271.0895061728395,"      Rastatt, Landkreis",81.73795767569766
909,8225,2026,0.29695730309568963,28102.944668008047,13047920.785714285,234.99698189134807,"      Neckar-Odenwald-Kreis, Landkreis",75.81072366288866
910,8226,2026,0.2832001659197816,28188.473958333332,12772557.050347222,224.99652777777777,"      Rhein-Neckar-Kreis, Landkreis",75.44076923232278
911,8235,2026,0.3365702440436208,28039.477272727276,13035134.09090909,277.3358585858586,"      Calw, Landkreis",82.7314359787208
912,8236,2026,0.3331148989277891,28169.747685185182,13028595.074074075,247.61111111111111,"      Enzkreis, Landkreis",76.66223073084639
913,8237,2026,0.30601029494139403,27999.652777777777,12994948.944444444,316.20987654320993,"      Freudenstadt, Landkreis",80.94360856575655
914,8315,2026,0.2740941860576456,28031.813368055555,13069816.157986112,294.7986111111111,"      Breisgau-Hochschwarzwald, Landkreis",77.05187296193273
915,8316,2026,0.3129954085926955,28164.412698412696,13357831.912698414,319.4973544973545,"      Emmendingen, Landkreis",80.80114217837706
916,8317,2026,0.3170117710523946,28153.39311594203,12958177.890700482,278.34842995169083,"      Ortenaukreis, Landkreis",81.97841348111584
917,8325,2026,0.3005030314160748,27996.814814814818,13125426.141975308,284.5679012345679,"      Rottweil, Landkreis",81.71110690673001
918,8326,2026,0.2739051862249606,27923.57702020202,13241496.424242424,312.29797979797985,"      Schwarzwald-Baar-Kreis, Landkreis",77.73135370434497
919,8327,2026,0.2781038221408436,27929.662037037036,13255189.524691358,237.05401234567904,"      Tuttlingen, Landkreis",75.62237244275903
920,8335,2026,0.2827501230125812,28038.281565656565,13267337.478535354,221.0770202020202,"      Konstanz, Landkreis",75.44076923232278
921,8336,2026,0.30343983806475094,28111.291005291005,13222600.48941799,316.81746031746036,"      Lörrach, Landkreis",80.94360856575655
922,8337,2026,0.27424532752046377,28001.981150793654,13120159.645833334,303.4494047619048,"      Waldshut, Landkreis",77.08832663369596
923,8415,2026,0.2810868947046731,27970.619444444445,13100445.728703704,249.6314814814815,"      Reutlingen, Landkreis",75.14164511783734
924,8416,2026,0.3148392827454201,28088.26388888889,13041811.133680556,243.29861111111111,"      Tübingen, Landkreis",75.5209265071378
925,8417,2026,0.2918487186966662,27976.005555555555,13095096.351388888,245.6638888888889,"      Zollernalbkreis, Landkreis",75.12227937283986
926,8425,2026,0.26064063536800913,27985.61651234568,13140003.183641976,243.2307098765432,"      Alb-Donau-Kreis, Landkreis",75.38227119929587
927,8426,2026,0.26913155648290743,27977.72762345679,13286465.972993828,230.44598765432096,"      Biberach, Landkreis",75.60142296679287
928,8435,2026,0.2924711584727755,28065.864197530864,13164542.691358024,235.44135802469134,"      Bodenseekreis, Landkreis",75.60300669776154
929,8436,2026,0.29406570356393286,27980.29513888889,13214323.217361111,255.20833333333334,"      Ravensburg, Landkreis",71.90698814540703
930,8437,2026,0.2742480642872641,27933.05341880342,13235848.806623932,236.26923076923075,"      Sigmaringen, Landkreis",75.62237244275903
