date,feature_index,band_unnamed
2023-01-01T00:00:00.000Z,20,0.233460363890812
2023-01-01T00:00:00.000Z,19,0.2592986905310854
2023-01-19T00:00:00.000Z,20,0.1293250605598608
2023-01-24T00:00:00.000Z,20,0.0071865716680155
2023-01-24T00:00:00.000Z,18,-0.0015688916735966
2023-01-21T00:00:00.000Z,20,0.0652656235554463
2023-01-26T00:00:00.000Z,20,0.0134295196400693
2023-01-26T00:00:00.000Z,17,0.0132792117362893
2023-01-19T00:00:00.000Z,18,0.2734989359256298
2023-01-21T00:00:00.000Z,17,0.0753169009014885
2023-01-24T00:00:00.000Z,17,0.0027444322751028
2023-01-19T00:00:00.000Z,17,0.1342937251587568
2023-02-03T00:00:00.000Z,18,0.0093321442423708
2023-01-31T00:00:00.000Z,20,0.0320975966052493
2023-01-31T00:00:00.000Z,17,0.0042258474673393
2023-01-29T00:00:00.000Z,15,0.0834023583895222
2023-02-03T00:00:00.000Z,15,0.009793957666568
2023-02-03T00:00:00.000Z,20,0.0048323213317607
2023-01-29T00:00:00.000Z,20,0.0798371226277721
2023-01-29T00:00:00.000Z,17,0.0751389281858398
2023-01-29T00:00:00.000Z,18,0.0719201328275096
2023-02-03T00:00:00.000Z,17,0.0014754069720662
2023-01-01T00:00:00.000Z,23,0.3019563959855666
2023-01-01T00:00:00.000Z,15,0.2478359317373591
2023-01-01T00:00:00.000Z,22,0.3272109272281301
2023-01-01T00:00:00.000Z,16,0.3316698570036714
2023-01-09T00:00:00.000Z,14,0.1549362733312397
2023-01-04T00:00:00.000Z,16,0.0312601958892632
2023-01-09T00:00:00.000Z,16,0.3088211335125512
2023-01-04T00:00:00.000Z,15,0.026784948470454
2023-01-04T00:00:00.000Z,14,0.0324350766405834
2023-01-09T00:00:00.000Z,15,0.1246430253277344
2023-01-29T00:00:00.000Z,14,0.0921949018332723
2023-02-03T00:00:00.000Z,14,0.0041577834331784
2023-01-31T00:00:00.000Z,15,0.2040380853160262
2023-02-03T00:00:00.000Z,16,0.0068586586275268
2023-01-31T00:00:00.000Z,23,0.1550485554639536
2023-01-29T00:00:00.000Z,23,0.075026665184999
2023-02-03T00:00:00.000Z,23,0.0186322743729
2023-01-31T00:00:00.000Z,14,0.3522198653739432
2023-01-29T00:00:00.000Z,16,0.1039251275163293
2023-01-01T00:00:00.000Z,4,0.2688480146036387
2023-01-01T00:00:00.000Z,12,0.2877469981009961
2023-01-01T00:00:00.000Z,7,0.2808782179810237
2023-01-01T00:00:00.000Z,5,0.298825612856282
2023-01-01T00:00:00.000Z,9,0.3360005079278226
2023-01-31T00:00:00.000Z,4,0.0995839764616242
2023-02-03T00:00:00.000Z,7,0.0130673534646021
2023-01-29T00:00:00.000Z,7,0.0835365931104172
2023-01-29T00:00:00.000Z,4,0.0795382135415178
2023-02-03T00:00:00.000Z,4,0.0372150288940807
2023-01-31T00:00:00.000Z,7,0.034776953956909
2023-01-21T00:00:00.000Z,36,0.0058679659346594
2023-01-19T00:00:00.000Z,1,0.0345097885629741
2023-01-19T00:00:00.000Z,36,0.0448139030789347
2023-01-26T00:00:00.000Z,35,0.0015812233848031
2023-01-24T00:00:00.000Z,22,-0.0087618087608392
2023-01-26T00:00:00.000Z,1,0.0115134460185332
2023-01-24T00:00:00.000Z,1,-0.0066404040980004
2023-01-24T00:00:00.000Z,2,0.0037190525379056
2023-01-24T00:00:00.000Z,36,-0.0004724701621955279
2023-01-19T00:00:00.000Z,35,0.0586593478040225
2023-01-26T00:00:00.000Z,2,0.0070487667727202
2023-01-26T00:00:00.000Z,36,0.0126486028303918
2023-01-24T00:00:00.000Z,35,-0.0016783528006696
2023-01-21T00:00:00.000Z,35,0.0139065790389008
2023-01-21T00:00:00.000Z,1,0.0102387552864332
2023-01-26T00:00:00.000Z,22,0.0112393895452888
2023-01-21T00:00:00.000Z,22,0.0216104252531794
2023-01-21T00:00:00.000Z,2,0.0161418709183564
2023-01-19T00:00:00.000Z,22,0.0664775951339583
2023-01-19T00:00:00.000Z,2,0.0561162263845183
2023-02-10T00:00:00.000Z,10,0.1698366485682788
2023-02-08T00:00:00.000Z,19,0.6255416888744302
2023-02-10T00:00:00.000Z,19,0.367693642338045
2023-02-05T00:00:00.000Z,10,0.0181257639592703
2023-02-05T00:00:00.000Z,19,0.0205547743387427
2023-02-08T00:00:00.000Z,10,0.5532361205998342
2023-02-08T00:00:00.000Z,18,0.3934369629797067
2023-02-08T00:00:00.000Z,15,0.552523508253072
2023-02-10T00:00:00.000Z,20,0.4336291722809676
2023-02-05T00:00:00.000Z,20,0.0253731593534434
2023-02-08T00:00:00.000Z,20,0.5817044944138788
2023-02-08T00:00:00.000Z,17,0.563204264239804
2023-02-05T00:00:00.000Z,17,0.018430812140454
2023-02-10T00:00:00.000Z,17,0.470633018811281
2023-02-08T00:00:00.000Z,8,0.5851296253592332
2023-02-05T00:00:00.000Z,8,0.0108985048827338
2023-02-10T00:00:00.000Z,5,0.6069712121637783
2023-02-10T00:00:00.000Z,8,0.5306184739304579
2023-02-05T00:00:00.000Z,7,0.0194924336503076
2023-02-05T00:00:00.000Z,5,0.0085278777687334
2023-02-08T00:00:00.000Z,5,0.643875579446805
2023-02-05T00:00:00.000Z,9,0.0116221442962297
2023-02-10T00:00:00.000Z,7,0.4861413474836861
2023-02-08T00:00:00.000Z,9,0.5054670158622987
2023-02-10T00:00:00.000Z,9,0.5146706664870929
2023-02-08T00:00:00.000Z,7,0.5478058588123087
2023-03-25T00:00:00.000Z,20,0.1461978368729542
2023-03-30T00:00:00.000Z,20,0.0271725582062917
2023-03-30T00:00:00.000Z,19,0.0607388750115531
2023-03-27T00:00:00.000Z,20,0.1792873486231931
2023-03-27T00:00:00.000Z,7,0.2813298137932044
2023-03-30T00:00:00.000Z,7,0.0159499499800713
2023-03-27T00:00:00.000Z,19,0.1711721834081095
2023-03-25T00:00:00.000Z,19,0.1777078775266795
2023-03-25T00:00:00.000Z,7,0.1681516867507595
2023-02-18T00:00:00.000Z,13,0.0338978812592188
2023-02-13T00:00:00.000Z,13,0.3481406411276322
2023-02-18T00:00:00.000Z,28,0.0314263063786509
2023-02-18T00:00:00.000Z,24,0.0309256114622682
2023-02-13T00:00:00.000Z,24,0.4964871844222026
2023-02-13T00:00:00.000Z,28,0.4189642806617313
2023-02-13T00:00:00.000Z,16,0.3136893869602365
2023-02-18T00:00:00.000Z,16,0.0332760864443311
2023-03-20T00:00:00.000Z,29,0.0336512766936531
2023-03-22T00:00:00.000Z,29,0.5620335788453186
2023-03-20T00:00:00.000Z,28,0.0622269789080785
2023-03-20T00:00:00.000Z,24,0.0639910312712643
2023-03-22T00:00:00.000Z,28,0.721485746478875
2023-03-22T00:00:00.000Z,24,0.5492555337801549
2023-03-17T00:00:00.000Z,24,0.2188303801854184
2023-03-17T00:00:00.000Z,29,0.2332304254648552
2023-03-17T00:00:00.000Z,28,0.4765667807296636
2023-03-02T00:00:00.000Z,23,0.2623287290182577
2023-03-07T00:00:00.000Z,21,0.0070458206969645
2023-03-02T00:00:00.000Z,21,0.0554002327254071
2023-02-28T00:00:00.000Z,15,0.1738985718993028
2023-02-28T00:00:00.000Z,21,0.0148346330504166
2023-03-05T00:00:00.000Z,15,0.035387263638841
2023-03-07T00:00:00.000Z,15,0.0420205568823126
2023-03-07T00:00:00.000Z,23,0.0093192587993908
2023-03-05T00:00:00.000Z,21,0.0285614648433731
2023-03-02T00:00:00.000Z,15,0.4584194275512299
2023-03-05T00:00:00.000Z,23,0.0352922827985767
2023-02-28T00:00:00.000Z,23,0.0306079942716938
2023-02-05T00:00:00.000Z,35,0.0106838405733747
2023-02-05T00:00:00.000Z,3,0.0100912349372838
2023-02-10T00:00:00.000Z,35,0.3341385385202251
2023-02-10T00:00:00.000Z,2,0.4713072496943339
2023-02-08T00:00:00.000Z,2,0.5330378627527369
2023-02-10T00:00:00.000Z,3,0.4316718517140212
2023-02-08T00:00:00.000Z,39,0.225338829124593
2023-02-05T00:00:00.000Z,39,0.0209872129468124
2023-02-08T00:00:00.000Z,35,0.2970013365102999
2023-02-05T00:00:00.000Z,2,0.0057986999410914
2023-02-10T00:00:00.000Z,39,0.3372209690003738
2023-02-08T00:00:00.000Z,3,0.4314555008543884
2023-03-10T00:00:00.000Z,4,0.0147879754368302
2023-03-10T00:00:00.000Z,5,0.0089849470285556
2023-03-12T00:00:00.000Z,9,0.0316163148766882
2023-03-10T00:00:00.000Z,9,0.0639672937272365
2023-03-15T00:00:00.000Z,4,0.0885578671493443
2023-03-12T00:00:00.000Z,4,0.015191787425977
2023-03-15T00:00:00.000Z,7,0.0216567313169175
2023-03-15T00:00:00.000Z,5,0.0727997928102971
2023-03-12T00:00:00.000Z,7,0.0070190270292101
2023-03-10T00:00:00.000Z,7,0.0280414481750009
2023-03-15T00:00:00.000Z,9,0.0332646679851003
2023-03-12T00:00:00.000Z,5,0.0256200895413566
2023-03-10T00:00:00.000Z,12,0.0870869754513487
2023-03-15T00:00:00.000Z,12,0.1055987405519822
2023-03-12T00:00:00.000Z,12,0.0150580413318556
2023-03-15T00:00:00.000Z,35,0.1123175037466467
2023-03-15T00:00:00.000Z,3,0.1940817073265134
2023-03-12T00:00:00.000Z,35,0.0234056252259435
2023-03-15T00:00:00.000Z,2,0.0421406699546234
2023-03-10T00:00:00.000Z,2,0.0327981029969828
2023-03-12T00:00:00.000Z,2,0.0917704193786126
2023-03-10T00:00:00.000Z,3,0.0527477342930833
2023-03-12T00:00:00.000Z,3,0.0390538025530034
2023-03-12T00:00:00.000Z,39,0.0273823600914594
2023-03-10T00:00:00.000Z,39,0.0753966063889163
2023-03-15T00:00:00.000Z,39,0.185445569469752
2023-03-10T00:00:00.000Z,35,0.0692196051378734
2023-01-01T00:00:00.000Z,3,0.2602447109131407
2023-01-19T00:00:00.000Z,11,0.1088007068987018
2023-01-26T00:00:00.000Z,3,0.0064834890364976
2023-01-19T00:00:00.000Z,12,0.0883530166832341
2023-01-21T00:00:00.000Z,12,0.0164759703246973
2023-01-21T00:00:00.000Z,3,0.016205982155845
2023-01-19T00:00:00.000Z,3,0.0643295938912492
2023-01-24T00:00:00.000Z,11,-0.0016741352740999
2023-01-21T00:00:00.000Z,11,0.0220725581877343
2023-01-24T00:00:00.000Z,3,0.0017978183411371
2023-01-26T00:00:00.000Z,11,0.0036953585939555
2023-01-24T00:00:00.000Z,12,0.0073515025345105
2023-01-26T00:00:00.000Z,12,0.0096238017906521
2023-03-17T00:00:00.000Z,9,0.5537682562940113
2023-03-22T00:00:00.000Z,9,0.4373246438339904
2023-03-27T00:00:00.000Z,9,0.2854506262731764
2023-02-10T00:00:00.000Z,12,0.4204835697684885
2023-02-08T00:00:00.000Z,12,0.467220829698421
2023-02-05T00:00:00.000Z,12,0.0128002409107417
2023-02-15T00:00:00.000Z,11,0.0918661263714154
2023-01-04T00:00:00.000Z,27,0.0269052102863837
2023-01-04T00:00:00.000Z,25,0.0255443350626835
2023-01-04T00:00:00.000Z,26,0.0289034857631817
2023-01-09T00:00:00.000Z,27,0.0593221403544244
2023-01-09T00:00:00.000Z,25,0.008454416538614
2023-01-09T00:00:00.000Z,26,0.0235252239338407
2023-01-24T00:00:00.000Z,29,-0.0082040119698963
2023-01-19T00:00:00.000Z,29,0.0759069068806155
2023-01-19T00:00:00.000Z,30,0.0839802662203528
2023-01-19T00:00:00.000Z,26,0.0917694801311939
2023-01-21T00:00:00.000Z,30,0.0222772353134763
2023-01-21T00:00:00.000Z,29,0.0039296026091521
2023-01-26T00:00:00.000Z,30,0.0103097809169309
2023-01-24T00:00:00.000Z,26,0.0384176930539375
2023-01-26T00:00:00.000Z,29,0.0125466489794279
2023-01-24T00:00:00.000Z,30,-0.0100306521785905
2023-01-26T00:00:00.000Z,26,0.0132338946125082
2023-01-21T00:00:00.000Z,26,0.0771953697228082
2023-01-31T00:00:00.000Z,31,0.0977707275106109
2023-01-31T00:00:00.000Z,30,0.0903229535990777
2023-02-03T00:00:00.000Z,29,0.09186652318215
2023-01-31T00:00:00.000Z,29,0.0776126151629335
2023-01-29T00:00:00.000Z,31,0.0240622942928176
2023-01-29T00:00:00.000Z,30,0.0433916652896999
2023-02-03T00:00:00.000Z,30,0.0884716748561373
2023-02-03T00:00:00.000Z,37,0.0289601598064012
2023-01-29T00:00:00.000Z,37,0.0310572290568306
2023-02-03T00:00:00.000Z,31,0.1073666050565902
2023-01-31T00:00:00.000Z,37,0.0592077322952388
2023-01-29T00:00:00.000Z,29,0.0469368444589335
2023-01-29T00:00:00.000Z,32,0.0172965943866906
2023-01-31T00:00:00.000Z,32,0.2867123835378693
2023-02-03T00:00:00.000Z,32,0.1792931205090371
2023-02-08T00:00:00.000Z,27,0.6864567269412565
2023-02-05T00:00:00.000Z,29,0.0146408485581519
2023-02-05T00:00:00.000Z,30,0.0169409796349643
2023-02-08T00:00:00.000Z,28,0.7057398671777847
2023-02-08T00:00:00.000Z,29,0.6837007215683081
2023-02-10T00:00:00.000Z,30,0.5662391150874957
2023-02-10T00:00:00.000Z,29,0.6034809581186396
2023-02-10T00:00:00.000Z,28,0.6513571467797882
2023-02-08T00:00:00.000Z,30,0.524631141400158
2023-02-05T00:00:00.000Z,28,0.0141711912377027
2023-02-05T00:00:00.000Z,34,0.0263553872801183
2023-02-08T00:00:00.000Z,34,0.5684402972618404
2023-02-08T00:00:00.000Z,33,0.5486868566370484
2023-02-10T00:00:00.000Z,34,0.5643381560176449
2023-03-20T00:00:00.000Z,27,0.0791521081665859
2023-03-20T00:00:00.000Z,26,0.1026546527118155
2023-03-17T00:00:00.000Z,26,0.4078590810854391
2023-03-20T00:00:00.000Z,30,0.0477169920095691
2023-03-22T00:00:00.000Z,26,0.6170778340443321
2023-03-17T00:00:00.000Z,30,0.3318303428009262
2023-03-22T00:00:00.000Z,30,0.5861888036169234
2023-03-30T00:00:00.000Z,30,0.0541934509678823
2023-03-25T00:00:00.000Z,34,0.1370265667002612
2023-03-30T00:00:00.000Z,34,0.0224535787193552
2023-03-27T00:00:00.000Z,34,0.2298566645292091
2023-03-30T00:00:00.000Z,26,0.0204776614655765
2023-03-27T00:00:00.000Z,26,0.314078258560256
2023-03-25T00:00:00.000Z,30,0.2901132040220501
2023-03-27T00:00:00.000Z,30,0.285450491912798
2023-03-25T00:00:00.000Z,26,0.1410292566641671
2023-02-23T00:00:00.000Z,39,0.0574385553540421
2023-02-25T00:00:00.000Z,35,0.0663565600469286
2023-02-20T00:00:00.000Z,35,0.3999598894227359
2023-02-23T00:00:00.000Z,40,0.1099912826738689
2023-02-25T00:00:00.000Z,39,0.2986271442576774
2023-02-20T00:00:00.000Z,39,0.489638345627767
2023-02-20T00:00:00.000Z,40,0.5594294666816236
2023-02-25T00:00:00.000Z,40,0.281225799488825
2023-02-23T00:00:00.000Z,35,0.1384113607237939
2023-02-20T00:00:00.000Z,42,0.6308414005554731
2023-02-20T00:00:00.000Z,41,0.5303086674337819
2023-02-25T00:00:00.000Z,42,0.044350886804187
2023-02-25T00:00:00.000Z,41,0.0151684847273319
2023-02-23T00:00:00.000Z,42,0.1936078970537527
2023-02-23T00:00:00.000Z,41,0.2447037009105147
2023-03-25T00:00:00.000Z,39,0.1257668435929821
2023-03-30T00:00:00.000Z,40,0.0169441442895926
2023-03-27T00:00:00.000Z,35,0.3069934605700972
2023-03-25T00:00:00.000Z,40,0.1678336822122682
2023-03-25T00:00:00.000Z,35,0.0657468713262244
2023-03-27T00:00:00.000Z,40,0.0947880484857798
2023-03-27T00:00:00.000Z,39,0.37913820126755
2023-03-30T00:00:00.000Z,35,0.0210247933692361
2023-03-30T00:00:00.000Z,39,0.0154925552826114
2023-03-10T00:00:00.000Z,34,0.0134872644172343
2023-03-12T00:00:00.000Z,34,0.0381759928318299
2023-03-15T00:00:00.000Z,34,0.5507309585522661
2023-01-16T00:00:00.000Z,40,0.0487111151156423
2023-01-11T00:00:00.000Z,40,0.0469722692892828
2023-01-14T00:00:00.000Z,42,0.1603768991089667
2023-01-11T00:00:00.000Z,42,0.0550415296338298
2023-01-14T00:00:00.000Z,40,0.1160888126179168
2023-01-16T00:00:00.000Z,42,0.0835525172049974
2023-02-10T00:00:00.000Z,42,0.5818881638950926
2023-02-05T00:00:00.000Z,42,0.0713421732926139
2023-03-27T00:00:00.000Z,38,0.2900889149848414
2023-03-27T00:00:00.000Z,42,0.0330849762628606
2023-01-19T00:00:00.000Z,14,0.0237394411775497
2023-01-24T00:00:00.000Z,14,0.0011193126479674
2023-01-24T00:00:00.000Z,15,0.0070026844775004
2023-01-26T00:00:00.000Z,15,0.012967425255623
2023-01-19T00:00:00.000Z,15,0.0395974927891024
2023-01-21T00:00:00.000Z,19,0.0403440515230061
2023-01-24T00:00:00.000Z,19,0.0029462881047957
2023-01-26T00:00:00.000Z,19,0.0097189764981789
2023-01-19T00:00:00.000Z,19,0.0277420151689133
2023-01-31T00:00:00.000Z,5,0.0803174327795255
2023-02-03T00:00:00.000Z,8,0.0140977853418708
2023-01-29T00:00:00.000Z,8,0.0890346764805256
2023-02-03T00:00:00.000Z,5,0.0220175562203064
2023-01-31T00:00:00.000Z,8,0.0256098254007214
2023-01-29T00:00:00.000Z,9,0.0913699825791984
2023-02-03T00:00:00.000Z,9,0.0149727872373925
2023-01-31T00:00:00.000Z,9,0.0522162405278418
2023-01-29T00:00:00.000Z,5,0.0799478166348632
2023-01-24T00:00:00.000Z,16,0.0158454134062275
2023-01-24T00:00:00.000Z,24,-0.0066667722318046
2023-01-24T00:00:00.000Z,28,0.0183707774602621
2023-01-19T00:00:00.000Z,13,0.0322474451682132
2023-01-24T00:00:00.000Z,13,0.0169085223500184
2023-01-19T00:00:00.000Z,24,0.0227114228071218
2023-01-19T00:00:00.000Z,28,0.1368820722581813
2023-01-19T00:00:00.000Z,16,0.0280449188249327
2023-01-31T00:00:00.000Z,21,0.2019137062653065
2023-02-03T00:00:00.000Z,21,0.014422662709104
2023-01-29T00:00:00.000Z,21,0.0634023646684897
2023-01-09T00:00:00.000Z,22,0.1095742641750127
2023-01-09T00:00:00.000Z,29,0.142694700050299
2023-01-06T00:00:00.000Z,36,0.1767881143949733
2023-01-06T00:00:00.000Z,22,0.0859247561069382
2023-01-06T00:00:00.000Z,1,0.1307104219013646
2023-01-09T00:00:00.000Z,24,0.1732548793405361
2023-01-04T00:00:00.000Z,1,0.0339517015976857
2023-01-06T00:00:00.000Z,37,0.0371270374060015
2023-01-06T00:00:00.000Z,24,0.0790565045820818
2023-01-04T00:00:00.000Z,36,0.0290548533244275
2023-01-09T00:00:00.000Z,37,0.1148213324486652
2023-01-04T00:00:00.000Z,29,0.0346243245848896
2023-01-04T00:00:00.000Z,22,0.0311442523446503
2023-01-09T00:00:00.000Z,36,0.0632332545639221
2023-01-04T00:00:00.000Z,37,0.0303701591049628
2023-01-06T00:00:00.000Z,29,0.0158839433908568
2023-01-09T00:00:00.000Z,1,0.034037022497329
2023-01-04T00:00:00.000Z,24,0.0259578539650832
2023-01-19T00:00:00.000Z,39,0.0735796921059693
2023-01-26T00:00:00.000Z,39,0.0043003327005326
2023-01-24T00:00:00.000Z,39,-0.0033756057368942
2023-01-21T00:00:00.000Z,39,0.0181059385983298
2023-02-20T00:00:00.000Z,19,0.4659097742118505
2023-02-25T00:00:00.000Z,19,0.0801860078128041
2023-02-23T00:00:00.000Z,7,0.1629722201203872
2023-02-25T00:00:00.000Z,7,0.0409701856653337
2023-02-25T00:00:00.000Z,20,0.0321289557507636
2023-02-20T00:00:00.000Z,7,0.3936937404702385
2023-02-20T00:00:00.000Z,20,0.4915811866381575
2023-02-23T00:00:00.000Z,20,0.1278586575402232
2023-02-23T00:00:00.000Z,19,0.0152143784040281
2023-03-10T00:00:00.000Z,19,0.0166343721846787
2023-03-15T00:00:00.000Z,20,0.0139862077615259
2023-03-15T00:00:00.000Z,19,0.0254334113817281
2023-03-12T00:00:00.000Z,20,0.0122834501977359
2023-03-12T00:00:00.000Z,19,0.0051710389749139
2023-03-10T00:00:00.000Z,20,0.0176214060353301
2023-03-10T00:00:00.000Z,15,0.0400615694874408
2023-03-15T00:00:00.000Z,15,0.047650139897976
2023-03-15T00:00:00.000Z,17,0.0106776326332167
2023-03-10T00:00:00.000Z,17,0.0105919865234404
2023-03-12T00:00:00.000Z,17,0.0115736213388508
2023-03-15T00:00:00.000Z,18,0.0247032914254236
2023-03-10T00:00:00.000Z,18,0.0144497668770663
2023-02-08T00:00:00.000Z,16,0.6195073069587834
2023-02-23T00:00:00.000Z,16,-0.0077987203509759
2023-02-23T00:00:00.000Z,28,0.0725739476605161
2023-02-10T00:00:00.000Z,14,0.562085598221513
2023-02-05T00:00:00.000Z,15,0.0266858093075704
2023-02-05T00:00:00.000Z,14,0.0296254079884082
2023-02-10T00:00:00.000Z,23,0.5495131304345304
2023-02-05T00:00:00.000Z,23,0.0283002916711674
2023-02-10T00:00:00.000Z,15,0.4939076174320999
2023-02-08T00:00:00.000Z,23,0.6107073562100234
2023-02-08T00:00:00.000Z,14,0.4805570225318715
2023-03-30T00:00:00.000Z,14,0.1414897770380187
2023-03-30T00:00:00.000Z,15,0.1930985680580642
2023-03-25T00:00:00.000Z,15,0.2206821843357227
2023-03-30T00:00:00.000Z,16,0.0295528733991358
2023-03-25T00:00:00.000Z,16,0.0652748959959925
2023-03-25T00:00:00.000Z,14,0.1983300317567409
2023-03-25T00:00:00.000Z,28,0.0728687199515066
2023-03-30T00:00:00.000Z,28,0.0275015013101033
2023-01-06T00:00:00.000Z,17,0.0293847635137509
2023-01-06T00:00:00.000Z,20,0.0400283616845189
2023-01-09T00:00:00.000Z,18,0.0193058642815676
2023-01-04T00:00:00.000Z,20,0.0133482880326383
2023-01-04T00:00:00.000Z,18,0.0117618376865203
2023-01-04T00:00:00.000Z,17,0.0118686645041209
2023-01-09T00:00:00.000Z,20,0.0351868991867473
2023-01-09T00:00:00.000Z,17,0.0168946750086606
2023-01-04T00:00:00.000Z,7,0.0332543708327698
2023-01-09T00:00:00.000Z,7,0.1536093933950855
2023-01-06T00:00:00.000Z,7,0.1091846626315871
2023-01-06T00:00:00.000Z,15,0.2395366696029633
2023-01-21T00:00:00.000Z,7,0.0571088722762722
2023-01-19T00:00:00.000Z,10,0.0409527263400274
2023-01-26T00:00:00.000Z,10,0.0038868602927836
2023-01-26T00:00:00.000Z,8,-0.002671817534044
2023-01-24T00:00:00.000Z,7,0.0142048921081637
2023-01-21T00:00:00.000Z,8,0.0311704021381177
2023-01-21T00:00:00.000Z,10,0.0257432388969423
2023-01-24T00:00:00.000Z,8,0.0153558918230599
2023-01-19T00:00:00.000Z,7,0.0269394943516866
2023-01-24T00:00:00.000Z,10,0.004402878409704
2023-01-26T00:00:00.000Z,7,0.0092158001197487
2023-01-19T00:00:00.000Z,8,0.0292434164578748
2023-01-01T00:00:00.000Z,21,0.2552224963729789
2023-01-01T00:00:00.000Z,1,0.3203830376450598
2023-03-05T00:00:00.000Z,4,0.0390135201423598
2023-03-05T00:00:00.000Z,7,0.0439779823533569
2023-03-02T00:00:00.000Z,4,0.4021321955278412
2023-03-07T00:00:00.000Z,4,0.0065799789023003
2023-03-07T00:00:00.000Z,7,0.0192156948324494
2023-02-28T00:00:00.000Z,7,0.2739035210990187
2023-03-02T00:00:00.000Z,7,0.4728866193942589
2023-02-28T00:00:00.000Z,4,0.0991816541635457
2023-01-01T00:00:00.000Z,2,0.3327601071175378
2023-01-01T00:00:00.000Z,39,0.2236589593932209
2023-01-01T00:00:00.000Z,35,0.3179946318662816
2023-01-11T00:00:00.000Z,7,0.0244081390445723
2023-01-11T00:00:00.000Z,4,0.0264653742287459
2023-01-14T00:00:00.000Z,7,0.0678703089337525
2023-01-11T00:00:00.000Z,5,0.0271597568319713
2023-01-14T00:00:00.000Z,4,0.0564780847593864
2023-01-16T00:00:00.000Z,7,0.0262928875096381
2023-01-14T00:00:00.000Z,5,0.0781241256537155
2023-01-16T00:00:00.000Z,4,0.0279157189973086
2023-01-16T00:00:00.000Z,5,0.0218597706988155
2023-02-25T00:00:00.000Z,37,0.1138267117370081
2023-02-20T00:00:00.000Z,22,0.6497657363031837
2023-02-20T00:00:00.000Z,1,0.4988761480103501
2023-02-20T00:00:00.000Z,37,0.5525709379835598
2023-02-25T00:00:00.000Z,24,0.0620632748470012
2023-02-23T00:00:00.000Z,1,0.0732864348631355
2023-02-25T00:00:00.000Z,36,0.0975169023697252
2023-02-20T00:00:00.000Z,24,0.6467371046422998
2023-02-23T00:00:00.000Z,29,0.0381513665944017
2023-02-23T00:00:00.000Z,36,0.2076856921802909
2023-02-23T00:00:00.000Z,24,0.0382665325165436
2023-02-25T00:00:00.000Z,1,0.0960727518585526
2023-02-25T00:00:00.000Z,22,0.0609976591104088
2023-02-20T00:00:00.000Z,36,0.4483919199820179
2023-02-23T00:00:00.000Z,37,0.1017565267146645
2023-02-25T00:00:00.000Z,29,0.1292157624999048
2023-02-23T00:00:00.000Z,22,0.0189875598869239
2023-02-20T00:00:00.000Z,29,0.5877196265483986
2023-01-04T00:00:00.000Z,35,0.0276923704450747
2023-01-06T00:00:00.000Z,35,0.0619807791076604
2023-01-09T00:00:00.000Z,35,0.1717603519702059
2023-01-29T00:00:00.000Z,36,0.0593942841603902
2023-01-31T00:00:00.000Z,36,0.0742033817360801
2023-01-29T00:00:00.000Z,35,0.0332369362361388
2023-02-03T00:00:00.000Z,35,0.0340095233077656
2023-02-03T00:00:00.000Z,36,0.091448769088955
2023-01-31T00:00:00.000Z,35,0.0423786499372137
2023-03-12T00:00:00.000Z,15,0.0266853193638438
2023-03-12T00:00:00.000Z,23,0.0223642241002132
2023-03-10T00:00:00.000Z,23,0.0363856841952295
2023-03-15T00:00:00.000Z,23,0.1254177785098701
2023-03-12T00:00:00.000Z,1,0.0714375599892571
2023-03-15T00:00:00.000Z,24,0.3528699703627948
2023-03-10T00:00:00.000Z,24,0.0210828261488548
2023-03-15T00:00:00.000Z,22,0.37369079208324
2023-03-12T00:00:00.000Z,36,0.0602816432870667
2023-03-10T00:00:00.000Z,22,0.0256454600441744
2023-03-15T00:00:00.000Z,29,0.344096447063322
2023-03-10T00:00:00.000Z,36,0.0412662722153865
2023-03-12T00:00:00.000Z,22,0.021030717649561
2023-03-10T00:00:00.000Z,37,0.0417479873012043
2023-03-10T00:00:00.000Z,29,0.0310080218149203
2023-03-15T00:00:00.000Z,36,0.4713003382056908
2023-03-10T00:00:00.000Z,1,0.022691467719436
2023-03-12T00:00:00.000Z,37,0.0730265158047809
2023-03-15T00:00:00.000Z,1,0.2910353233755487
2023-03-12T00:00:00.000Z,24,0.0254084246437021
2023-03-15T00:00:00.000Z,37,0.3999886574420798
2023-03-12T00:00:00.000Z,29,0.0705320545481019
2023-01-26T00:00:00.000Z,9,0.0008483587618017569
2023-01-21T00:00:00.000Z,9,0.0253557029109231
2023-01-19T00:00:00.000Z,9,0.0808834536048482
2023-01-24T00:00:00.000Z,9,0.009851078725446
2023-02-20T00:00:00.000Z,9,0.4983296778406861
2023-02-25T00:00:00.000Z,9,0.0742684877191868
2023-03-22T00:00:00.000Z,10,0.3070026715913923
2023-03-20T00:00:00.000Z,10,0.0083095648578286
2023-03-17T00:00:00.000Z,10,0.3482338411543991
2023-01-01T00:00:00.000Z,10,0.2736816394399162
2023-03-10T00:00:00.000Z,10,0.082061649020729
2023-03-12T00:00:00.000Z,10,0.0205189332406011
2023-03-15T00:00:00.000Z,10,0.0297906859931894
2023-02-18T00:00:00.000Z,11,0.0559455595896027
2023-02-13T00:00:00.000Z,12,0.5811400566694047
2023-02-15T00:00:00.000Z,12,0.5211265056702775
2023-02-18T00:00:00.000Z,3,0.0395441416645921
2023-02-13T00:00:00.000Z,11,0.021050878988692
2023-02-13T00:00:00.000Z,3,0.3671509457100574
2023-02-18T00:00:00.000Z,12,0.061176075102693
2023-02-15T00:00:00.000Z,3,0.5543488151252031
2023-02-28T00:00:00.000Z,11,0.2141787449701377
2023-03-07T00:00:00.000Z,3,0.0507629197791749
2023-03-05T00:00:00.000Z,39,0.0329697096930115
2023-03-02T00:00:00.000Z,11,0.5378185430955496
2023-03-07T00:00:00.000Z,11,0.0569246377557312
2023-02-28T00:00:00.000Z,3,0.1634077749904266
2023-02-28T00:00:00.000Z,39,0.0684509092087909
2023-03-05T00:00:00.000Z,11,0.0241317845611307
2023-03-07T00:00:00.000Z,39,0.0810940622061888
2023-03-05T00:00:00.000Z,3,0.0292755513103537
2023-03-02T00:00:00.000Z,3,0.4876234392383347
2023-03-02T00:00:00.000Z,39,0.1401451888581407
2023-01-04T00:00:00.000Z,33,0.0208630859024132
2023-01-09T00:00:00.000Z,33,-0.0028533144877578
2023-02-03T00:00:00.000Z,26,0.053145606239476
2023-02-03T00:00:00.000Z,34,0.087983395340978
2023-01-31T00:00:00.000Z,34,0.2503898014315957
2023-01-29T00:00:00.000Z,26,0.2388016888681638
2023-01-31T00:00:00.000Z,26,0.1520483452960148
2023-01-29T00:00:00.000Z,34,0.0539873092193032
2023-01-06T00:00:00.000Z,40,0.1043194079320843
2023-01-04T00:00:00.000Z,40,0.0352608568321063
2023-01-06T00:00:00.000Z,39,0.1412969792715772
2023-01-04T00:00:00.000Z,39,0.0343420135239216
2023-01-09T00:00:00.000Z,39,0.2072836212095523
2023-01-09T00:00:00.000Z,40,0.1673474279232581
2023-01-04T00:00:00.000Z,44,0.0367830838128709
2023-01-09T00:00:00.000Z,41,0.0732511953016083
2023-01-06T00:00:00.000Z,44,-0.0193088808305261
2023-01-09T00:00:00.000Z,44,0.0441253342183168
2023-01-04T00:00:00.000Z,32,0.0344370013022826
2023-01-06T00:00:00.000Z,41,0.0274619605653888
2023-01-04T00:00:00.000Z,41,0.0407118317882365
2023-01-06T00:00:00.000Z,32,0.0537014134879874
2023-01-09T00:00:00.000Z,32,0.0703156535856381
2023-01-14T00:00:00.000Z,41,0.1394063804337338
2023-01-14T00:00:00.000Z,43,0.0806698144359474
2023-01-11T00:00:00.000Z,41,0.0912799728018624
2023-01-16T00:00:00.000Z,43,0.0357819566651218
2023-01-11T00:00:00.000Z,43,0.0681226579458412
2023-01-16T00:00:00.000Z,41,0.0357609383381792
2023-02-23T00:00:00.000Z,30,0.0849159056795673
2023-02-20T00:00:00.000Z,30,0.5532468468990422
2023-02-20T00:00:00.000Z,28,0.6831865556010286
2023-02-25T00:00:00.000Z,30,0.2059803149017228
2023-02-25T00:00:00.000Z,28,0.0792381748327062
2023-03-15T00:00:00.000Z,28,0.4687140517691245
2023-03-15T00:00:00.000Z,27,0.4746414855253537
2023-03-10T00:00:00.000Z,27,0.017814138271025
2023-03-10T00:00:00.000Z,28,0.0130477785194085
2023-03-25T00:00:00.000Z,27,0.0859746875859166
2023-03-30T00:00:00.000Z,27,0.0158977975874255
2023-03-27T00:00:00.000Z,28,0.5100274194341207
2023-03-30T00:00:00.000Z,29,0.033577254044511
2023-03-25T00:00:00.000Z,29,0.3141351132584983
2023-03-27T00:00:00.000Z,29,0.3955295093249014
2023-02-18T00:00:00.000Z,29,0.0735928741979547
2023-02-13T00:00:00.000Z,29,0.1402298331501863
2023-02-15T00:00:00.000Z,37,0.5994821854054267
2023-02-13T00:00:00.000Z,31,0.1046278504802624
2023-02-15T00:00:00.000Z,31,0.6085239359698176
2023-02-18T00:00:00.000Z,31,0.0498365811487145
2023-02-13T00:00:00.000Z,37,0.3827362659009138
2023-02-18T00:00:00.000Z,37,0.0461365500795306
2023-02-15T00:00:00.000Z,29,0.6644531203111009
2023-02-23T00:00:00.000Z,43,0.1098858294159166
2023-02-20T00:00:00.000Z,43,0.5540229722191604
2023-02-25T00:00:00.000Z,43,0.2530605691957152
2023-02-28T00:00:00.000Z,32,0.0168853109440646
2023-03-02T00:00:00.000Z,42,0.0025571071823382
2023-02-28T00:00:00.000Z,42,0.0264603993586009
2023-03-07T00:00:00.000Z,41,0.3665184602579713
2023-03-05T00:00:00.000Z,41,0.1961622667516626
2023-03-02T00:00:00.000Z,41,0.0099930798662593
2023-03-07T00:00:00.000Z,42,0.3590646616048859
2023-03-07T00:00:00.000Z,32,0.3356439757414645
2023-03-02T00:00:00.000Z,43,-0.0137389487814953
2023-03-07T00:00:00.000Z,43,0.2005140455343059
2023-03-02T00:00:00.000Z,32,-0.0013498646857961
2023-03-05T00:00:00.000Z,43,0.0359694823856939
2023-03-05T00:00:00.000Z,32,0.1953621982530267
2023-03-05T00:00:00.000Z,42,0.094436119733149
2023-02-28T00:00:00.000Z,41,0.0387610725785171
2023-02-28T00:00:00.000Z,43,0.0211437768834141
2023-03-22T00:00:00.000Z,32,0.4978244334762038
2023-03-22T00:00:00.000Z,34,0.5767974922546916
2023-03-20T00:00:00.000Z,32,0.1292241773864869
2023-03-17T00:00:00.000Z,34,0.3427986090170204
2023-03-17T00:00:00.000Z,32,0.2047353853701907
2023-03-20T00:00:00.000Z,34,0.0906042848739102
2023-03-22T00:00:00.000Z,41,0.5781628168195126
2023-03-20T00:00:00.000Z,44,-0.0010912221593361
2023-03-17T00:00:00.000Z,44,0.1319835517240258
2023-03-17T00:00:00.000Z,41,0.33475453127955
2023-03-22T00:00:00.000Z,44,-0.0201934318303908
2023-03-20T00:00:00.000Z,41,0.1335250255799653
2023-03-05T00:00:00.000Z,45,0.0672283008489689
2023-03-07T00:00:00.000Z,45,0.061562684672026
2023-03-02T00:00:00.000Z,45,0.0047630182263804
2023-02-28T00:00:00.000Z,45,0.0824269476656482
2023-01-01T00:00:00.000Z,40,0.3373850641314227
2023-01-01T00:00:00.000Z,42,0.3417851303577329
2023-01-31T00:00:00.000Z,39,0.0651572549382795
2023-01-31T00:00:00.000Z,40,0.1288699940840923
2023-01-31T00:00:00.000Z,42,0.1304539227924864
2023-01-29T00:00:00.000Z,42,0.0290017809864673
2023-02-03T00:00:00.000Z,42,0.2537156813305057
2023-02-15T00:00:00.000Z,40,0.5066567568522433
2023-02-15T00:00:00.000Z,42,0.5324751310053969
2023-03-07T00:00:00.000Z,40,0.0921404776142872
2023-03-02T00:00:00.000Z,40,-0.0185062159006476
2023-03-12T00:00:00.000Z,41,0.0377861012281276
2023-03-12T00:00:00.000Z,42,0.048568902070532
2023-03-07T00:00:00.000Z,8,0.0312403207691987
2023-03-05T00:00:00.000Z,6,0.0457350606577931
2023-03-05T00:00:00.000Z,8,0.0361708423312708
2023-03-07T00:00:00.000Z,6,0.0113463112940386
2023-02-28T00:00:00.000Z,8,0.325055860161657
2023-03-02T00:00:00.000Z,6,0.4008936266000913
2023-03-02T00:00:00.000Z,8,0.5229721705124614
2023-02-28T00:00:00.000Z,6,0.2119835757384328
2023-03-20T00:00:00.000Z,7,0.0159800243457325
2023-03-17T00:00:00.000Z,19,0.3567170473389099
2023-03-17T00:00:00.000Z,7,0.4410692759946641
2023-03-20T00:00:00.000Z,8,0.0018903155320587
2023-03-17T00:00:00.000Z,8,0.4943883841224341
2023-03-22T00:00:00.000Z,8,0.2908401695352525
2023-03-22T00:00:00.000Z,19,0.3161494316196805
2023-03-22T00:00:00.000Z,7,0.3578125725304312
2023-03-20T00:00:00.000Z,19,-0.0064197423115087
2023-01-06T00:00:00.000Z,10,0.0160917376035027
2023-01-09T00:00:00.000Z,19,0.1866386420201833
2023-01-04T00:00:00.000Z,19,0.0232089778651677
2023-01-06T00:00:00.000Z,19,0.0208080547257477
2023-01-09T00:00:00.000Z,10,0.2606903265564458
2023-01-04T00:00:00.000Z,10,0.029774068585519
2023-02-03T00:00:00.000Z,19,0.0069239637411699
2023-01-29T00:00:00.000Z,19,0.0622324759652472
2023-01-31T00:00:00.000Z,19,0.0226276653485292
2023-01-04T00:00:00.000Z,8,0.0339094199225286
2023-01-09T00:00:00.000Z,8,0.2265311306313711
2023-01-06T00:00:00.000Z,8,0.1090968954309164
2023-02-05T00:00:00.000Z,24,0.0118288335940572
2023-02-08T00:00:00.000Z,24,0.7465819351652069
2023-02-10T00:00:00.000Z,24,0.6685059673218826
2023-01-01T00:00:00.000Z,6,0.2481891543054852
2023-01-16T00:00:00.000Z,23,0.0420839134800516
2023-01-14T00:00:00.000Z,15,0.0384475276232959
2023-01-11T00:00:00.000Z,23,0.0292997989311128
2023-01-16T00:00:00.000Z,14,0.0414330778462032
2023-01-16T00:00:00.000Z,15,0.0430904004209712
2023-01-14T00:00:00.000Z,14,0.0399085324429786
2023-01-11T00:00:00.000Z,14,
2023-01-14T00:00:00.000Z,23,0.0483511678663548
2023-01-14T00:00:00.000Z,16,0.0470012337752634
2023-01-11T00:00:00.000Z,15,0.0316846612883952
2023-01-14T00:00:00.000Z,28,0.0558682113865035
2023-01-14T00:00:00.000Z,24,0.0809158199162181
2023-01-14T00:00:00.000Z,29,0.104926788022291
2023-01-11T00:00:00.000Z,28,0.0196694717498805
2023-01-11T00:00:00.000Z,29,0.0331253262947664
2023-01-16T00:00:00.000Z,29,0.0244148808440913
2023-01-16T00:00:00.000Z,24,0.0250422241937621
2023-01-11T00:00:00.000Z,24,0.0289923858843438
2023-01-16T00:00:00.000Z,28,0.0218884225972943
2023-01-14T00:00:00.000Z,1,0.0569995592833461
2023-01-16T00:00:00.000Z,22,0.0308709821790482
2023-01-11T00:00:00.000Z,22,0.0334823006531884
2023-01-16T00:00:00.000Z,1,0.02929921023802
2023-01-14T00:00:00.000Z,21,0.0452188382078236
2023-01-14T00:00:00.000Z,22,0.060945354441643
2023-01-16T00:00:00.000Z,21,0.0450540367377485
2023-01-11T00:00:00.000Z,1,0.0324498975571546
2023-01-11T00:00:00.000Z,21,0.0293515665349638
2023-03-22T00:00:00.000Z,23,0.3457311815230673
2023-03-17T00:00:00.000Z,14,0.1746090786939654
2023-03-17T00:00:00.000Z,15,0.4146147224090834
2023-03-20T00:00:00.000Z,15,0.2162468493869803
2023-03-20T00:00:00.000Z,14,0.2399254899235813
2023-03-20T00:00:00.000Z,23,0.3057176875857631
2023-03-22T00:00:00.000Z,15,0.236540572577674
2023-03-17T00:00:00.000Z,23,0.1457973245112769
2023-03-22T00:00:00.000Z,14,0.4512424748092503
2023-03-20T00:00:00.000Z,16,0.1182034036767236
2023-03-12T00:00:00.000Z,28,0.07854320689346
2023-02-10T00:00:00.000Z,4,0.4798316359796038
2023-02-08T00:00:00.000Z,4,0.5212615374032757
2023-02-05T00:00:00.000Z,4,0.0176365443172402
2023-02-08T00:00:00.000Z,36,0.5777074935108304
2023-02-10T00:00:00.000Z,37,0.4298273414134794
2023-02-10T00:00:00.000Z,36,0.520812781010252
2023-02-05T00:00:00.000Z,37,0.0138291976366581
2023-02-05T00:00:00.000Z,36,0.0107706892465871
2023-02-08T00:00:00.000Z,37,0.4098667220779126
2023-02-08T00:00:00.000Z,1,0.5546194133072723
2023-02-10T00:00:00.000Z,1,0.5146965205360097
2023-02-05T00:00:00.000Z,1,0.0186532377387123
2023-02-28T00:00:00.000Z,37,0.021664374409684
2023-03-05T00:00:00.000Z,37,0.0406185338657058
2023-03-05T00:00:00.000Z,35,0.04200504584851
2023-03-07T00:00:00.000Z,37,0.1405623958833933
2023-03-02T00:00:00.000Z,36,0.0343491314639103
2023-02-28T00:00:00.000Z,36,0.048434514341567
2023-03-07T00:00:00.000Z,35,0.041740850591102
2023-02-28T00:00:00.000Z,35,0.0390301338028209
2023-03-05T00:00:00.000Z,36,0.0530175324323832
2023-03-07T00:00:00.000Z,36,0.0181995149204984
2023-03-02T00:00:00.000Z,37,0.0154931566748975
2023-03-02T00:00:00.000Z,35,0.0089569481369691
2023-03-27T00:00:00.000Z,22,0.4631697880971001
2023-03-27T00:00:00.000Z,37,0.3011750404687433
2023-03-25T00:00:00.000Z,36,0.1994137223714407
2023-03-27T00:00:00.000Z,36,0.3729979516144117
2023-03-25T00:00:00.000Z,24,0.1557528502383665
2023-03-30T00:00:00.000Z,37,0.0347510048135094
2023-03-27T00:00:00.000Z,1,0.4267767212461055
2023-03-30T00:00:00.000Z,24,0.0183329663771713
2023-03-30T00:00:00.000Z,36,0.0287454385428554
2023-03-25T00:00:00.000Z,1,0.1358337477095833
2023-03-25T00:00:00.000Z,37,0.0797511374056441
2023-03-27T00:00:00.000Z,24,0.5536287134451388
2023-03-30T00:00:00.000Z,22,0.0210594705631218
2023-03-25T00:00:00.000Z,22,0.2177701955318583
2023-03-30T00:00:00.000Z,1,0.0197084430973386
2023-01-09T00:00:00.000Z,9,0.095193951653753
2023-01-06T00:00:00.000Z,9,0.2332449967872316
2023-01-04T00:00:00.000Z,9,0.0398243596467991
2023-01-01T00:00:00.000Z,11,0.1826831077742618
2023-02-03T00:00:00.000Z,12,0.0067166563471694
2023-02-03T00:00:00.000Z,3,0.0236906385172953
2023-01-29T00:00:00.000Z,3,0.0554558750212755
2023-01-31T00:00:00.000Z,12,0.0784446490872057
2023-01-29T00:00:00.000Z,12,0.0689358320024499
2023-01-31T00:00:00.000Z,3,0.0854567248758687
2023-03-20T00:00:00.000Z,9,0.1153751188406212
2023-02-23T00:00:00.000Z,12,0.041014615044313
2023-02-25T00:00:00.000Z,5,0.0521779241504348
2023-02-20T00:00:00.000Z,12,0.5538342057352745
2023-02-23T00:00:00.000Z,5,0.1868007661716168
2023-02-20T00:00:00.000Z,5,0.5104180680943363
2023-02-23T00:00:00.000Z,3,0.0674357326912563
2023-02-20T00:00:00.000Z,3,0.493674280624686
2023-02-25T00:00:00.000Z,12,0.0724218786571213
2023-02-25T00:00:00.000Z,3,0.050380023026245
2023-03-17T00:00:00.000Z,12,0.5705713959670121
2023-03-22T00:00:00.000Z,12,0.564924743367298
2023-03-20T00:00:00.000Z,12,0.1592609697303543
2023-01-14T00:00:00.000Z,27,0.0619785883492478
2023-01-24T00:00:00.000Z,27,0.0173218831946855
2023-01-19T00:00:00.000Z,27,0.0886083681629796
2023-01-04T00:00:00.000Z,34,0.0417957314353784
2023-01-06T00:00:00.000Z,34,0.0088773723725623
2023-01-09T00:00:00.000Z,34,0.0158291420610809
2023-01-01T00:00:00.000Z,29,0.4138435849577844
2023-01-01T00:00:00.000Z,31,0.4473829831211501
2023-01-01T00:00:00.000Z,37,0.3605597173748614
2023-01-01T00:00:00.000Z,43,0.4023664055257474
2023-01-01T00:00:00.000Z,32,0.5028816494333541
2023-01-01T00:00:00.000Z,41,0.3910211330774296
2023-02-03T00:00:00.000Z,43,0.1395717950754197
2023-01-31T00:00:00.000Z,43,0.0672819385081874
2023-01-29T00:00:00.000Z,43,0.0221186506510661
2023-01-11T00:00:00.000Z,34,0.0349247344709245
2023-01-11T00:00:00.000Z,32,0.0576238520500877
2023-01-16T00:00:00.000Z,32,0.0225660356615589
2023-01-16T00:00:00.000Z,34,0.0147461566034659
2023-01-14T00:00:00.000Z,32,0.0828690205137652
2023-01-14T00:00:00.000Z,34,0.0873783129587783
2023-01-21T00:00:00.000Z,34,0.1282705148268852
2023-01-24T00:00:00.000Z,34,-0.0012882509676171
2023-01-19T00:00:00.000Z,32,0.2758322037325111
2023-01-19T00:00:00.000Z,34,0.1582251914985535
2023-01-21T00:00:00.000Z,32,0.2424309397714183
2023-01-26T00:00:00.000Z,34,0.0142676125023705
2023-01-26T00:00:00.000Z,32,0.0121303466864836
2023-01-24T00:00:00.000Z,32,-0.0091193675287376
2023-01-29T00:00:00.000Z,41,0.0435169927031326
2023-02-03T00:00:00.000Z,40,0.0563224047444708
2023-01-29T00:00:00.000Z,40,0.0255709271106289
2023-02-03T00:00:00.000Z,41,0.1920293551657472
2023-01-31T00:00:00.000Z,41,0.2717872552286674
2023-03-07T00:00:00.000Z,26,0.3434678887445597
2023-03-05T00:00:00.000Z,29,0.0490538671034222
2023-02-28T00:00:00.000Z,26,0.0709306157298511
2023-03-02T00:00:00.000Z,30,0.0175335753254469
2023-03-07T00:00:00.000Z,29,0.1053312300307386
2023-03-02T00:00:00.000Z,29,0.0184043448600938
2023-03-02T00:00:00.000Z,26,0.0288515166115844
2023-02-28T00:00:00.000Z,29,0.019870344742379
2023-03-07T00:00:00.000Z,30,0.3531248868101839
2023-03-05T00:00:00.000Z,26,0.1083139325193139
2023-03-05T00:00:00.000Z,30,0.0468718816882584
2023-02-28T00:00:00.000Z,30,0.0158214017202108
2023-02-15T00:00:00.000Z,30,0.6284979916827513
2023-02-18T00:00:00.000Z,30,0.0630944551733047
2023-02-13T00:00:00.000Z,30,0.2255956578586059
2023-03-05T00:00:00.000Z,40,0.024575376217837
2023-02-28T00:00:00.000Z,40,0.0259437819973343
2023-03-15T00:00:00.000Z,31,0.5250065147153162
2023-03-12T00:00:00.000Z,31,0.0278801583345763
2023-03-10T00:00:00.000Z,30,0.0163452080790835
2023-03-15T00:00:00.000Z,30,0.4480712289673827
2023-03-10T00:00:00.000Z,31,0.0250020080356849
2023-03-12T00:00:00.000Z,30,0.0580706218321235
2023-03-10T00:00:00.000Z,32,0.0203711220253903
2023-03-12T00:00:00.000Z,32,0.034784040684493
2023-03-15T00:00:00.000Z,32,0.5633654379902161
2023-03-10T00:00:00.000Z,40,0.0869268723854092
2023-03-10T00:00:00.000Z,43,0.0747630179360184
2023-03-15T00:00:00.000Z,41,0.5517138151040147
2023-03-10T00:00:00.000Z,42,0.240008128707496
2023-03-12T00:00:00.000Z,40,0.0992225918081964
2023-03-10T00:00:00.000Z,41,0.0581435814173919
2023-03-15T00:00:00.000Z,42,0.595227644597468
2023-03-15T00:00:00.000Z,40,0.3902648369257186
2023-03-15T00:00:00.000Z,43,0.5073325723839973
2023-03-12T00:00:00.000Z,43,0.1129361876204058
2023-01-06T00:00:00.000Z,42,0.0441609604351694
2023-01-21T00:00:00.000Z,41,0.0754930274549306
2023-01-26T00:00:00.000Z,42,0.0094308980264935
2023-01-21T00:00:00.000Z,42,0.0205475580629411
2023-01-26T00:00:00.000Z,41,0.0147218618168892
2023-03-12T00:00:00.000Z,38,0.0293043520336492
2023-03-10T00:00:00.000Z,38,0.0556864125784234
2023-01-26T00:00:00.000Z,6,0.0085880158065861
2023-01-24T00:00:00.000Z,6,0.0129607021108711
2023-01-19T00:00:00.000Z,6,0.0304999043221322
2023-01-21T00:00:00.000Z,15,0.0868204446033944
2023-01-21T00:00:00.000Z,6,0.0601361966175862
2023-01-04T00:00:00.000Z,6,0.0335717458496953
2023-01-09T00:00:00.000Z,6,0.0347007436318061
2023-01-06T00:00:00.000Z,6,0.0712744655519521
2023-01-01T00:00:00.000Z,17,0.2182780427194086
2023-01-14T00:00:00.000Z,18,0.0289433105416719
2023-01-14T00:00:00.000Z,20,0.0310594057362396
2023-01-16T00:00:00.000Z,17,0.0370038674449302
2023-01-11T00:00:00.000Z,17,0.0238521306447004
2023-01-11T00:00:00.000Z,20,0.0257407735678075
2023-01-14T00:00:00.000Z,17,0.0274054417032397
2023-01-16T00:00:00.000Z,20,0.0385822753510066
2023-01-01T00:00:00.000Z,8,0.3364806930003842
2023-02-03T00:00:00.000Z,10,0.0184926332993447
2023-01-31T00:00:00.000Z,10,0.095532180683124
2023-01-29T00:00:00.000Z,10,0.0643988286871327
2023-01-09T00:00:00.000Z,28,0.0898437023222101
2023-01-04T00:00:00.000Z,28,0.031320900054546
2023-01-11T00:00:00.000Z,6,0.0230879358910868
2023-01-16T00:00:00.000Z,6,0.0201858449642707
2023-01-14T00:00:00.000Z,6,0.0609469029163373
2023-01-14T00:00:00.000Z,10,0.074484586629064
2023-01-16T00:00:00.000Z,19,0.0200801547448234
2023-01-16T00:00:00.000Z,10,0.0313282880978357
2023-01-11T00:00:00.000Z,19,0.0232343930500731
2023-01-11T00:00:00.000Z,10,0.0336475770018623
2023-01-14T00:00:00.000Z,19,0.0648240997562811
2023-01-09T00:00:00.000Z,5,0.1492234481882372
2023-01-06T00:00:00.000Z,5,0.138853727578756
2023-01-04T00:00:00.000Z,5,0.0330069505424558
2023-01-16T00:00:00.000Z,8,0.0146188314510387
2023-01-14T00:00:00.000Z,8,0.0843517171396546
2023-01-11T00:00:00.000Z,8,0.0294711235388243
2023-01-16T00:00:00.000Z,16,0.028410492554296
2023-01-14T00:00:00.000Z,13,0.046871259983852
2023-01-11T00:00:00.000Z,16,0.0199599653964753
2023-01-01T00:00:00.000Z,24,0.4358608066052604
2023-01-01T00:00:00.000Z,36,0.357034490601723
2023-01-09T00:00:00.000Z,21,0.0719295632415172
2023-01-09T00:00:00.000Z,23,0.112123498543857
2023-01-06T00:00:00.000Z,23,0.1595185608918056
2023-01-06T00:00:00.000Z,21,0.0704290160098627
2023-01-04T00:00:00.000Z,23,0.0354000071196879
2023-01-04T00:00:00.000Z,21,0.0354728914642154
2023-01-11T00:00:00.000Z,0,0.0288105475676922
2023-01-14T00:00:00.000Z,0,0.0413694714371684
2023-01-14T00:00:00.000Z,2,0.0504080690785678
2023-01-11T00:00:00.000Z,2,0.0261507164912914
2023-01-16T00:00:00.000Z,0,0.0231684981618336
2023-01-16T00:00:00.000Z,2,0.02884491588659
2023-01-16T00:00:00.000Z,9,0.0445027774060361
2023-01-11T00:00:00.000Z,9,0.0397479827441214
2023-01-14T00:00:00.000Z,9,0.0847489291071468
2023-01-21T00:00:00.000Z,24,0.0023744260648791
2023-01-26T00:00:00.000Z,24,0.0142709573726015
2023-01-06T00:00:00.000Z,16,0.0819417513814207
2023-01-04T00:00:00.000Z,13,0.0338332267600935
2023-01-09T00:00:00.000Z,13,0.3947060786384206
2023-01-01T00:00:00.000Z,0,0.2281176280985435
2023-02-03T00:00:00.000Z,22,0.0306404118563374
2023-02-03T00:00:00.000Z,1,0.0307024051151512
2023-01-31T00:00:00.000Z,22,0.1618295693929504
2023-01-31T00:00:00.000Z,1,0.126293780180791
2023-01-29T00:00:00.000Z,22,0.0503102297394069
2023-01-29T00:00:00.000Z,1,0.0609919017028612
2023-01-26T00:00:00.000Z,37,0.0092574310623202
2023-01-24T00:00:00.000Z,37,-0.007032984140868
2023-01-21T00:00:00.000Z,37,0.0288151253783756
2023-01-19T00:00:00.000Z,37,0.0726606393069615
2023-01-31T00:00:00.000Z,2,0.0834399772359114
2023-01-29T00:00:00.000Z,2,0.0604141308915568
2023-02-03T00:00:00.000Z,0,0.0249767634843124
2023-02-03T00:00:00.000Z,2,0.0313281294023635
2023-01-29T00:00:00.000Z,0,0.0555021439131091
2023-01-31T00:00:00.000Z,0,0.0600190334355543
2023-01-06T00:00:00.000Z,4,0.1210246156030623
2023-01-09T00:00:00.000Z,4,0.063481085678155
2023-01-04T00:00:00.000Z,4,0.0456978141701008
2023-01-31T00:00:00.000Z,24,0.096263505069861
2023-02-03T00:00:00.000Z,24,0.0465449249381101
2023-01-29T00:00:00.000Z,24,0.0478449359774624
2023-01-29T00:00:00.000Z,39,0.0266087962872603
2023-02-03T00:00:00.000Z,39,0.0254255383176555
2023-01-11T00:00:00.000Z,36,0.0319223130837701
2023-01-14T00:00:00.000Z,36,0.0641403928913318
2023-01-16T00:00:00.000Z,36,0.0258647751067018
2023-02-25T00:00:00.000Z,15,0.0406454320031239
2023-02-20T00:00:00.000Z,15,0.4740300964750355
2023-02-23T00:00:00.000Z,15,0.1923042210739867
2023-02-28T00:00:00.000Z,20,0.3611795660731735
2023-03-05T00:00:00.000Z,20,0.0408571278454619
2023-03-07T00:00:00.000Z,20,0.0702625679393504
2023-03-02T00:00:00.000Z,20,0.5262840678896583
2023-03-02T00:00:00.000Z,17,0.5515270026597123
2023-03-05T00:00:00.000Z,17,0.0315406543152465
2023-03-07T00:00:00.000Z,17,0.0406180894179118
2023-03-05T00:00:00.000Z,18,0.0377468312938728
2023-02-28T00:00:00.000Z,17,0.3229318990638075
2023-02-28T00:00:00.000Z,18,0.2952790611234638
2023-02-23T00:00:00.000Z,8,0.0337209256319359
2023-02-20T00:00:00.000Z,8,0.4825441831614872
2023-02-25T00:00:00.000Z,8,0.0350663837661178
2023-02-23T00:00:00.000Z,9,0.0180842654028737
2023-02-08T00:00:00.000Z,6,0.4676181884130169
2023-02-05T00:00:00.000Z,6,0.0187640807045389
2023-02-10T00:00:00.000Z,6,0.4085545384719667
2023-02-03T00:00:00.000Z,6,0.0164740655578734
2023-01-29T00:00:00.000Z,6,0.0833848576271506
2023-01-31T00:00:00.000Z,6,0.0434302578231859
2023-02-13T00:00:00.000Z,8,0.5612393745106092
2023-02-18T00:00:00.000Z,7,0.0233842683110211
2023-02-13T00:00:00.000Z,9,0.5799499050650061
2023-02-15T00:00:00.000Z,8,0.4246688524032924
2023-02-15T00:00:00.000Z,7,0.0913222818190971
2023-02-18T00:00:00.000Z,9,0.0612599322708761
2023-02-18T00:00:00.000Z,5,0.0671809923002782
2023-02-15T00:00:00.000Z,9,0.5447108226999094
2023-02-13T00:00:00.000Z,7,0.4841692721271595
2023-02-18T00:00:00.000Z,8,0.0539332662815112
2023-02-13T00:00:00.000Z,5,0.626028864388946
2023-02-15T00:00:00.000Z,5,0.6063625334366323
2023-01-29T00:00:00.000Z,13,0.1096294318421718
2023-02-03T00:00:00.000Z,13,0.0107830399367473
2023-01-31T00:00:00.000Z,16,0.086773700356688
2023-01-01T00:00:00.000Z,28,0.4024220730223157
2023-03-25T00:00:00.000Z,10,0.1757989137299546
2023-03-30T00:00:00.000Z,10,0.0457499126948391
2023-03-27T00:00:00.000Z,10,0.2484400163648145
2023-03-12T00:00:00.000Z,6,0.0016930326851576
2023-03-10T00:00:00.000Z,6,0.036906821824789
2023-03-15T00:00:00.000Z,6,0.0192880417516226
2023-03-20T00:00:00.000Z,18,0.0110920606742278
2023-03-20T00:00:00.000Z,20,0.0470874846036098
2023-03-25T00:00:00.000Z,18,-0.0085365524487164
2023-03-30T00:00:00.000Z,18,0.0192631005579858
2023-03-27T00:00:00.000Z,8,0.3303406360155411
2023-03-25T00:00:00.000Z,5,0.0970506658998041
2023-03-25T00:00:00.000Z,9,0.1688447532907354
2023-03-25T00:00:00.000Z,8,0.1691924458673533
2023-03-30T00:00:00.000Z,5,0.0018341024073598
2023-03-30T00:00:00.000Z,9,0.0399656089805607
2023-03-27T00:00:00.000Z,5,0.3177276247723916
2023-03-30T00:00:00.000Z,8,0.0093873919728174
2023-02-15T00:00:00.000Z,19,0.0575838883303589
2023-02-13T00:00:00.000Z,19,0.596186060296698
2023-02-18T00:00:00.000Z,19,0.0434843062051096
2023-02-18T00:00:00.000Z,10,0.0294117387706516
2023-02-13T00:00:00.000Z,10,0.3837862287154175
2023-02-15T00:00:00.000Z,10,0.0958226612841368
2023-02-28T00:00:00.000Z,24,0.0182886162149235
2023-02-28T00:00:00.000Z,16,0.0170622446765411
2023-03-05T00:00:00.000Z,24,0.0396089781176321
2023-03-05T00:00:00.000Z,13,0.0458392367274734
2023-03-05T00:00:00.000Z,16,0.042728442834594
2023-03-05T00:00:00.000Z,28,0.0497358538919384
2023-02-28T00:00:00.000Z,28,0.0228763731564202
2023-02-28T00:00:00.000Z,13,0.0119707512146776
2023-02-18T00:00:00.000Z,21,0.0229082407281454
2023-02-13T00:00:00.000Z,23,0.5832973556059903
2023-02-15T00:00:00.000Z,23,0.2251930873934859
2023-02-18T00:00:00.000Z,22,0.0435123697494926
2023-02-13T00:00:00.000Z,1,0.4190671330888886
2023-02-15T00:00:00.000Z,22,0.6950743483307734
2023-02-18T00:00:00.000Z,23,0.0249124308884871
2023-02-15T00:00:00.000Z,1,0.5167860727690403
2023-02-15T00:00:00.000Z,21,0.3547063362319413
2023-02-18T00:00:00.000Z,1,0.0414372755579248
2023-02-13T00:00:00.000Z,21,0.5992611102413702
2023-02-13T00:00:00.000Z,22,0.7109572024891098
2023-01-29T00:00:00.000Z,28,0.1254371503944901
2023-02-03T00:00:00.000Z,28,0.0422011753698843
2023-01-26T00:00:00.000Z,28,0.0132644724479899
2023-01-21T00:00:00.000Z,28,0.0102601215895337
2023-02-23T00:00:00.000Z,0,0.0767590031984549
2023-02-25T00:00:00.000Z,2,0.0669562656050482
2023-02-25T00:00:00.000Z,4,0.0691331381936488
2023-02-20T00:00:00.000Z,2,0.3113211401396736
2023-02-20T00:00:00.000Z,0,0.3919108099782368
2023-02-25T00:00:00.000Z,0,0.0411828426722307
2023-02-20T00:00:00.000Z,4,0.4067376837566195
2023-02-23T00:00:00.000Z,4,0.2490831917584846
2023-02-23T00:00:00.000Z,2,0.1454880028039729
2023-03-07T00:00:00.000Z,22,-0.0022308764381782
2023-03-05T00:00:00.000Z,22,0.028390191559546
2023-03-02T00:00:00.000Z,24,0.0212421008354611
2023-03-02T00:00:00.000Z,22,0.0361206537591143
2023-03-02T00:00:00.000Z,1,0.0462718728238097
2023-03-07T00:00:00.000Z,24,0.0056065515792104
2023-03-05T00:00:00.000Z,1,0.0291213762264474
2023-02-28T00:00:00.000Z,22,0.0158654339027719
2023-02-28T00:00:00.000Z,1,0.0367449466004953
2023-03-07T00:00:00.000Z,1,-0.003807961086159
2023-02-23T00:00:00.000Z,10,0.0132527811144504
2023-02-25T00:00:00.000Z,10,0.1154805883317301
2023-02-20T00:00:00.000Z,10,0.4017320474563921
2023-03-27T00:00:00.000Z,2,0.3252728009214887
2023-03-27T00:00:00.000Z,23,0.3248592037945718
2023-03-25T00:00:00.000Z,0,0.1669136376469593
2023-03-30T00:00:00.000Z,0,0.0112371055334454
2023-03-25T00:00:00.000Z,4,0.1020825199721298
2023-03-30T00:00:00.000Z,4,0.0311154348867457
2023-03-27T00:00:00.000Z,0,0.3318293061650955
2023-03-30T00:00:00.000Z,23,0.0703673330621063
2023-03-30T00:00:00.000Z,2,0.0255943832684737
2023-03-27T00:00:00.000Z,4,0.3537145420253372
2023-03-25T00:00:00.000Z,23,0.3363214401656951
2023-03-25T00:00:00.000Z,2,0.2172155193170275
2023-01-11T00:00:00.000Z,12,0.0470493312619345
2023-01-16T00:00:00.000Z,12,0.051951805950551
2023-01-14T00:00:00.000Z,12,0.065363773468353
2023-01-14T00:00:00.000Z,3,0.0848259003222493
2023-01-11T00:00:00.000Z,3,0.0262314178998141
2023-01-16T00:00:00.000Z,3,0.0348096149203569
2023-01-21T00:00:00.000Z,5,0.0298772388054734
2023-01-19T00:00:00.000Z,5,0.0870294148905982
2023-01-24T00:00:00.000Z,5,0.0208828592549842
2023-01-26T00:00:00.000Z,5,0.005206410054496
2023-02-18T00:00:00.000Z,6,0.0189677654898401
2023-02-13T00:00:00.000Z,6,0.4267233542046099
2023-02-15T00:00:00.000Z,6,0.0431952602851307
2023-03-15T00:00:00.000Z,8,0.0153735028245029
2023-03-12T00:00:00.000Z,8,0.0069724448768357
2023-03-10T00:00:00.000Z,8,0.017503534138076
2023-01-16T00:00:00.000Z,37,0.0240609686127065
2023-01-14T00:00:00.000Z,35,0.0553394494117115
2023-01-16T00:00:00.000Z,35,0.0393882450259828
2023-01-14T00:00:00.000Z,37,0.0705325156864919
2023-01-11T00:00:00.000Z,35,0.0267409699673532
2023-01-11T00:00:00.000Z,37,0.0335233765298765
2023-02-23T00:00:00.000Z,14,0.0955010438221522
2023-02-18T00:00:00.000Z,15,0.03275737479688
2023-02-13T00:00:00.000Z,15,0.4813961190522622
2023-01-06T00:00:00.000Z,28,0.006479675167807
2023-03-07T00:00:00.000Z,19,0.2733475752815001
2023-02-28T00:00:00.000Z,19,0.3710378936701377
2023-03-02T00:00:00.000Z,19,0.5573829157517566
2023-03-05T00:00:00.000Z,19,0.0425817271316369
2023-03-02T00:00:00.000Z,28,0.0176433301191764
2023-03-07T00:00:00.000Z,28,0.0077956306533039
2023-02-13T00:00:00.000Z,0,0.4481214374180305
2023-02-18T00:00:00.000Z,2,0.0311090193422746
2023-02-15T00:00:00.000Z,0,0.4098348518142152
2023-02-13T00:00:00.000Z,2,0.5213046039655008
2023-02-18T00:00:00.000Z,0,0.0336689482986782
2023-02-15T00:00:00.000Z,2,0.5063510352498453
2023-02-13T00:00:00.000Z,4,0.4879787590973783
2023-02-18T00:00:00.000Z,4,0.0193872860413481
2023-02-15T00:00:00.000Z,4,0.1546975234283795
2023-02-28T00:00:00.000Z,0,0.0438324295398989
2023-03-02T00:00:00.000Z,2,0.2100579606173636
2023-02-28T00:00:00.000Z,5,0.2662245423967914
2023-03-02T00:00:00.000Z,5,0.5618567574831503
2023-03-05T00:00:00.000Z,2,0.0334251428176475
2023-03-05T00:00:00.000Z,0,0.0314504278967525
2023-02-28T00:00:00.000Z,2,0.0858035495936004
2023-03-07T00:00:00.000Z,2,0.001806176179655
2023-03-05T00:00:00.000Z,5,0.0307987701531526
2023-03-07T00:00:00.000Z,0,-0.0065623094932232
2023-03-02T00:00:00.000Z,0,0.1710630295817986
2023-03-07T00:00:00.000Z,5,0.0126752302376668
2023-02-05T00:00:00.000Z,11,0.0144761364101015
2023-02-10T00:00:00.000Z,11,0.2815764491803463
2023-02-08T00:00:00.000Z,11,0.2665460846018377
2023-02-13T00:00:00.000Z,39,0.0018668327759148
2023-02-15T00:00:00.000Z,39,0.2724432374571335
2023-02-15T00:00:00.000Z,38,0.0568762769143816
2023-02-18T00:00:00.000Z,38,0.107158578964943
2023-02-18T00:00:00.000Z,39,0.1068516069244444
2023-03-27T00:00:00.000Z,12,0.3393920327844333
2023-03-15T00:00:00.000Z,38,0.1542768851196423
2023-01-11T00:00:00.000Z,26,0.036739669703922
2023-01-11T00:00:00.000Z,30,0.0418736384998292
2023-01-16T00:00:00.000Z,26,0.0114187943630122
2023-01-16T00:00:00.000Z,30,0.018328307574423
2023-01-14T00:00:00.000Z,26,0.0789715998730036
2023-01-14T00:00:00.000Z,30,0.0853128879646705
2023-01-11T00:00:00.000Z,31,0.0345315631809091
2023-01-16T00:00:00.000Z,31,0.0185989066663817
2023-01-14T00:00:00.000Z,31,0.088762120120738
2023-01-24T00:00:00.000Z,41,-0.0042705611137329
2023-01-21T00:00:00.000Z,43,0.0657676991151435
2023-01-19T00:00:00.000Z,41,0.3230483900564945
2023-01-24T00:00:00.000Z,43,-0.0106395362921564
2023-01-21T00:00:00.000Z,40,0.0180152825631795
2023-01-26T00:00:00.000Z,43,0.0049346829630029
2023-01-19T00:00:00.000Z,40,0.1379113074065871
2023-01-24T00:00:00.000Z,42,-0.0090229810362889
2023-01-19T00:00:00.000Z,43,0.133188727240167
2023-01-19T00:00:00.000Z,42,0.2897041845416072
2023-01-24T00:00:00.000Z,40,-0.0106402936383379
2023-01-26T00:00:00.000Z,40,0.0060437034735405
2023-02-13T00:00:00.000Z,34,0.1636143867594071
2023-02-18T00:00:00.000Z,25,0.0761081107998272
2023-02-13T00:00:00.000Z,25,0.4874137426549887
2023-02-18T00:00:00.000Z,26,0.0480118463716296
2023-02-13T00:00:00.000Z,26,0.4078121338101466
2023-02-18T00:00:00.000Z,33,-0.0131079905084037
2023-02-18T00:00:00.000Z,34,0.0096724450063907
2023-02-13T00:00:00.000Z,33,0.5476166369142981
2023-02-18T00:00:00.000Z,14,0.0325043352527201
2023-02-18T00:00:00.000Z,20,0.019124716494738
2023-02-13T00:00:00.000Z,14,0.4011126630939728
2023-02-13T00:00:00.000Z,20,0.5567524514574647
2023-02-25T00:00:00.000Z,26,0.090379182204159
2023-02-25T00:00:00.000Z,34,0.02314142097259
2023-02-20T00:00:00.000Z,34,0.5666932590778812
2023-02-20T00:00:00.000Z,26,0.6058676523386674
2023-02-23T00:00:00.000Z,34,0.1615954123882098
2023-02-23T00:00:00.000Z,26,0.2141709342579634
2023-02-05T00:00:00.000Z,31,0.0177540999534023
2023-02-10T00:00:00.000Z,31,0.4683908680140513
2023-02-08T00:00:00.000Z,31,0.4209068762460745
2023-02-05T00:00:00.000Z,40,0.0338403114218395
2023-02-10T00:00:00.000Z,40,0.508494371710735
2023-02-05T00:00:00.000Z,43,0.0425149713928207
2023-02-08T00:00:00.000Z,40,0.2596957297541625
2023-02-08T00:00:00.000Z,43,0.3770824144235929
2023-02-10T00:00:00.000Z,43,0.4949536382399405
2023-02-28T00:00:00.000Z,31,0.0162642919401625
2023-03-07T00:00:00.000Z,31,0.3479882500035745
2023-03-02T00:00:00.000Z,31,0.0146349747860925
2023-03-05T00:00:00.000Z,31,0.0338250672032811
2023-03-27T00:00:00.000Z,31,0.2299700461167703
2023-03-30T00:00:00.000Z,31,0.0185577875131956
2023-03-27T00:00:00.000Z,43,0.1258844846895967
2023-03-25T00:00:00.000Z,43,0.1431119003523245
2023-03-30T00:00:00.000Z,43,0.0217630180964306
2023-03-25T00:00:00.000Z,31,0.0483176733131363
2023-03-30T00:00:00.000Z,41,0.0214729955204726
2023-03-27T00:00:00.000Z,32,0.0845927098709214
2023-03-25T00:00:00.000Z,44,0.0017953852728085
2023-03-25T00:00:00.000Z,41,-0.0059699246311435
2023-03-25T00:00:00.000Z,32,0.0048067227490606
2023-03-30T00:00:00.000Z,32,0.0235152906446532
2023-03-27T00:00:00.000Z,41,0.0667850547534602
2023-03-27T00:00:00.000Z,44,0.0604741675571466
2023-03-30T00:00:00.000Z,44,0.0380113009191252
2023-02-15T00:00:00.000Z,34,0.4287219489953227
2023-03-15T00:00:00.000Z,33,0.4917935436844499
2023-03-10T00:00:00.000Z,33,0.0095558156098506
2023-03-22T00:00:00.000Z,45,0.1802715109389347
2023-03-17T00:00:00.000Z,45,0.1455188416210668
2023-03-20T00:00:00.000Z,45,0.0971769763600605
2023-01-06T00:00:00.000Z,38,0.0733869154702938
2023-01-04T00:00:00.000Z,38,0.0280228783997042
2023-02-25T00:00:00.000Z,38,0.1014180608589825
2023-02-20T00:00:00.000Z,38,0.4478086977336251
2023-02-15T00:00:00.000Z,41,0.1558097846481566
2023-03-22T00:00:00.000Z,40,0.5776731791568271
2023-03-22T00:00:00.000Z,42,0.6606132923748194
2023-03-17T00:00:00.000Z,40,0.3971836305571052
2023-03-22T00:00:00.000Z,39,0.5185667350511411
2023-03-17T00:00:00.000Z,39,0.41602598265797
2023-03-17T00:00:00.000Z,42,0.4288708839337307
2023-02-15T00:00:00.000Z,28,0.802422044019003
2023-02-15T00:00:00.000Z,24,0.7086722166764874
2023-01-24T00:00:00.000Z,4,0.0157572192110845
2023-01-19T00:00:00.000Z,4,0.0773786593148899
2023-01-19T00:00:00.000Z,23,0.0719342934144365
2023-01-24T00:00:00.000Z,23,-0.0007598994212644132
2023-01-21T00:00:00.000Z,23,0.0441963195916849
2023-01-26T00:00:00.000Z,23,0.0085636901673192
2023-01-21T00:00:00.000Z,4,0.0482080650807807
2023-01-26T00:00:00.000Z,4,0.0097509481319704
2023-02-28T00:00:00.000Z,14,0.0884501420236392
2023-03-05T00:00:00.000Z,14,0.0323283791634078
2023-03-02T00:00:00.000Z,14,0.3225509546627762
2023-03-07T00:00:00.000Z,14,0.0038104474548816
2023-02-20T00:00:00.000Z,17,0.5344854012400253
2023-02-25T00:00:00.000Z,17,0.0348404478172027
2023-02-23T00:00:00.000Z,18,0.0354282030183269
2023-02-23T00:00:00.000Z,17,0.0552428883024775
2023-03-12T00:00:00.000Z,16,0.0039529588359311
2023-03-10T00:00:00.000Z,13,0.0155734381775782
2023-03-15T00:00:00.000Z,13,0.1710383942285364
2023-03-10T00:00:00.000Z,16,0.0185213797644694
2023-03-15T00:00:00.000Z,16,0.1755170982829358
2023-03-27T00:00:00.000Z,15,0.2859647629776127
2023-01-11T00:00:00.000Z,11,0.0395280680755369
2023-01-16T00:00:00.000Z,11,0.0426383498500175
2023-03-07T00:00:00.000Z,12,0.0163978566117171
2023-03-02T00:00:00.000Z,12,0.5896972856380769
2023-03-02T00:00:00.000Z,9,0.5692471507554167
2023-03-07T00:00:00.000Z,9,0.0372197989332033
2023-02-20T00:00:00.000Z,11,0.428904718676256
2023-02-23T00:00:00.000Z,11,0.0327104371116242
2023-02-25T00:00:00.000Z,11,0.1923811956747151
2023-03-12T00:00:00.000Z,11,0.0133168847664879
2023-03-10T00:00:00.000Z,11,0.0512310980427972
2023-03-15T00:00:00.000Z,11,0.4128238685537672
2023-01-31T00:00:00.000Z,28,0.0884865561352458
2023-01-06T00:00:00.000Z,43,0.0896655875272654
2023-01-06T00:00:00.000Z,31,0.0243354922841562
2023-01-04T00:00:00.000Z,31,0.0399443115582186
2023-01-04T00:00:00.000Z,43,0.0362071271716342
2023-01-09T00:00:00.000Z,31,0.0395083579128833
2023-01-09T00:00:00.000Z,43,0.1962853857818764
2023-01-26T00:00:00.000Z,44,0.0132205026257836
2023-01-24T00:00:00.000Z,44,0.0028966679749002
2023-01-19T00:00:00.000Z,44,0.0835632508561292
2023-01-21T00:00:00.000Z,44,0.0485146789617339
2023-02-05T00:00:00.000Z,26,0.0166407075675993
2023-02-10T00:00:00.000Z,26,0.5357373106525086
2023-02-08T00:00:00.000Z,26,0.5346746719158375
2023-02-28T00:00:00.000Z,33,0.0423230909570436
2023-03-05T00:00:00.000Z,33,0.3812361422310203
2023-03-15T00:00:00.000Z,26,0.4950866579609351
2023-03-10T00:00:00.000Z,26,0.0158958455414497
2023-02-08T00:00:00.000Z,42,0.4336401302753676
2023-02-10T00:00:00.000Z,41,0.5338708037238273
2023-02-05T00:00:00.000Z,41,0.0704947752157807
2023-02-08T00:00:00.000Z,41,0.5339012976843975
2023-03-17T00:00:00.000Z,35,0.3452444119174191
2023-03-22T00:00:00.000Z,35,0.4817260080980841
2023-03-20T00:00:00.000Z,40,0.0444993973275368
2023-03-20T00:00:00.000Z,39,0.0465532079086616
2023-03-20T00:00:00.000Z,35,0.0271232772563415
2023-03-30T00:00:00.000Z,42,0.0148111654320837
2023-03-25T00:00:00.000Z,42,0.1126770410470077
2023-01-26T00:00:00.000Z,0,0.0085567330450228
2023-01-24T00:00:00.000Z,0,0.0017950295747905
2023-01-19T00:00:00.000Z,0,0.069371878338628
2023-01-21T00:00:00.000Z,0,0.0215093695181309
2023-01-04T00:00:00.000Z,2,0.0315703415850131
2023-01-09T00:00:00.000Z,2,0.2498677104241723
2023-01-09T00:00:00.000Z,3,0.3426605015506835
2023-01-06T00:00:00.000Z,3,0.0109705480436305
2023-01-06T00:00:00.000Z,2,0.0964137190505821
2023-01-04T00:00:00.000Z,3,0.0357127827946623
2023-01-09T00:00:00.000Z,0,0.0413023915934061
2023-01-04T00:00:00.000Z,0,0.029740637008798
2023-01-06T00:00:00.000Z,0,0.0805956467965006
2023-02-13T00:00:00.000Z,18,0.3689980368329215
2023-02-18T00:00:00.000Z,18,0.0124292824219898
2023-02-10T00:00:00.000Z,22,0.6613807201976781
2023-02-08T00:00:00.000Z,22,0.7350654488137276
2023-02-05T00:00:00.000Z,22,0.0168780373602932
2023-03-25T00:00:00.000Z,17,0.0583957809008772
2023-03-27T00:00:00.000Z,17,0.0579077675978447
2023-03-30T00:00:00.000Z,17,0.0156441027106103
2023-02-13T00:00:00.000Z,35,0.2242120301354156
2023-02-15T00:00:00.000Z,35,0.5422371300521535
2023-02-18T00:00:00.000Z,35,0.0449415485035818
2023-03-30T00:00:00.000Z,21,0.0563801810706239
2023-03-27T00:00:00.000Z,21,0.2665239830454252
2023-03-25T00:00:00.000Z,21,0.2763211559196053
2023-03-25T00:00:00.000Z,3,0.2135167688762988
2023-03-25T00:00:00.000Z,12,0.2702489152217245
2023-03-30T00:00:00.000Z,3,0.0227898376157372
2023-03-27T00:00:00.000Z,3,0.254842666314912
2023-03-30T00:00:00.000Z,12,0.0721401073601065
2023-02-15T00:00:00.000Z,20,0.0336467117812309
2023-02-15T00:00:00.000Z,17,0.0781947801433526
2023-02-13T00:00:00.000Z,17,0.5324769569246728
2023-02-18T00:00:00.000Z,17,0.010215737870259
2023-03-20T00:00:00.000Z,3,0.1192802425238827
2023-03-22T00:00:00.000Z,3,0.5494579726548626
2023-03-17T00:00:00.000Z,2,0.3371414459446232
2023-03-17T00:00:00.000Z,3,0.4786099215421611
2023-03-20T00:00:00.000Z,2,0.0322605172981846
2023-03-22T00:00:00.000Z,2,0.4087167504616243
2023-03-22T00:00:00.000Z,20,0.1194003727636666
2023-03-17T00:00:00.000Z,20,0.4104032094332594
2023-03-07T00:00:00.000Z,10,0.2315008306521687
2023-03-02T00:00:00.000Z,10,0.5207679092342676
2023-02-28T00:00:00.000Z,10,0.2768409980292217
2023-03-05T00:00:00.000Z,10,0.0434933480762487
2023-01-01T00:00:00.000Z,38,0.2033923088475933
2023-01-04T00:00:00.000Z,12,0.0356112932774394
2023-01-09T00:00:00.000Z,12,0.0551822187479217
2023-01-06T00:00:00.000Z,12,0.0518699054717598
2023-01-14T00:00:00.000Z,38,0.0681490390599794
2023-01-11T00:00:00.000Z,39,0.0355133901310069
2023-01-16T00:00:00.000Z,39,0.046551863922838
2023-01-16T00:00:00.000Z,38,0.0399307283002368
2023-01-11T00:00:00.000Z,38,0.045137475057414
2023-01-14T00:00:00.000Z,39,0.0912402524831816
2023-03-20T00:00:00.000Z,11,0.1726271514693748
2023-03-17T00:00:00.000Z,11,0.5005310379526533
2023-03-22T00:00:00.000Z,11,0.5447045985661271
2023-03-25T00:00:00.000Z,11,0.1380342741095431
2023-03-30T00:00:00.000Z,11,0.0243593511054922
2023-03-27T00:00:00.000Z,11,0.3771899346852551
2023-02-23T00:00:00.000Z,27,0.1859518347995795
2023-02-23T00:00:00.000Z,33,0.2062863769118753
2023-02-15T00:00:00.000Z,26,0.6066496421669456
2023-02-13T00:00:00.000Z,40,-0.0128019508617101
2023-02-13T00:00:00.000Z,43,0.0030564076989896
2023-02-18T00:00:00.000Z,40,0.1754423166841076
2023-02-15T00:00:00.000Z,43,0.5848819977464086
2023-02-18T00:00:00.000Z,43,0.0756913277708248
2023-02-10T00:00:00.000Z,32,0.5128759240965539
2023-02-05T00:00:00.000Z,32,0.037664134580046
2023-02-08T00:00:00.000Z,32,0.5458894186075007
2023-02-23T00:00:00.000Z,32,0.0979212634808741
2023-02-20T00:00:00.000Z,32,0.4622119006427688
2023-02-25T00:00:00.000Z,32,0.0390278675215226
2023-02-18T00:00:00.000Z,42,0.0784611649909631
2023-02-18T00:00:00.000Z,41,0.053731691744651
2023-02-13T00:00:00.000Z,42,-0.0032070103061497
2023-02-13T00:00:00.000Z,41,-0.0032126114634371
2023-03-17T00:00:00.000Z,31,0.215158442006277
2023-03-22T00:00:00.000Z,31,0.5317523048821547
2023-03-22T00:00:00.000Z,43,0.5468294657399716
2023-03-17T00:00:00.000Z,43,0.2889784704687909
2023-03-20T00:00:00.000Z,43,0.0683036629674611
2023-03-20T00:00:00.000Z,31,0.0417286449307779
2023-03-05T00:00:00.000Z,34,0.3724219039909661
2023-03-07T00:00:00.000Z,34,0.3945388247538887
2023-03-02T00:00:00.000Z,34,-0.0007829634654542108
2023-02-28T00:00:00.000Z,34,0.0256241204820618
2023-03-15T00:00:00.000Z,45,0.3850630521774292
2023-03-12T00:00:00.000Z,45,0.0158095882184495
2023-03-10T00:00:00.000Z,45,0.0106476012443051
2023-03-10T00:00:00.000Z,14,0.0353583902516405
2023-03-15T00:00:00.000Z,14,0.0498044862662563
2023-02-15T00:00:00.000Z,16,0.7391581276854213
2023-01-26T00:00:00.000Z,16,0.013036218393788
2023-01-21T00:00:00.000Z,16,0.0567142591501127
2023-03-30T00:00:00.000Z,13,0.0225932553033552
2023-03-25T00:00:00.000Z,13,0.027572546291966
2023-02-23T00:00:00.000Z,6,0.1910602437394336
2023-02-20T00:00:00.000Z,6,0.3249642536116512
2023-02-25T00:00:00.000Z,6,0.0381137580659524
2023-02-23T00:00:00.000Z,23,0.1455362421740167
2023-02-25T00:00:00.000Z,23,0.0680244174838805
2023-02-20T00:00:00.000Z,23,0.5446046052426147
2023-01-31T00:00:00.000Z,11,0.0525422484870586
2023-02-03T00:00:00.000Z,11,0.0076093065786922
2023-01-29T00:00:00.000Z,11,0.0422926315090115
2023-03-05T00:00:00.000Z,9,0.0320299389207957
2023-02-28T00:00:00.000Z,9,0.3282204249897034
2023-02-28T00:00:00.000Z,12,0.2881034039964468
2023-03-05T00:00:00.000Z,12,0.0307615642290027
2023-03-27T00:00:00.000Z,6,0.2516029766901463
2023-03-30T00:00:00.000Z,6,0.0096375087543119
2023-03-25T00:00:00.000Z,6,0.2100577511717425
2023-02-15T00:00:00.000Z,15,0.0231708811205819
2023-03-27T00:00:00.000Z,14,0.0673948133069836
2023-01-09T00:00:00.000Z,11,0.0585922298671194
2023-01-06T00:00:00.000Z,11,0.030642053525403
2023-01-04T00:00:00.000Z,11,0.0350576981190696
2023-03-20T00:00:00.000Z,6,0.0092395215773375
2023-03-17T00:00:00.000Z,6,0.4110490120535724
2023-03-22T00:00:00.000Z,6,0.310435302941787
2023-02-23T00:00:00.000Z,13,-0.0055527776341151
2023-02-08T00:00:00.000Z,0,0.4745253371941896
2023-02-10T00:00:00.000Z,0,0.4390119931474474
2023-02-05T00:00:00.000Z,0,0.0107058056539932
2023-03-12T00:00:00.000Z,14,0.1043580996538959
2023-03-20T00:00:00.000Z,17,0.0188320467499796
2023-03-22T00:00:00.000Z,17,0.0410407458606813
2023-03-17T00:00:00.000Z,17,0.2948236786607455
2023-03-17T00:00:00.000Z,5,0.4560774682029891
2023-03-20T00:00:00.000Z,5,0.0775897594128721
2023-03-22T00:00:00.000Z,5,0.4272390366481495
2023-02-13T00:00:00.000Z,36,0.3146847823418275
2023-02-18T00:00:00.000Z,36,0.0316428612403735
2023-02-15T00:00:00.000Z,36,0.547519035154899
2023-03-22T00:00:00.000Z,16,0.7342583911184936
2023-03-20T00:00:00.000Z,22,0.2259321661531797
2023-03-22T00:00:00.000Z,22,0.4854708828538748
2023-03-17T00:00:00.000Z,22,0.2343430428681253
2023-03-17T00:00:00.000Z,16,0.2841089653512621
2023-03-20T00:00:00.000Z,13,0.1092155533256884
2023-03-27T00:00:00.000Z,16,0.4394738648441977
2023-01-19T00:00:00.000Z,25,0.0318538025353307
2023-01-24T00:00:00.000Z,25,0.0445861019352521
2023-01-14T00:00:00.000Z,25,0.0822930674039226
2023-01-14T00:00:00.000Z,33,0.0526432992064168
2023-02-03T00:00:00.000Z,33,0.0860919027788274
2023-01-29T00:00:00.000Z,33,0.2524341152110483
2023-01-01T00:00:00.000Z,30,0.5020165925263945
2023-01-01T00:00:00.000Z,34,0.6060886874281592
2023-01-01T00:00:00.000Z,44,0.0381741578315939
2023-01-06T00:00:00.000Z,30,0.026046198256562
2023-01-09T00:00:00.000Z,30,0.1281586071578098
2023-01-04T00:00:00.000Z,30,0.0334914213187905
2023-02-23T00:00:00.000Z,25,0.2673695952364287
2023-03-15T00:00:00.000Z,44,-0.0337309481660486
2023-03-10T00:00:00.000Z,44,0.0172263062087698
2023-03-12T00:00:00.000Z,44,0.0163070132888858
2023-02-15T00:00:00.000Z,45,0.0106272710274473
2023-02-13T00:00:00.000Z,45,0.0005821868581405039
2023-02-18T00:00:00.000Z,45,0.0712639585705931
2023-03-02T00:00:00.000Z,38,0.0701817518682785
2023-03-07T00:00:00.000Z,38,0.1381409437454809
2023-02-10T00:00:00.000Z,16,0.6063225605162502
2023-02-08T00:00:00.000Z,13,0.7389217427048181
2023-02-05T00:00:00.000Z,16,0.0099587148200311
2023-02-23T00:00:00.000Z,38,0.0569523699839213
2023-01-01T00:00:00.000Z,26,0.5237301974881189
2023-02-03T00:00:00.000Z,27,0.0402876548321338
2023-01-29T00:00:00.000Z,27,0.2359678959564903
2023-02-03T00:00:00.000Z,25,0.0848382152642681
2023-01-29T00:00:00.000Z,25,0.3410042201678399
2023-01-06T00:00:00.000Z,26,0.0183062904912302
2023-01-26T00:00:00.000Z,31,0.0101907845988994
2023-01-21T00:00:00.000Z,31,0.1216755559061229
2023-01-19T00:00:00.000Z,31,0.1060684608805307
2023-01-24T00:00:00.000Z,31,-0.0073644658265015
2023-01-06T00:00:00.000Z,45,0.0405611585776211
2023-01-09T00:00:00.000Z,45,0.0556203469594855
2023-01-04T00:00:00.000Z,45,0.0318119919430241
2023-02-18T00:00:00.000Z,27,0.0527296939119008
2023-02-13T00:00:00.000Z,27,0.5199289997686143
2023-03-05T00:00:00.000Z,25,0.0597583964322347
2023-02-28T00:00:00.000Z,25,0.1687012382767981
2023-02-28T00:00:00.000Z,27,0.0682366096746858
2023-03-05T00:00:00.000Z,27,0.0447775636364567
2023-02-08T00:00:00.000Z,25,0.5962120592741287
2023-03-20T00:00:00.000Z,25,0.0639269688164941
2023-03-20T00:00:00.000Z,33,0.0697878585631178
2023-03-30T00:00:00.000Z,33,0.0177943231919639
2023-03-25T00:00:00.000Z,33,0.1818036034431542
2023-02-25T00:00:00.000Z,31,0.1878296656443811
2023-02-23T00:00:00.000Z,31,0.0890476021043211
2023-02-20T00:00:00.000Z,31,0.5512410906192705
2023-02-28T00:00:00.000Z,44,0.0139371926422553
2023-03-02T00:00:00.000Z,44,-0.0039036454950893
2023-03-05T00:00:00.000Z,44,0.0370616297037878
2023-03-07T00:00:00.000Z,44,0.0286950206990094
2023-01-31T00:00:00.000Z,38,0.0568733231626699
2023-01-09T00:00:00.000Z,42,0.1305270577117092
2023-01-04T00:00:00.000Z,42,0.0433917616446804
2023-03-22T00:00:00.000Z,38,0.4742151638975625
2023-03-17T00:00:00.000Z,38,0.3485441081887911
2023-02-25T00:00:00.000Z,21,0.0427550417534172
2023-02-23T00:00:00.000Z,21,0.0186980383799038
2023-02-20T00:00:00.000Z,21,0.554417618449461
2023-03-17T00:00:00.000Z,21,0.0967383051902616
2023-03-20T00:00:00.000Z,21,0.378436784828056
2023-03-22T00:00:00.000Z,21,0.3432660528417357
2023-03-20T00:00:00.000Z,4,0.0791288953575683
2023-03-22T00:00:00.000Z,4,0.4076047174565845
2023-03-17T00:00:00.000Z,4,0.321396517231239
2023-03-20T00:00:00.000Z,0,0.0070023520115904
2023-03-22T00:00:00.000Z,0,0.415412933242455
2023-03-17T00:00:00.000Z,0,0.1434341428161846
2023-03-22T00:00:00.000Z,36,0.5035424674594746
2023-03-17T00:00:00.000Z,36,0.2786074767435288
2023-03-20T00:00:00.000Z,1,0.0354154764915802
2023-03-22T00:00:00.000Z,1,0.4669306072668022
2023-03-17T00:00:00.000Z,1,0.177893162895743
2023-03-20T00:00:00.000Z,36,0.0653344108894044
2023-03-22T00:00:00.000Z,37,0.51967305750187
2023-03-20T00:00:00.000Z,37,0.0450476429856391
2023-03-17T00:00:00.000Z,37,0.2655222994588364
2023-03-25T00:00:00.000Z,38,0.1054490297820112
2023-03-30T00:00:00.000Z,38,0.0016459118730496
2023-03-25T00:00:00.000Z,25,0.1700636334693522
2023-03-30T00:00:00.000Z,25,0.0138064067017767
2023-02-13T00:00:00.000Z,32,-0.0022205853087621
2023-02-15T00:00:00.000Z,32,0.1852789846191881
2023-02-18T00:00:00.000Z,32,0.033732030255831
2023-03-20T00:00:00.000Z,42,0.1120533679526832
2023-01-26T00:00:00.000Z,38,0.0031724972267924
2023-01-21T00:00:00.000Z,38,0.0149535832628036
2023-01-14T00:00:00.000Z,11,0.0421557109357998
2023-02-05T00:00:00.000Z,38,0.0194364988956339
2023-02-10T00:00:00.000Z,38,0.2790645288958608
2023-01-24T00:00:00.000Z,33,0.0210862938503319
2023-01-19T00:00:00.000Z,33,0.1105428857144325
2023-01-14T00:00:00.000Z,44,0.0674656844776697
2023-01-16T00:00:00.000Z,44,0.0270352773263137
2023-01-11T00:00:00.000Z,44,0.0568902315407355
2023-01-01T00:00:00.000Z,45,0.0887448497218851
2023-01-29T00:00:00.000Z,45,0.1059444772930484
2023-01-31T00:00:00.000Z,45,0.1632040217108234
2023-02-03T00:00:00.000Z,45,0.0376250986039069
2023-03-10T00:00:00.000Z,25,0.0175270111152927
2023-03-15T00:00:00.000Z,25,0.5525744319724154
2023-03-12T00:00:00.000Z,26,0.0339829145112196
2023-02-03T00:00:00.000Z,38,0.0263184565811552
2023-01-29T00:00:00.000Z,38,0.0225807007511464
2023-02-05T00:00:00.000Z,21,0.027188479235581
2023-02-08T00:00:00.000Z,21,0.6224058190685317
2023-02-10T00:00:00.000Z,21,0.537444284540881
2023-02-25T00:00:00.000Z,16,0.0212611490269767
2023-02-20T00:00:00.000Z,16,0.7223464793927291
2023-02-28T00:00:00.000Z,38,0.0809295772663124
2023-03-05T00:00:00.000Z,38,0.0392099818999009
2023-01-01T00:00:00.000Z,14,0.221593915104532
2023-01-26T00:00:00.000Z,21,0.0076243720027836
2023-01-24T00:00:00.000Z,21,-0.0061053171604371
2023-01-19T00:00:00.000Z,21,0.1454015466121784
2023-01-21T00:00:00.000Z,21,0.0311910947690899
2023-01-26T00:00:00.000Z,14,0.0129800252355355
2023-01-21T00:00:00.000Z,14,0.0606485566367273
2023-01-24T00:00:00.000Z,38,0.0013708465523819
2023-01-19T00:00:00.000Z,38,0.0883205691367284
2023-01-06T00:00:00.000Z,14,0.1508564924413844
2023-03-07T00:00:00.000Z,16,0.0189884887682621
2023-03-02T00:00:00.000Z,16,0.0276453862956192
2023-03-12T00:00:00.000Z,21,0.0135159792125513
2023-03-10T00:00:00.000Z,21,0.0256058621010564
2023-03-15T00:00:00.000Z,21,0.0809721194578084
2023-02-15T00:00:00.000Z,44,0.002068580836357
2023-02-13T00:00:00.000Z,44,-0.0113343368118372
2023-02-18T00:00:00.000Z,44,0.0189041429787623
2023-02-25T00:00:00.000Z,14,0.0626805724303161
2023-02-20T00:00:00.000Z,14,0.6442984712603909
2023-02-15T00:00:00.000Z,14,0.0224605846617838
2023-01-31T00:00:00.000Z,44,0.032771189064224
2023-01-29T00:00:00.000Z,44,0.0182114390981307
2023-02-03T00:00:00.000Z,44,0.0514019373059944
2023-02-08T00:00:00.000Z,44,0.033145907947104
2023-02-05T00:00:00.000Z,44,0.0345427320298711
2023-02-10T00:00:00.000Z,44,0.0196030781786136
2023-02-13T00:00:00.000Z,38,-0.0141242359136366
2023-01-11T00:00:00.000Z,45,0.036227143430941
2023-01-14T00:00:00.000Z,45,0.0793656921824939
2023-01-16T00:00:00.000Z,45,0.0183316239618664
2023-02-20T00:00:00.000Z,45,0.1719447015577446
2023-02-25T00:00:00.000Z,45,0.0190166203937971
2023-02-23T00:00:00.000Z,45,0.0665273630074157
2023-03-15T00:00:00.000Z,0,0.172234490841102
2023-03-10T00:00:00.000Z,0,0.0098190731142363
2023-03-12T00:00:00.000Z,0,0.0550669947225319
2023-02-20T00:00:00.000Z,44,0.0674458072493927
2023-02-23T00:00:00.000Z,44,0.0242813881956457
2023-02-25T00:00:00.000Z,44,0.0127393962679399
2023-02-08T00:00:00.000Z,38,0.2494785825257434
2023-01-24T00:00:00.000Z,45,0.020599407030074
2023-01-21T00:00:00.000Z,45,0.0240911046362271
2023-01-19T00:00:00.000Z,45,0.101457414898115
2023-01-26T00:00:00.000Z,45,0.0139953640771831
2023-01-09T00:00:00.000Z,38,0.1696481221531059
2023-03-20T00:00:00.000Z,38,0.0335665045513974
2023-02-10T00:00:00.000Z,45,0.1059417375436494
2023-02-05T00:00:00.000Z,45,0.0976076379545572
2023-02-08T00:00:00.000Z,45,0.6369361599120882
2023-03-30T00:00:00.000Z,45,0.0141118462374184
2023-03-25T00:00:00.000Z,45,-0.0003731637638398691
2023-03-27T00:00:00.000Z,45,0.0307915265818467
2023-04-01T00:00:00.000Z,9,0.0345756465676806
2023-04-06T00:00:00.000Z,7,0.5299006570557908
2023-04-04T00:00:00.000Z,9,0.6073529216102062
2023-04-04T00:00:00.000Z,8,0.5454223428539169
2023-04-06T00:00:00.000Z,8,0.5672756149199508
2023-04-01T00:00:00.000Z,8,0.0231577847580747
2023-04-06T00:00:00.000Z,5,0.6177826375248042
2023-04-04T00:00:00.000Z,5,0.643231631684653
2023-04-01T00:00:00.000Z,7,0.0239409079330106
2023-04-06T00:00:00.000Z,9,0.5945699983177007
2023-04-01T00:00:00.000Z,5,0.0230211411259415
2023-04-04T00:00:00.000Z,7,0.5474420896887539
2023-04-01T00:00:00.000Z,6,0.0242635782328119
2023-04-06T00:00:00.000Z,6,0.4721020327259045
2023-04-04T00:00:00.000Z,6,0.4850829540099312
2023-04-01T00:00:00.000Z,12,0.0349555872574779
2023-04-04T00:00:00.000Z,12,0.6701200814547519
2023-04-06T00:00:00.000Z,12,0.5847956552116533
2023-04-01T00:00:00.000Z,43,0.0333296622462049
2023-04-04T00:00:00.000Z,43,0.6195802849613523
2023-04-01T00:00:00.000Z,41,0.0290753333556809
2023-04-01T00:00:00.000Z,40,0.037551420809558
2023-04-04T00:00:00.000Z,42,0.6555777893634777
2023-04-06T00:00:00.000Z,43,0.5930454254558345
2023-04-04T00:00:00.000Z,40,0.5751367680369306
2023-04-04T00:00:00.000Z,41,0.6236465333149458
2023-04-01T00:00:00.000Z,42,0.0253882445668948
2023-04-06T00:00:00.000Z,41,0.6095140272825283
2023-04-06T00:00:00.000Z,42,0.6402052987992555
2023-04-06T00:00:00.000Z,40,0.5613055494324102
2023-04-29T00:00:00.000Z,19,0.060715504301591
2023-04-29T00:00:00.000Z,10,0.1106911951005822
2023-04-26T00:00:00.000Z,10,0.1819397374936574
2023-04-26T00:00:00.000Z,19,0.1853785012948623
2023-05-01T00:00:00.000Z,10,0.0341553911286324
2023-05-01T00:00:00.000Z,19,0.0662166570809955
2023-04-11T00:00:00.000Z,8,0.3658517239726956
2023-04-16T00:00:00.000Z,7,0.0203395188476093
2023-04-11T00:00:00.000Z,6,0.0847737065893862
2023-04-11T00:00:00.000Z,7,0.2503477757387687
2023-04-16T00:00:00.000Z,6,0.0174939746646266
2023-04-14T00:00:00.000Z,6,0.5177225524188099
2023-04-14T00:00:00.000Z,7,0.5270563649585468
2023-04-16T00:00:00.000Z,8,0.0144757109785639
2023-04-09T00:00:00.000Z,8,0.4486582288834528
2023-04-09T00:00:00.000Z,7,0.2309946738272007
2023-04-14T00:00:00.000Z,8,0.3916920633870719
2023-04-09T00:00:00.000Z,6,0.1589549017627065
2023-05-19T00:00:00.000Z,20,0.4093458313259359
2023-05-24T00:00:00.000Z,7,0.3511008548491163
2023-05-24T00:00:00.000Z,15,0.6131912641241022
2023-05-26T00:00:00.000Z,7,0.6947547143170834
2023-05-21T00:00:00.000Z,20,0.4631395883378447
2023-05-26T00:00:00.000Z,15,0.7087470061249018
2023-05-21T00:00:00.000Z,15,0.4041470140954684
2023-05-21T00:00:00.000Z,7,0.3739274278129829
2023-05-24T00:00:00.000Z,20,0.4321467187836371
2023-05-26T00:00:00.000Z,20,0.7290291905804959
2023-05-19T00:00:00.000Z,7,0.0537514978924759
2023-05-19T00:00:00.000Z,15,0.3215773301769088
2023-04-29T00:00:00.000Z,16,0.0714265820885846
2023-04-29T00:00:00.000Z,15,0.0346073611197845
2023-04-29T00:00:00.000Z,14,0.0388606189237292
2023-04-26T00:00:00.000Z,15,0.2829456472415068
2023-04-26T00:00:00.000Z,14,0.1941341636308313
2023-04-29T00:00:00.000Z,23,0.0340384562812532
2023-05-01T00:00:00.000Z,23,0.0703549004724087
2023-04-26T00:00:00.000Z,23,0.2381603421464589
2023-05-01T00:00:00.000Z,15,0.187971030823854
2023-05-01T00:00:00.000Z,14,0.0528695148412031
2023-04-19T00:00:00.000Z,29,0.0337989674516016
2023-04-21T00:00:00.000Z,28,0.7605993635929815
2023-04-24T00:00:00.000Z,29,0.2162806276609582
2023-04-21T00:00:00.000Z,24,0.7306874628469472
2023-04-21T00:00:00.000Z,29,0.6993634650514661
2023-04-24T00:00:00.000Z,24,0.0799771236719282
2023-04-19T00:00:00.000Z,28,0.0471160296133737
2023-04-24T00:00:00.000Z,28,0.0045516050108056
2023-04-19T00:00:00.000Z,24,0.0554405638868842
2023-05-29T00:00:00.000Z,24,0.76658819237538
2023-06-03T00:00:00.000Z,29,0.7123615973158156
2023-06-03T00:00:00.000Z,28,0.6736325185283859
2023-05-29T00:00:00.000Z,28,0.7130979565358081
2023-05-29T00:00:00.000Z,29,0.7464342038770567
2023-05-31T00:00:00.000Z,29,0.7374898757479166
2023-06-03T00:00:00.000Z,24,0.7276527154885613
2023-05-31T00:00:00.000Z,24,0.7563399815670728
2023-05-31T00:00:00.000Z,28,0.7902204018799226
2023-04-09T00:00:00.000Z,5,0.3722806184482167
2023-04-16T00:00:00.000Z,5,0.0100756359859185
2023-04-14T00:00:00.000Z,3,0.4838689440981679
2023-04-09T00:00:00.000Z,12,0.4775138026230103
2023-04-14T00:00:00.000Z,2,0.4831854305685864
2023-04-09T00:00:00.000Z,3,0.4194280241336168
2023-04-11T00:00:00.000Z,3,0.1781406904005829
2023-04-14T00:00:00.000Z,12,0.1938784867439001
2023-04-16T00:00:00.000Z,3,0.0091166419655286
2023-04-11T00:00:00.000Z,12,0.3516546682441431
2023-04-16T00:00:00.000Z,2,0.0135465653147116
2023-04-09T00:00:00.000Z,2,0.2769197665627268
2023-04-14T00:00:00.000Z,5,0.480261223230428
2023-04-11T00:00:00.000Z,2,0.1605950910062191
2023-04-11T00:00:00.000Z,5,0.3055304848809759
2023-04-16T00:00:00.000Z,12,0.0105263236418736
2023-05-04T00:00:00.000Z,39,0.6689537305389412
2023-05-04T00:00:00.000Z,35,0.6673851735965062
2023-05-09T00:00:00.000Z,3,0.4290372282584256
2023-05-09T00:00:00.000Z,2,0.2874568372187624
2023-05-09T00:00:00.000Z,39,0.3304319985873137
2023-05-06T00:00:00.000Z,35,0.3961139133189828
2023-05-09T00:00:00.000Z,35,0.2640705439895365
2023-05-04T00:00:00.000Z,3,0.7052276235738477
2023-05-06T00:00:00.000Z,2,0.4537140189124284
2023-05-04T00:00:00.000Z,2,0.6529777818152854
2023-05-06T00:00:00.000Z,3,0.4134781849404288
2023-05-06T00:00:00.000Z,39,0.3415320372283086
2023-05-16T00:00:00.000Z,5,0.0049768327483499
2023-05-11T00:00:00.000Z,0,0.0350132733548282
2023-05-14T00:00:00.000Z,0,0.1012928441089349
2023-05-16T00:00:00.000Z,4,0.0135802520783488
2023-05-16T00:00:00.000Z,2,0.0180639337031471
2023-05-14T00:00:00.000Z,2,0.1368850859514075
2023-05-11T00:00:00.000Z,2,0.0354146502356878
2023-05-14T00:00:00.000Z,4,0.1135266843813716
2023-05-11T00:00:00.000Z,4,0.0437786074411126
2023-05-14T00:00:00.000Z,5,0.0860341986755443
2023-05-11T00:00:00.000Z,5,0.0409330745142624
2023-05-16T00:00:00.000Z,0,0.011053192708887
2023-05-24T00:00:00.000Z,39,0.0607516563781133
2023-05-19T00:00:00.000Z,2,0.0029993184501318
2023-05-26T00:00:00.000Z,35,0.6510634166564626
2023-05-19T00:00:00.000Z,3,-0.00035129921200364973
2023-05-26T00:00:00.000Z,3,0.7222728397134294
2023-05-19T00:00:00.000Z,35,0.0032384397775604
2023-05-21T00:00:00.000Z,3,0.3058152349269938
2023-05-26T00:00:00.000Z,2,0.7064304008479784
2023-05-24T00:00:00.000Z,2,0.023061710680833
2023-05-21T00:00:00.000Z,39,0.2336902472685039
2023-05-24T00:00:00.000Z,35,0.0604328084215245
2023-05-21T00:00:00.000Z,2,0.3128601115039068
2023-05-21T00:00:00.000Z,35,0.2519779422219403
2023-05-24T00:00:00.000Z,3,0.0269853554373173
2023-05-26T00:00:00.000Z,39,0.6461698082194979
2023-05-19T00:00:00.000Z,39,0.0180499477949267
2023-06-28T00:00:00.000Z,19,0.2435721392550442
2023-06-28T00:00:00.000Z,7,0.309519924880261
2023-06-28T00:00:00.000Z,20,0.2471194835240179
2023-06-25T00:00:00.000Z,8,0.6187878835415991
2023-06-20T00:00:00.000Z,5,0.6024524301937227
2023-06-23T00:00:00.000Z,7,0.3624177841688076
2023-06-25T00:00:00.000Z,9,0.6490071010527327
2023-06-23T00:00:00.000Z,8,0.0122342181190924
2023-06-23T00:00:00.000Z,9,0.0260488614010185
2023-06-25T00:00:00.000Z,5,0.6766749701989521
2023-06-25T00:00:00.000Z,7,0.6201752334668238
2023-06-20T00:00:00.000Z,7,0.5923108533937171
2023-06-20T00:00:00.000Z,9,0.6426130521563752
2023-06-23T00:00:00.000Z,5,0.2974411793036235
2023-06-20T00:00:00.000Z,8,0.6132166959264177
2023-06-20T00:00:00.000Z,4,0.522934605288867
2023-06-23T00:00:00.000Z,12,0.1449560340429735
2023-06-25T00:00:00.000Z,4,0.582189543629872
2023-06-25T00:00:00.000Z,12,0.6712033951433348
2023-06-23T00:00:00.000Z,4,0.3420750512165717
2023-06-20T00:00:00.000Z,12,0.6242442738708468
2023-06-28T00:00:00.000Z,36,0.3925249278884735
2023-06-28T00:00:00.000Z,37,0.1595100475537952
2023-06-28T00:00:00.000Z,35,0.2040901136416726
2023-04-16T00:00:00.000Z,9,0.0084221532592872
2023-04-16T00:00:00.000Z,10,0.0202123794103205
2023-04-11T00:00:00.000Z,9,0.413224916454496
2023-04-14T00:00:00.000Z,9,0.3722529045321404
2023-04-11T00:00:00.000Z,10,0.332347532003771
2023-04-14T00:00:00.000Z,10,0.251509522461506
2023-04-09T00:00:00.000Z,9,0.4622402684891097
2023-04-09T00:00:00.000Z,10,0.4265619938884298
2023-05-26T00:00:00.000Z,10,0.7423889803552116
2023-05-24T00:00:00.000Z,9,0.1607328183723433
2023-05-21T00:00:00.000Z,9,0.4795969866647926
2023-05-19T00:00:00.000Z,9,0.0376318223625376
2023-05-26T00:00:00.000Z,9,0.7040880170635556
2023-05-24T00:00:00.000Z,10,0.2717914597982498
2023-05-21T00:00:00.000Z,10,0.5184320164364735
2023-05-19T00:00:00.000Z,10,0.0799221089222924
2023-04-29T00:00:00.000Z,9,0.0453228259464498
2023-04-29T00:00:00.000Z,12,0.0442188362427969
2023-04-26T00:00:00.000Z,12,0.1997439037344023
2023-05-01T00:00:00.000Z,12,0.0835920398509893
2023-05-01T00:00:00.000Z,9,0.0402959888311212
2023-04-26T00:00:00.000Z,9,0.1528452025885441
2023-05-21T00:00:00.000Z,12,0.2724140015643758
2023-05-24T00:00:00.000Z,11,0.0368945647385807
2023-05-26T00:00:00.000Z,11,0.5993445560174078
2023-05-26T00:00:00.000Z,12,0.7072452820789614
2023-05-24T00:00:00.000Z,12,-0.0359938958960635
2023-05-19T00:00:00.000Z,12,0.0212058485876393
2023-05-19T00:00:00.000Z,11,-0.0037991794778094
2023-05-21T00:00:00.000Z,11,0.2916867704490059
2023-06-13T00:00:00.000Z,10,0.7184305931224542
2023-06-15T00:00:00.000Z,10,0.6817905306640522
2023-06-18T00:00:00.000Z,10,0.684713697048603
2023-06-18T00:00:00.000Z,9,0.6791968371726654
2023-06-15T00:00:00.000Z,9,0.5875437130579725
2023-06-13T00:00:00.000Z,9,0.7045394762025867
2023-06-28T00:00:00.000Z,39,0.2846808736518113
2023-06-28T00:00:00.000Z,38,0.223536263463432
2023-06-28T00:00:00.000Z,3,0.515905835585749
2023-04-21T00:00:00.000Z,30,0.6937369090444344
2023-04-24T00:00:00.000Z,30,0.2189194977162335
2023-04-24T00:00:00.000Z,27,0.0206588390378062
2023-04-19T00:00:00.000Z,27,0.0158951200584888
2023-04-19T00:00:00.000Z,30,0.0188691230411347
2023-04-29T00:00:00.000Z,25,0.2097428656339129
2023-04-29T00:00:00.000Z,26,0.2826028661482501
2023-04-29T00:00:00.000Z,34,0.3005323081210579
2023-04-29T00:00:00.000Z,33,0.4211786191426258
2023-04-29T00:00:00.000Z,30,0.3625308532284418
2023-05-01T00:00:00.000Z,30,0.0392374454729676
2023-04-26T00:00:00.000Z,30,0.1291638945878286
2023-04-26T00:00:00.000Z,34,0.2024804807143975
2023-05-01T00:00:00.000Z,34,0.0737025329613015
2023-05-11T00:00:00.000Z,29,0.0585705149402295
2023-05-11T00:00:00.000Z,28,0.052308415762493
2023-05-14T00:00:00.000Z,30,0.078633758219748
2023-05-11T00:00:00.000Z,30,0.0635666326532986
2023-05-16T00:00:00.000Z,30,0.0181476931612735
2023-05-16T00:00:00.000Z,24,0.0212815413974637
2023-05-16T00:00:00.000Z,28,0.0220546697514661
2023-05-14T00:00:00.000Z,28,0.2090801514552733
2023-05-14T00:00:00.000Z,29,0.0862628214846071
2023-05-14T00:00:00.000Z,24,0.0644443158421682
2023-05-11T00:00:00.000Z,24,0.0505239100348586
2023-05-16T00:00:00.000Z,29,0.0201682281057193
2023-06-03T00:00:00.000Z,30,0.5885482576307197
2023-06-03T00:00:00.000Z,34,0.6732756361158732
2023-05-31T00:00:00.000Z,34,0.7336466409135439
2023-05-29T00:00:00.000Z,30,0.7314212208136676
2023-05-31T00:00:00.000Z,30,0.7183219214574258
2023-06-03T00:00:00.000Z,26,0.5884468642942364
2023-05-29T00:00:00.000Z,34,0.7661928151727126
2023-05-29T00:00:00.000Z,26,0.7117063824875591
2023-05-31T00:00:00.000Z,26,0.7222385563142714
2023-04-09T00:00:00.000Z,43,0.4430019681602362
2023-04-16T00:00:00.000Z,40,0.0180733843963003
2023-04-14T00:00:00.000Z,40,0.4304455181976773
2023-04-11T00:00:00.000Z,37,0.1023587403983965
2023-04-16T00:00:00.000Z,43,0.0163277812381369
2023-04-09T00:00:00.000Z,40,0.2787253388077404
2023-04-14T00:00:00.000Z,37,0.4890013016961476
2023-04-09T00:00:00.000Z,37,0.0472169379316934
2023-04-11T00:00:00.000Z,43,0.0818544381446955
2023-04-11T00:00:00.000Z,40,0.0857816035103587
2023-04-14T00:00:00.000Z,43,0.3649510073536016
2023-04-16T00:00:00.000Z,37,0.0089690780366215
2023-04-29T00:00:00.000Z,32,0.2925676308010853
2023-04-26T00:00:00.000Z,41,0.1785174702680224
2023-05-01T00:00:00.000Z,44,0.0538234119489789
2023-04-29T00:00:00.000Z,41,0.406553309547622
2023-04-29T00:00:00.000Z,44,-0.0088145546319495
2023-05-01T00:00:00.000Z,41,0.0696583288075645
2023-05-01T00:00:00.000Z,32,0.0335698402979714
2023-04-26T00:00:00.000Z,32,0.1345851337436185
2023-04-26T00:00:00.000Z,44,0.0392655360945746
2023-05-29T00:00:00.000Z,31,0.7722436326997832
2023-05-31T00:00:00.000Z,37,0.7629342403177782
2023-06-03T00:00:00.000Z,31,0.6131121955975984
2023-05-29T00:00:00.000Z,37,0.771316901083463
2023-06-03T00:00:00.000Z,37,0.5622182727791255
2023-05-31T00:00:00.000Z,31,0.756254303718236
2023-05-16T00:00:00.000Z,32,0.0369352600382491
2023-05-11T00:00:00.000Z,32,0.0520485459166278
2023-05-16T00:00:00.000Z,34,0.0829409923694055
2023-05-14T00:00:00.000Z,32,0.1058292025749098
2023-05-14T00:00:00.000Z,34,0.0310488297730376
2023-05-11T00:00:00.000Z,34,0.0492104926531729
2023-06-05T00:00:00.000Z,41,0.4659990400151184
2023-06-10T00:00:00.000Z,32,0.5596277804479185
2023-06-05T00:00:00.000Z,32,0.5046152009834447
2023-06-08T00:00:00.000Z,31,0.0026899973376659
2023-06-08T00:00:00.000Z,32,0.4354784277441799
2023-06-08T00:00:00.000Z,41,0.6162319674009948
2023-06-10T00:00:00.000Z,43,0.5412688905937945
2023-06-08T00:00:00.000Z,43,0.1022375321161805
2023-06-05T00:00:00.000Z,43,0.5173044075489114
2023-06-10T00:00:00.000Z,41,0.5589142394968577
2023-06-10T00:00:00.000Z,31,0.3969265409238603
2023-06-05T00:00:00.000Z,31,0.3628320246537102
2023-06-03T00:00:00.000Z,41,0.6947991735962736
2023-05-31T00:00:00.000Z,41,0.695539157252368
2023-05-31T00:00:00.000Z,45,0.1127621733758295
2023-05-29T00:00:00.000Z,41,0.7122350896248932
2023-06-03T00:00:00.000Z,45,0.1945767370821504
2023-05-29T00:00:00.000Z,45,0.2604495635768922
2023-06-13T00:00:00.000Z,28,0.6962087903608113
2023-06-13T00:00:00.000Z,29,0.7299958199869725
2023-06-15T00:00:00.000Z,29,0.4727366321928127
2023-06-15T00:00:00.000Z,30,0.4112725336952129
2023-06-15T00:00:00.000Z,28,0.1930945651895881
2023-06-13T00:00:00.000Z,30,0.7373412508943603
2023-06-18T00:00:00.000Z,28,0.5920530236535964
2023-06-18T00:00:00.000Z,27,0.4889546052772331
2023-06-13T00:00:00.000Z,27,0.7081060447069527
2023-06-18T00:00:00.000Z,29,0.630786929849372
2023-06-18T00:00:00.000Z,30,0.5667128794027119
2023-06-15T00:00:00.000Z,31,0.2894163255452797
2023-06-18T00:00:00.000Z,31,0.6262268733041157
2023-06-18T00:00:00.000Z,37,0.631680827774905
2023-06-13T00:00:00.000Z,31,0.7424046152617941
2023-06-13T00:00:00.000Z,37,0.7358226282450324
2023-06-15T00:00:00.000Z,37,0.446256971577065
2023-06-15T00:00:00.000Z,41,0.4799456194315733
2023-06-13T00:00:00.000Z,41,0.6811999954167944
2023-06-18T00:00:00.000Z,42,0.614388632820748
2023-06-15T00:00:00.000Z,42,0.4573295262089678
2023-06-13T00:00:00.000Z,43,0.7146931074642661
2023-06-18T00:00:00.000Z,32,0.6315921783174852
2023-06-13T00:00:00.000Z,42,0.6826140316786433
2023-06-18T00:00:00.000Z,41,0.629036047458797
2023-06-13T00:00:00.000Z,32,0.6820316940342759
2023-06-18T00:00:00.000Z,43,0.5033860255501909
2023-06-15T00:00:00.000Z,43,0.3983868299647654
2023-06-15T00:00:00.000Z,32,0.4624088279121962
2023-05-26T00:00:00.000Z,40,0.6759742388504133
2023-05-21T00:00:00.000Z,40,0.2209989485687223
2023-05-26T00:00:00.000Z,42,0.6594346008457631
2023-05-21T00:00:00.000Z,42,0.4089761448813618
2023-06-05T00:00:00.000Z,42,0.3612707329440631
2023-06-10T00:00:00.000Z,42,0.5795640705079506
2023-04-01T00:00:00.000Z,11,0.0240607577249657
2023-04-06T00:00:00.000Z,11,0.4580584069617049
2023-04-01T00:00:00.000Z,26,0.018456678789757
2023-04-06T00:00:00.000Z,30,0.6234287679646404
2023-04-04T00:00:00.000Z,26,0.6512552645605973
2023-04-01T00:00:00.000Z,34,0.0185226086982554
2023-04-01T00:00:00.000Z,30,0.0231984741953284
2023-04-06T00:00:00.000Z,34,0.4971708619976479
2023-04-04T00:00:00.000Z,34,0.6576715508527762
2023-04-06T00:00:00.000Z,26,0.5440023332743312
2023-04-04T00:00:00.000Z,30,0.7064612341943417
2023-04-24T00:00:00.000Z,15,0.0405647483780943
2023-04-24T00:00:00.000Z,18,0.1755715695130185
2023-04-24T00:00:00.000Z,20,0.0388071134271408
2023-04-19T00:00:00.000Z,20,0.0078214536892138
2023-04-19T00:00:00.000Z,18,0.0157236445026804
2023-04-19T00:00:00.000Z,15,0.0259432689864673
2023-04-11T00:00:00.000Z,19,0.1751986678267791
2023-04-11T00:00:00.000Z,20,0.2358963007431875
2023-04-14T00:00:00.000Z,20,0.5472528512403587
2023-04-16T00:00:00.000Z,20,0.0239476525238166
2023-04-16T00:00:00.000Z,19,0.0188615332927124
2023-04-14T00:00:00.000Z,19,0.3433016873912928
2023-04-09T00:00:00.000Z,19,0.243515818431517
2023-04-09T00:00:00.000Z,20,0.1104235808440414
2023-04-21T00:00:00.000Z,7,0.450795401809809
2023-04-24T00:00:00.000Z,6,0.1008651274680882
2023-04-21T00:00:00.000Z,15,0.626226884620823
2023-04-21T00:00:00.000Z,6,0.4551864709965167
2023-04-21T00:00:00.000Z,20,0.5390081946434558
2023-04-19T00:00:00.000Z,6,0.0031864184004539
2023-04-24T00:00:00.000Z,7,0.2236925660791316
2023-04-19T00:00:00.000Z,7,0.0028488361786323
2023-05-09T00:00:00.000Z,6,0.311730302528496
2023-05-04T00:00:00.000Z,8,0.5530937976450184
2023-05-04T00:00:00.000Z,7,0.5087807222887621
2023-05-06T00:00:00.000Z,7,0.4158511196214931
2023-05-09T00:00:00.000Z,7,0.2568498796230689
2023-05-06T00:00:00.000Z,8,0.365036459199349
2023-05-09T00:00:00.000Z,8,0.4173487155535101
2023-05-06T00:00:00.000Z,6,0.4134593398252616
2023-05-04T00:00:00.000Z,6,0.4589330768234981
2023-05-31T00:00:00.000Z,20,0.7349445028560634
2023-05-31T00:00:00.000Z,19,0.7445930641420817
2023-05-31T00:00:00.000Z,7,0.6881891039777513
2023-05-29T00:00:00.000Z,7,0.6920379102408727
2023-05-29T00:00:00.000Z,19,0.7504039999987958
2023-06-03T00:00:00.000Z,19,0.7276112144072489
2023-06-03T00:00:00.000Z,20,0.6799780982749516
2023-06-03T00:00:00.000Z,7,0.6666396653290964
2023-05-29T00:00:00.000Z,20,0.7010298839667928
2023-04-21T00:00:00.000Z,23,0.6391483981068419
2023-04-19T00:00:00.000Z,16,0.1485676889836101
2023-04-24T00:00:00.000Z,16,0.0131367939829874
2023-04-24T00:00:00.000Z,14,0.0142052722924213
2023-04-21T00:00:00.000Z,14,0.6558370502745966
2023-04-24T00:00:00.000Z,23,0.157075230281438
2023-04-19T00:00:00.000Z,23,0.013920871744116
2023-04-19T00:00:00.000Z,14,0.0223708757565024
2023-04-01T00:00:00.000Z,10,0.0365320116599049
2023-04-04T00:00:00.000Z,10,0.4426432725392604
2023-04-06T00:00:00.000Z,19,0.5517846048314733
2023-04-04T00:00:00.000Z,19,0.5524058494659962
2023-04-06T00:00:00.000Z,10,0.5583555166126797
2023-04-01T00:00:00.000Z,19,0.025644260679451
2023-04-26T00:00:00.000Z,29,0.152194793065945
2023-05-01T00:00:00.000Z,24,0.0854278623195512
2023-04-29T00:00:00.000Z,29,0.4116802276940416
2023-05-01T00:00:00.000Z,28,0.1774060639654061
2023-04-29T00:00:00.000Z,24,0.287537723010533
2023-04-29T00:00:00.000Z,28,0.1607686150881333
2023-04-26T00:00:00.000Z,24,0.1264083912944562
2023-04-26T00:00:00.000Z,28,0.2152131254875025
2023-05-01T00:00:00.000Z,29,0.0531028318598224
2023-06-10T00:00:00.000Z,23,0.599924160333002
2023-06-08T00:00:00.000Z,15,0.4417725151795467
2023-06-08T00:00:00.000Z,23,0.7150367812574769
2023-06-08T00:00:00.000Z,16,0.543052997653479
2023-06-10T00:00:00.000Z,15,0.6529007240685061
2023-06-05T00:00:00.000Z,14,0.7891562562409146
2023-06-05T00:00:00.000Z,23,0.5087696913260403
2023-06-10T00:00:00.000Z,14,0.5139933528597885
2023-06-08T00:00:00.000Z,14,0.5751472642339651
2023-06-05T00:00:00.000Z,15,0.6467487524687816
2023-05-31T00:00:00.000Z,22,0.767925478649765
2023-05-29T00:00:00.000Z,13,0.7695228810502736
2023-06-03T00:00:00.000Z,22,0.7379492085909924
2023-05-29T00:00:00.000Z,16,0.699256793888089
2023-06-03T00:00:00.000Z,16,0.6218354546009637
2023-05-31T00:00:00.000Z,16,0.7794242737798301
2023-06-03T00:00:00.000Z,13,0.7504593750874766
2023-05-29T00:00:00.000Z,22,0.7687727193361277
2023-04-21T00:00:00.000Z,9,0.170969051267319
2023-04-24T00:00:00.000Z,9,0.0653623090316746
2023-04-19T00:00:00.000Z,12,0.0061533817945451
2023-04-24T00:00:00.000Z,4,0.0554143626445
2023-04-21T00:00:00.000Z,12,0.3764952039441775
2023-04-19T00:00:00.000Z,5,0.0119579347697574
2023-04-24T00:00:00.000Z,5,0.0677623089181791
2023-04-19T00:00:00.000Z,4,0.0100823545344997
2023-04-24T00:00:00.000Z,12,0.1156415135923389
2023-04-21T00:00:00.000Z,4,0.574557572707482
2023-04-19T00:00:00.000Z,9,0.0033835568436216
2023-04-21T00:00:00.000Z,5,0.4312274133900858
2023-05-09T00:00:00.000Z,1,0.2320184222480778
2023-05-06T00:00:00.000Z,36,0.4701653948257366
2023-05-04T00:00:00.000Z,37,0.7074237866360484
2023-05-06T00:00:00.000Z,1,0.3422563834798012
2023-05-09T00:00:00.000Z,37,0.1617216293062189
2023-05-04T00:00:00.000Z,36,0.6990761966035023
2023-05-04T00:00:00.000Z,1,0.6190475015955049
2023-05-09T00:00:00.000Z,36,0.1562038920396722
2023-05-06T00:00:00.000Z,37,0.3978638538602958
2023-06-03T00:00:00.000Z,23,0.6910412878120765
2023-05-29T00:00:00.000Z,4,0.6495126967726943
2023-06-03T00:00:00.000Z,15,0.6738070671028423
2023-06-03T00:00:00.000Z,4,0.6277994073392651
2023-05-31T00:00:00.000Z,15,0.7017433901349713
2023-05-31T00:00:00.000Z,4,0.648598282174701
2023-05-31T00:00:00.000Z,23,0.7390812380156353
2023-05-29T00:00:00.000Z,23,0.7459779884382045
2023-05-29T00:00:00.000Z,15,0.7025742787017784
2023-05-24T00:00:00.000Z,22,0.1535675669498068
2023-05-21T00:00:00.000Z,22,0.2714842357058643
2023-05-24T00:00:00.000Z,1,0.0277622354499419
2023-05-26T00:00:00.000Z,22,0.7502810535526765
2023-05-26T00:00:00.000Z,1,0.7245464843370586
2023-05-26T00:00:00.000Z,36,0.7464857923246789
2023-05-21T00:00:00.000Z,1,0.5357082960263563
2023-05-19T00:00:00.000Z,36,0.0106835325957264
2023-05-19T00:00:00.000Z,22,0.0138072585868847
2023-05-19T00:00:00.000Z,1,0.0113773668038045
2023-05-21T00:00:00.000Z,36,0.4334514349577031
2023-05-24T00:00:00.000Z,36,0.0007418145020544988
2023-06-23T00:00:00.000Z,20,0.2672117936548959
2023-06-23T00:00:00.000Z,14,0.2797651856064727
2023-06-25T00:00:00.000Z,15,0.6170779981730405
2023-06-23T00:00:00.000Z,15,0.3316166770173088
2023-06-20T00:00:00.000Z,15,0.5444352635482457
2023-06-15T00:00:00.000Z,19,0.6601999888462547
2023-06-15T00:00:00.000Z,20,0.588715739495735
2023-06-15T00:00:00.000Z,7,0.6077571080543063
2023-06-13T00:00:00.000Z,7,0.6682066597223609
2023-06-18T00:00:00.000Z,7,0.6424462150927934
2023-06-18T00:00:00.000Z,19,0.6844735075036757
2023-06-13T00:00:00.000Z,20,0.6636149341387125
2023-06-18T00:00:00.000Z,20,0.6243895387365308
2023-06-13T00:00:00.000Z,19,0.7152958207641155
2023-04-04T00:00:00.000Z,25,0.5880485975339194
2023-04-04T00:00:00.000Z,33,0.631244472575631
2023-06-08T00:00:00.000Z,20,0.451831017659238
2023-05-04T00:00:00.000Z,19,0.5072577295842138
2023-05-09T00:00:00.000Z,10,0.5034556109293601
2023-05-06T00:00:00.000Z,10,0.2689273636231173
2023-05-04T00:00:00.000Z,10,0.5660793448531611
2023-05-09T00:00:00.000Z,19,0.3081125151659875
2023-05-06T00:00:00.000Z,19,0.1859438101221008
2023-06-25T00:00:00.000Z,29,0.6979472137108594
2023-06-25T00:00:00.000Z,24,0.7195460650672897
2023-06-23T00:00:00.000Z,24,0.3958532339837211
2023-06-20T00:00:00.000Z,24,0.5232384775683808
2023-06-20T00:00:00.000Z,28,0.4659565055696798
2023-06-23T00:00:00.000Z,29,0.3900100336653305
2023-06-23T00:00:00.000Z,28,0.3522763715934101
2023-06-20T00:00:00.000Z,29,0.5044040016051391
2023-06-25T00:00:00.000Z,28,0.7772108310300286
2023-04-24T00:00:00.000Z,19,0.0637219100337874
2023-04-19T00:00:00.000Z,8,0.0061197548923361
2023-04-21T00:00:00.000Z,19,0.0843735347898078
2023-04-24T00:00:00.000Z,8,0.015848426634427
2023-04-21T00:00:00.000Z,10,0.0486499854095001
2023-04-21T00:00:00.000Z,8,0.0660929472810678
2023-04-19T00:00:00.000Z,19,0.0125137848373236
2023-04-19T00:00:00.000Z,10,0.086868399852962
2023-04-24T00:00:00.000Z,10,0.0318191892909539
2023-05-14T00:00:00.000Z,19,0.0364347876466642
2023-05-11T00:00:00.000Z,19,0.0544484798318525
2023-05-16T00:00:00.000Z,19,0.0942202245742203
2023-06-28T00:00:00.000Z,23,0.4177907012702213
2023-06-28T00:00:00.000Z,4,0.3417533532428382
2023-06-28T00:00:00.000Z,2,0.4398934156645319
2023-06-28T00:00:00.000Z,0,0.4817590770607459
2023-06-28T00:00:00.000Z,22,0.1845321355500227
2023-06-28T00:00:00.000Z,1,0.4372338430796704
2023-05-26T00:00:00.000Z,19,0.7440500408300305
2023-05-19T00:00:00.000Z,19,0.1289904521196287
2023-05-21T00:00:00.000Z,19,0.3482580252896638
2023-05-24T00:00:00.000Z,19,0.2269611534575204
2023-04-19T00:00:00.000Z,13,0.1782248077260656
2023-04-24T00:00:00.000Z,13,0.0325720646001425
2023-06-08T00:00:00.000Z,28,0.4593297911458746
2023-06-08T00:00:00.000Z,13,0.6575385257118828
2023-06-28T00:00:00.000Z,5,0.3474511870274337
2023-06-28T00:00:00.000Z,12,0.2804135883692816
2023-04-26T00:00:00.000Z,7,0.2322848684252815
2023-04-29T00:00:00.000Z,4,0.0622840965057422
2023-04-26T00:00:00.000Z,4,0.2035907689300409
2023-05-01T00:00:00.000Z,4,0.132733241689572
2023-04-29T00:00:00.000Z,7,0.033727823912333
2023-05-01T00:00:00.000Z,7,0.1725329059116825
2023-05-31T00:00:00.000Z,10,0.7539175963154782
2023-06-03T00:00:00.000Z,10,0.7100356772875992
2023-05-29T00:00:00.000Z,10,0.7634838768267148
2023-05-16T00:00:00.000Z,9,0.0163543589458203
2023-05-14T00:00:00.000Z,9,0.0633974199826875
2023-05-11T00:00:00.000Z,9,0.0397455214239836
2023-05-04T00:00:00.000Z,12,0.6922203946439733
2023-05-06T00:00:00.000Z,12,0.2043775602416833
2023-05-09T00:00:00.000Z,5,0.3389484671659786
2023-05-09T00:00:00.000Z,12,0.5350579764928569
2023-05-04T00:00:00.000Z,5,0.6517786142220071
2023-05-06T00:00:00.000Z,5,0.3093568014030103
2023-04-01T00:00:00.000Z,23,0.0571037047111817
2023-04-01T00:00:00.000Z,14,0.0647299105538238
2023-04-06T00:00:00.000Z,15,0.5634321899883119
2023-04-04T00:00:00.000Z,16,0.6208538680531455
2023-04-04T00:00:00.000Z,23,0.6171509074571994
2023-04-01T00:00:00.000Z,15,0.0441739183799518
2023-04-06T00:00:00.000Z,14,0.4879742876976057
2023-04-04T00:00:00.000Z,14,0.5070801044043032
2023-04-04T00:00:00.000Z,15,0.5724985357586623
2023-04-06T00:00:00.000Z,23,0.5576387258753891
2023-06-05T00:00:00.000Z,9,0.6176951576155989
2023-06-08T00:00:00.000Z,12,0.4405094711773676
2023-06-10T00:00:00.000Z,12,0.4863348825175624
2023-06-05T00:00:00.000Z,12,0.5788386547649786
2023-06-08T00:00:00.000Z,9,0.241673244618679
2023-06-10T00:00:00.000Z,9,0.6129129462009492
2023-04-06T00:00:00.000Z,37,0.6201810883322044
2023-04-01T00:00:00.000Z,36,0.0398370313688553
2023-04-04T00:00:00.000Z,35,0.5539817443743428
2023-04-01T00:00:00.000Z,35,0.0295418522814616
2023-04-01T00:00:00.000Z,37,0.0288831210272453
2023-04-06T00:00:00.000Z,35,0.5385642675197686
2023-04-04T00:00:00.000Z,36,0.5977446504259197
2023-04-04T00:00:00.000Z,37,0.6429773627510145
2023-04-06T00:00:00.000Z,36,0.5831405407937567
2023-04-06T00:00:00.000Z,29,0.6654785966445063
2023-04-04T00:00:00.000Z,31,0.6530736280893198
2023-04-04T00:00:00.000Z,29,0.6944992758353035
2023-04-01T00:00:00.000Z,31,0.0285675356621871
2023-04-06T00:00:00.000Z,31,0.6219791712624495
2023-04-01T00:00:00.000Z,29,0.0233327892844862
2023-05-19T00:00:00.000Z,14,0.1994283033360851
2023-05-24T00:00:00.000Z,14,0.6261919576962103
2023-04-14T00:00:00.000Z,15,0.5511852389832738
2023-04-11T00:00:00.000Z,15,0.2001640761453527
2023-04-09T00:00:00.000Z,15,0.0511796032336265
2023-04-16T00:00:00.000Z,15,0.0252353016076708
2023-05-16T00:00:00.000Z,11,0.0123422033157511
2023-05-11T00:00:00.000Z,11,0.038930980906422
2023-06-10T00:00:00.000Z,11,0.4610662933835635
2023-06-05T00:00:00.000Z,11,0.5822301348207348
2023-06-28T00:00:00.000Z,10,0.2775659934622694
2023-06-28T00:00:00.000Z,9,0.2997768560073107
2023-06-28T00:00:00.000Z,11,0.3205228509748151
2023-04-14T00:00:00.000Z,28,0.3628518100598379
2023-04-09T00:00:00.000Z,28,0.2655287827125007
2023-04-14T00:00:00.000Z,27,0.3566542560284717
2023-04-09T00:00:00.000Z,27,0.4691404124942087
2023-05-16T00:00:00.000Z,15,0.0296612557939458
2023-05-11T00:00:00.000Z,20,0.0491739836015338
2023-05-11T00:00:00.000Z,15,0.0493911500907024
2023-05-14T00:00:00.000Z,7,0.0692233764721631
2023-05-16T00:00:00.000Z,20,0.0818128621389387
2023-05-16T00:00:00.000Z,7,0.0249179677358105
2023-05-11T00:00:00.000Z,7,0.0600703944113629
2023-05-14T00:00:00.000Z,15,0.0863677170773853
2023-05-14T00:00:00.000Z,20,0.0190169143407603
2023-06-05T00:00:00.000Z,7,0.6560403378183126
2023-06-08T00:00:00.000Z,7,0.5012416027205011
2023-06-10T00:00:00.000Z,7,0.6215846739254376
2023-06-05T00:00:00.000Z,8,0.6615494368412181
2023-06-05T00:00:00.000Z,6,0.5899437562283872
2023-06-10T00:00:00.000Z,8,0.6511115071386328
2023-06-10T00:00:00.000Z,6,0.532443928505711
2023-06-08T00:00:00.000Z,6,0.4097255521855821
2023-06-08T00:00:00.000Z,8,0.2811079191815517
2023-05-14T00:00:00.000Z,13,0.4379070693434718
2023-05-14T00:00:00.000Z,16,0.3389039352209207
2023-05-24T00:00:00.000Z,28,0.1435083630390044
2023-05-19T00:00:00.000Z,28,0.0424534999512994
2023-05-06T00:00:00.000Z,4,0.3441565459407288
2023-05-09T00:00:00.000Z,4,0.2863465512306642
2023-05-06T00:00:00.000Z,23,0.4660917341845222
2023-05-04T00:00:00.000Z,15,0.621432933182261
2023-05-09T00:00:00.000Z,23,0.1505415208027221
2023-05-09T00:00:00.000Z,15,0.0924243629028786
2023-05-04T00:00:00.000Z,4,0.5051072307483704
2023-05-06T00:00:00.000Z,15,0.4524253192550362
2023-05-04T00:00:00.000Z,23,0.6731438491522181
2023-04-04T00:00:00.000Z,20,0.5736277061948832
2023-04-24T00:00:00.000Z,1,0.1007781331159941
2023-04-21T00:00:00.000Z,36,0.6214744975638855
2023-04-19T00:00:00.000Z,22,0.0709033577878144
2023-04-19T00:00:00.000Z,1,0.0884154431117359
2023-04-24T00:00:00.000Z,22,0.1749373327776698
2023-04-21T00:00:00.000Z,22,0.7128689091463801
2023-04-21T00:00:00.000Z,37,0.6401718507411366
2023-04-19T00:00:00.000Z,37,0.0293440946713061
2023-04-24T00:00:00.000Z,36,0.1617318273095056
2023-04-24T00:00:00.000Z,37,0.2319750462128635
2023-04-21T00:00:00.000Z,1,0.5881191821012289
2023-04-19T00:00:00.000Z,36,0.1458054454509058
2023-05-01T00:00:00.000Z,35,0.0787819366030593
2023-05-01T00:00:00.000Z,39,0.0979195412047932
2023-04-29T00:00:00.000Z,35,0.2303930990868759
2023-05-01T00:00:00.000Z,3,0.1857255022570744
2023-04-26T00:00:00.000Z,3,0.1799753070072489
2023-04-26T00:00:00.000Z,39,0.1401146088604635
2023-04-26T00:00:00.000Z,2,0.181033882254738
2023-05-01T00:00:00.000Z,2,0.1642316247265615
2023-04-29T00:00:00.000Z,2,0.2093566764014771
2023-04-26T00:00:00.000Z,35,0.1437094032693867
2023-04-29T00:00:00.000Z,39,0.3360001240942989
2023-04-29T00:00:00.000Z,3,0.1395228934464815
2023-04-01T00:00:00.000Z,21,0.0558382130115542
2023-04-04T00:00:00.000Z,21,0.5859752454478986
2023-04-06T00:00:00.000Z,21,0.5323160483813499
2023-05-26T00:00:00.000Z,5,0.7275893975354422
2023-05-24T00:00:00.000Z,5,-0.025529266311459
2023-05-19T00:00:00.000Z,5,0.0310938373832263
2023-05-21T00:00:00.000Z,5,0.3531715204471081
2023-04-06T00:00:00.000Z,3,0.5774115652668601
2023-04-06T00:00:00.000Z,39,0.5291276382446575
2023-04-04T00:00:00.000Z,2,0.5604418458996779
2023-04-04T00:00:00.000Z,3,0.6067252674207944
2023-04-01T00:00:00.000Z,2,0.0306274358499938
2023-04-04T00:00:00.000Z,39,0.4984719927242383
2023-04-06T00:00:00.000Z,2,0.5562793621523177
2023-04-01T00:00:00.000Z,3,0.0234388776808035
2023-04-01T00:00:00.000Z,39,0.0352346011123127
2023-04-04T00:00:00.000Z,11,0.6224232776173948
2023-04-14T00:00:00.000Z,26,0.2740569845605785
2023-04-09T00:00:00.000Z,26,0.4769554142689102
2023-04-14T00:00:00.000Z,33,0.3365528150060297
2023-04-09T00:00:00.000Z,33,0.5825559747546567
2023-04-06T00:00:00.000Z,32,0.5911283631267202
2023-04-04T00:00:00.000Z,32,0.6051136514816485
2023-04-01T00:00:00.000Z,32,0.0350229552214339
2023-06-05T00:00:00.000Z,3,0.4995418580834913
2023-06-08T00:00:00.000Z,2,0.4164514006433708
2023-06-08T00:00:00.000Z,39,0.4811093966094288
2023-06-10T00:00:00.000Z,35,0.5441600971640457
2023-06-10T00:00:00.000Z,39,0.5662657385401612
2023-06-10T00:00:00.000Z,3,0.5032013145967104
2023-06-08T00:00:00.000Z,35,-0.0031650716809619
2023-06-05T00:00:00.000Z,35,0.4663347261324103
2023-06-08T00:00:00.000Z,3,0.4124776736595124
2023-06-05T00:00:00.000Z,39,0.5162864334094637
2023-06-10T00:00:00.000Z,2,0.47906382857756
2023-06-05T00:00:00.000Z,2,0.5022470000424945
2023-05-04T00:00:00.000Z,34,0.689324103303202
2023-05-06T00:00:00.000Z,26,0.2645237365040103
2023-05-04T00:00:00.000Z,26,0.6329397682478287
2023-05-06T00:00:00.000Z,34,0.4336528072902513
2023-05-09T00:00:00.000Z,26,0.1445150644904043
2023-05-09T00:00:00.000Z,34,0.190695827608153
2023-05-14T00:00:00.000Z,25,0.1229528367711908
2023-05-14T00:00:00.000Z,26,0.1379499798224047
2023-05-14T00:00:00.000Z,33,0.0889426863488801
2023-05-29T00:00:00.000Z,33,0.7535401758653566
2023-06-03T00:00:00.000Z,33,0.6595493259044585
2023-04-24T00:00:00.000Z,31,0.0918172038513787
2023-04-21T00:00:00.000Z,31,0.6474321357567977
2023-04-19T00:00:00.000Z,31,0.0435632170955918
2023-06-08T00:00:00.000Z,18,0.3757101056887969
2023-06-25T00:00:00.000Z,19,0.6764402633703233
2023-06-23T00:00:00.000Z,19,0.0284922566439106
2023-06-20T00:00:00.000Z,19,0.6731521939193172
2023-04-04T00:00:00.000Z,27,0.6592491398656638
2023-04-04T00:00:00.000Z,28,0.6603024872941735
2023-04-24T00:00:00.000Z,32,0.3370015662635681
2023-04-19T00:00:00.000Z,32,0.045756951012319
2023-04-21T00:00:00.000Z,32,0.6375124066006893
2023-04-11T00:00:00.000Z,22,0.1194473151560795
2023-04-09T00:00:00.000Z,1,0.0854394004563406
2023-04-14T00:00:00.000Z,36,0.4343527433415181
2023-04-16T00:00:00.000Z,35,0.010345549532933
2023-04-14T00:00:00.000Z,1,0.3626686196543122
2023-04-11T00:00:00.000Z,1,0.110455285802755
2023-04-16T00:00:00.000Z,22,0.0134221553150524
2023-04-11T00:00:00.000Z,35,0.0958106744384442
2023-04-09T00:00:00.000Z,35,0.2031642185281897
2023-04-09T00:00:00.000Z,36,0.0928618998931143
2023-04-16T00:00:00.000Z,36,0.0148087580059185
2023-04-16T00:00:00.000Z,1,0.0124945457244807
2023-04-11T00:00:00.000Z,36,0.1256334986883559
2023-04-09T00:00:00.000Z,22,0.0332698949878561
2023-04-14T00:00:00.000Z,35,0.4599396939594907
2023-04-14T00:00:00.000Z,22,0.301854081828864
2023-05-19T00:00:00.000Z,21,0.0123739990680718
2023-05-24T00:00:00.000Z,23,0.3633764562126883
2023-05-19T00:00:00.000Z,23,0.0331115813525577
2023-05-24T00:00:00.000Z,21,0.2392278612796289
2023-05-26T00:00:00.000Z,23,0.7493786866487235
2023-05-21T00:00:00.000Z,23,0.2071506320827027
2023-05-21T00:00:00.000Z,21,0.2900903226364096
2023-05-26T00:00:00.000Z,21,0.7113599516783521
2023-05-06T00:00:00.000Z,20,0.4168893499169324
2023-05-04T00:00:00.000Z,20,0.480324693331928
2023-05-06T00:00:00.000Z,17,0.4391647673099425
2023-05-04T00:00:00.000Z,18,0.3863135908226902
2023-05-09T00:00:00.000Z,18,0.1886129503313788
2023-05-04T00:00:00.000Z,17,0.4345474536177522
2023-05-09T00:00:00.000Z,17,0.2130431947828852
2023-05-09T00:00:00.000Z,20,0.1802739157303516
2023-05-16T00:00:00.000Z,17,0.0540020476982942
2023-05-11T00:00:00.000Z,17,0.0404107853219792
2023-05-14T00:00:00.000Z,17,-0.0033002431952078
2023-05-14T00:00:00.000Z,18,-0.0008872593530691986
2023-05-09T00:00:00.000Z,42,0.3498924306515616
2023-05-04T00:00:00.000Z,41,0.6575844810679907
2023-05-04T00:00:00.000Z,42,0.6794714507207379
2023-05-06T00:00:00.000Z,41,0.3117834122129174
2023-05-09T00:00:00.000Z,41,0.4521983953411178
2023-05-06T00:00:00.000Z,42,0.2564569186158677
2023-05-21T00:00:00.000Z,8,0.4855836505148487
2023-05-19T00:00:00.000Z,8,0.049422054292998
2023-05-26T00:00:00.000Z,8,0.7150002793270313
2023-05-24T00:00:00.000Z,8,0.4177747512131494
2023-06-03T00:00:00.000Z,18,0.4661446297596539
2023-05-29T00:00:00.000Z,18,0.5032959121054861
2023-05-11T00:00:00.000Z,40,0.0343421588170588
2023-05-16T00:00:00.000Z,40,0.0284887060754836
2023-05-16T00:00:00.000Z,35,0.0116678021896273
2023-05-14T00:00:00.000Z,40,0.0332397716879934
2023-05-14T00:00:00.000Z,35,0.0736810421987341
2023-05-16T00:00:00.000Z,39,0.0227026742618225
2023-05-11T00:00:00.000Z,39,0.0436099975706593
2023-05-11T00:00:00.000Z,35,0.0392256210445004
2023-05-14T00:00:00.000Z,39,0.0596007625072328
2023-05-09T00:00:00.000Z,28,0.100596277388633
2023-05-04T00:00:00.000Z,28,0.6521977591216125
2023-04-06T00:00:00.000Z,20,0.562940447201277
2023-04-01T00:00:00.000Z,20,0.0206898447154753
2023-06-03T00:00:00.000Z,14,0.573846694687643
2023-05-29T00:00:00.000Z,14,0.6239388206470928
2023-04-04T00:00:00.000Z,1,0.5620278162092872
2023-04-06T00:00:00.000Z,24,0.6866419461053616
2023-04-01T00:00:00.000Z,24,0.0253592124310336
2023-04-01T00:00:00.000Z,22,0.0670409023250492
2023-04-06T00:00:00.000Z,22,0.6448739866047525
2023-04-04T00:00:00.000Z,22,0.715124273435705
2023-04-01T00:00:00.000Z,1,0.085157881704373
2023-04-06T00:00:00.000Z,1,0.5389919302126073
2023-04-04T00:00:00.000Z,24,0.740553925883941
2023-05-29T00:00:00.000Z,43,0.7392552065478595
2023-05-31T00:00:00.000Z,32,0.6976890799209139
2023-05-29T00:00:00.000Z,32,0.7211280984126532
2023-06-03T00:00:00.000Z,43,0.7009235564904566
2023-06-03T00:00:00.000Z,32,0.700866980390288
2023-05-31T00:00:00.000Z,43,0.7224480776521217
2023-06-08T00:00:00.000Z,22,0.5967469668582298
2023-06-05T00:00:00.000Z,16,0.4353012688698704
2023-06-10T00:00:00.000Z,16,0.6522075337704873
2023-06-10T00:00:00.000Z,22,0.5794771284049569
2023-06-05T00:00:00.000Z,22,0.424733488538599
2023-06-20T00:00:00.000Z,30,0.4931317599895062
2023-06-25T00:00:00.000Z,34,0.7165253384394892
2023-06-23T00:00:00.000Z,34,0.5555816611478872
2023-06-25T00:00:00.000Z,30,0.7111108861966388
2023-06-23T00:00:00.000Z,30,0.483982538506074
2023-06-20T00:00:00.000Z,34,0.420469396406168
2023-06-28T00:00:00.000Z,40,0.1021123539781938
2023-06-28T00:00:00.000Z,43,0.1340588403727643
2023-06-28T00:00:00.000Z,31,0.2436988406864315
2023-06-28T00:00:00.000Z,30,0.4034467812818368
2023-06-28T00:00:00.000Z,32,0.3669319017962626
2023-06-23T00:00:00.000Z,33,0.3940667364571578
2023-05-16T00:00:00.000Z,8,0.0056310033522089
2023-05-14T00:00:00.000Z,8,0.0627140724256335
2023-05-11T00:00:00.000Z,8,0.0494393725576344
2023-04-14T00:00:00.000Z,39,0.4575738511536719
2023-04-09T00:00:00.000Z,39,0.2825029405821833
2023-04-16T00:00:00.000Z,39,0.027739453042246
2023-04-11T00:00:00.000Z,39,0.1273864625905645
2023-06-08T00:00:00.000Z,0,0.6036829623539481
2023-06-08T00:00:00.000Z,1,0.5537358672226541
2023-06-05T00:00:00.000Z,4,0.5743630472037717
2023-06-10T00:00:00.000Z,4,0.5162118103990749
2023-06-05T00:00:00.000Z,1,0.4307144198318747
2023-06-10T00:00:00.000Z,1,0.5797170937331799
2023-06-08T00:00:00.000Z,4,0.5916752422895664
2023-06-10T00:00:00.000Z,0,0.4085016954676848
2023-06-05T00:00:00.000Z,0,0.448905917682952
2023-06-28T00:00:00.000Z,33,0.2581678636197125
2023-04-29T00:00:00.000Z,20,0.0557047707934674
2023-05-01T00:00:00.000Z,20,0.1991794891684442
2023-04-26T00:00:00.000Z,20,0.1663082397487608
2023-05-01T00:00:00.000Z,8,0.0444558295307137
2023-04-26T00:00:00.000Z,8,0.2017192694580956
2023-04-29T00:00:00.000Z,6,0.0357253105383476
2023-04-29T00:00:00.000Z,8,0.0235644913979194
2023-05-01T00:00:00.000Z,6,0.1345338398958135
2023-04-26T00:00:00.000Z,6,0.2780032915809639
2023-05-04T00:00:00.000Z,16,0.6425258212915967
2023-05-09T00:00:00.000Z,16,0.0492083832593324
2023-05-21T00:00:00.000Z,29,0.6646765151117645
2023-05-26T00:00:00.000Z,37,0.7055867876957878
2023-05-19T00:00:00.000Z,29,0.0492192655024504
2023-05-24T00:00:00.000Z,37,0.0008761956527056418
2023-05-26T00:00:00.000Z,29,0.7379543282494041
2023-05-24T00:00:00.000Z,29,-0.0007400428397412882
2023-05-24T00:00:00.000Z,24,0.0170600077567953
2023-05-21T00:00:00.000Z,24,0.6113070671256345
2023-05-26T00:00:00.000Z,24,0.7068366323872466
2023-05-19T00:00:00.000Z,24,0.0168943781181108
2023-05-21T00:00:00.000Z,37,0.3496301041982711
2023-05-19T00:00:00.000Z,37,0.0160214761710562
2023-06-23T00:00:00.000Z,18,0.1364939289759
2023-04-04T00:00:00.000Z,18,0.427506445227204
2023-04-01T00:00:00.000Z,17,0.016589752731876
2023-04-04T00:00:00.000Z,17,0.5218853395189762
2023-04-06T00:00:00.000Z,17,0.5152447998068218
2023-05-04T00:00:00.000Z,13,0.7052525459752843
2023-05-06T00:00:00.000Z,16,0.1424351542106573
2023-05-09T00:00:00.000Z,24,0.0958104926105539
2023-05-06T00:00:00.000Z,22,0.2577934040295197
2023-05-04T00:00:00.000Z,22,0.738063574981382
2023-05-04T00:00:00.000Z,24,0.705103619280758
2023-05-06T00:00:00.000Z,24,0.2948601264190786
2023-05-09T00:00:00.000Z,22,0.1097510636684095
2023-05-09T00:00:00.000Z,13,0.0474354481609946
2023-04-01T00:00:00.000Z,38,0.0375288867563444
2023-04-06T00:00:00.000Z,38,0.5166333216422253
2023-04-01T00:00:00.000Z,28,0.0177968596017136
2023-04-06T00:00:00.000Z,28,0.7094669965441398
2023-06-28T00:00:00.000Z,15,0.3129889477601867
2023-06-28T00:00:00.000Z,14,0.3068008789581597
2023-04-16T00:00:00.000Z,42,0.0197774558443722
2023-04-14T00:00:00.000Z,42,0.2856320186013451
2023-04-09T00:00:00.000Z,42,0.2961858420287534
2023-04-11T00:00:00.000Z,42,0.0540208957322299
2023-05-31T00:00:00.000Z,40,0.6795515779943445
2023-06-03T00:00:00.000Z,42,0.6919353709228959
2023-05-31T00:00:00.000Z,42,0.6989034053965433
2023-05-29T00:00:00.000Z,42,0.700940674956861
2023-05-31T00:00:00.000Z,6,0.6109466961031711
2023-05-29T00:00:00.000Z,6,0.6138811261596161
2023-06-03T00:00:00.000Z,6,0.58519626050091
2023-04-14T00:00:00.000Z,16,0.5087290387466127
2023-04-09T00:00:00.000Z,16,0.1358543708303969
2023-06-15T00:00:00.000Z,22,0.4277421460171713
2023-06-18T00:00:00.000Z,1,0.6715328288343577
2023-06-13T00:00:00.000Z,22,0.7680267349897045
2023-06-15T00:00:00.000Z,23,0.5684881189474881
2023-06-15T00:00:00.000Z,1,0.4487113430133017
2023-06-13T00:00:00.000Z,1,0.6929741703358477
2023-06-13T00:00:00.000Z,23,0.7106873990390684
2023-06-18T00:00:00.000Z,0,0.5918484503415026
2023-06-18T00:00:00.000Z,2,0.6181588738484779
2023-06-18T00:00:00.000Z,4,0.5956441588302284
2023-06-18T00:00:00.000Z,23,0.678484198857993
2023-06-18T00:00:00.000Z,22,0.7431795570243476
2023-06-15T00:00:00.000Z,0,0.4333167151697336
2023-06-13T00:00:00.000Z,0,0.613428046084512
2023-06-15T00:00:00.000Z,4,0.4321363886298713
2023-06-13T00:00:00.000Z,4,0.6288658722512811
2023-06-13T00:00:00.000Z,2,0.6650014726911176
2023-06-15T00:00:00.000Z,2,0.3646967255462351
2023-06-28T00:00:00.000Z,18,0.0685601863647887
2023-06-28T00:00:00.000Z,17,0.2186294957002835
2023-04-01T00:00:00.000Z,4,0.0290473470003932
2023-04-04T00:00:00.000Z,4,0.5505973753429639
2023-04-06T00:00:00.000Z,4,0.5226259347954152
2023-06-15T00:00:00.000Z,6,0.5399997359804546
2023-06-13T00:00:00.000Z,6,0.5865543758874711
2023-06-18T00:00:00.000Z,6,0.5668661096609335
2023-06-18T00:00:00.000Z,8,0.6369751598204266
2023-06-15T00:00:00.000Z,8,0.623611655852699
2023-06-13T00:00:00.000Z,8,0.676520033154218
2023-06-20T00:00:00.000Z,23,0.4716424349037048
2023-06-23T00:00:00.000Z,23,0.333535457750004
2023-06-25T00:00:00.000Z,23,0.6713861609425893
2023-05-14T00:00:00.000Z,36,0.1810969252792053
2023-05-11T00:00:00.000Z,1,0.0398794425115295
2023-05-11T00:00:00.000Z,36,0.0373604602208502
2023-05-14T00:00:00.000Z,1,0.1135428331060744
2023-05-14T00:00:00.000Z,22,0.1108663859026292
2023-05-11T00:00:00.000Z,22,0.0470392307116686
2023-05-16T00:00:00.000Z,22,0.0162894610652994
2023-05-16T00:00:00.000Z,36,0.0259354993928449
2023-05-16T00:00:00.000Z,1,0.0306624720485923
2023-06-18T00:00:00.000Z,35,0.6929561447399564
2023-06-15T00:00:00.000Z,39,0.1552894469145633
2023-06-15T00:00:00.000Z,3,0.3778640547221225
2023-06-13T00:00:00.000Z,35,0.7234331560800171
2023-06-13T00:00:00.000Z,39,0.7160313761115418
2023-06-18T00:00:00.000Z,3,0.6435967203030584
2023-06-13T00:00:00.000Z,3,0.7087873411949897
2023-06-15T00:00:00.000Z,35,0.2544141350046376
2023-06-18T00:00:00.000Z,39,0.6698683589930082
2023-04-01T00:00:00.000Z,16,0.0195610881738892
2023-04-04T00:00:00.000Z,13,0.6409364412997328
2023-04-06T00:00:00.000Z,16,0.5891542974944726
2023-05-11T00:00:00.000Z,10,0.0497939316501839
2023-05-16T00:00:00.000Z,10,0.0351071780079332
2023-05-14T00:00:00.000Z,10,0.0269203017793618
2023-05-06T00:00:00.000Z,9,0.2994779731863333
2023-05-04T00:00:00.000Z,9,0.6224527329004576
2023-05-09T00:00:00.000Z,9,0.5067787172878347
2023-06-10T00:00:00.000Z,20,0.6852462074606509
2023-06-05T00:00:00.000Z,20,0.6143010561634511
2023-06-10T00:00:00.000Z,17,0.7525051406931056
2023-06-05T00:00:00.000Z,17,0.3713213647709011
2023-06-08T00:00:00.000Z,17,0.3014419875800015
2023-06-13T00:00:00.000Z,15,0.660331301088347
2023-06-15T00:00:00.000Z,21,0.5027932097768772
2023-06-18T00:00:00.000Z,21,0.7010929664355552
2023-06-13T00:00:00.000Z,21,0.7198583125640439
2023-06-15T00:00:00.000Z,15,0.6202922500853337
2023-06-18T00:00:00.000Z,15,0.6267865384787716
2023-05-16T00:00:00.000Z,6,0.0010660959842445
2023-05-14T00:00:00.000Z,6,0.0387234118418933
2023-05-11T00:00:00.000Z,6,0.0536694441158997
2023-05-24T00:00:00.000Z,18,0.5167884866679086
2023-05-19T00:00:00.000Z,18,0.3963897658237046
2023-04-26T00:00:00.000Z,22,0.0944589927207354
2023-05-01T00:00:00.000Z,22,0.0750886054003006
2023-04-26T00:00:00.000Z,21,0.0958240782993167
2023-04-26T00:00:00.000Z,1,0.1707638760471799
2023-05-01T00:00:00.000Z,21,0.0356644688838324
2023-04-29T00:00:00.000Z,21,0.0528245630179769
2023-04-29T00:00:00.000Z,1,0.2915262831571324
2023-05-01T00:00:00.000Z,1,0.0631607042047661
2023-04-29T00:00:00.000Z,22,0.1309009641231673
2023-05-04T00:00:00.000Z,14,0.5760600936465806
2023-05-09T00:00:00.000Z,14,0.0433410234626656
2023-04-06T00:00:00.000Z,0,0.4530620075291722
2023-04-04T00:00:00.000Z,0,0.4783950544627215
2023-04-01T00:00:00.000Z,0,0.0525018602618052
2023-05-01T00:00:00.000Z,5,0.1681500632368932
2023-04-29T00:00:00.000Z,5,0.0794830833111032
2023-04-26T00:00:00.000Z,5,0.1175899427287886
2023-04-14T00:00:00.000Z,11,0.288576735484374
2023-04-09T00:00:00.000Z,11,0.5252629937671873
2023-04-16T00:00:00.000Z,11,0.0225176890024186
2023-04-11T00:00:00.000Z,11,0.2118435220431575
2023-04-11T00:00:00.000Z,16,0.0968407318978979
2023-04-11T00:00:00.000Z,23,0.214851934135519
2023-04-09T00:00:00.000Z,23,0.0647727519938255
2023-04-14T00:00:00.000Z,13,0.5483253129977519
2023-04-09T00:00:00.000Z,13,0.1665565693990984
2023-04-16T00:00:00.000Z,23,0.0180830505584843
2023-04-16T00:00:00.000Z,16,0.0108140917462581
2023-04-14T00:00:00.000Z,23,0.5510528717867803
2023-06-23T00:00:00.000Z,1,0.3861469562114859
2023-06-25T00:00:00.000Z,35,0.7048356811634199
2023-06-20T00:00:00.000Z,35,0.5849077288342371
2023-06-25T00:00:00.000Z,2,0.6342458891997126
2023-06-20T00:00:00.000Z,0,0.4771070270258007
2023-06-23T00:00:00.000Z,36,0.5057867572564909
2023-06-23T00:00:00.000Z,2,0.3745323557951084
2023-06-23T00:00:00.000Z,35,0.3872411533113335
2023-06-25T00:00:00.000Z,1,0.6504845386034922
2023-06-25T00:00:00.000Z,36,0.6734557619374366
2023-06-20T00:00:00.000Z,2,0.5519999642462989
2023-06-20T00:00:00.000Z,1,0.5681800163695032
2023-06-25T00:00:00.000Z,0,0.5835219339134186
2023-06-23T00:00:00.000Z,0,-0.0035104373730103
2023-06-20T00:00:00.000Z,36,0.5555044814916901
2023-05-31T00:00:00.000Z,9,0.7167041100007848
2023-04-26T00:00:00.000Z,11,0.1833870929145918
2023-04-29T00:00:00.000Z,11,0.0778878358314712
2023-05-01T00:00:00.000Z,11,0.0763017113373048
2023-05-31T00:00:00.000Z,12,0.7261899959076069
2023-06-03T00:00:00.000Z,3,0.641712797651353
2023-06-03T00:00:00.000Z,11,0.6208133724246321
2023-05-31T00:00:00.000Z,11,0.7487605221248607
2023-05-29T00:00:00.000Z,3,0.7331576899698232
2023-05-29T00:00:00.000Z,11,0.7570234840564996
2023-05-29T00:00:00.000Z,39,0.7289964414836558
2023-05-31T00:00:00.000Z,3,0.7323867644741978
2023-06-03T00:00:00.000Z,39,0.7219424831811976
2023-05-31T00:00:00.000Z,39,0.7138773630656503
2023-06-15T00:00:00.000Z,12,0.4460339449217411
2023-06-20T00:00:00.000Z,39,0.5778747485656024
2023-06-25T00:00:00.000Z,39,0.6733417769877134
2023-06-23T00:00:00.000Z,39,0.3502576189286195
2023-06-20T00:00:00.000Z,3,0.6050457835645231
2023-06-20T00:00:00.000Z,11,0.6259630080501382
2023-06-23T00:00:00.000Z,3,0.2838303592004062
2023-06-25T00:00:00.000Z,3,0.6824097470517053
2023-06-25T00:00:00.000Z,11,0.7118241503987041
2023-06-23T00:00:00.000Z,11,0.0483433353516777
2023-04-29T00:00:00.000Z,27,0.2188682052718873
2023-04-21T00:00:00.000Z,34,0.6249842044467304
2023-04-24T00:00:00.000Z,33,0.0689824325290023
2023-04-19T00:00:00.000Z,34,0.0182694014924503
2023-04-19T00:00:00.000Z,33,-0.0059739044145265
2023-04-24T00:00:00.000Z,34,0.2243784392404221
2023-05-14T00:00:00.000Z,27,0.2292520804835386
2023-06-03T00:00:00.000Z,25,0.6677105854459324
2023-06-03T00:00:00.000Z,27,0.6914932503335356
2023-05-29T00:00:00.000Z,25,0.6854744100031275
2023-05-29T00:00:00.000Z,27,0.7238489587110974
2023-06-08T00:00:00.000Z,25,0.6660280434237053
2023-06-08T00:00:00.000Z,34,0.6019569326711881
2023-06-08T00:00:00.000Z,33,0.6538329504246071
2023-06-08T00:00:00.000Z,26,0.5797222257637674
2023-06-08T00:00:00.000Z,30,0.1176980783974063
2023-06-10T00:00:00.000Z,34,0.5163962414377935
2023-06-05T00:00:00.000Z,34,0.4463112979304188
2023-06-05T00:00:00.000Z,26,0.4464442826848706
2023-06-05T00:00:00.000Z,30,0.4244945220095729
2023-06-10T00:00:00.000Z,30,0.4299597330948355
2023-06-10T00:00:00.000Z,26,0.40315135477073
2023-04-24T00:00:00.000Z,39,0.2264648807107652
2023-04-19T00:00:00.000Z,35,0.0610286381884768
2023-04-24T00:00:00.000Z,35,0.222165942722818
2023-04-21T00:00:00.000Z,40,0.6220371766735264
2023-04-19T00:00:00.000Z,39,0.0747115452288985
2023-04-21T00:00:00.000Z,39,0.3779942730107491
2023-04-21T00:00:00.000Z,35,0.5938227260928832
2023-04-19T00:00:00.000Z,40,0.0388969543349618
2023-04-24T00:00:00.000Z,40,0.2920048866959793
2023-04-29T00:00:00.000Z,31,0.389096598127742
2023-04-26T00:00:00.000Z,43,0.1154260472993943
2023-04-26T00:00:00.000Z,31,0.099554368820727
2023-05-01T00:00:00.000Z,43,0.0368240269739944
2023-05-01T00:00:00.000Z,31,0.0327903311079778
2023-04-29T00:00:00.000Z,43,0.4123575567184291
2023-06-10T00:00:00.000Z,29,0.5418368091313234
2023-06-08T00:00:00.000Z,29,0.2502721038583446
2023-06-08T00:00:00.000Z,37,0.0026550329950257
2023-06-05T00:00:00.000Z,29,0.588760928564556
2023-06-05T00:00:00.000Z,37,0.3916782264705145
2023-06-10T00:00:00.000Z,37,0.4469632310629655
2023-05-26T00:00:00.000Z,32,0.7130421530955292
2023-05-21T00:00:00.000Z,41,0.5739992258782569
2023-05-19T00:00:00.000Z,41,0.1551776631404841
2023-05-26T00:00:00.000Z,31,0.705687477773273
2023-05-24T00:00:00.000Z,32,0.0157482061426468
2023-05-21T00:00:00.000Z,32,0.5895299856255473
2023-05-24T00:00:00.000Z,31,-0.0118494324386919
2023-05-19T00:00:00.000Z,43,0.0816785837541356
2023-05-24T00:00:00.000Z,43,0.0145364081378403
2023-05-19T00:00:00.000Z,32,0.0775204282493909
2023-05-26T00:00:00.000Z,43,0.6795868958300106
2023-05-21T00:00:00.000Z,31,0.6152228243111459
2023-05-21T00:00:00.000Z,43,0.3807823335463293
2023-05-26T00:00:00.000Z,41,0.6911146066289333
2023-05-19T00:00:00.000Z,31,0.1204815724240232
2023-05-24T00:00:00.000Z,41,0.0335426857683278
2023-05-09T00:00:00.000Z,33,0.1632747262647608
2023-05-04T00:00:00.000Z,33,0.6774490585061164
2023-05-21T00:00:00.000Z,34,0.6275333844441277
2023-05-24T00:00:00.000Z,34,0.0227664364986907
2023-05-19T00:00:00.000Z,34,0.1315008626350458
2023-05-26T00:00:00.000Z,34,0.6861536997533048
2023-06-23T00:00:00.000Z,25,0.4564916400041169
2023-06-23T00:00:00.000Z,26,0.5093025375389743
2023-06-23T00:00:00.000Z,27,0.3671013580448843
2023-06-28T00:00:00.000Z,26,0.4632894145900863
2023-06-28T00:00:00.000Z,29,0.1094953713413426
2023-06-18T00:00:00.000Z,26,0.4911349453091443
2023-06-15T00:00:00.000Z,34,0.3951673237899637
2023-06-15T00:00:00.000Z,26,0.2396595862896135
2023-06-18T00:00:00.000Z,34,0.4553777655331651
2023-06-13T00:00:00.000Z,26,0.7137774983165667
2023-06-13T00:00:00.000Z,34,0.7365426272081074
2023-05-06T00:00:00.000Z,40,0.349474684348616
2023-05-24T00:00:00.000Z,42,0.0528377024455539
2023-05-19T00:00:00.000Z,42,0.1060849165904172
2023-04-21T00:00:00.000Z,17,0.5483401182445656
2023-04-24T00:00:00.000Z,17,0.0114541700945648
2023-04-19T00:00:00.000Z,17,0.0017502970680389
2023-05-06T00:00:00.000Z,11,0.3432085366461258
2023-05-04T00:00:00.000Z,29,0.6702208878603982
2023-05-06T00:00:00.000Z,29,0.447113365259037
2023-05-09T00:00:00.000Z,29,0.1644794531102286
2023-06-05T00:00:00.000Z,28,0.7669921001839684
2023-06-08T00:00:00.000Z,24,0.2690358822571535
2023-06-05T00:00:00.000Z,24,0.5872915997480553
2023-06-10T00:00:00.000Z,28,0.68501769845777
2023-06-10T00:00:00.000Z,24,0.6477737528847708
2023-04-21T00:00:00.000Z,2,0.5990465451852574
2023-04-19T00:00:00.000Z,2,0.0543054305011269
2023-04-24T00:00:00.000Z,2,0.2913080595291452
2023-05-16T00:00:00.000Z,21,0.0197380852230366
2023-05-11T00:00:00.000Z,23,0.0443631127360621
2023-05-11T00:00:00.000Z,21,0.0410350173142591
2023-05-14T00:00:00.000Z,23,0.1631578760824985
2023-05-16T00:00:00.000Z,23,0.0233325144442994
2023-05-14T00:00:00.000Z,21,0.1726346451310621
2023-04-26T00:00:00.000Z,16,0.0513306472302445
2023-05-01T00:00:00.000Z,16,0.1751907437623836
2023-04-29T00:00:00.000Z,13,0.0802020577073669
2023-06-03T00:00:00.000Z,8,0.6822276743598977
2023-05-31T00:00:00.000Z,8,0.7092023537668524
2023-05-29T00:00:00.000Z,8,0.7190609309657086
2023-05-19T00:00:00.000Z,4,0.0254505964142315
2023-05-21T00:00:00.000Z,4,0.3862060538665228
2023-05-26T00:00:00.000Z,4,0.6562810039400955
2023-05-24T00:00:00.000Z,4,0.1277128966316922
2023-05-11T00:00:00.000Z,37,0.0429335712163967
2023-05-16T00:00:00.000Z,37,0.0168717207281931
2023-05-14T00:00:00.000Z,37,0.0327496044383367
2023-05-29T00:00:00.000Z,2,0.7016847635631073
2023-05-31T00:00:00.000Z,5,0.7285949945808509
2023-06-03T00:00:00.000Z,5,0.6584456732707109
2023-05-31T00:00:00.000Z,2,0.700343168376026
2023-06-03T00:00:00.000Z,12,0.5985192445024874
2023-05-29T00:00:00.000Z,12,0.7323394399555428
2023-06-03T00:00:00.000Z,2,0.6453129068675495
2023-05-29T00:00:00.000Z,5,0.730330851132613
2023-04-14T00:00:00.000Z,24,0.2445677825162522
2023-04-16T00:00:00.000Z,29,0.018192179140896
2023-04-09T00:00:00.000Z,29,0.0836360788135093
2023-04-14T00:00:00.000Z,29,0.3431057250868559
2023-04-16T00:00:00.000Z,24,0.0198810428691729
2023-04-11T00:00:00.000Z,29,0.1124964747287334
2023-04-16T00:00:00.000Z,28,0.013792230056758
2023-04-09T00:00:00.000Z,24,0.0567365629240217
2023-04-11T00:00:00.000Z,24,0.1400868848705869
2023-04-11T00:00:00.000Z,28,0.0893995099269977
2023-04-24T00:00:00.000Z,26,0.090459067861441
2023-04-24T00:00:00.000Z,25,0.1560090775028127
2023-04-19T00:00:00.000Z,26,0.0048939137160275
2023-04-19T00:00:00.000Z,25,0.0092576724109469
2023-05-14T00:00:00.000Z,14,0.09540102459044
2023-05-16T00:00:00.000Z,12,0.0101447036555411
2023-05-14T00:00:00.000Z,12,0.181033049797676
2023-05-11T00:00:00.000Z,12,0.0350405211368943
2023-04-21T00:00:00.000Z,26,0.6997578931522005
2023-05-14T00:00:00.000Z,3,0.1262000017780959
2023-05-11T00:00:00.000Z,3,0.0391417633297545
2023-05-16T00:00:00.000Z,3,0.0131765321720516
2023-04-16T00:00:00.000Z,17,0.0207511706914263
2023-04-14T00:00:00.000Z,17,0.5474527285788816
2023-04-14T00:00:00.000Z,18,0.4485410841572023
2023-04-09T00:00:00.000Z,17,0.1004593523883001
2023-04-11T00:00:00.000Z,17,0.0930530967938182
2023-04-09T00:00:00.000Z,18,0.0247159471942976
2023-05-06T00:00:00.000Z,21,0.437843279795619
2023-05-04T00:00:00.000Z,21,0.6663699626054372
2023-05-09T00:00:00.000Z,21,0.1394988242371838
2023-05-19T00:00:00.000Z,16,0.0475841381976137
2023-05-24T00:00:00.000Z,13,0.6546802922737599
2023-05-24T00:00:00.000Z,16,0.5347288023477018
2023-05-19T00:00:00.000Z,13,0.0215653954114642
2023-04-19T00:00:00.000Z,0,0.0503279293623124
2023-04-24T00:00:00.000Z,0,0.046603675534332
2023-04-21T00:00:00.000Z,0,0.5062713137613202
2023-04-29T00:00:00.000Z,0,0.2597270501046798
2023-05-01T00:00:00.000Z,0,0.0725419996014671
2023-04-26T00:00:00.000Z,0,0.1468072992400545
2023-05-01T00:00:00.000Z,36,0.047074361821389
2023-04-29T00:00:00.000Z,36,0.2445279042220612
2023-04-26T00:00:00.000Z,36,0.3446766813942417
2023-04-24T00:00:00.000Z,3,0.1204315224035612
2023-04-19T00:00:00.000Z,3,0.0102894470568899
2023-04-21T00:00:00.000Z,3,0.6065710884317039
2023-05-29T00:00:00.000Z,35,0.7390859189155043
2023-05-29T00:00:00.000Z,1,0.7235240882029583
2023-06-03T00:00:00.000Z,35,0.6003812226248961
2023-06-03T00:00:00.000Z,1,0.6913023236575707
2023-05-31T00:00:00.000Z,1,0.7262500327396628
2023-05-31T00:00:00.000Z,35,0.7470444620171449
2023-06-03T00:00:00.000Z,36,0.7085968026973817
2023-05-29T00:00:00.000Z,36,0.7431777923721294
2023-05-31T00:00:00.000Z,36,0.7454530729223908
2023-06-08T00:00:00.000Z,27,0.4983909843602166
2023-05-01T00:00:00.000Z,37,0.0381991414528788
2023-04-29T00:00:00.000Z,37,0.3989676774258195
2023-04-26T00:00:00.000Z,37,0.1517019428760757
2023-05-11T00:00:00.000Z,26,0.0404158533065329
2023-05-16T00:00:00.000Z,26,0.0170019385574961
2023-05-01T00:00:00.000Z,42,0.0772463195629666
2023-04-26T00:00:00.000Z,42,0.2042577131674955
2023-04-29T00:00:00.000Z,42,0.2418375369619249
2023-06-08T00:00:00.000Z,5,0.4514711844915607
2023-06-05T00:00:00.000Z,5,0.6091369973403126
2023-06-10T00:00:00.000Z,5,0.5191377088443669
2023-06-25T00:00:00.000Z,20,0.6735554963667176
2023-06-20T00:00:00.000Z,20,0.6586022519825162
2023-04-29T00:00:00.000Z,17,0.0522523364459648
2023-04-29T00:00:00.000Z,18,0.080836498853683
2023-04-26T00:00:00.000Z,17,0.1432343458140811
2023-05-01T00:00:00.000Z,17,0.313487768655036
2023-05-16T00:00:00.000Z,38,0.0301396492329822
2023-05-11T00:00:00.000Z,38,0.0533188735099547
2023-05-14T00:00:00.000Z,38,0.0330461385301932
2023-05-19T00:00:00.000Z,40,0.0280705677991636
2023-05-24T00:00:00.000Z,40,0.0296239403930489
2023-06-23T00:00:00.000Z,16,0.3412583851569049
2023-06-15T00:00:00.000Z,16,0.5530261261065001
2023-06-13T00:00:00.000Z,13,0.757906265282303
2023-06-18T00:00:00.000Z,16,0.6314472222977823
2023-06-18T00:00:00.000Z,13,0.7409803060309395
2023-06-13T00:00:00.000Z,16,0.6880804953895876
2023-05-26T00:00:00.000Z,0,0.6217999546644156
2023-05-24T00:00:00.000Z,0,-0.0222377865964074
2023-05-21T00:00:00.000Z,0,0.3477647000258145
2023-05-19T00:00:00.000Z,0,0.0190019167326026
2023-06-25T00:00:00.000Z,22,0.7377977755469504
2023-06-23T00:00:00.000Z,22,0.4497136895531014
2023-06-20T00:00:00.000Z,22,0.5448362500560024
2023-06-28T00:00:00.000Z,8,0.3028500832040597
2023-06-28T00:00:00.000Z,27,0.5832311220290419
2023-04-09T00:00:00.000Z,14,0.0561385523310965
2023-04-16T00:00:00.000Z,14,0.0202183808833282
2023-04-14T00:00:00.000Z,14,0.5227554167170265
2023-04-11T00:00:00.000Z,14,0.1877940334690461
2023-06-13T00:00:00.000Z,5,0.7086889895063313
2023-06-18T00:00:00.000Z,5,0.6796245784912383
2023-06-18T00:00:00.000Z,12,0.6817018640030996
2023-06-13T00:00:00.000Z,12,0.7159538294975839
2023-06-15T00:00:00.000Z,5,0.4278041251276303
2023-06-23T00:00:00.000Z,13,0.460199095710512
2023-06-25T00:00:00.000Z,16,0.8158371146651956
2023-06-20T00:00:00.000Z,16,0.4886446543668828
2023-06-28T00:00:00.000Z,13,0.2993268216296202
2023-06-28T00:00:00.000Z,24,0.1415363048920614
2023-06-28T00:00:00.000Z,28,0.3516357853582008
2023-06-28T00:00:00.000Z,16,0.2628104160833528
2023-06-10T00:00:00.000Z,19,0.6971111023551195
2023-06-08T00:00:00.000Z,19,0.6123932450024238
2023-06-05T00:00:00.000Z,19,0.7049602766105897
2023-05-26T00:00:00.000Z,16,0.6999577932045733
2023-05-21T00:00:00.000Z,16,0.0765348930787638
2023-06-25T00:00:00.000Z,26,0.7454145174748179
2023-06-20T00:00:00.000Z,26,0.5085593510476571
2023-04-09T00:00:00.000Z,21,0.0297824233692868
2023-04-16T00:00:00.000Z,21,0.0166789369281119
2023-04-11T00:00:00.000Z,21,0.1185014478115659
2023-04-14T00:00:00.000Z,21,0.5696539272797725
2023-06-08T00:00:00.000Z,10,0.652553966813591
2023-06-10T00:00:00.000Z,10,0.7084029543431279
2023-06-05T00:00:00.000Z,10,0.7292971850902447
2023-06-20T00:00:00.000Z,32,0.4556956655026143
2023-06-20T00:00:00.000Z,41,0.5519080990740935
2023-06-25T00:00:00.000Z,41,0.6786967094150637
2023-06-20T00:00:00.000Z,31,0.5253239420961021
2023-06-25T00:00:00.000Z,43,0.6956492860496164
2023-06-23T00:00:00.000Z,43,0.5435194105093688
2023-06-25T00:00:00.000Z,32,0.675834151077778
2023-06-23T00:00:00.000Z,41,0.3888402632164647
2023-06-25T00:00:00.000Z,31,0.7225215678176616
2023-06-23T00:00:00.000Z,32,0.5183105286843447
2023-06-23T00:00:00.000Z,31,0.5261605033541356
2023-06-20T00:00:00.000Z,43,0.5131761815550345
2023-06-18T00:00:00.000Z,24,0.721986939839725
2023-06-15T00:00:00.000Z,24,0.419768017015014
2023-06-13T00:00:00.000Z,24,0.7680786022969276
2023-05-26T00:00:00.000Z,28,0.7516322713197456
2023-05-21T00:00:00.000Z,30,0.6691880141120069
2023-05-24T00:00:00.000Z,30,-0.0119707305310492
2023-05-26T00:00:00.000Z,30,0.6709564326900941
2023-05-19T00:00:00.000Z,30,0.0369030108703388
2023-05-21T00:00:00.000Z,28,0.7953303921620545
2023-06-18T00:00:00.000Z,36,0.6928165250577362
2023-06-15T00:00:00.000Z,36,0.5984798205043812
2023-06-13T00:00:00.000Z,36,0.7148837326997887
2023-05-29T00:00:00.000Z,17,0.6949450297151759
2023-05-31T00:00:00.000Z,17,0.7980881057268351
2023-06-03T00:00:00.000Z,17,0.6741463950720697
2023-04-21T00:00:00.000Z,16,0.7650314995979618
2023-05-06T00:00:00.000Z,31,0.2819109156177801
2023-05-06T00:00:00.000Z,32,0.4448789632226623
2023-05-04T00:00:00.000Z,30,0.6816017277543686
2023-05-09T00:00:00.000Z,32,0.2923921434545032
2023-05-09T00:00:00.000Z,30,0.1326042622244251
2023-05-06T00:00:00.000Z,30,0.3186720557022569
2023-05-09T00:00:00.000Z,31,0.1744787807524432
2023-05-04T00:00:00.000Z,32,0.6914093522336768
2023-05-04T00:00:00.000Z,31,0.6890384061998636
2023-06-03T00:00:00.000Z,9,0.5863442220141104
2023-05-29T00:00:00.000Z,9,0.7244881236306748
2023-05-11T00:00:00.000Z,43,0.0496675855488739
2023-05-16T00:00:00.000Z,43,0.0168023932932281
2023-05-14T00:00:00.000Z,43,0.0545938759725414
2023-05-11T00:00:00.000Z,31,0.0580772555484983
2023-05-14T00:00:00.000Z,31,0.0164448374719736
2023-05-16T00:00:00.000Z,31,0.0209249777017915
2023-04-11T00:00:00.000Z,0,0.0454233721966621
2023-04-14T00:00:00.000Z,4,0.4747510346807068
2023-04-16T00:00:00.000Z,4,0.0192939082109495
2023-04-09T00:00:00.000Z,4,0.2487990458644169
2023-04-09T00:00:00.000Z,0,0.2351273461420261
2023-04-16T00:00:00.000Z,0,0.0155724885510285
2023-04-14T00:00:00.000Z,0,0.4038199456732787
2023-04-11T00:00:00.000Z,4,0.3320475540423178
2023-06-05T00:00:00.000Z,36,0.5560838297279502
2023-06-08T00:00:00.000Z,36,0.079634894173773
2023-06-10T00:00:00.000Z,36,0.6047277508530273
2023-05-29T00:00:00.000Z,40,0.7023261937302048
2023-06-03T00:00:00.000Z,40,0.6868586739301124
2023-05-11T00:00:00.000Z,14,0.047062245408831
2023-05-16T00:00:00.000Z,14,0.025506316440826
2023-06-13T00:00:00.000Z,18,0.4629978522594425
2023-06-18T00:00:00.000Z,18,0.3936921817986004
2023-06-15T00:00:00.000Z,17,0.4684869464611321
2023-06-18T00:00:00.000Z,17,0.6183102749130507
2023-06-13T00:00:00.000Z,17,0.6566438959014391
2023-05-04T00:00:00.000Z,0,0.5162640298728225
2023-05-06T00:00:00.000Z,0,0.3354101356216332
2023-05-09T00:00:00.000Z,0,0.2427707960162065
2023-06-03T00:00:00.000Z,21,0.6751238203902352
2023-05-29T00:00:00.000Z,21,0.7298327261272175
2023-05-31T00:00:00.000Z,21,0.7213442246639562
2023-06-18T00:00:00.000Z,33,0.3123002015671626
2023-06-13T00:00:00.000Z,33,0.7412079028527769
2023-06-13T00:00:00.000Z,25,0.6710010869081467
2023-06-18T00:00:00.000Z,25,0.4992605608132217
2023-05-01T00:00:00.000Z,38,0.1164544620586818
2023-04-26T00:00:00.000Z,38,0.1294058427790785
2023-06-20T00:00:00.000Z,37,0.5445170890293994
2023-06-25T00:00:00.000Z,37,0.7078116854242656
2023-06-23T00:00:00.000Z,37,0.4400307626298028
2023-06-25T00:00:00.000Z,44,-0.0925346721166995
2023-06-20T00:00:00.000Z,44,0.2078887770194649
2023-06-23T00:00:00.000Z,44,0.0194789556071149
2023-05-09T00:00:00.000Z,40,0.3338881033172129
2023-05-04T00:00:00.000Z,40,0.6754768424449991
2023-06-13T00:00:00.000Z,14,0.5951567764980606
2023-06-18T00:00:00.000Z,14,0.5650222000547725
2023-06-05T00:00:00.000Z,38,0.5233737994428274
2023-06-10T00:00:00.000Z,38,0.5593812709570157
2023-06-10T00:00:00.000Z,40,0.5220005946005776
2023-06-05T00:00:00.000Z,40,0.4411796752686073
2023-05-11T00:00:00.000Z,16,0.0502638043377106
2023-05-16T00:00:00.000Z,16,0.0117043655106957
2023-05-04T00:00:00.000Z,11,0.6979301345355142
2023-05-09T00:00:00.000Z,11,0.5871589707902354
2023-06-20T00:00:00.000Z,21,0.3745672091603771
2023-06-25T00:00:00.000Z,21,0.7018967722231437
2023-06-23T00:00:00.000Z,21,0.0633803042611467
2023-06-08T00:00:00.000Z,11,0.6153221606556561
2023-06-25T00:00:00.000Z,10,0.6431008889947502
2023-06-23T00:00:00.000Z,10,-0.0263284093160583
2023-06-20T00:00:00.000Z,10,0.6345428520148023
2023-06-15T00:00:00.000Z,40,0.3863761446209223
2023-06-15T00:00:00.000Z,38,0.1755852739506239
2023-06-13T00:00:00.000Z,11,0.7503351558104554
2023-06-18T00:00:00.000Z,11,0.7203141703180275
2023-06-15T00:00:00.000Z,11,0.2840933901336298
2023-04-11T00:00:00.000Z,30,0.0912854229913059
2023-04-09T00:00:00.000Z,30,0.2113857797223322
2023-04-11T00:00:00.000Z,26,0.094443296206147
2023-04-16T00:00:00.000Z,30,0.0135948143290715
2023-04-14T00:00:00.000Z,30,0.1739114956613749
2023-04-16T00:00:00.000Z,26,0.0167534182882691
2023-06-10T00:00:00.000Z,21,0.5527797134225407
2023-06-05T00:00:00.000Z,21,0.391714929924742
2023-06-08T00:00:00.000Z,21,0.7122616899017299
2023-05-06T00:00:00.000Z,28,0.3879844037195675
2023-05-21T00:00:00.000Z,6,0.2921544966652814
2023-05-26T00:00:00.000Z,6,0.6154461128604383
2023-05-19T00:00:00.000Z,6,0.0663323038323518
2023-05-24T00:00:00.000Z,6,0.295799209236514
2023-05-01T00:00:00.000Z,26,0.0369551228219418
2023-04-26T00:00:00.000Z,26,0.1141285162241898
2023-04-24T00:00:00.000Z,21,0.0907504432168256
2023-04-19T00:00:00.000Z,21,0.0085234556968463
2023-04-21T00:00:00.000Z,21,0.5897571415073348
2023-04-24T00:00:00.000Z,43,0.2717902205369613
2023-04-19T00:00:00.000Z,43,0.0603538469949145
2023-04-21T00:00:00.000Z,43,0.5998440913236115
2023-04-21T00:00:00.000Z,11,0.4575441229872755
2023-04-21T00:00:00.000Z,38,0.3025262039900002
2023-05-26T00:00:00.000Z,14,0.8068451001124685
2023-05-21T00:00:00.000Z,14,0.2428616170517603
2023-05-31T00:00:00.000Z,0,0.6237212491512345
2023-05-29T00:00:00.000Z,0,0.6198712562092907
2023-06-03T00:00:00.000Z,0,0.6157239385020099
2023-05-09T00:00:00.000Z,38,0.3612317332304081
2023-05-04T00:00:00.000Z,38,0.6708129204398707
2023-05-06T00:00:00.000Z,38,0.1807117631176383
2023-04-26T00:00:00.000Z,40,0.1841798555716377
2023-05-01T00:00:00.000Z,40,0.1498765923066959
2023-04-29T00:00:00.000Z,40,0.6115444837033548
2023-05-26T00:00:00.000Z,44,-0.1268647941514679
2023-05-24T00:00:00.000Z,44,0.024325559430872
2023-05-21T00:00:00.000Z,44,0.0551448208618631
2023-05-19T00:00:00.000Z,44,-0.0125787534514137
2023-05-14T00:00:00.000Z,11,0.1637560882798782
2023-06-08T00:00:00.000Z,42,0.593732283704275
2023-05-01T00:00:00.000Z,45,0.0843328416979472
2023-04-26T00:00:00.000Z,45,0.0876104589006315
2023-04-29T00:00:00.000Z,45,0.1715384979437645
2023-06-08T00:00:00.000Z,45,0.1318031450789037
2023-06-10T00:00:00.000Z,45,0.0985760683258344
2023-06-05T00:00:00.000Z,45,-0.015767471356217
2023-06-20T00:00:00.000Z,17,0.762964133250131
2023-06-23T00:00:00.000Z,17,0.1732987712353872
2023-06-25T00:00:00.000Z,17,0.7851596548976674
2023-06-23T00:00:00.000Z,6,0.534265424631149
2023-06-20T00:00:00.000Z,6,0.5122525361863988
2023-06-25T00:00:00.000Z,6,0.5236078262092794
2023-06-28T00:00:00.000Z,34,0.3193725570060149
2023-05-09T00:00:00.000Z,43,0.2507771498467887
2023-05-06T00:00:00.000Z,43,0.3165037014459171
2023-05-04T00:00:00.000Z,43,0.6772933698891433
2023-05-26T00:00:00.000Z,38,0.639524577806568
2023-05-21T00:00:00.000Z,38,0.1487579467111241
2023-05-19T00:00:00.000Z,38,0.0409708377424076
2023-05-24T00:00:00.000Z,38,0.0471214296569037
2023-04-01T00:00:00.000Z,44,0.0431946432834061
2023-04-04T00:00:00.000Z,44,-0.1011925338836142
2023-04-06T00:00:00.000Z,44,-0.1027964201934698
2023-04-14T00:00:00.000Z,32,0.458803088106916
2023-04-11T00:00:00.000Z,31,0.1059644102166761
2023-04-09T00:00:00.000Z,31,0.2260946769033167
2023-04-16T00:00:00.000Z,31,0.0136265254220803
2023-04-11T00:00:00.000Z,32,0.0855287934906505
2023-04-09T00:00:00.000Z,32,0.3337868832802895
2023-04-11T00:00:00.000Z,41,0.053518207953062
2023-04-14T00:00:00.000Z,41,0.4625367541977279
2023-04-16T00:00:00.000Z,41,0.017463001581874
2023-04-09T00:00:00.000Z,41,0.3721991448264938
2023-04-16T00:00:00.000Z,32,0.0170211263270916
2023-04-14T00:00:00.000Z,31,0.4436390451057845
2023-05-09T00:00:00.000Z,27,0.1754926077188984
2023-05-04T00:00:00.000Z,27,0.66581051531153
2023-05-19T00:00:00.000Z,26,0.0619087809749234
2023-05-21T00:00:00.000Z,26,0.4318195230897871
2023-05-26T00:00:00.000Z,26,0.6274392682418181
2023-05-24T00:00:00.000Z,27,0.0991722688507992
2023-05-19T00:00:00.000Z,27,0.0814288085047092
2023-05-24T00:00:00.000Z,26,0.0068712015119663
2023-06-25T00:00:00.000Z,40,0.6518500658236032
2023-06-23T00:00:00.000Z,40,0.4538069448970379
2023-06-20T00:00:00.000Z,40,0.5494266071042389
2023-04-09T00:00:00.000Z,25,0.5656639580477912
2023-04-14T00:00:00.000Z,25,0.377935408922955
2023-04-06T00:00:00.000Z,45,0.1103409551388787
2023-04-01T00:00:00.000Z,45,0.0208098938596127
2023-04-04T00:00:00.000Z,45,0.1219390783042303
2023-05-26T00:00:00.000Z,17,0.7385046936405802
2023-05-21T00:00:00.000Z,17,0.5076458554292926
2023-05-24T00:00:00.000Z,17,0.5509273689487707
2023-05-19T00:00:00.000Z,17,0.5937838650671583
2023-04-04T00:00:00.000Z,38,0.4253160456064018
2023-06-28T00:00:00.000Z,41,0.220319347778738
2023-06-28T00:00:00.000Z,42,0.2459835913916015
2023-04-19T00:00:00.000Z,38,0.0346453835845953
2023-04-24T00:00:00.000Z,38,0.2602197497328205
2023-04-14T00:00:00.000Z,34,0.1813545410823947
2023-04-11T00:00:00.000Z,34,0.0798068434837777
2023-04-09T00:00:00.000Z,34,0.4476058339972388
2023-04-16T00:00:00.000Z,34,0.0212229747385915
2023-05-09T00:00:00.000Z,44,0.093374804435253
2023-05-06T00:00:00.000Z,44,-0.0278987235134431
2023-05-04T00:00:00.000Z,44,-0.2233284869407697
2023-05-06T00:00:00.000Z,14,0.5748965817679875
2023-06-08T00:00:00.000Z,40,0.3892542343958284
2023-06-03T00:00:00.000Z,44,-0.1795701201308894
2023-05-31T00:00:00.000Z,44,-0.1734315358877826
2023-05-29T00:00:00.000Z,44,-0.0027498768475981
2023-06-28T00:00:00.000Z,25,0.6320745888984017
2023-05-24T00:00:00.000Z,33,0.0071924598734761
2023-05-24T00:00:00.000Z,25,0.0117636746093847
2023-05-19T00:00:00.000Z,33,0.0393619284950637
2023-05-19T00:00:00.000Z,25,0.1508896170907099
2023-04-21T00:00:00.000Z,41,0.647820028686208
2023-04-21T00:00:00.000Z,42,0.7405569465067697
2023-06-25T00:00:00.000Z,42,0.6961135741785657
2023-06-20T00:00:00.000Z,42,0.5912330620209786
2023-06-28T00:00:00.000Z,44,-0.1600319538868028
2023-04-11T00:00:00.000Z,45,0.0302805325513223
2023-04-14T00:00:00.000Z,45,0.224439800136654
2023-04-09T00:00:00.000Z,45,
2023-04-16T00:00:00.000Z,45,0.0094646977108823
2023-06-23T00:00:00.000Z,42,0.423816794180315
2023-04-24T00:00:00.000Z,42,0.3227747887507552
2023-04-19T00:00:00.000Z,42,0.0530940280752933
2023-05-09T00:00:00.000Z,25,0.1583558233925213
2023-05-04T00:00:00.000Z,25,0.5989435152573783
2023-04-16T00:00:00.000Z,38,0.0361736406248267
2023-04-11T00:00:00.000Z,38,0.1021243058441827
2023-04-21T00:00:00.000Z,44,-0.3080245280796617
2023-04-24T00:00:00.000Z,44,0.0332228920333056
2023-04-19T00:00:00.000Z,44,0.0105719816640619
2023-04-24T00:00:00.000Z,41,0.2421782308709784
2023-04-19T00:00:00.000Z,41,0.0580313943282228
2023-05-14T00:00:00.000Z,41,0.0879923663342696
2023-05-11T00:00:00.000Z,42,0.054037979199065
2023-05-14T00:00:00.000Z,42,0.024418255730033
2023-05-16T00:00:00.000Z,41,0.0186562720009851
2023-05-11T00:00:00.000Z,41,0.0848292202853047
2023-05-16T00:00:00.000Z,42,0.0416295293035479
2023-04-24T00:00:00.000Z,11,0.1691076112155008
2023-04-19T00:00:00.000Z,11,0.009170972308925
2023-06-28T00:00:00.000Z,45,0.2129696260284765
2023-05-31T00:00:00.000Z,38,0.650321462612968
2023-06-20T00:00:00.000Z,14,0.6296239128437224
2023-06-25T00:00:00.000Z,14,0.8404433916375242
2023-06-18T00:00:00.000Z,38,0.665483949397811
2023-06-13T00:00:00.000Z,38,0.7172443918747734
2023-05-16T00:00:00.000Z,45,0.0100117655911162
2023-05-11T00:00:00.000Z,45,0.0325597904507698
2023-05-14T00:00:00.000Z,45,0.0104937320480625
2023-06-28T00:00:00.000Z,21,0.3772681623560939
2023-06-28T00:00:00.000Z,6,0.3115650760463453
2023-06-18T00:00:00.000Z,40,0.6335204990888185
2023-06-13T00:00:00.000Z,40,0.6836392712800019
2023-06-03T00:00:00.000Z,38,0.7332185206157477
2023-05-29T00:00:00.000Z,38,0.7489404587870333
2023-04-21T00:00:00.000Z,45,0.0418701422253092
2023-04-19T00:00:00.000Z,45,-0.0752584732011154
2023-04-24T00:00:00.000Z,45,
2023-06-23T00:00:00.000Z,45,0.3224873914483677
2023-06-20T00:00:00.000Z,45,0.1062942493043205
2023-06-25T00:00:00.000Z,45,0.1527138961425943
2023-06-08T00:00:00.000Z,38,0.764268061323759
2023-05-11T00:00:00.000Z,44,0.04122697906497
2023-05-16T00:00:00.000Z,44,0.0056991473141197
2023-05-14T00:00:00.000Z,44,0.0502863994763734
2023-06-25T00:00:00.000Z,38,0.6015559523655043
2023-06-20T00:00:00.000Z,38,0.4642650124839567
2023-06-15T00:00:00.000Z,45,0.1087913096998493
2023-06-13T00:00:00.000Z,45,0.2217833170182296
2023-06-18T00:00:00.000Z,45,0.1185613121123849
2023-05-31T00:00:00.000Z,14,0.8564604696721682
2023-06-15T00:00:00.000Z,14,0.7731682800901936
2023-06-18T00:00:00.000Z,44,0.0762616170025788
2023-06-13T00:00:00.000Z,44,-0.0409272379352478
2023-06-15T00:00:00.000Z,44,-0.1301712838330646
2023-04-14T00:00:00.000Z,44,-0.0593614414595112
2023-04-16T00:00:00.000Z,44,0.0087746618803962
2023-04-11T00:00:00.000Z,44,0.0465566293200334
2023-04-09T00:00:00.000Z,44,-0.1202893584349882
2023-04-14T00:00:00.000Z,38,0.373785292877752
2023-04-09T00:00:00.000Z,38,0.3699198815727022
2023-04-29T00:00:00.000Z,38,0.3079868449295659
2023-06-23T00:00:00.000Z,38,0.3021617903193647
2023-06-05T00:00:00.000Z,44,-0.1852781828689442
2023-06-10T00:00:00.000Z,44,-0.1793431696319916
2023-06-08T00:00:00.000Z,44,-0.0877832028976319
2023-05-06T00:00:00.000Z,45,-0.0045263485224081
2023-05-09T00:00:00.000Z,45,0.1421432282426004
2023-05-04T00:00:00.000Z,45,0.1966280425652569
2023-05-21T00:00:00.000Z,45,0.2311839304373799
2023-05-19T00:00:00.000Z,45,0.035844328206841
2023-05-26T00:00:00.000Z,45,0.1415522223700398
2023-05-24T00:00:00.000Z,45,
2023-08-02T00:00:00.000Z,20,0.0053819599354759
2023-08-02T00:00:00.000Z,18,0.0086778171018296
2023-08-02T00:00:00.000Z,15,0.0192544490547964
2023-08-02T00:00:00.000Z,14,0.022234264992716
2023-07-30T00:00:00.000Z,15,0.1990106348640504
2023-08-04T00:00:00.000Z,15,0.1353089638824599
2023-07-10T00:00:00.000Z,17,0.5134045251758627
2023-07-08T00:00:00.000Z,15,0.6020735221999827
2023-07-10T00:00:00.000Z,20,0.2935878123867593
2023-07-13T00:00:00.000Z,18,0.0788493612040807
2023-07-08T00:00:00.000Z,20,0.5692835524030838
2023-07-13T00:00:00.000Z,20,0.2266755218555473
2023-07-08T00:00:00.000Z,18,0.3976792168874319
2023-07-13T00:00:00.000Z,17,0.116779883720956
2023-07-08T00:00:00.000Z,17,0.575071048771817
2023-07-13T00:00:00.000Z,15,0.4585946280188714
2023-08-04T00:00:00.000Z,20,0.1757415682325872
2023-08-04T00:00:00.000Z,17,0.1181668015475452
2023-08-02T00:00:00.000Z,17,0.0021358576432304
2023-07-30T00:00:00.000Z,17,0.3686267973134612
2023-07-30T00:00:00.000Z,20,0.2161500175686697
2023-07-28T00:00:00.000Z,19,0.1410944135588067
2023-07-23T00:00:00.000Z,19,0.1424702903012338
2023-07-25T00:00:00.000Z,19,0.027016436322834
2023-08-14T00:00:00.000Z,20,0.3062659875044152
2023-08-09T00:00:00.000Z,7,0.0567865620682806
2023-08-14T00:00:00.000Z,7,0.3977051394
2023-08-12T00:00:00.000Z,15,0.3566357077216596
2023-08-07T00:00:00.000Z,15,0.068743060044085
2023-08-07T00:00:00.000Z,20,0.0229806003483848
2023-08-09T00:00:00.000Z,15,0.0413420640630326
2023-08-12T00:00:00.000Z,7,0.4801796246827375
2023-08-14T00:00:00.000Z,15,0.477460622144696
2023-08-07T00:00:00.000Z,7,0.0260932671757311
2023-08-12T00:00:00.000Z,20,0.170036925009777
2023-08-09T00:00:00.000Z,20,0.0642964417810407
2023-07-23T00:00:00.000Z,15,0.2890820245026204
2023-07-28T00:00:00.000Z,20,0.0349658509937503
2023-07-28T00:00:00.000Z,18,0.0307135047420832
2023-07-23T00:00:00.000Z,20,0.1851061618638107
2023-07-28T00:00:00.000Z,15,0.0274062295792119
2023-07-23T00:00:00.000Z,18,0.0937210219743505
2023-07-03T00:00:00.000Z,18,0.0948234954174115
2023-07-03T00:00:00.000Z,15,0.1297002416370458
2023-07-05T00:00:00.000Z,17,0.4804822019119942
2023-07-03T00:00:00.000Z,17,0.0376339415631013
2023-07-03T00:00:00.000Z,20,0.0817216585771755
2023-07-05T00:00:00.000Z,20,0.5409592260543332
2023-07-23T00:00:00.000Z,17,0.1663469527230237
2023-07-25T00:00:00.000Z,17,0.1204689045700929
2023-07-28T00:00:00.000Z,17,0.06318704302252
2023-07-25T00:00:00.000Z,20,0.0189312021305454
2023-07-18T00:00:00.000Z,20,0.0681643120955856
2023-07-18T00:00:00.000Z,19,0.1182157180128167
2023-07-15T00:00:00.000Z,19,0.2268146067385849
2023-07-20T00:00:00.000Z,7,0.4534542099572864
2023-07-20T00:00:00.000Z,20,0.3854833451615697
2023-07-20T00:00:00.000Z,19,0.3274471737060663
2023-07-15T00:00:00.000Z,20,0.1768413171593336
2023-07-15T00:00:00.000Z,7,0.2623583160859764
2023-07-18T00:00:00.000Z,7,0.0807278005149702
2023-08-09T00:00:00.000Z,19,0.0388052048399967
2023-08-12T00:00:00.000Z,19,0.371408019338963
2023-08-14T00:00:00.000Z,19,0.2098850952025784
2023-08-07T00:00:00.000Z,19,0.0096133733304305
2023-07-15T00:00:00.000Z,24,0.4819984323723439
2023-07-15T00:00:00.000Z,22,0.4489879431439948
2023-07-18T00:00:00.000Z,22,0.2244759335016731
2023-07-15T00:00:00.000Z,16,0.6908083648375948
2023-07-20T00:00:00.000Z,24,0.4794995475085333
2023-07-20T00:00:00.000Z,22,0.5116807443055683
2023-07-18T00:00:00.000Z,13,0.0766836994554085
2023-07-20T00:00:00.000Z,16,0.5229581874522324
2023-07-18T00:00:00.000Z,24,0.0192401886935391
2023-07-18T00:00:00.000Z,16,0.0872718097647204
2023-07-23T00:00:00.000Z,14,0.3467639735081429
2023-07-25T00:00:00.000Z,15,0.0193621395419171
2023-07-28T00:00:00.000Z,14,0.0478557784055781
2023-07-05T00:00:00.000Z,5,0.5915588676401087
2023-07-03T00:00:00.000Z,12,0.3186926910212396
2023-07-03T00:00:00.000Z,5,0.2600156456642049
2023-07-05T00:00:00.000Z,12,0.3133847843394671
2023-07-03T00:00:00.000Z,2,0.205043642260476
2023-07-05T00:00:00.000Z,3,0.4039287571666811
2023-07-05T00:00:00.000Z,2,0.502884916403683
2023-07-03T00:00:00.000Z,3,0.1310389549925635
2023-07-23T00:00:00.000Z,23,0.4322995664974924
2023-07-28T00:00:00.000Z,4,0.0151775740110597
2023-07-23T00:00:00.000Z,7,0.3805362352814007
2023-07-28T00:00:00.000Z,7,0.0918217853339306
2023-07-25T00:00:00.000Z,7,0.0943334129575986
2023-07-28T00:00:00.000Z,23,0.0323615367050981
2023-07-25T00:00:00.000Z,23,0.0760936707186032
2023-07-25T00:00:00.000Z,4,0.1440621947098873
2023-07-23T00:00:00.000Z,4,0.3700763254429988
2023-08-12T00:00:00.000Z,18,-0.0125267662804941
2023-08-07T00:00:00.000Z,18,-0.0052011158230564
2023-07-08T00:00:00.000Z,19,0.6070303544654837
2023-07-10T00:00:00.000Z,7,0.3006164465085772
2023-07-13T00:00:00.000Z,19,0.2487887904562234
2023-07-08T00:00:00.000Z,7,0.5531211677765795
2023-07-10T00:00:00.000Z,19,0.2428246639713825
2023-07-13T00:00:00.000Z,7,0.3803749521841812
2023-07-08T00:00:00.000Z,10,0.5423372868511195
2023-07-13T00:00:00.000Z,10,0.1433104155994033
2023-07-10T00:00:00.000Z,10,0.2139527357234669
2023-07-20T00:00:00.000Z,10,0.3495785600288547
2023-07-15T00:00:00.000Z,10,0.3099493916569167
2023-07-18T00:00:00.000Z,10,0.3652597009097487
2023-07-05T00:00:00.000Z,19,0.5989030553880297
2023-07-03T00:00:00.000Z,19,0.1355101653750786
2023-07-05T00:00:00.000Z,10,0.4490667472824613
2023-07-03T00:00:00.000Z,10,0.1810161726908553
2023-07-10T00:00:00.000Z,23,0.3820388740761206
2023-07-08T00:00:00.000Z,16,0.6767037831692053
2023-07-10T00:00:00.000Z,15,0.3284844789029752
2023-07-08T00:00:00.000Z,14,0.574845984241301
2023-07-13T00:00:00.000Z,16,0.4886077036604986
2023-07-13T00:00:00.000Z,23,0.4691348662939086
2023-07-08T00:00:00.000Z,23,0.6262624336857305
2023-07-10T00:00:00.000Z,14,0.2269848484850946
2023-07-13T00:00:00.000Z,14,0.4826131544595355
2023-07-05T00:00:00.000Z,6,0.4719085685363951
2023-07-05T00:00:00.000Z,8,0.404530580972421
2023-07-03T00:00:00.000Z,6,0.0192016559579121
2023-07-03T00:00:00.000Z,8,0.202255071597821
2023-07-05T00:00:00.000Z,7,0.4642675142135486
2023-07-03T00:00:00.000Z,7,0.0608831061360705
2023-07-30T00:00:00.000Z,2,0.0870276663536443
2023-08-04T00:00:00.000Z,4,0.1260116257920507
2023-08-02T00:00:00.000Z,2,-0.0131200554764011
2023-08-04T00:00:00.000Z,0,0.0125899115419994
2023-08-04T00:00:00.000Z,5,0.5131776928352142
2023-07-30T00:00:00.000Z,5,0.0706298343051926
2023-08-02T00:00:00.000Z,0,0.0042476923138336
2023-08-02T00:00:00.000Z,5,0.0537206161222572
2023-08-04T00:00:00.000Z,2,0.2800147464342029
2023-08-02T00:00:00.000Z,4,0.0196237014295109
2023-07-30T00:00:00.000Z,0,0.239337135805197
2023-07-30T00:00:00.000Z,4,0.1387369928367851
2023-07-20T00:00:00.000Z,9,0.3969731972274732
2023-07-15T00:00:00.000Z,9,0.4522531255182798
2023-07-18T00:00:00.000Z,5,0.0008575635691053677
2023-07-18T00:00:00.000Z,8,0.1534300688535984
2023-07-20T00:00:00.000Z,5,0.4901541786500352
2023-07-15T00:00:00.000Z,8,0.3847934745578156
2023-07-15T00:00:00.000Z,5,0.5381575881018149
2023-07-20T00:00:00.000Z,8,0.4387138400069652
2023-07-18T00:00:00.000Z,9,0.2295581908707508
2023-08-02T00:00:00.000Z,28,0.0657531284080201
2023-07-25T00:00:00.000Z,6,0.098203893248745
2023-07-23T00:00:00.000Z,6,0.355896717070011
2023-07-28T00:00:00.000Z,6,0.0320724750084649
2023-07-15T00:00:00.000Z,2,0.573083916620879
2023-07-15T00:00:00.000Z,39,0.5899358382003561
2023-07-18T00:00:00.000Z,2,-0.0381442440281892
2023-07-20T00:00:00.000Z,39,0.3952081665754544
2023-07-18T00:00:00.000Z,3,-0.0347996258480972
2023-07-18T00:00:00.000Z,35,0.2084723272352018
2023-07-20T00:00:00.000Z,3,0.3863810318482093
2023-07-20T00:00:00.000Z,35,0.4745357367135039
2023-07-20T00:00:00.000Z,2,0.433056403156597
2023-07-15T00:00:00.000Z,35,0.6762071789777676
2023-07-15T00:00:00.000Z,3,0.5824262827714063
2023-07-18T00:00:00.000Z,39,0.0051105858075251
2023-08-07T00:00:00.000Z,28,0.1475467243484685
2023-08-12T00:00:00.000Z,28,0.0826554468873753
2023-07-30T00:00:00.000Z,9,0.1359945541826864
2023-07-30T00:00:00.000Z,8,0.1330555885671496
2023-08-04T00:00:00.000Z,7,0.2193676601147119
2023-08-02T00:00:00.000Z,8,0.025138067934451
2023-08-02T00:00:00.000Z,9,0.0244357087335243
2023-07-30T00:00:00.000Z,7,0.2032921176949122
2023-08-02T00:00:00.000Z,7,0.0202753862678926
2023-08-04T00:00:00.000Z,8,0.2367901388447437
2023-08-04T00:00:00.000Z,9,0.279581704199324
2023-07-23T00:00:00.000Z,28,0.4000090168945726
2023-07-23T00:00:00.000Z,16,0.373412339843027
2023-07-28T00:00:00.000Z,28,0.077830557825415
2023-07-28T00:00:00.000Z,16,0.036581859765706
2023-07-05T00:00:00.000Z,21,0.3713387567130752
2023-07-03T00:00:00.000Z,21,0.0701194000188719
2023-07-05T00:00:00.000Z,23,0.2734709831517672
2023-07-05T00:00:00.000Z,15,0.3152011007848104
2023-07-03T00:00:00.000Z,23,0.0796116111494239
2023-07-10T00:00:00.000Z,0,0.378517863932246
2023-07-10T00:00:00.000Z,4,0.368764806493166
2023-07-13T00:00:00.000Z,5,0.3205587501289395
2023-07-10T00:00:00.000Z,5,0.3239456992589837
2023-07-10T00:00:00.000Z,2,0.3825423857062549
2023-07-13T00:00:00.000Z,2,0.2477049176104457
2023-07-13T00:00:00.000Z,4,0.2935863225443987
2023-07-08T00:00:00.000Z,0,0.4503065722563831
2023-07-08T00:00:00.000Z,4,0.5225416801313911
2023-07-13T00:00:00.000Z,0,0.1331953172264815
2023-07-08T00:00:00.000Z,5,0.4339643736769421
2023-07-08T00:00:00.000Z,2,0.5199448513325092
2023-07-13T00:00:00.000Z,13,0.5261512766613854
2023-07-08T00:00:00.000Z,13,0.7511198748349847
2023-07-13T00:00:00.000Z,28,0.5407832951927466
2023-07-08T00:00:00.000Z,28,0.6799075948597444
2023-07-23T00:00:00.000Z,5,0.40200248903484
2023-07-28T00:00:00.000Z,5,0.0639472133998384
2023-07-25T00:00:00.000Z,5,0.2315302782480056
2023-08-12T00:00:00.000Z,36,0.3836457770457583
2023-08-09T00:00:00.000Z,37,0.0715785834917203
2023-08-07T00:00:00.000Z,22,0.0695379964648458
2023-08-07T00:00:00.000Z,36,0.2193929378483832
2023-08-12T00:00:00.000Z,37,0.1810449737928493
2023-08-07T00:00:00.000Z,37,0.1788055989806254
2023-08-12T00:00:00.000Z,1,0.2845230590759036
2023-08-07T00:00:00.000Z,29,0.1450196720647713
2023-08-07T00:00:00.000Z,1,0.0937622793270492
2023-08-09T00:00:00.000Z,22,0.0902768788740799
2023-08-09T00:00:00.000Z,29,0.061009782024153
2023-08-14T00:00:00.000Z,37,0.4020255203808533
2023-08-14T00:00:00.000Z,36,0.4726512943156484
2023-08-09T00:00:00.000Z,24,0.0764630901587334
2023-08-12T00:00:00.000Z,29,0.356361124538966
2023-08-09T00:00:00.000Z,36,0.0863831641153282
2023-08-07T00:00:00.000Z,24,0.0711823213624948
2023-08-14T00:00:00.000Z,29,0.2144696736004894
2023-08-14T00:00:00.000Z,24,0.1822480447226048
2023-08-14T00:00:00.000Z,22,0.3997849635655446
2023-08-12T00:00:00.000Z,22,0.1875960332081188
2023-08-14T00:00:00.000Z,1,0.2319128245488418
2023-08-12T00:00:00.000Z,24,0.2662655979952434
2023-08-09T00:00:00.000Z,1,0.0675174349992257
2023-07-25T00:00:00.000Z,9,0.1413628342511507
2023-07-25T00:00:00.000Z,8,0.1157268442865452
2023-07-28T00:00:00.000Z,8,0.0898767728437949
2023-07-28T00:00:00.000Z,9,0.0984372693987151
2023-07-23T00:00:00.000Z,8,0.3614904286762451
2023-07-23T00:00:00.000Z,9,0.3720744802037433
2023-08-07T00:00:00.000Z,12,0.1930044253756402
2023-08-09T00:00:00.000Z,5,0.0035245031379605
2023-08-07T00:00:00.000Z,5,0.105348355156387
2023-08-14T00:00:00.000Z,5,0.6444462418330971
2023-08-14T00:00:00.000Z,12,0.7212012107326164
2023-08-12T00:00:00.000Z,3,0.2926461455958504
2023-08-14T00:00:00.000Z,3,0.7273251626224557
2023-08-09T00:00:00.000Z,12,0.0096006128833042
2023-08-12T00:00:00.000Z,5,0.1980821336178465
2023-08-09T00:00:00.000Z,3,0.0327272233907846
2023-08-07T00:00:00.000Z,3,0.24333897808884
2023-08-12T00:00:00.000Z,12,0.7039109616129087
2023-07-13T00:00:00.000Z,1,0.138586765876239
2023-07-08T00:00:00.000Z,36,0.5845199874611275
2023-07-10T00:00:00.000Z,36,0.405809344170083
2023-07-10T00:00:00.000Z,22,0.4661575977821193
2023-07-08T00:00:00.000Z,1,0.6020840819587446
2023-07-10T00:00:00.000Z,24,0.4127664469005596
2023-07-13T00:00:00.000Z,24,0.5304609603720795
2023-07-08T00:00:00.000Z,22,0.6511015066946091
2023-07-13T00:00:00.000Z,36,0.3024121996702508
2023-07-13T00:00:00.000Z,22,0.4494413711888492
2023-07-10T00:00:00.000Z,1,0.2459875927946636
2023-07-08T00:00:00.000Z,24,0.7388774620968773
2023-07-05T00:00:00.000Z,24,0.6698405812055771
2023-07-05T00:00:00.000Z,28,0.1902650610575655
2023-07-03T00:00:00.000Z,28,0.1964434635534743
2023-07-03T00:00:00.000Z,29,0.1799406787194545
2023-07-03T00:00:00.000Z,24,0.0994415315801553
2023-07-05T00:00:00.000Z,29,0.495737461829796
2023-08-14T00:00:00.000Z,9,0.6671562577792395
2023-08-09T00:00:00.000Z,9,0.0038767057919889
2023-08-12T00:00:00.000Z,9,0.62217462874806
2023-08-07T00:00:00.000Z,9,0.0629333264561164
2023-08-02T00:00:00.000Z,23,0.0167570548790059
2023-08-04T00:00:00.000Z,23,0.0879968590849955
2023-07-30T00:00:00.000Z,14,0.0118264593771121
2023-08-02T00:00:00.000Z,16,-0.0041356079641806
2023-07-30T00:00:00.000Z,23,0.0545483515564531
2023-08-04T00:00:00.000Z,14,0.0668200132472374
2023-08-04T00:00:00.000Z,1,0.1362816424259403
2023-08-04T00:00:00.000Z,22,0.1258516768856359
2023-08-02T00:00:00.000Z,22,0.0093390792493171
2023-07-30T00:00:00.000Z,22,0.3456367573342515
2023-08-02T00:00:00.000Z,1,0.0308229500724867
2023-07-30T00:00:00.000Z,1,0.1930524571689839
2023-07-18T00:00:00.000Z,28,-0.0271740029452334
2023-07-15T00:00:00.000Z,28,0.7616097149217662
2023-07-18T00:00:00.000Z,29,-0.0028221925591498
2023-07-20T00:00:00.000Z,29,0.4678672803135213
2023-07-20T00:00:00.000Z,28,0.4983275659910308
2023-07-15T00:00:00.000Z,29,0.5127256535611515
2023-07-20T00:00:00.000Z,1,0.4291511670209532
2023-07-15T00:00:00.000Z,37,0.6888619153473283
2023-07-20T00:00:00.000Z,36,0.4432158658103224
2023-07-18T00:00:00.000Z,36,0.3626258842902232
2023-07-18T00:00:00.000Z,37,0.3361589665437791
2023-07-15T00:00:00.000Z,36,0.5944382189645018
2023-07-20T00:00:00.000Z,37,0.4133119952333815
2023-07-18T00:00:00.000Z,1,0.0968547664952392
2023-07-15T00:00:00.000Z,1,0.3135968899431973
2023-07-08T00:00:00.000Z,34,0.1020869640204534
2023-07-13T00:00:00.000Z,30,0.2926372194630544
2023-07-13T00:00:00.000Z,34,0.4281824799270369
2023-07-10T00:00:00.000Z,30,0.4080386007335082
2023-07-08T00:00:00.000Z,30,0.4487033409413017
2023-07-10T00:00:00.000Z,34,0.5354973154331
2023-07-18T00:00:00.000Z,15,0.1119134835120219
2023-07-18T00:00:00.000Z,14,0.1086251669570728
2023-08-04T00:00:00.000Z,39,0.1140928772356788
2023-08-02T00:00:00.000Z,3,-0.0081021965988638
2023-07-30T00:00:00.000Z,39,0.1435323435987051
2023-07-30T00:00:00.000Z,35,0.0899180288774879
2023-08-02T00:00:00.000Z,35,0.1645056852024805
2023-08-04T00:00:00.000Z,35,0.1186503102123977
2023-07-30T00:00:00.000Z,3,0.0006705304262362445
2023-08-04T00:00:00.000Z,3,0.1655622679524273
2023-08-02T00:00:00.000Z,39,0.2018417982380222
2023-07-15T00:00:00.000Z,15,0.386846771721073
2023-07-20T00:00:00.000Z,15,0.4984334152429983
2023-07-13T00:00:00.000Z,26,0.4668539767774039
2023-07-13T00:00:00.000Z,25,0.6419266488359883
2023-07-13T00:00:00.000Z,33,0.5101840960767342
2023-07-08T00:00:00.000Z,33,0.2980347205491123
2023-07-08T00:00:00.000Z,25,0.3998388760045386
2023-07-08T00:00:00.000Z,26,0.3547213381964741
2023-07-28T00:00:00.000Z,27,0.0980747541642347
2023-07-23T00:00:00.000Z,26,0.3821445999524813
2023-07-25T00:00:00.000Z,26,0.2404088032900319
2023-07-23T00:00:00.000Z,30,0.5218159224348147
2023-07-28T00:00:00.000Z,30,0.1111090292212058
2023-07-23T00:00:00.000Z,27,0.4719769941303482
2023-07-25T00:00:00.000Z,30,0.1204396172689942
2023-07-28T00:00:00.000Z,26,0.0703081225831598
2023-07-20T00:00:00.000Z,34,0.4403125377368512
2023-07-18T00:00:00.000Z,26,-0.0213177735687904
2023-07-15T00:00:00.000Z,34,0.4262668223055286
2023-07-15T00:00:00.000Z,26,0.2472786494327568
2023-07-18T00:00:00.000Z,34,0.040294395712537
2023-07-20T00:00:00.000Z,26,0.4732100056358812
2023-07-03T00:00:00.000Z,32,0.2722727759270236
2023-07-05T00:00:00.000Z,41,0.4018247684199545
2023-07-03T00:00:00.000Z,31,0.2326463344145511
2023-07-03T00:00:00.000Z,43,0.184492547885039
2023-07-03T00:00:00.000Z,41,0.2329632195841245
2023-07-05T00:00:00.000Z,31,0.4197792397332757
2023-07-05T00:00:00.000Z,32,0.4244194525721372
2023-07-05T00:00:00.000Z,43,0.3706022620289113
2023-08-02T00:00:00.000Z,37,0.3382042676823427
2023-08-02T00:00:00.000Z,43,0.5096849023296871
2023-07-30T00:00:00.000Z,37,0.0033046167572952
2023-07-30T00:00:00.000Z,43,0.3084359232906307
2023-08-04T00:00:00.000Z,43,0.4721209937277293
2023-08-04T00:00:00.000Z,37,0.1524959109307456
2023-07-28T00:00:00.000Z,32,0.1952364636104396
2023-07-25T00:00:00.000Z,43,0.3482418186131381
2023-07-23T00:00:00.000Z,41,0.2981835302858125
2023-07-23T00:00:00.000Z,32,0.4400512097583349
2023-07-25T00:00:00.000Z,32,0.3201509170144275
2023-07-28T00:00:00.000Z,43,0.1578058706842676
2023-07-25T00:00:00.000Z,31,0.2524776752194495
2023-07-23T00:00:00.000Z,31,0.4684008509822583
2023-07-25T00:00:00.000Z,41,0.4197627958319921
2023-07-28T00:00:00.000Z,41,0.3020622579686678
2023-07-23T00:00:00.000Z,43,0.2850941999862724
2023-07-28T00:00:00.000Z,31,0.175611155290085
2023-07-18T00:00:00.000Z,33,-0.0553871626558276
2023-08-02T00:00:00.000Z,34,0.2477233635721925
2023-08-04T00:00:00.000Z,34,0.3575966159105848
2023-07-30T00:00:00.000Z,34,0.5204851788156101
2023-07-13T00:00:00.000Z,40,0.3259485325477823
2023-07-08T00:00:00.000Z,39,0.3590360959592704
2023-07-10T00:00:00.000Z,40,0.4393982409287452
2023-07-10T00:00:00.000Z,38,0.5178462450017636
2023-07-08T00:00:00.000Z,40,0.3901187898097132
2023-07-13T00:00:00.000Z,39,0.2481562433193095
2023-07-10T00:00:00.000Z,39,0.4811497843965165
2023-09-01T00:00:00.000Z,18,0.0080153706779748
2023-09-06T00:00:00.000Z,18,0.4927328666104721
2023-09-01T00:00:00.000Z,20,0.0167130621338447
2023-09-06T00:00:00.000Z,20,0.6694554850823552
2023-09-01T00:00:00.000Z,17,0.009384185741562
2023-09-03T00:00:00.000Z,20,0.3797298319300718
2023-09-03T00:00:00.000Z,17,0.3918829741576122
2023-09-06T00:00:00.000Z,17,0.6589331020304573
2023-08-27T00:00:00.000Z,20,0.1290797776147972
2023-08-27T00:00:00.000Z,7,0.1114297853056212
2023-08-24T00:00:00.000Z,20,0.3900627454221765
2023-08-27T00:00:00.000Z,6,0.1234497985487183
2023-08-24T00:00:00.000Z,7,0.4052467698351071
2023-08-27T00:00:00.000Z,15,0.1229896424258301
2023-08-29T00:00:00.000Z,6,0.031445583293871
2023-08-29T00:00:00.000Z,15,0.0799343881216206
2023-08-29T00:00:00.000Z,7,0.0519312101170581
2023-08-24T00:00:00.000Z,15,0.3678284915081978
2023-08-24T00:00:00.000Z,6,0.3453031811386861
2023-08-29T00:00:00.000Z,20,0.0798790857784025
2023-09-21T00:00:00.000Z,20,0.1362857512034953
2023-09-16T00:00:00.000Z,20,0.6605570555125917
2023-09-26T00:00:00.000Z,20,0.6753364138164083
2023-09-16T00:00:00.000Z,18,0.465332040691469
2023-09-23T00:00:00.000Z,17,0.4937300307178022
2023-09-18T00:00:00.000Z,17,0.0405151929183506
2023-09-23T00:00:00.000Z,20,0.4308557806606536
2023-09-21T00:00:00.000Z,18,0.0388298738761393
2023-09-18T00:00:00.000Z,20,0.0353853686670398
2023-09-16T00:00:00.000Z,17,0.6483639290030672
2023-09-21T00:00:00.000Z,17,0.0909892447239636
2023-09-26T00:00:00.000Z,15,0.6663339794352829
2023-09-26T00:00:00.000Z,6,0.5350246182364445
2023-09-28T00:00:00.000Z,7,0.5828175271957101
2023-09-26T00:00:00.000Z,7,0.6407312802118011
2023-09-28T00:00:00.000Z,6,0.468127547927165
2023-09-28T00:00:00.000Z,20,0.61714758805026
2023-09-28T00:00:00.000Z,15,0.5670863585382971
2023-09-03T00:00:00.000Z,14,0.5909972721426427
2023-09-03T00:00:00.000Z,23,0.526576985339278
2023-09-03T00:00:00.000Z,15,0.4523257046632866
2023-09-01T00:00:00.000Z,14,0.0646762753817689
2023-09-06T00:00:00.000Z,16,0.7395512372944922
2023-09-01T00:00:00.000Z,16,0.1375001608404512
2023-09-06T00:00:00.000Z,14,0.6204891730916116
2023-09-01T00:00:00.000Z,23,0.0858893543762274
2023-09-06T00:00:00.000Z,15,0.6613209955243736
2023-09-06T00:00:00.000Z,23,0.72647390304038
2023-09-01T00:00:00.000Z,15,0.058534086444474
2023-09-26T00:00:00.000Z,16,0.7442703457182709
2023-09-28T00:00:00.000Z,14,0.8056134214447768
2023-09-28T00:00:00.000Z,23,0.6166817683331409
2023-09-26T00:00:00.000Z,14,0.6176697000882225
2023-09-26T00:00:00.000Z,23,0.7094125272535937
2023-09-26T00:00:00.000Z,28,0.7627465003957501
2023-09-28T00:00:00.000Z,28,0.8041161304394617
2023-09-28T00:00:00.000Z,24,0.7160898902848835
2023-09-28T00:00:00.000Z,29,0.6891007353059933
2023-09-26T00:00:00.000Z,29,0.7393486526585568
2023-09-26T00:00:00.000Z,24,0.7992721165795712
2023-08-29T00:00:00.000Z,5,0.0308296872661563
2023-08-27T00:00:00.000Z,4,0.1794934419092613
2023-08-29T00:00:00.000Z,4,0.0448765386515112
2023-08-24T00:00:00.000Z,5,0.6938411898521722
2023-08-27T00:00:00.000Z,5,0.0719461718481432
2023-08-24T00:00:00.000Z,4,0.5150286936888118
2023-09-03T00:00:00.000Z,37,0.4106235290623939
2023-09-03T00:00:00.000Z,24,0.340408231062259
2023-09-03T00:00:00.000Z,1,0.3433734857872769
2023-09-01T00:00:00.000Z,24,0.1014432938236476
2023-09-06T00:00:00.000Z,24,0.7892138938328322
2023-09-01T00:00:00.000Z,36,0.050824744838514
2023-09-03T00:00:00.000Z,22,0.3380048607656184
2023-09-03T00:00:00.000Z,29,0.4353672796817919
2023-09-01T00:00:00.000Z,29,0.1818637151956199
2023-09-06T00:00:00.000Z,37,0.7568130745524633
2023-09-03T00:00:00.000Z,36,0.3866134911214637
2023-09-01T00:00:00.000Z,1,0.0591838515826378
2023-09-06T00:00:00.000Z,29,0.7356263399317187
2023-09-06T00:00:00.000Z,22,0.7953643074631987
2023-09-01T00:00:00.000Z,37,0.0530759086230121
2023-09-01T00:00:00.000Z,22,0.0892053125153912
2023-09-06T00:00:00.000Z,36,0.7048211619169442
2023-09-06T00:00:00.000Z,1,0.6759056310702635
2023-09-28T00:00:00.000Z,21,0.65480835299817
2023-09-26T00:00:00.000Z,21,0.7394050021355291
2023-09-26T00:00:00.000Z,22,0.7960679711617397
2023-09-28T00:00:00.000Z,22,0.7005788089102246
2023-09-26T00:00:00.000Z,1,0.6787978867315085
2023-09-28T00:00:00.000Z,1,0.6015051562125752
2023-09-26T00:00:00.000Z,37,0.7561848457817717
2023-09-26T00:00:00.000Z,36,0.7015228382816963
2023-09-28T00:00:00.000Z,36,0.6613967226219764
2023-09-26T00:00:00.000Z,35,0.7348323102137891
2023-09-28T00:00:00.000Z,37,0.7299887353391356
2023-09-28T00:00:00.000Z,35,0.7153814156977524
2023-09-11T00:00:00.000Z,10,0.5874574956645849
2023-09-13T00:00:00.000Z,10,0.0597442438018781
2023-09-08T00:00:00.000Z,10,0.5982337936981283
2023-09-03T00:00:00.000Z,8,0.3095873755435814
2023-09-01T00:00:00.000Z,10,0.0865523205975842
2023-09-06T00:00:00.000Z,8,0.6872055257427853
2023-09-03T00:00:00.000Z,9,0.3123400173887543
2023-09-01T00:00:00.000Z,8,0.0764176603776634
2023-09-01T00:00:00.000Z,9,0.0983684779207124
2023-09-06T00:00:00.000Z,9,0.7175453130984646
2023-09-06T00:00:00.000Z,10,0.6169046888664249
2023-09-03T00:00:00.000Z,10,0.2564662787042483
2023-09-11T00:00:00.000Z,12,0.7640593873055467
2023-09-08T00:00:00.000Z,12,0.7398245256003652
2023-09-08T00:00:00.000Z,9,0.6990478460966291
2023-09-13T00:00:00.000Z,12,0.0543619273484625
2023-09-11T00:00:00.000Z,9,0.6930312445096423
2023-09-13T00:00:00.000Z,9,0.06802098441939
2023-09-28T00:00:00.000Z,9,0.6617648816087186
2023-09-26T00:00:00.000Z,9,0.7023923923151393
2023-09-26T00:00:00.000Z,12,0.7677172252426844
2023-09-28T00:00:00.000Z,12,0.724282388202463
2023-08-17T00:00:00.000Z,25,0.6948235490287775
2023-08-17T00:00:00.000Z,27,0.7525103412061311
2023-08-22T00:00:00.000Z,27,0.7064854035221954
2023-08-22T00:00:00.000Z,25,0.6797030873422896
2023-08-17T00:00:00.000Z,26,0.6594245623598268
2023-08-22T00:00:00.000Z,26,0.6954091203301483
2023-08-17T00:00:00.000Z,33,0.625036952812114
2023-08-22T00:00:00.000Z,33,0.7082940062969479
2023-08-22T00:00:00.000Z,34,0.6304698078398387
2023-08-17T00:00:00.000Z,30,0.2776607405788145
2023-08-17T00:00:00.000Z,34,0.6563831350491727
2023-08-22T00:00:00.000Z,30,0.6742917180558209
2023-08-19T00:00:00.000Z,26,0.3641855539178828
2023-08-19T00:00:00.000Z,34,0.3305579982484774
2023-08-19T00:00:00.000Z,30,0.5021349008318162
2023-09-21T00:00:00.000Z,34,0.2690686227583598
2023-09-21T00:00:00.000Z,33,0.1006461481408917
2023-09-16T00:00:00.000Z,33,0.5628279584493057
2023-09-18T00:00:00.000Z,34,0.0333617201156435
2023-09-16T00:00:00.000Z,34,0.3148757775364218
2023-09-23T00:00:00.000Z,34,0.3030038260264623
2023-09-11T00:00:00.000Z,31,0.7283258080748358
2023-09-08T00:00:00.000Z,30,0.6169831371182366
2023-09-13T00:00:00.000Z,29,0.0518069007622175
2023-09-08T00:00:00.000Z,37,0.6693306135421424
2023-09-13T00:00:00.000Z,30,0.0648610191765333
2023-09-08T00:00:00.000Z,29,0.6955164521333869
2023-09-11T00:00:00.000Z,29,0.7068921409899381
2023-09-11T00:00:00.000Z,37,0.7276688729019077
2023-09-13T00:00:00.000Z,31,0.1115421008188332
2023-09-13T00:00:00.000Z,37,0.1135818346622946
2023-09-11T00:00:00.000Z,30,0.7314107960979718
2023-09-08T00:00:00.000Z,31,0.6335024585724507
2023-08-17T00:00:00.000Z,32,0.4669299034939072
2023-08-22T00:00:00.000Z,32,0.6185834828230747
2023-08-19T00:00:00.000Z,32,0.6571754552859103
2023-08-17T00:00:00.000Z,42,0.570676422732258
2023-08-19T00:00:00.000Z,41,0.7153447389369276
2023-08-19T00:00:00.000Z,42,0.7423114164030169
2023-08-22T00:00:00.000Z,41,0.6907568900608749
2023-08-22T00:00:00.000Z,42,0.6484434916252173
2023-08-22T00:00:00.000Z,43,0.648978711790993
2023-08-17T00:00:00.000Z,41,0.4416253149967428
2023-08-19T00:00:00.000Z,43,0.6768722432802246
2023-08-17T00:00:00.000Z,43,0.4206265815576593
2023-09-23T00:00:00.000Z,32,0.2617651186058156
2023-09-23T00:00:00.000Z,30,0.3637753301795445
2023-09-18T00:00:00.000Z,30,0.0227519620536407
2023-09-18T00:00:00.000Z,32,0.0259173912186276
2023-09-21T00:00:00.000Z,30,0.6378601216919849
2023-09-21T00:00:00.000Z,32,0.5929177652358718
2023-09-16T00:00:00.000Z,31,0.413912249681026
2023-09-18T00:00:00.000Z,31,0.023084614174532
2023-09-21T00:00:00.000Z,31,0.5900378250661337
2023-09-16T00:00:00.000Z,30,0.2514532360466418
2023-09-23T00:00:00.000Z,31,0.3386576741066426
2023-09-16T00:00:00.000Z,32,0.3084041921865479
2023-09-08T00:00:00.000Z,42,0.7284275339993689
2023-09-13T00:00:00.000Z,42,0.0374480744947008
2023-07-18T00:00:00.000Z,25,-0.0216184633177723
2023-07-10T00:00:00.000Z,29,0.4255158570518217
2023-07-13T00:00:00.000Z,29,0.4386717210040282
2023-07-10T00:00:00.000Z,28,0.4244372069765334
2023-07-08T00:00:00.000Z,29,0.6541100019828523
2023-08-07T00:00:00.000Z,8,0.0058813138692534
2023-08-14T00:00:00.000Z,8,0.5888907376465621
2023-08-09T00:00:00.000Z,8,0.029475981802581
2023-08-12T00:00:00.000Z,8,0.4253817137901176
2023-07-08T00:00:00.000Z,9,0.5095011107361941
2023-07-13T00:00:00.000Z,8,0.272645278143568
2023-07-10T00:00:00.000Z,9,0.2147596528441415
2023-07-08T00:00:00.000Z,8,0.5241937819078668
2023-07-13T00:00:00.000Z,9,0.3802844197060868
2023-07-10T00:00:00.000Z,8,0.3209610621627717
2023-07-15T00:00:00.000Z,17,0.2456293265685062
2023-07-20T00:00:00.000Z,17,0.5311790702556894
2023-07-18T00:00:00.000Z,18,0.0404022498889882
2023-07-18T00:00:00.000Z,17,0.0071746340560316
2023-07-03T00:00:00.000Z,4,0.1081171567558049
2023-07-05T00:00:00.000Z,4,0.4682483432909339
2023-07-15T00:00:00.000Z,11,0.5791548132284946
2023-07-20T00:00:00.000Z,11,0.4602859543222966
2023-07-15T00:00:00.000Z,12,0.5406053581239608
2023-07-20T00:00:00.000Z,12,0.4101415669614318
2023-07-28T00:00:00.000Z,10,0.1197994136301075
2023-07-25T00:00:00.000Z,10,0.0702392831151827
2023-07-23T00:00:00.000Z,10,0.2345840743238056
2023-07-18T00:00:00.000Z,6,0.0836819254037379
2023-07-15T00:00:00.000Z,6,0.0462575980637809
2023-07-20T00:00:00.000Z,6,0.4312126697988241
2023-07-08T00:00:00.000Z,35,0.5043295587560921
2023-07-10T00:00:00.000Z,35,0.480556889258412
2023-07-13T00:00:00.000Z,35,0.3308847666608612
2023-08-07T00:00:00.000Z,14,0.0604397035897241
2023-08-12T00:00:00.000Z,16,0.0391355494744543
2023-08-07T00:00:00.000Z,16,0.2203409949454516
2023-08-12T00:00:00.000Z,14,0.1943198821060132
2023-08-14T00:00:00.000Z,39,0.6027272543709025
2023-08-09T00:00:00.000Z,39,0.0440727615462864
2023-08-07T00:00:00.000Z,39,0.2001869745094935
2023-08-14T00:00:00.000Z,11,0.6765298235450526
2023-08-14T00:00:00.000Z,38,0.4959749677275114
2023-08-09T00:00:00.000Z,11,0.0254451560156125
2023-08-09T00:00:00.000Z,38,0.0469265543749005
2023-08-12T00:00:00.000Z,39,0.3214267195923763
2023-07-30T00:00:00.000Z,19,0.2299139056404229
2023-08-04T00:00:00.000Z,19,0.0605594985637395
2023-08-02T00:00:00.000Z,19,0.008012166662338
2023-07-03T00:00:00.000Z,25,0.2010873010657925
2023-07-03T00:00:00.000Z,27,0.1013532297056826
2023-07-03T00:00:00.000Z,26,0.1994339476075758
2023-08-12T00:00:00.000Z,21,0.5363597468211491
2023-08-09T00:00:00.000Z,21,0.0751679291880591
2023-08-07T00:00:00.000Z,23,0.1168025246288981
2023-08-14T00:00:00.000Z,21,0.5894654146631315
2023-08-14T00:00:00.000Z,23,0.5878930920594747
2023-08-09T00:00:00.000Z,23,0.066214614554272
2023-08-12T00:00:00.000Z,23,0.5644898323621546
2023-08-07T00:00:00.000Z,21,0.1349404753537107
2023-08-02T00:00:00.000Z,10,0.0145925144605408
2023-08-04T00:00:00.000Z,10,0.1189499312009004
2023-07-30T00:00:00.000Z,10,0.1291592076102155
2023-08-07T00:00:00.000Z,13,0.1684244986647214
2023-08-12T00:00:00.000Z,13,-0.0122102878724826
2023-07-05T00:00:00.000Z,34,0.3094769175383252
2023-07-03T00:00:00.000Z,33,0.4310213902198545
2023-07-03T00:00:00.000Z,34,0.4435940588109073
2023-08-04T00:00:00.000Z,6,0.2406347663060595
2023-08-02T00:00:00.000Z,6,0.025421267411699
2023-07-30T00:00:00.000Z,6,0.2269909259500661
2023-07-03T00:00:00.000Z,9,0.2723674508462864
2023-07-05T00:00:00.000Z,9,0.5634832498365346
2023-07-18T00:00:00.000Z,27,-0.0211426551961447
2023-08-12T00:00:00.000Z,26,0.086130177413662
2023-08-07T00:00:00.000Z,26,0.0895647774483988
2023-08-12T00:00:00.000Z,27,0.086064269241886
2023-08-12T00:00:00.000Z,25,0.0931031108731937
2023-08-07T00:00:00.000Z,27,0.1316803614348103
2023-08-07T00:00:00.000Z,25,0.1017050855721046
2023-08-07T00:00:00.000Z,0,0.0547410210210208
2023-08-09T00:00:00.000Z,4,0.0356574529750913
2023-08-14T00:00:00.000Z,2,0.5680534817764524
2023-08-12T00:00:00.000Z,4,0.4474652484871242
2023-08-09T00:00:00.000Z,2,0.0374316527919619
2023-08-12T00:00:00.000Z,2,0.058656344174889
2023-08-14T00:00:00.000Z,4,0.5303004615409754
2023-08-12T00:00:00.000Z,0,0.2176705315804778
2023-08-09T00:00:00.000Z,0,0.0169353035676879
2023-08-07T00:00:00.000Z,2,0.1903766344847237
2023-08-14T00:00:00.000Z,0,0.3469029285916226
2023-08-07T00:00:00.000Z,4,0.0505919640438866
2023-08-14T00:00:00.000Z,16,0.6807872841671989
2023-08-09T00:00:00.000Z,16,0.0441494405020886
2023-07-05T00:00:00.000Z,1,0.6314228566971453
2023-07-03T00:00:00.000Z,35,0.1859552699715272
2023-07-05T00:00:00.000Z,37,0.2608697809200092
2023-07-03T00:00:00.000Z,37,0.2201584673813169
2023-07-03T00:00:00.000Z,1,0.1865426339890136
2023-07-03T00:00:00.000Z,36,0.2308471387530632
2023-07-05T00:00:00.000Z,36,0.4225909769091273
2023-07-05T00:00:00.000Z,35,0.4842779639677765
2023-07-20T00:00:00.000Z,23,0.5374554124314779
2023-07-15T00:00:00.000Z,23,0.3947945128603259
2023-07-15T00:00:00.000Z,21,0.5403630369130248
2023-07-18T00:00:00.000Z,21,0.2900600720527801
2023-07-18T00:00:00.000Z,23,0.2045972757898298
2023-07-20T00:00:00.000Z,21,0.5462828951148966
2023-07-25T00:00:00.000Z,12,0.1835810081021777
2023-07-25T00:00:00.000Z,2,0.2254511918468797
2023-07-23T00:00:00.000Z,3,0.2126469248980888
2023-07-28T00:00:00.000Z,2,0.0496358540453515
2023-07-23T00:00:00.000Z,2,0.3849203505858272
2023-07-25T00:00:00.000Z,3,0.3753192199370694
2023-07-23T00:00:00.000Z,12,0.2910812700320385
2023-07-28T00:00:00.000Z,3,0.1023481517658814
2023-07-28T00:00:00.000Z,12,0.1246089325180815
2023-07-30T00:00:00.000Z,36,0.0606072123745499
2023-08-04T00:00:00.000Z,24,0.2436195024691894
2023-08-04T00:00:00.000Z,36,0.2291113007221536
2023-07-30T00:00:00.000Z,24,0.5129752282215719
2023-08-02T00:00:00.000Z,36,0.2436144157243294
2023-08-02T00:00:00.000Z,24,0.0625793577087418
2023-08-14T00:00:00.000Z,34,0.5232446054427304
2023-08-12T00:00:00.000Z,34,0.1113786459453101
2023-08-12T00:00:00.000Z,33,0.0883849238963322
2023-08-07T00:00:00.000Z,33,0.1269881794958735
2023-08-09T00:00:00.000Z,34,0.1990305368939324
2023-08-07T00:00:00.000Z,34,0.2715956561823615
2023-07-28T00:00:00.000Z,22,0.0404058795554309
2023-07-25T00:00:00.000Z,22,0.0904369225500226
2023-07-25T00:00:00.000Z,36,0.0988010028702744
2023-07-23T00:00:00.000Z,22,0.3832941128244063
2023-07-25T00:00:00.000Z,35,0.2460603867865967
2023-07-28T00:00:00.000Z,1,0.039018615689414
2023-07-23T00:00:00.000Z,1,0.3407176028040368
2023-07-25T00:00:00.000Z,1,0.0181853428369971
2023-07-23T00:00:00.000Z,36,0.3018502271102343
2023-07-28T00:00:00.000Z,36,0.0834976667835038
2023-07-23T00:00:00.000Z,35,0.3030663567636165
2023-07-28T00:00:00.000Z,35,0.1553049344641922
2023-08-14T00:00:00.000Z,10,0.4161320239984517
2023-08-09T00:00:00.000Z,10,0.011819753333351
2023-08-12T00:00:00.000Z,10,0.321925426150608
2023-08-07T00:00:00.000Z,10,0.0113463838874273
2023-07-08T00:00:00.000Z,31,0.1923260839261791
2023-07-10T00:00:00.000Z,37,0.3877493740638713
2023-07-13T00:00:00.000Z,31,0.1138380825385736
2023-07-10T00:00:00.000Z,31,0.5854317486989686
2023-07-08T00:00:00.000Z,37,0.5621030081535996
2023-07-13T00:00:00.000Z,37,0.3057207517789541
2023-07-23T00:00:00.000Z,37,0.4597688332064633
2023-07-25T00:00:00.000Z,37,0.2158473643050501
2023-07-28T00:00:00.000Z,37,0.097838950915761
2023-07-20T00:00:00.000Z,32,0.4819090595932209
2023-07-15T00:00:00.000Z,31,0.7287625201970369
2023-07-18T00:00:00.000Z,31,0.2737661649170045
2023-07-20T00:00:00.000Z,31,0.460590205291927
2023-07-18T00:00:00.000Z,30,-0.0311088887971952
2023-07-15T00:00:00.000Z,32,0.6657189809454226
2023-07-20T00:00:00.000Z,30,0.4396769583041017
2023-07-18T00:00:00.000Z,32,0.3961531386332572
2023-07-15T00:00:00.000Z,30,0.6413900793055327
2023-08-04T00:00:00.000Z,44,-0.0608455680656614
2023-07-30T00:00:00.000Z,32,0.4536604857994822
2023-07-30T00:00:00.000Z,44,-0.0299041398581175
2023-08-04T00:00:00.000Z,41,0.5722146261947587
2023-08-02T00:00:00.000Z,44,0.1565556903214802
2023-08-02T00:00:00.000Z,32,0.2234397004612876
2023-07-30T00:00:00.000Z,41,0.3062556760275939
2023-08-04T00:00:00.000Z,32,0.5809798130352958
2023-08-02T00:00:00.000Z,41,0.3937972069336194
2023-07-08T00:00:00.000Z,42,0.1224937275920958
2023-07-10T00:00:00.000Z,42,0.5854076832246975
2023-07-13T00:00:00.000Z,42,0.0200475296595894
2023-07-28T00:00:00.000Z,39,0.176525871589511
2023-07-23T00:00:00.000Z,39,0.1956938406923127
2023-07-25T00:00:00.000Z,39,0.3528392364902015
2023-07-25T00:00:00.000Z,40,0.3002149820012896
2023-07-25T00:00:00.000Z,42,0.4340166687304333
2023-08-07T00:00:00.000Z,42,0.1532785762704178
2023-08-14T00:00:00.000Z,40,0.5899544794986381
2023-08-14T00:00:00.000Z,42,0.5984255290315881
2023-08-09T00:00:00.000Z,42,0.0216688259560549
2023-08-12T00:00:00.000Z,42,0.5057111922529244
2023-08-09T00:00:00.000Z,40,0.0493776922969248
2023-09-03T00:00:00.000Z,19,0.2879319645707545
2023-09-01T00:00:00.000Z,19,0.0528175480492887
2023-09-06T00:00:00.000Z,19,0.6982153315883473
2023-09-06T00:00:00.000Z,7,0.6445339763030891
2023-09-01T00:00:00.000Z,7,0.0449536844843715
2023-09-03T00:00:00.000Z,7,0.3395711279131971
2023-09-16T00:00:00.000Z,8,0.6593882314713118
2023-09-18T00:00:00.000Z,9,0.026828505638966
2023-09-23T00:00:00.000Z,9,0.4248107707394824
2023-09-21T00:00:00.000Z,9,0.5076195849070577
2023-09-16T00:00:00.000Z,5,0.7581187329573855
2023-09-21T00:00:00.000Z,7,0.2881131920590677
2023-09-23T00:00:00.000Z,7,0.383469234305683
2023-09-23T00:00:00.000Z,8,0.3447080951826865
2023-09-21T00:00:00.000Z,8,0.2433549704833269
2023-09-18T00:00:00.000Z,5,0.0285737176413347
2023-09-16T00:00:00.000Z,9,0.6996023312044418
2023-09-21T00:00:00.000Z,5,0.3309651314909637
2023-09-23T00:00:00.000Z,5,0.3956087160388202
2023-09-18T00:00:00.000Z,8,0.0497976758082303
2023-09-18T00:00:00.000Z,7,0.041393803490813
2023-09-16T00:00:00.000Z,7,0.6197342315673725
2023-09-03T00:00:00.000Z,21,0.5531291621700367
2023-09-06T00:00:00.000Z,21,0.7450814677336064
2023-09-01T00:00:00.000Z,21,0.102831756230849
2023-08-22T00:00:00.000Z,2,0.6299110701318684
2023-08-17T00:00:00.000Z,22,0.4405737282307623
2023-08-22T00:00:00.000Z,22,0.5962366377784469
2023-08-19T00:00:00.000Z,36,0.6466558311725614
2023-08-17T00:00:00.000Z,1,0.5753468378728525
2023-08-17T00:00:00.000Z,35,0.4530737971198627
2023-08-17T00:00:00.000Z,2,0.5911139768877308
2023-08-22T00:00:00.000Z,36,0.6295559196330816
2023-08-22T00:00:00.000Z,1,0.5022132007164323
2023-08-19T00:00:00.000Z,1,0.5845496336546351
2023-08-17T00:00:00.000Z,36,0.3685259927309007
2023-08-19T00:00:00.000Z,2,0.6790510450364711
2023-08-19T00:00:00.000Z,35,0.7250208577526199
2023-08-22T00:00:00.000Z,35,0.7276982076112773
2023-08-19T00:00:00.000Z,22,0.5981989816603657
2023-08-24T00:00:00.000Z,3,0.6908159236483352
2023-08-24T00:00:00.000Z,35,0.678445734872624
2023-08-24T00:00:00.000Z,39,0.5954521796383153
2023-08-29T00:00:00.000Z,35,0.0333849769779937
2023-08-29T00:00:00.000Z,2,0.0267054696331926
2023-08-27T00:00:00.000Z,2,0.0302810038965851
2023-08-27T00:00:00.000Z,35,0.0208167830577209
2023-08-29T00:00:00.000Z,39,0.025599081492858
2023-08-27T00:00:00.000Z,39,0.0251695079037357
2023-08-24T00:00:00.000Z,2,0.6550898721868277
2023-08-29T00:00:00.000Z,3,0.0420201477727395
2023-08-27T00:00:00.000Z,3,0.0227795509908931
2023-08-17T00:00:00.000Z,10,0.5636027471763366
2023-08-22T00:00:00.000Z,10,0.4838753395602213
2023-08-19T00:00:00.000Z,10,0.5425143172473512
2023-08-27T00:00:00.000Z,10,0.1158239339318634
2023-08-24T00:00:00.000Z,10,0.4395426315131535
2023-08-27T00:00:00.000Z,8,0.0654060069301707
2023-08-29T00:00:00.000Z,9,0.0427326157603981
2023-08-29T00:00:00.000Z,10,0.0830412445419187
2023-08-29T00:00:00.000Z,8,0.0666150738306913
2023-08-24T00:00:00.000Z,9,0.6275742851518391
2023-08-24T00:00:00.000Z,8,0.5114885865976441
2023-08-27T00:00:00.000Z,9,0.01797198752319
2023-08-19T00:00:00.000Z,3,0.7203438084092987
2023-08-17T00:00:00.000Z,11,0.6071366197110891
2023-08-22T00:00:00.000Z,3,0.7170296929711315
2023-08-19T00:00:00.000Z,12,0.7029512909160478
2023-08-19T00:00:00.000Z,11,0.6571783785670563
2023-08-17T00:00:00.000Z,12,0.6557139650989521
2023-08-22T00:00:00.000Z,11,0.7201615636574209
2023-08-17T00:00:00.000Z,3,0.6334672883603162
2023-08-22T00:00:00.000Z,12,0.7258701862237983
2023-08-19T00:00:00.000Z,38,0.5536067794198994
2023-08-17T00:00:00.000Z,39,0.4614946293095306
2023-08-17T00:00:00.000Z,38,0.4848552708696258
2023-08-22T00:00:00.000Z,38,0.5681163303483846
2023-08-19T00:00:00.000Z,39,0.6242106337898353
2023-08-22T00:00:00.000Z,39,0.6252456846322771
2023-08-27T00:00:00.000Z,25,0.0742773819041268
2023-08-27T00:00:00.000Z,26,0.0520418172160022
2023-08-27T00:00:00.000Z,27,0.0918701374061391
2023-08-29T00:00:00.000Z,30,0.0174026921466114
2023-08-24T00:00:00.000Z,26,0.5623733133895936
2023-08-24T00:00:00.000Z,29,0.3632787793438723
2023-08-29T00:00:00.000Z,26,0.0247977593041011
2023-08-27T00:00:00.000Z,30,0.0305320367693395
2023-08-27T00:00:00.000Z,29,0.0351195696955371
2023-08-29T00:00:00.000Z,29,0.0253361981280259
2023-08-24T00:00:00.000Z,30,0.4695020092246335
2023-09-01T00:00:00.000Z,26,0.4030686260798402
2023-09-03T00:00:00.000Z,34,0.3075452550438589
2023-09-01T00:00:00.000Z,34,0.4310122716590917
2023-09-06T00:00:00.000Z,34,0.756842534524712
2023-09-03T00:00:00.000Z,26,0.3616767632432235
2023-09-06T00:00:00.000Z,26,0.7586504716733956
2023-08-17T00:00:00.000Z,29,0.2782933592950915
2023-08-19T00:00:00.000Z,37,0.6937332187663106
2023-08-22T00:00:00.000Z,29,0.6469167575769106
2023-08-22T00:00:00.000Z,31,0.7163127721528717
2023-08-17T00:00:00.000Z,31,0.4294839650655966
2023-08-19T00:00:00.000Z,31,0.704074043280506
2023-08-19T00:00:00.000Z,29,0.5689621861722315
2023-08-17T00:00:00.000Z,37,0.4204243371926933
2023-08-22T00:00:00.000Z,37,0.7203632210936798
2023-09-03T00:00:00.000Z,43,0.4184594087187351
2023-09-01T00:00:00.000Z,40,0.2548049456895649
2023-09-03T00:00:00.000Z,40,0.3347977871860815
2023-09-06T00:00:00.000Z,40,0.698158712456308
2023-09-06T00:00:00.000Z,43,0.7196775857828677
2023-09-01T00:00:00.000Z,43,0.1141305535521248
2023-09-11T00:00:00.000Z,42,0.7233797585194467
2023-09-11T00:00:00.000Z,40,0.6724108983562593
2023-09-08T00:00:00.000Z,40,0.6831621656420456
2023-09-13T00:00:00.000Z,40,0.0615218040761021
2023-09-08T00:00:00.000Z,41,0.7319432372820759
2023-09-08T00:00:00.000Z,43,0.6627111599230455
2023-09-11T00:00:00.000Z,43,0.6745800464232546
2023-09-13T00:00:00.000Z,41,0.0566548010606779
2023-09-13T00:00:00.000Z,43,0.0927407931427411
2023-09-11T00:00:00.000Z,41,0.7290037004551816
2023-09-23T00:00:00.000Z,41,0.1464614785617105
2023-09-21T00:00:00.000Z,41,0.7309796715074659
2023-09-18T00:00:00.000Z,44,0.0285277896109395
2023-09-18T00:00:00.000Z,41,0.0221457982319147
2023-09-16T00:00:00.000Z,44,0.1821321938234793
2023-09-23T00:00:00.000Z,44,0.0492336890247847
2023-09-21T00:00:00.000Z,44,0.0066795351517906
2023-09-16T00:00:00.000Z,41,0.6309356198705882
2023-07-23T00:00:00.000Z,21,0.5427672501143135
2023-07-25T00:00:00.000Z,21,0.0410415701751376
2023-07-28T00:00:00.000Z,21,0.0323295293559272
2023-07-18T00:00:00.000Z,11,0.08264640393881
2023-07-03T00:00:00.000Z,30,0.2422622023964
2023-07-05T00:00:00.000Z,30,0.4665274697439807
2023-07-05T00:00:00.000Z,26,0.4076277420724508
2023-08-02T00:00:00.000Z,27,0.3055157796367237
2023-08-02T00:00:00.000Z,26,0.1840881308281866
2023-08-02T00:00:00.000Z,25,0.2811606258139655
2023-08-09T00:00:00.000Z,26,0.0732626223845993
2023-08-12T00:00:00.000Z,30,0.048663235706417
2023-08-09T00:00:00.000Z,30,0.0522130904924151
2023-08-14T00:00:00.000Z,26,0.3983523577580737
2023-08-07T00:00:00.000Z,30,0.1708932862921688
2023-08-14T00:00:00.000Z,30,0.4679921690290727
2023-07-05T00:00:00.000Z,11,0.3557330328139237
2023-07-10T00:00:00.000Z,11,0.5282735274207285
2023-07-18T00:00:00.000Z,12,0.0640593241543295
2023-07-25T00:00:00.000Z,34,0.2568506565735698
2023-07-23T00:00:00.000Z,34,0.5642963884164396
2023-07-28T00:00:00.000Z,33,0.0315400841012964
2023-07-23T00:00:00.000Z,33,0.5482826925244183
2023-07-28T00:00:00.000Z,34,0.1378681822639947
2023-07-25T00:00:00.000Z,11,0.1999263582288868
2023-07-28T00:00:00.000Z,11,0.1936172575525022
2023-07-23T00:00:00.000Z,11,0.1576041233761756
2023-07-13T00:00:00.000Z,6,0.3918455760648137
2023-07-10T00:00:00.000Z,6,0.2613030862063011
2023-07-08T00:00:00.000Z,6,0.4793110443328381
2023-07-25T00:00:00.000Z,29,0.1903725434004689
2023-07-23T00:00:00.000Z,29,0.5253464209121267
2023-07-28T00:00:00.000Z,29,0.0551995658589817
2023-07-03T00:00:00.000Z,11,0.1159306718461506
2023-07-03T00:00:00.000Z,39,0.1990554732517093
2023-07-05T00:00:00.000Z,39,0.4534206160370448
2023-07-23T00:00:00.000Z,40,0.4021015815270167
2023-07-28T00:00:00.000Z,40,0.194644850863992
2023-07-28T00:00:00.000Z,44,0.0815486560787002
2023-07-25T00:00:00.000Z,44,0.0874460117797067
2023-07-23T00:00:00.000Z,44,0.1242230885130657
2023-07-18T00:00:00.000Z,41,0.3647370219974207
2023-07-15T00:00:00.000Z,44,0.0142954781751345
2023-07-15T00:00:00.000Z,41,0.6905647592475689
2023-07-20T00:00:00.000Z,41,0.4633380837299267
2023-07-18T00:00:00.000Z,44,0.1460232452439063
2023-07-20T00:00:00.000Z,44,0.0015864755827239
2023-07-03T00:00:00.000Z,0,0.1308016407137353
2023-07-05T00:00:00.000Z,0,0.5615026701725402
2023-07-05T00:00:00.000Z,22,0.6438573471988064
2023-07-03T00:00:00.000Z,22,0.0844087305049502
2023-08-02T00:00:00.000Z,12,0.0712329452167339
2023-07-30T00:00:00.000Z,12,0.1269935578470415
2023-08-04T00:00:00.000Z,12,0.2735781685220094
2023-08-12T00:00:00.000Z,11,0.6217264131168705
2023-08-07T00:00:00.000Z,11,0.0922688523174833
2023-08-04T00:00:00.000Z,30,0.15948439067312
2023-08-02T00:00:00.000Z,30,0.2264032262154854
2023-07-30T00:00:00.000Z,30,0.2554157443279268
2023-07-03T00:00:00.000Z,16,0.1514912778906778
2023-08-14T00:00:00.000Z,28,0.4617276155645166
2023-08-09T00:00:00.000Z,28,0.0456421835360993
2023-07-03T00:00:00.000Z,13,0.0865291742380592
2023-07-05T00:00:00.000Z,16,0.4481130767289929
2023-08-14T00:00:00.000Z,43,0.6157932592882548
2023-08-12T00:00:00.000Z,43,0.3086786190824359
2023-08-07T00:00:00.000Z,40,0.427863160312837
2023-08-07T00:00:00.000Z,43,0.3168266602527274
2023-08-12T00:00:00.000Z,40,0.4196825114119878
2023-08-09T00:00:00.000Z,43,0.0497766055387901
2023-07-10T00:00:00.000Z,41,0.4849104110418212
2023-07-28T00:00:00.000Z,42,0.0797149204853815
2023-07-23T00:00:00.000Z,42,0.2845154907311805
2023-08-17T00:00:00.000Z,19,0.6581885071476347
2023-08-22T00:00:00.000Z,19,0.5856953638149017
2023-08-19T00:00:00.000Z,19,0.5261226893706759
2023-09-11T00:00:00.000Z,7,0.6189084903268395
2023-09-13T00:00:00.000Z,19,0.0654081211090541
2023-09-08T00:00:00.000Z,7,0.63234497375881
2023-09-08T00:00:00.000Z,8,0.6676346331277444
2023-09-11T00:00:00.000Z,19,0.669620690200948
2023-09-11T00:00:00.000Z,8,0.662293933029641
2023-09-08T00:00:00.000Z,19,0.6842971679806096
2023-09-13T00:00:00.000Z,8,0.0940063342284948
2023-09-13T00:00:00.000Z,7,0.0735169792150941
2023-08-19T00:00:00.000Z,16,0.2707628175650327
2023-08-17T00:00:00.000Z,16,0.1737108371720798
2023-08-17T00:00:00.000Z,13,0.2936693092340534
2023-08-22T00:00:00.000Z,13,0.7722772838736024
2023-08-22T00:00:00.000Z,23,0.6989675737341109
2023-08-22T00:00:00.000Z,16,0.7165809120413962
2023-08-19T00:00:00.000Z,23,0.4149020047169999
2023-08-17T00:00:00.000Z,15,0.4865522564831546
2023-08-19T00:00:00.000Z,15,0.3200056440362243
2023-08-22T00:00:00.000Z,15,0.6367176687865308
2023-08-17T00:00:00.000Z,23,0.3901798850476705
2023-09-28T00:00:00.000Z,16,0.8050350295372614
2023-09-26T00:00:00.000Z,13,0.7987648112958918
2023-09-13T00:00:00.000Z,23,0.1317689021840342
2023-09-08T00:00:00.000Z,4,0.6241918197827748
2023-09-08T00:00:00.000Z,23,0.7029932041928294
2023-09-11T00:00:00.000Z,15,0.6410081895730959
2023-09-11T00:00:00.000Z,4,0.6120562592262494
2023-09-13T00:00:00.000Z,4,0.0383071240198776
2023-09-11T00:00:00.000Z,23,0.6964064619859079
2023-09-08T00:00:00.000Z,15,0.6293738950195653
2023-09-13T00:00:00.000Z,15,0.1767222841202869
2023-09-26T00:00:00.000Z,4,0.6220841979705937
2023-09-26T00:00:00.000Z,0,0.6317319391518624
2023-09-26T00:00:00.000Z,2,0.6967548011408637
2023-09-28T00:00:00.000Z,2,0.6736709815497632
2023-09-28T00:00:00.000Z,4,0.5667902460627658
2023-09-28T00:00:00.000Z,0,0.5792236044434151
2023-09-16T00:00:00.000Z,3,0.7339362110205889
2023-09-18T00:00:00.000Z,39,0.0203265670324841
2023-09-16T00:00:00.000Z,2,0.6930602784850433
2023-09-16T00:00:00.000Z,39,0.6540562854463589
2023-09-18T00:00:00.000Z,3,0.0231533487292984
2023-09-23T00:00:00.000Z,39,0.4113771169288657
2023-09-23T00:00:00.000Z,3,0.5381230884834945
2023-09-23T00:00:00.000Z,2,0.438423037025859
2023-09-21T00:00:00.000Z,2,0.3012759155096798
2023-09-18T00:00:00.000Z,2,0.0234665297044904
2023-09-21T00:00:00.000Z,35,0.6195449429237155
2023-09-21T00:00:00.000Z,39,0.3978341354259649
2023-09-21T00:00:00.000Z,3,0.3765658857643028
2023-09-18T00:00:00.000Z,35,0.023201550946584
2023-09-23T00:00:00.000Z,35,0.3949060468654082
2023-09-16T00:00:00.000Z,35,0.7251715415339424
2023-09-03T00:00:00.000Z,11,0.414258646175261
2023-09-01T00:00:00.000Z,12,0.3190420274567814
2023-09-01T00:00:00.000Z,3,0.176285007878843
2023-09-03T00:00:00.000Z,3,0.4585908869792479
2023-09-01T00:00:00.000Z,11,0.2384873232185911
2023-09-06T00:00:00.000Z,12,0.7904208348547601
2023-09-06T00:00:00.000Z,3,0.7490677166301625
2023-09-06T00:00:00.000Z,11,0.7407912482373757
2023-09-03T00:00:00.000Z,12,0.4007212157727102
2023-08-29T00:00:00.000Z,11,0.0273224624949149
2023-08-24T00:00:00.000Z,11,0.6661353131579733
2023-09-13T00:00:00.000Z,11,0.0398646508363881
2023-09-08T00:00:00.000Z,11,0.7129831322236374
2023-09-26T00:00:00.000Z,3,0.734232686803139
2023-09-28T00:00:00.000Z,11,0.641549219754772
2023-09-28T00:00:00.000Z,3,0.7208777040317128
2023-09-26T00:00:00.000Z,11,0.7270967739763047
2023-09-26T00:00:00.000Z,39,0.6706520996092122
2023-09-28T00:00:00.000Z,39,0.6038772132343943
2023-09-11T00:00:00.000Z,26,0.7152963882133334
2023-09-11T00:00:00.000Z,27,0.7448868786037036
2023-09-08T00:00:00.000Z,26,0.5716241160870734
2023-09-13T00:00:00.000Z,26,0.1934416438832575
2023-09-16T00:00:00.000Z,28,0.304929026764123
2023-09-21T00:00:00.000Z,28,0.2980534287554297
2023-09-21T00:00:00.000Z,27,0.2292703977114274
2023-09-16T00:00:00.000Z,27,0.1896436561796765
2023-09-18T00:00:00.000Z,26,0.0226807299294044
2023-09-16T00:00:00.000Z,26,0.2892883896705348
2023-09-21T00:00:00.000Z,26,0.1798979243320012
2023-09-23T00:00:00.000Z,26,0.3509129482462743
2023-09-06T00:00:00.000Z,30,0.7591027432004991
2023-09-01T00:00:00.000Z,30,0.1841666904741737
2023-09-06T00:00:00.000Z,31,0.7675992036403423
2023-09-06T00:00:00.000Z,32,0.7024516102781544
2023-09-01T00:00:00.000Z,32,0.2881034169433968
2023-09-03T00:00:00.000Z,32,0.374915943423468
2023-09-03T00:00:00.000Z,31,0.4160103230334887
2023-09-03T00:00:00.000Z,30,0.4466509147478325
2023-09-01T00:00:00.000Z,31,0.0876510104372997
2023-09-18T00:00:00.000Z,43,0.0220529293067813
2023-09-18T00:00:00.000Z,40,0.0198528503494269
2023-09-23T00:00:00.000Z,43,0.1973056684870705
2023-09-16T00:00:00.000Z,37,0.4632375758250875
2023-09-23T00:00:00.000Z,40,0.2610951282400163
2023-09-21T00:00:00.000Z,37,0.4967869514092513
2023-09-18T00:00:00.000Z,37,0.0219995196562405
2023-09-23T00:00:00.000Z,37,0.3838843528914511
2023-09-21T00:00:00.000Z,43,0.69767424468295
2023-09-16T00:00:00.000Z,43,0.6894907020911062
2023-09-16T00:00:00.000Z,40,0.6970050015566309
2023-09-21T00:00:00.000Z,40,0.5667407420691093
2023-09-28T00:00:00.000Z,42,0.7751511564595104
2023-09-28T00:00:00.000Z,40,0.6185778880176955
2023-07-08T00:00:00.000Z,12,0.2109852980354527
2023-07-13T00:00:00.000Z,12,0.4889486674929374
2023-07-10T00:00:00.000Z,12,0.4032082333175298
2023-07-18T00:00:00.000Z,0,-0.0149063961582217
2023-07-15T00:00:00.000Z,0,0.2735320837541125
2023-07-15T00:00:00.000Z,4,0.2503561000156391
2023-07-20T00:00:00.000Z,0,0.3643689280031166
2023-07-18T00:00:00.000Z,4,0.0133625206268168
2023-07-20T00:00:00.000Z,4,0.4560871094966751
2023-07-10T00:00:00.000Z,26,0.4764290695605118
2023-07-03T00:00:00.000Z,14,0.0871384196115005
2023-08-09T00:00:00.000Z,14,0.0491967908174305
2023-08-14T00:00:00.000Z,14,0.4356202652573018
2023-07-05T00:00:00.000Z,40,0.4317716894051978
2023-07-05T00:00:00.000Z,42,0.3300758863638255
2023-07-13T00:00:00.000Z,21,0.6416801173875651
2023-07-08T00:00:00.000Z,21,0.6945212079445344
2023-07-10T00:00:00.000Z,21,0.4367642169470356
2023-07-10T00:00:00.000Z,43,0.3342903855122144
2023-07-08T00:00:00.000Z,43,0.2651755731301289
2023-07-13T00:00:00.000Z,43,0.3463986385113783
2023-08-04T00:00:00.000Z,26,0.1510900525904506
2023-07-30T00:00:00.000Z,26,0.4744569433685549
2023-08-02T00:00:00.000Z,33,0.0901421022350039
2023-07-20T00:00:00.000Z,43,0.4213569442752172
2023-07-15T00:00:00.000Z,43,0.6611574669414602
2023-07-20T00:00:00.000Z,42,0.390372804072346
2023-07-20T00:00:00.000Z,40,0.3937566173859355
2023-07-18T00:00:00.000Z,43,0.1948436965829417
2023-07-18T00:00:00.000Z,40,-0.0450949490462496
2023-07-15T00:00:00.000Z,42,0.7322408258035544
2023-07-18T00:00:00.000Z,42,-0.0194572875259675
2023-07-15T00:00:00.000Z,40,0.6437861229733307
2023-08-04T00:00:00.000Z,42,0.2627703694703888
2023-08-04T00:00:00.000Z,40,0.3046988901733787
2023-07-30T00:00:00.000Z,42,0.2963234106905088
2023-07-30T00:00:00.000Z,40,0.2953044372752419
2023-08-22T00:00:00.000Z,20,0.6120231286542007
2023-08-19T00:00:00.000Z,20,0.2651308264365654
2023-08-17T00:00:00.000Z,20,0.6296748145449758
2023-08-22T00:00:00.000Z,7,0.6154142211112577
2023-08-17T00:00:00.000Z,7,0.5873748977296986
2023-08-19T00:00:00.000Z,7,0.4941905586525182
2023-09-08T00:00:00.000Z,6,0.5419711118918302
2023-09-11T00:00:00.000Z,6,0.526394113816081
2023-09-13T00:00:00.000Z,6,0.0548973862424856
2023-08-17T00:00:00.000Z,28,0.516931899293907
2023-08-22T00:00:00.000Z,28,0.721015101485502
2023-09-11T00:00:00.000Z,24,0.7513211552016165
2023-09-08T00:00:00.000Z,28,0.8219196609125574
2023-09-11T00:00:00.000Z,28,0.7356504319309622
2023-09-13T00:00:00.000Z,28,0.0020991175861295
2023-09-13T00:00:00.000Z,24,0.0141908055745301
2023-09-08T00:00:00.000Z,24,0.7197731761515286
2023-08-19T00:00:00.000Z,5,0.7356621499219104
2023-08-17T00:00:00.000Z,5,0.7397968435037661
2023-08-19T00:00:00.000Z,4,0.5652810940122159
2023-08-22T00:00:00.000Z,5,0.7370377221623399
2023-08-22T00:00:00.000Z,4,0.6004939076928272
2023-08-17T00:00:00.000Z,4,0.5473846145063824
2023-09-08T00:00:00.000Z,36,0.6900648477764535
2023-09-13T00:00:00.000Z,36,0.0430130287632679
2023-09-08T00:00:00.000Z,1,0.6633096941342851
2023-09-11T00:00:00.000Z,22,0.7591620516598996
2023-09-13T00:00:00.000Z,22,0.0539212080816907
2023-09-11T00:00:00.000Z,1,0.6471941159614214
2023-09-08T00:00:00.000Z,22,0.7519294061462494
2023-09-11T00:00:00.000Z,36,0.6842164312526429
2023-09-13T00:00:00.000Z,1,0.0467474754187761
2023-09-16T00:00:00.000Z,4,0.6074016902367063
2023-09-23T00:00:00.000Z,4,0.3939257941271548
2023-09-18T00:00:00.000Z,4,0.0259953308357755
2023-09-21T00:00:00.000Z,4,0.1753576814216091
2023-08-17T00:00:00.000Z,9,0.5981836916853838
2023-08-22T00:00:00.000Z,9,0.6612732310362595
2023-08-19T00:00:00.000Z,9,0.6703242811103862
2023-09-16T00:00:00.000Z,12,0.7728437078814214
2023-09-18T00:00:00.000Z,12,0.022365199371671
2023-09-23T00:00:00.000Z,12,0.4760498005814929
2023-09-21T00:00:00.000Z,12,0.7092176528753301
2023-08-27T00:00:00.000Z,33,0.0433564051400978
2023-09-11T00:00:00.000Z,33,0.7340447892333064
2023-08-27T00:00:00.000Z,43,0.0319615184919637
2023-08-27T00:00:00.000Z,37,0.02106763239924
2023-08-24T00:00:00.000Z,43,0.5441974915059185
2023-08-29T00:00:00.000Z,37,0.0305978743706937
2023-08-29T00:00:00.000Z,43,0.0268127491907292
2023-08-27T00:00:00.000Z,31,0.0194302420091984
2023-08-24T00:00:00.000Z,31,0.4822417347956086
2023-08-24T00:00:00.000Z,37,0.5243731393241285
2023-08-29T00:00:00.000Z,31,0.0160302418008026
2023-09-26T00:00:00.000Z,30,0.7641976397515807
2023-09-28T00:00:00.000Z,30,0.7133415443511687
2023-09-28T00:00:00.000Z,31,0.7629429190020145
2023-09-26T00:00:00.000Z,31,0.7779989824889314
2023-08-27T00:00:00.000Z,18,0.0969612578170713
2023-07-10T00:00:00.000Z,3,0.4481591332528124
2023-07-08T00:00:00.000Z,3,0.1845737819518371
2023-07-13T00:00:00.000Z,3,0.4302520073895563
2023-08-14T00:00:00.000Z,31,0.2950006510172629
2023-08-12T00:00:00.000Z,31,0.0289962320464901
2023-08-09T00:00:00.000Z,31,0.0619309415770387
2023-08-07T00:00:00.000Z,31,0.2380216625741439
2023-08-14T00:00:00.000Z,32,0.4601447705356257
2023-08-12T00:00:00.000Z,32,0.036409277919019
2023-08-09T00:00:00.000Z,32,0.0446177519163751
2023-08-07T00:00:00.000Z,32,0.3149990232253691
2023-07-03T00:00:00.000Z,42,0.2625957688871925
2023-09-23T00:00:00.000Z,19,0.2981484479935268
2023-09-21T00:00:00.000Z,19,0.1981412067109414
2023-09-18T00:00:00.000Z,19,0.0263028436729355
2023-09-16T00:00:00.000Z,19,0.6766108043717616
2023-08-17T00:00:00.000Z,24,0.3911944191443022
2023-08-19T00:00:00.000Z,28,0.2702075861413719
2023-08-19T00:00:00.000Z,24,0.5570388058366961
2023-08-22T00:00:00.000Z,24,0.6339585311861867
2023-08-29T00:00:00.000Z,22,0.0361899789224708
2023-08-24T00:00:00.000Z,0,0.5757569896741438
2023-08-27T00:00:00.000Z,23,0.1191709545130157
2023-08-29T00:00:00.000Z,1,0.0286993171310858
2023-08-24T00:00:00.000Z,22,0.5588037549416726
2023-08-27T00:00:00.000Z,0,0.1434273462751147
2023-08-24T00:00:00.000Z,1,0.5685873362924221
2023-08-24T00:00:00.000Z,23,0.5608456347561752
2023-08-29T00:00:00.000Z,0,0.0288482674853204
2023-08-27T00:00:00.000Z,22,0.0824052892794299
2023-08-27T00:00:00.000Z,1,0.1083291026693144
2023-08-29T00:00:00.000Z,23,0.0558178010263063
2023-09-01T00:00:00.000Z,5,0.0448029963788784
2023-09-06T00:00:00.000Z,2,0.7091055151504714
2023-09-03T00:00:00.000Z,2,0.4598467355821354
2023-09-03T00:00:00.000Z,5,0.3980961652923808
2023-09-01T00:00:00.000Z,2,0.1015715535692146
2023-09-06T00:00:00.000Z,5,0.7731605408176374
2023-08-27T00:00:00.000Z,36,0.0374884244915412
2023-08-29T00:00:00.000Z,36,0.0374395250459602
2023-08-24T00:00:00.000Z,36,0.5368423857870581
2023-09-28T00:00:00.000Z,5,0.7507071126088884
2023-09-26T00:00:00.000Z,5,0.7641753086562332
2023-09-11T00:00:00.000Z,20,0.649769772820099
2023-09-08T00:00:00.000Z,20,0.6924313253003737
2023-09-08T00:00:00.000Z,17,0.7770069643618821
2023-09-13T00:00:00.000Z,17,0.0556653275904224
2023-09-11T00:00:00.000Z,18,0.4668700003073237
2023-09-13T00:00:00.000Z,20,0.0975803315206862
2023-09-11T00:00:00.000Z,17,0.6375626119396179
2023-09-21T00:00:00.000Z,6,0.1894156710720252
2023-09-18T00:00:00.000Z,6,0.0478517014084757
2023-09-23T00:00:00.000Z,15,0.5770314759301244
2023-09-23T00:00:00.000Z,6,0.3170583381658762
2023-09-18T00:00:00.000Z,15,0.0378182066752409
2023-09-16T00:00:00.000Z,6,0.5194433863148271
2023-09-16T00:00:00.000Z,15,0.6284530123149822
2023-09-21T00:00:00.000Z,15,0.0560555317179784
2023-09-13T00:00:00.000Z,38,0.0512160658809993
2023-09-08T00:00:00.000Z,39,0.6433472701696035
2023-09-13T00:00:00.000Z,39,0.0457940918289892
2023-09-11T00:00:00.000Z,39,0.6172533970925307
2023-09-08T00:00:00.000Z,38,0.5808575184122667
2023-09-06T00:00:00.000Z,28,0.7580589949749601
2023-09-01T00:00:00.000Z,28,0.2288153195675391
2023-09-18T00:00:00.000Z,23,0.0298318283001195
2023-09-18T00:00:00.000Z,22,0.0226685131052056
2023-09-16T00:00:00.000Z,13,0.2029051130761351
2023-09-21T00:00:00.000Z,22,0.0657503048768481
2023-09-16T00:00:00.000Z,16,0.2271263073922255
2023-09-16T00:00:00.000Z,22,0.3846307162066124
2023-09-16T00:00:00.000Z,23,0.6808166114861943
2023-09-21T00:00:00.000Z,16,0.0630211424047228
2023-09-21T00:00:00.000Z,13,0.0398309502492065
2023-09-23T00:00:00.000Z,22,0.4846298295024275
2023-09-23T00:00:00.000Z,16,0.6864494271126335
2023-09-21T00:00:00.000Z,23,0.0530479501921827
2023-09-23T00:00:00.000Z,23,0.6068285337834445
2023-09-18T00:00:00.000Z,16,0.0217515334065161
2023-09-13T00:00:00.000Z,2,0.0313346529960151
2023-09-08T00:00:00.000Z,0,0.6185318986030983
2023-09-11T00:00:00.000Z,2,0.6897077574761121
2023-09-13T00:00:00.000Z,0,0.0333028146415291
2023-09-08T00:00:00.000Z,2,0.6994312419203775
2023-09-11T00:00:00.000Z,0,0.6105648581050452
2023-08-29T00:00:00.000Z,24,0.0279618302763219
2023-08-27T00:00:00.000Z,24,0.0650013171334331
2023-08-24T00:00:00.000Z,24,0.373777452499775
2023-09-21T00:00:00.000Z,1,0.1462563278325695
2023-09-16T00:00:00.000Z,1,0.5971621611119121
2023-09-21T00:00:00.000Z,21,0.0321546977389832
2023-09-23T00:00:00.000Z,1,0.3990156309844396
2023-09-18T00:00:00.000Z,1,0.0215998612630138
2023-09-18T00:00:00.000Z,21,0.029107626436166
2023-09-16T00:00:00.000Z,21,0.7046107349544529
2023-09-23T00:00:00.000Z,21,0.62571447598115
2023-08-27T00:00:00.000Z,11,0.0268023711332254
2023-09-01T00:00:00.000Z,27,0.4766323687276085
2023-09-06T00:00:00.000Z,27,0.7717357120240429
2023-09-03T00:00:00.000Z,28,0.5272580253829602
2023-09-11T00:00:00.000Z,25,0.6731744792606298
2023-09-03T00:00:00.000Z,42,0.4942295248648076
2023-09-01T00:00:00.000Z,42,0.3456639916687844
2023-09-06T00:00:00.000Z,42,0.7388378081543454
2023-08-24T00:00:00.000Z,34,0.5516195211453203
2023-08-27T00:00:00.000Z,34,0.0216385614402749
2023-08-29T00:00:00.000Z,34,0.0176409437500477
2023-09-21T00:00:00.000Z,29,0.4653040679915766
2023-09-18T00:00:00.000Z,29,0.0243564706899347
2023-09-23T00:00:00.000Z,29,0.3991564347464586
2023-09-16T00:00:00.000Z,29,0.210593226290243
2023-08-24T00:00:00.000Z,32,0.5757240444070393
2023-08-27T00:00:00.000Z,32,0.0292301265406027
2023-08-29T00:00:00.000Z,32,0.0139144572108631
2023-09-03T00:00:00.000Z,41,0.4685091127567768
2023-09-06T00:00:00.000Z,41,0.7406588939682047
2023-09-01T00:00:00.000Z,41,0.5062704985081729
2023-09-18T00:00:00.000Z,42,0.0188218569677017
2023-09-23T00:00:00.000Z,42,0.141252183864523
2023-09-21T00:00:00.000Z,42,0.579747694621348
2023-09-16T00:00:00.000Z,42,0.7505818130238088
2023-09-03T00:00:00.000Z,39,0.2735101644810113
2023-08-19T00:00:00.000Z,40,0.6636997361510976
2023-08-29T00:00:00.000Z,41,0.0194299979865465
2023-08-29T00:00:00.000Z,42,0.0185377327155373
2023-08-24T00:00:00.000Z,42,0.6942050541659287
2023-08-24T00:00:00.000Z,41,0.636554067121811
2023-09-13T00:00:00.000Z,32,0.2840905770092134
2023-09-11T00:00:00.000Z,32,0.6973508011216957
2023-09-13T00:00:00.000Z,44,0.0811084141956906
2023-09-08T00:00:00.000Z,32,0.6951792288036205
2023-09-11T00:00:00.000Z,44,-0.1129104163563281
2023-09-08T00:00:00.000Z,44,-0.1211940447049878
2023-09-26T00:00:00.000Z,40,0.7114094642427098
2023-09-28T00:00:00.000Z,41,0.7486404015771894
2023-09-26T00:00:00.000Z,42,0.6486022633009249
2023-09-26T00:00:00.000Z,41,0.7179614299906527
2023-08-07T00:00:00.000Z,17,-0.0095475114213627
2023-08-09T00:00:00.000Z,17,0.0371083680046996
2023-08-12T00:00:00.000Z,17,-0.0064741371180587
2023-08-14T00:00:00.000Z,17,0.334074264055084
2023-07-25T00:00:00.000Z,14,0.0137716465223409
2023-07-25T00:00:00.000Z,24,0.1441703811133113
2023-07-23T00:00:00.000Z,24,0.487089954411707
2023-07-28T00:00:00.000Z,24,0.0442714630179811
2023-07-25T00:00:00.000Z,0,0.1318704090087583
2023-07-23T00:00:00.000Z,0,0.4206693792917063
2023-07-28T00:00:00.000Z,0,-0.0006853490440399472
2023-08-02T00:00:00.000Z,13,-0.0071927840136726
2023-07-23T00:00:00.000Z,13,0.392862429096768
2023-07-28T00:00:00.000Z,13,0.0339099049704889
2023-07-08T00:00:00.000Z,38,0.5042422399667826
2023-07-13T00:00:00.000Z,38,0.1068531039197207
2023-07-28T00:00:00.000Z,38,0.0882995563009914
2023-07-25T00:00:00.000Z,38,0.0744019868849815
2023-07-23T00:00:00.000Z,38,0.1906469118692136
2023-08-12T00:00:00.000Z,35,0.1754211597434873
2023-08-14T00:00:00.000Z,35,0.6733621810234135
2023-08-09T00:00:00.000Z,35,0.0574930158475431
2023-08-07T00:00:00.000Z,35,0.2787256289710713
2023-08-14T00:00:00.000Z,6,0.3268293584497005
2023-08-07T00:00:00.000Z,6,0.0230914963727033
2023-08-09T00:00:00.000Z,6,0.0623343346438758
2023-08-12T00:00:00.000Z,6,0.4507340543779776
2023-07-08T00:00:00.000Z,27,0.6954455324936858
2023-07-13T00:00:00.000Z,27,0.5313072682945852
2023-07-18T00:00:00.000Z,38,-0.0383105429975276
2023-07-20T00:00:00.000Z,38,0.4604128071238045
2023-07-15T00:00:00.000Z,38,0.5501382386233492
2023-07-28T00:00:00.000Z,25,0.0392556079933748
2023-07-23T00:00:00.000Z,25,0.3756753822800316
2023-07-30T00:00:00.000Z,29,0.1376971958835911
2023-08-04T00:00:00.000Z,29,0.2751025850926279
2023-08-02T00:00:00.000Z,29,0.2743525051342381
2023-07-25T00:00:00.000Z,28,-0.0161209819721399
2023-07-03T00:00:00.000Z,40,0.1342194565103528
2023-08-14T00:00:00.000Z,41,0.7260961634347549
2023-08-07T00:00:00.000Z,41,0.3245140587793084
2023-08-09T00:00:00.000Z,41,0.0177075740063535
2023-08-12T00:00:00.000Z,41,0.1745650652384676
2023-07-30T00:00:00.000Z,16,0.0967389535413051
2023-08-04T00:00:00.000Z,16,0.0058990397458566
2023-08-04T00:00:00.000Z,28,0.3545853861437247
2023-07-30T00:00:00.000Z,28,0.0480522559721088
2023-07-05T00:00:00.000Z,38,0.4114207400501297
2023-07-03T00:00:00.000Z,38,0.2411463232704796
2023-08-02T00:00:00.000Z,11,-0.0097031415057334
2023-08-04T00:00:00.000Z,11,0.025396227795801
2023-07-30T00:00:00.000Z,11,0.264094231435404
2023-08-22T00:00:00.000Z,14,0.4531053804071727
2023-08-17T00:00:00.000Z,14,0.417684095764417
2023-08-24T00:00:00.000Z,19,0.3043565874589098
2023-08-27T00:00:00.000Z,19,0.1332433085959769
2023-08-29T00:00:00.000Z,19,0.099196694242831
2023-09-01T00:00:00.000Z,6,0.0353423596720062
2023-09-03T00:00:00.000Z,6,0.3136354473761141
2023-09-06T00:00:00.000Z,6,0.5521184002525745
2023-09-28T00:00:00.000Z,17,0.6691520915889598
2023-09-26T00:00:00.000Z,17,0.6574691907431343
2023-09-26T00:00:00.000Z,18,0.4729091136020676
2023-09-18T00:00:00.000Z,10,0.0179312627526426
2023-09-23T00:00:00.000Z,10,0.305222892548063
2023-09-16T00:00:00.000Z,10,0.5835313995311118
2023-09-21T00:00:00.000Z,10,0.1923998197602103
2023-09-11T00:00:00.000Z,13,0.7765704058595662
2023-09-11T00:00:00.000Z,16,0.7254706352780076
2023-09-13T00:00:00.000Z,16,0.0542778780735787
2023-09-08T00:00:00.000Z,16,0.8228276067153459
2023-08-24T00:00:00.000Z,21,0.6241657771018838
2023-08-29T00:00:00.000Z,21,0.0582564869921253
2023-08-27T00:00:00.000Z,21,0.1078260349637543
2023-09-21T00:00:00.000Z,36,0.3838604785778033
2023-09-16T00:00:00.000Z,36,0.5036033476894587
2023-09-23T00:00:00.000Z,36,0.4950270653549372
2023-09-18T00:00:00.000Z,36,0.0213097499656391
2023-08-24T00:00:00.000Z,38,0.5309166517431702
2023-08-29T00:00:00.000Z,38,0.013808925304276
2023-09-23T00:00:00.000Z,11,0.4379274601908046
2023-09-18T00:00:00.000Z,11,0.0168443375423928
2023-09-16T00:00:00.000Z,11,0.7205865160788867
2023-09-21T00:00:00.000Z,11,0.4272687132470141
2023-09-13T00:00:00.000Z,34,0.1840682272955033
2023-09-08T00:00:00.000Z,34,0.6809242481380194
2023-09-11T00:00:00.000Z,34,0.7195187323312023
2023-09-26T00:00:00.000Z,33,0.7762579247667526
2023-09-26T00:00:00.000Z,26,0.7621077357488055
2023-08-22T00:00:00.000Z,40,0.6329547372521883
2023-08-17T00:00:00.000Z,40,0.4722492987900138
2023-09-26T00:00:00.000Z,32,0.7202232803448845
2023-09-28T00:00:00.000Z,32,0.7112839035472853
2023-08-02T00:00:00.000Z,21,0.0151833492605153
2023-08-04T00:00:00.000Z,21,-0.0069650696641832
2023-07-30T00:00:00.000Z,21,-0.0089168440462093
2023-07-13T00:00:00.000Z,32,0.3983566730768928
2023-07-10T00:00:00.000Z,32,0.3510124121706077
2023-07-08T00:00:00.000Z,32,0.0895303214082256
2023-07-10T00:00:00.000Z,16,0.5297654309906719
2023-08-04T00:00:00.000Z,31,0.3224433986947678
2023-08-02T00:00:00.000Z,31,0.2331174916416739
2023-07-30T00:00:00.000Z,31,0.2942086084780212
2023-08-02T00:00:00.000Z,38,0.0291119573347791
2023-07-30T00:00:00.000Z,38,0.0412046562931752
2023-08-04T00:00:00.000Z,38,0.2607951022637426
2023-07-05T00:00:00.000Z,14,0.0734254083177444
2023-07-08T00:00:00.000Z,41,0.1800326208929061
2023-07-13T00:00:00.000Z,41,0.149767235914373
2023-07-25T00:00:00.000Z,16,0.0507208492589916
2023-08-14T00:00:00.000Z,44,-0.0361526625936116
2023-08-07T00:00:00.000Z,44,0.0161280460042158
2023-08-09T00:00:00.000Z,44,0.0302881800025128
2023-08-12T00:00:00.000Z,44,0.0345044153149781
2023-09-26T00:00:00.000Z,19,0.697057371996313
2023-09-28T00:00:00.000Z,19,0.6227536793815058
2023-09-28T00:00:00.000Z,8,0.643916376889731
2023-09-26T00:00:00.000Z,8,0.6691259507588696
2023-08-27T00:00:00.000Z,28,0.0960148013086388
2023-08-27T00:00:00.000Z,16,0.1279621888905951
2023-08-17T00:00:00.000Z,21,0.1620134310429182
2023-08-22T00:00:00.000Z,21,0.7209902331318697
2023-08-19T00:00:00.000Z,21,0.5158497347936096
2023-09-06T00:00:00.000Z,4,0.6363744430122004
2023-09-03T00:00:00.000Z,4,0.4193402539544237
2023-09-01T00:00:00.000Z,4,0.0546231264821949
2023-08-17T00:00:00.000Z,0,0.47377125109832
2023-08-19T00:00:00.000Z,0,0.5973506387668398
2023-08-22T00:00:00.000Z,0,0.5322149661246747
2023-09-06T00:00:00.000Z,25,0.7139194217621369
2023-09-01T00:00:00.000Z,25,0.3627576353099404
2023-09-06T00:00:00.000Z,35,0.7512130315731657
2023-09-01T00:00:00.000Z,35,0.0871227937401777
2023-09-03T00:00:00.000Z,35,0.3487187659481953
2023-08-27T00:00:00.000Z,42,0.0196792609581324
2023-08-27T00:00:00.000Z,41,0.0316774563774527
2023-09-26T00:00:00.000Z,43,0.7287656702934867
2023-09-28T00:00:00.000Z,43,0.7125439383093644
2023-08-02T00:00:00.000Z,40,0.4284894706991041
2023-08-22T00:00:00.000Z,18,0.3864309981978162
2023-08-17T00:00:00.000Z,18,0.4773579956858063
2023-07-08T00:00:00.000Z,11,-0.0030762756057765
2023-07-13T00:00:00.000Z,11,0.5047788575962593
2023-08-02T00:00:00.000Z,42,0.4964325547331628
2023-09-06T00:00:00.000Z,13,0.7759965079832603
2023-09-01T00:00:00.000Z,13,0.1947941911769363
2023-09-03T00:00:00.000Z,0,0.3725967278877695
2023-09-06T00:00:00.000Z,0,0.6349343415214229
2023-09-01T00:00:00.000Z,0,0.0249371302653384
2023-09-08T00:00:00.000Z,35,0.7276415574250743
2023-09-11T00:00:00.000Z,35,0.6989725130623244
2023-09-13T00:00:00.000Z,35,0.0389923640976991
2023-09-23T00:00:00.000Z,0,0.3339350310115297
2023-09-18T00:00:00.000Z,0,0.0192881097733916
2023-09-21T00:00:00.000Z,0,0.1880879341709715
2023-09-16T00:00:00.000Z,0,0.6112766250645875
2023-09-06T00:00:00.000Z,39,0.6658783400377376
2023-09-01T00:00:00.000Z,39,0.1770377957087497
2023-09-18T00:00:00.000Z,38,0.0194158075222857
2023-09-23T00:00:00.000Z,38,0.3225596938500782
2023-09-28T00:00:00.000Z,26,0.7420750174967811
2023-09-28T00:00:00.000Z,34,0.7119809050426661
2023-09-26T00:00:00.000Z,34,0.7643643048531632
2023-08-29T00:00:00.000Z,40,0.0178258032253696
2023-08-24T00:00:00.000Z,40,0.6366103332692128
2023-08-27T00:00:00.000Z,40,0.0259690809940591
2023-08-27T00:00:00.000Z,45,0.0164624846970232
2023-08-24T00:00:00.000Z,45,0.089002655301767
2023-08-29T00:00:00.000Z,45,0.012338808700276
2023-09-16T00:00:00.000Z,45,
2023-09-18T00:00:00.000Z,45,0.0157838988533122
2023-09-21T00:00:00.000Z,45,0.2432339591066623
2023-09-23T00:00:00.000Z,45,0.1033472910178261
2023-07-10T00:00:00.000Z,44,0.1199594175173786
2023-07-08T00:00:00.000Z,44,0.0417435855005393
2023-07-13T00:00:00.000Z,44,0.0443219256258229
2023-08-17T00:00:00.000Z,17,0.6063618743462076
2023-08-19T00:00:00.000Z,17,0.2467150161815456
2023-08-22T00:00:00.000Z,17,0.5555125054904729
2023-08-27T00:00:00.000Z,14,0.1156150541481382
2023-09-11T00:00:00.000Z,21,0.7199927439528587
2023-09-13T00:00:00.000Z,21,0.1727139278532863
2023-09-08T00:00:00.000Z,21,0.7192004064914742
2023-09-11T00:00:00.000Z,5,0.7470914003004433
2023-09-13T00:00:00.000Z,5,0.0463679631120331
2023-09-08T00:00:00.000Z,5,0.757060201363147
2023-09-13T00:00:00.000Z,3,0.0215682545244344
2023-09-11T00:00:00.000Z,3,0.7265653694738881
2023-09-08T00:00:00.000Z,3,0.7337190038684284
2023-09-26T00:00:00.000Z,10,0.6043818043000851
2023-09-28T00:00:00.000Z,10,0.5689952486814494
2023-08-24T00:00:00.000Z,12,0.6918169474795494
2023-08-27T00:00:00.000Z,12,0.0163548664457921
2023-08-29T00:00:00.000Z,12,0.0297609416720268
2023-09-03T00:00:00.000Z,38,0.2196707686418361
2023-09-06T00:00:00.000Z,33,0.7576283069577838
2023-09-01T00:00:00.000Z,33,0.4457156120185583
2023-09-26T00:00:00.000Z,27,0.7729014232896059
2023-09-23T00:00:00.000Z,28,0.5093824551596078
2023-09-18T00:00:00.000Z,28,0.0241420610854182
2023-09-03T00:00:00.000Z,44,0.2071252712578727
2023-09-06T00:00:00.000Z,44,-0.0822590938129892
2023-09-01T00:00:00.000Z,44,0.2062153176024395
2023-09-06T00:00:00.000Z,45,
2023-09-03T00:00:00.000Z,45,0.1709101157071667
2023-09-01T00:00:00.000Z,45,
2023-07-05T00:00:00.000Z,44,0.0866947684008538
2023-07-03T00:00:00.000Z,44,-0.0008395811838636291
2023-08-29T00:00:00.000Z,17,0.1113968566210076
2023-08-24T00:00:00.000Z,17,0.6232634259751995
2023-08-27T00:00:00.000Z,17,0.1526435864858412
2023-08-24T00:00:00.000Z,28,0.3597690808079148
2023-08-29T00:00:00.000Z,28,0.0316018173001546
2023-09-21T00:00:00.000Z,14,0.0673416416608251
2023-09-16T00:00:00.000Z,14,0.5905375218013433
2023-09-18T00:00:00.000Z,24,0.0238925393668617
2023-09-21T00:00:00.000Z,24,0.216492797941533
2023-09-23T00:00:00.000Z,24,0.4337374609473667
2023-09-16T00:00:00.000Z,24,0.1802503343421533
2023-08-17T00:00:00.000Z,8,0.6269115940138992
2023-08-19T00:00:00.000Z,8,0.6150182705458362
2023-08-22T00:00:00.000Z,8,0.6454952131174132
2023-09-26T00:00:00.000Z,25,0.7179696819136487
2023-08-22T00:00:00.000Z,45,0.1869837844929358
2023-08-19T00:00:00.000Z,45,0.1267853425058384
2023-08-17T00:00:00.000Z,45,0.1130764124152322
2023-09-13T00:00:00.000Z,45,0.0250323529554797
2023-09-11T00:00:00.000Z,45,
2023-09-08T00:00:00.000Z,45,0.1454752802384129
2023-08-12T00:00:00.000Z,38,0.2717727178380106
2023-08-07T00:00:00.000Z,38,0.0946566356849626
2023-09-11T00:00:00.000Z,14,0.5987686560080571
2023-09-08T00:00:00.000Z,14,0.7529831600239898
2023-09-13T00:00:00.000Z,14,0.1136839233499149
2023-08-24T00:00:00.000Z,16,0.6237341462999932
2023-08-29T00:00:00.000Z,16,0.0724826114096142
2023-08-27T00:00:00.000Z,13,0.1673156015698572
2023-09-11T00:00:00.000Z,11,0.714284550093889
2023-09-26T00:00:00.000Z,44,-0.1641607024921373
2023-09-28T00:00:00.000Z,44,-0.2089687122135924
2023-07-15T00:00:00.000Z,14,0.4329734276809323
2023-07-20T00:00:00.000Z,14,0.8272795976735511
2023-07-03T00:00:00.000Z,45,0.3633560458280037
2023-07-05T00:00:00.000Z,45,-0.008914154902186
2023-07-28T00:00:00.000Z,45,0.0153397461623977
2023-07-23T00:00:00.000Z,45,0.1262729661005949
2023-07-25T00:00:00.000Z,45,-0.0118393310996712
2023-08-17T00:00:00.000Z,6,0.5259530853648328
2023-08-19T00:00:00.000Z,6,0.3851464241495904
2023-08-22T00:00:00.000Z,6,0.5245074221670207
2023-08-19T00:00:00.000Z,14,0.3354863881089113
2023-09-01T00:00:00.000Z,38,0.057353800107011
2023-09-06T00:00:00.000Z,38,0.6785533268738385
2023-09-16T00:00:00.000Z,25,0.3819208005766845
2023-09-21T00:00:00.000Z,25,0.1126388963976182
2023-09-03T00:00:00.000Z,16,0.2980345332102366
2023-09-11T00:00:00.000Z,38,0.6424723867834657
2023-09-28T00:00:00.000Z,38,0.4781964976974522
2023-08-09T00:00:00.000Z,45,0.0034291453297977
2023-08-07T00:00:00.000Z,45,-0.0327193426334362
2023-08-12T00:00:00.000Z,45,0.3253230229955693
2023-08-14T00:00:00.000Z,45,0.1277718198134282
2023-07-18T00:00:00.000Z,45,0.0947941142897304
2023-07-20T00:00:00.000Z,45,0.1133361180273888
2023-07-15T00:00:00.000Z,45,0.1488296736536897
2023-08-27T00:00:00.000Z,38,0.0252047138905041
2023-08-27T00:00:00.000Z,44,0.0348073025054943
2023-08-29T00:00:00.000Z,44,0.0143657915061787
2023-08-24T00:00:00.000Z,44,-0.15041940846664
2023-08-17T00:00:00.000Z,44,0.0817612983001834
2023-08-22T00:00:00.000Z,44,-0.0848665279180008
2023-08-19T00:00:00.000Z,44,-0.0797548924114044
2023-07-08T00:00:00.000Z,45,0.2758449030123631
2023-07-10T00:00:00.000Z,45,0.0211359373281214
2023-07-13T00:00:00.000Z,45,0.064002243345135
2023-08-02T00:00:00.000Z,45,0.1780213165055114
2023-08-04T00:00:00.000Z,45,0.12658119124535
2023-07-30T00:00:00.000Z,45,-0.0249328100239836
2023-09-18T00:00:00.000Z,14,0.0308481607782458
2023-09-23T00:00:00.000Z,14,0.8308304886625628
2023-09-26T00:00:00.000Z,38,0.6703796519874051
2023-08-24T00:00:00.000Z,14,0.4344806683624675
2023-08-29T00:00:00.000Z,14,0.1132384772671265
2023-09-16T00:00:00.000Z,38,0.6816583259395406
2023-09-21T00:00:00.000Z,38,0.5984512264072986
2023-09-28T00:00:00.000Z,45,0.1799113079970798
2023-09-26T00:00:00.000Z,45,0.2044063279306316
2023-10-01T00:00:00.000Z,18,0.4524439926731806
2023-10-01T00:00:00.000Z,20,0.657410613494083
2023-10-11T00:00:00.000Z,15,0.6302813640239439
2023-10-11T00:00:00.000Z,18,0.3906532433924614
2023-10-16T00:00:00.000Z,18,0.4378321091200636
2023-10-11T00:00:00.000Z,20,0.6229239117116959
2023-10-16T00:00:00.000Z,20,0.6536637055352422
2023-10-16T00:00:00.000Z,15,0.6282285561488093
2023-10-06T00:00:00.000Z,10,0.3046248553064866
2023-10-06T00:00:00.000Z,19,0.3275178561604598
2023-10-08T00:00:00.000Z,19,0.1403405843254783
2023-10-08T00:00:00.000Z,10,0.127414295617747
2023-10-03T00:00:00.000Z,19,0.1468384334111517
2023-10-03T00:00:00.000Z,10,0.1546806301738348
2023-10-03T00:00:00.000Z,8,0.1583534448829817
2023-10-08T00:00:00.000Z,5,0.2058173821298253
2023-10-08T00:00:00.000Z,9,0.1375161021324602
2023-10-03T00:00:00.000Z,5,0.4491484931585711
2023-10-06T00:00:00.000Z,8,0.373427857123409
2023-10-06T00:00:00.000Z,5,0.5722379001359282
2023-10-03T00:00:00.000Z,9,0.4400710779237203
2023-10-08T00:00:00.000Z,8,0.1850297632317419
2023-10-06T00:00:00.000Z,9,0.4651617099540272
2023-10-08T00:00:00.000Z,7,0.1667370091849024
2023-10-06T00:00:00.000Z,7,0.4039799258048998
2023-10-03T00:00:00.000Z,7,0.1261628710944272
2023-10-11T00:00:00.000Z,21,0.693535311160566
2023-10-16T00:00:00.000Z,21,0.6723720603934924
2023-10-11T00:00:00.000Z,23,0.6643209992232759
2023-10-16T00:00:00.000Z,23,0.6607359000915706
2023-10-13T00:00:00.000Z,23,0.6338577062197125
2023-10-13T00:00:00.000Z,21,0.6591870208763416
2023-10-13T00:00:00.000Z,15,0.5996143434167055
2023-10-13T00:00:00.000Z,1,0.4476902714426255
2023-10-13T00:00:00.000Z,24,0.5810755799269794
2023-10-13T00:00:00.000Z,22,0.6836979375509221
2023-10-11T00:00:00.000Z,36,0.6455381837975352
2023-10-11T00:00:00.000Z,1,0.6423768572819419
2023-10-11T00:00:00.000Z,24,0.7637826993437979
2023-10-11T00:00:00.000Z,22,0.7568369504999092
2023-10-16T00:00:00.000Z,36,0.6676805192052595
2023-10-16T00:00:00.000Z,22,0.7041796005562903
2023-10-16T00:00:00.000Z,1,0.6507554492727577
2023-10-16T00:00:00.000Z,24,0.744571765039422
2023-10-13T00:00:00.000Z,36,0.4623564135740744
2023-11-30T00:00:00.000Z,15,0.2385360541813164
2023-11-30T00:00:00.000Z,20,0.280996023311531
2023-11-30T00:00:00.000Z,18,0.1560495497639258
2023-10-18T00:00:00.000Z,19,0.4967677397124337
2023-10-21T00:00:00.000Z,19,0.5324911923872582
2023-10-23T00:00:00.000Z,10,0.0966740879227804
2023-10-23T00:00:00.000Z,19,0.0833854778321709
2023-10-18T00:00:00.000Z,10,0.3099014661543491
2023-10-21T00:00:00.000Z,10,0.5192789086217597
2023-11-17T00:00:00.000Z,19,0.0352775403150694
2023-11-12T00:00:00.000Z,19,0.4165780529333567
2023-11-17T00:00:00.000Z,10,0.0783798215607306
2023-11-12T00:00:00.000Z,10,0.293182520810028
2023-11-15T00:00:00.000Z,19,0.0059495814886607
2023-11-15T00:00:00.000Z,10,0.1763752312369108
2023-11-05T00:00:00.000Z,15,0.0394472688733665
2023-11-10T00:00:00.000Z,7,0.186624852276223
2023-11-07T00:00:00.000Z,7,0.0979376531378285
2023-11-10T00:00:00.000Z,15,0.1463366238712579
2023-11-07T00:00:00.000Z,20,0.0252481380090491
2023-11-10T00:00:00.000Z,20,0.1638054791496741
2023-11-07T00:00:00.000Z,15,0.0682339686155105
2023-11-05T00:00:00.000Z,7,0.047131849763068
2023-11-05T00:00:00.000Z,20,0.0137538109799873
2023-12-02T00:00:00.000Z,19,0.0167948043623528
2023-11-27T00:00:00.000Z,20,0.0338099960039278
2023-11-30T00:00:00.000Z,19,0.2078580052143883
2023-12-02T00:00:00.000Z,20,0.0164137395169899
2023-11-27T00:00:00.000Z,19,0.0367558080255381
2023-12-17T00:00:00.000Z,15,0.510337019805433
2023-12-20T00:00:00.000Z,6,0.2782314367396472
2023-12-20T00:00:00.000Z,15,0.0991665727105836
2023-12-15T00:00:00.000Z,15,0.0760935376736824
2023-12-20T00:00:00.000Z,20,0.1179877459650007
2023-12-15T00:00:00.000Z,6,0.0368565567911141
2023-12-17T00:00:00.000Z,6,0.4044254086477777
2023-12-17T00:00:00.000Z,7,0.4598222967884306
2023-12-15T00:00:00.000Z,7,0.0367454950639127
2023-12-20T00:00:00.000Z,7,0.215160989519251
2023-12-15T00:00:00.000Z,20,0.0309274233230513
2023-12-17T00:00:00.000Z,20,0.5176534963646666
2023-10-26T00:00:00.000Z,15,0.0253863674370666
2023-11-02T00:00:00.000Z,16,0.0201599740622693
2023-11-02T00:00:00.000Z,15,0.0320235085067287
2023-11-02T00:00:00.000Z,23,0.0319492765548985
2023-10-26T00:00:00.000Z,16,0.0402766958213336
2023-10-31T00:00:00.000Z,13,0.1688173746129151
2023-10-31T00:00:00.000Z,22,0.19053838221576
2023-10-31T00:00:00.000Z,23,0.1897452558330448
2023-10-26T00:00:00.000Z,23,0.0200571409462143
2023-10-28T00:00:00.000Z,16,0.0492045458219746
2023-10-31T00:00:00.000Z,16,0.1221104496085903
2023-10-26T00:00:00.000Z,13,0.0345176459413064
2023-10-31T00:00:00.000Z,15,0.1226005119140067
2023-10-28T00:00:00.000Z,22,0.0652286545200466
2023-11-02T00:00:00.000Z,22,0.0224832536806985
2023-10-28T00:00:00.000Z,15,0.1029582208786668
2023-10-28T00:00:00.000Z,23,0.1054483492610822
2023-10-26T00:00:00.000Z,22,0.0347718253856313
2023-12-05T00:00:00.000Z,16,0.0293470986384787
2023-12-05T00:00:00.000Z,28,0.1526483766993777
2023-12-10T00:00:00.000Z,16,0.0214921266171789
2023-12-10T00:00:00.000Z,28,0.0585900419650433
2023-11-30T00:00:00.000Z,23,0.1607814327046092
2023-11-27T00:00:00.000Z,15,0.0462458666573787
2023-11-27T00:00:00.000Z,23,0.0536897017620311
2023-11-27T00:00:00.000Z,14,
2023-11-30T00:00:00.000Z,14,0.1933171090755077
2023-11-30T00:00:00.000Z,16,0.1082699688840347
2023-12-02T00:00:00.000Z,23,0.0104200775318209
2023-12-02T00:00:00.000Z,14,
2023-12-02T00:00:00.000Z,15,0.0295368441582371
2023-11-30T00:00:00.000Z,28,0.0615973889985571
2023-11-25T00:00:00.000Z,13,-0.0031915097571551
2023-11-20T00:00:00.000Z,22,0.0803670782223071
2023-11-22T00:00:00.000Z,24,0.0278157925336107
2023-11-20T00:00:00.000Z,16,0.1689690452470903
2023-11-25T00:00:00.000Z,16,-0.002045621038533
2023-11-22T00:00:00.000Z,16,0.0383583705869508
2023-11-25T00:00:00.000Z,22,0.2136944685754543
2023-11-25T00:00:00.000Z,24,0.1705698432305024
2023-11-20T00:00:00.000Z,24,0.086524630830408
2023-11-22T00:00:00.000Z,22,0.0689752542772448
2023-11-20T00:00:00.000Z,13,0.338435049366363
2023-11-17T00:00:00.000Z,15,0.0275606604708366
2023-11-17T00:00:00.000Z,23,0.0201279367336023
2023-11-15T00:00:00.000Z,4,0.1039915167949302
2023-11-15T00:00:00.000Z,7,0.0753077491604306
2023-11-15T00:00:00.000Z,23,0.0263519128143699
2023-11-17T00:00:00.000Z,4,0.0129163349086202
2023-11-15T00:00:00.000Z,15,0.1115477808213777
2023-11-12T00:00:00.000Z,7,0.2074760762801295
2023-11-12T00:00:00.000Z,23,0.0655312764484537
2023-11-12T00:00:00.000Z,4,0.0538025801918309
2023-11-17T00:00:00.000Z,7,0.0165934298204042
2023-11-12T00:00:00.000Z,15,0.0741296903241849
2023-10-23T00:00:00.000Z,36,0.065008235133752
2023-10-21T00:00:00.000Z,24,0.2878312689743939
2023-10-21T00:00:00.000Z,36,0.2454913798639671
2023-10-18T00:00:00.000Z,24,0.0364981648210092
2023-10-21T00:00:00.000Z,1,0.3003987256683789
2023-10-23T00:00:00.000Z,22,0.0391669053811218
2023-10-23T00:00:00.000Z,1,0.0446732368961422
2023-10-23T00:00:00.000Z,24,0.0324925957569148
2023-10-18T00:00:00.000Z,22,0.0730083334890122
2023-10-18T00:00:00.000Z,1,0.2758759227688038
2023-10-18T00:00:00.000Z,36,0.1205531058816815
2023-10-21T00:00:00.000Z,22,0.3602399203694518
2023-10-31T00:00:00.000Z,3,0.078450910680565
2023-10-28T00:00:00.000Z,2,0.1754429572030838
2023-11-02T00:00:00.000Z,35,0.0161752394242885
2023-11-02T00:00:00.000Z,2,0.0204669924643568
2023-10-28T00:00:00.000Z,39,0.3563846289461201
2023-10-31T00:00:00.000Z,39,0.0558219786176501
2023-10-31T00:00:00.000Z,2,0.0378990734847934
2023-10-26T00:00:00.000Z,39,0.0765176230323252
2023-10-26T00:00:00.000Z,3,0.0316388958838852
2023-10-26T00:00:00.000Z,35,0.0950608898765712
2023-11-02T00:00:00.000Z,39,0.0192917951651372
2023-10-28T00:00:00.000Z,3,0.1285678407146572
2023-10-26T00:00:00.000Z,2,0.0446660281630456
2023-11-02T00:00:00.000Z,3,0.0144766465795488
2023-10-31T00:00:00.000Z,35,0.0509175986877086
2023-10-28T00:00:00.000Z,35,0.1211354558990769
2023-11-25T00:00:00.000Z,5,0.1043587016739025
2023-11-22T00:00:00.000Z,7,0.132221907526939
2023-11-20T00:00:00.000Z,5,0.2179279138480211
2023-11-20T00:00:00.000Z,4,0.1523479033845645
2023-11-22T00:00:00.000Z,5,0.030704705024503
2023-11-25T00:00:00.000Z,7,0.1547114066510388
2023-11-20T00:00:00.000Z,7,0.148649053384249
2023-11-22T00:00:00.000Z,4,0.0866454559865108
2023-11-25T00:00:00.000Z,4,0.1468722433186864
2023-11-27T00:00:00.000Z,22,0.0923875449482169
2023-11-27T00:00:00.000Z,24,0.0580360786055905
2023-12-02T00:00:00.000Z,1,0.009001762606545
2023-11-30T00:00:00.000Z,22,0.1107153611823863
2023-11-30T00:00:00.000Z,1,0.1176734886216175
2023-12-02T00:00:00.000Z,22,0.0062687103661086
2023-11-30T00:00:00.000Z,24,0.0470391639319157
2023-11-30T00:00:00.000Z,36,0.0369621071000689
2023-11-27T00:00:00.000Z,36,0.0862195458158509
2023-12-02T00:00:00.000Z,36,0.0113392857505612
2023-11-27T00:00:00.000Z,1,0.0606523256869551
2023-12-02T00:00:00.000Z,24,0.0116501484713281
2023-11-22T00:00:00.000Z,35,0.0034721161180113
2023-11-20T00:00:00.000Z,35,0.2804327009155565
2023-11-22T00:00:00.000Z,36,0.0098240653638239
2023-11-20T00:00:00.000Z,37,0.2334059282758914
2023-11-22T00:00:00.000Z,37,0.002005319358541
2023-11-25T00:00:00.000Z,35,0.0486127055635495
2023-11-25T00:00:00.000Z,36,0.2921915855713298
2023-11-20T00:00:00.000Z,36,0.1778779264448472
2023-11-25T00:00:00.000Z,37,0.0744643200491511
2023-10-21T00:00:00.000Z,8,0.5128149583847373
2023-10-23T00:00:00.000Z,8,0.0770212194201228
2023-10-18T00:00:00.000Z,8,0.4344307501970847
2023-10-21T00:00:00.000Z,9,0.4564489250316382
2023-10-23T00:00:00.000Z,9,0.0661969084323788
2023-10-18T00:00:00.000Z,9,0.4734569967110332
2023-11-27T00:00:00.000Z,9,0.067560155043477
2023-11-30T00:00:00.000Z,9,0.1033524774183433
2023-12-02T00:00:00.000Z,9,0.0077381839054058
2023-11-10T00:00:00.000Z,12,0.4714215829883559
2023-11-07T00:00:00.000Z,12,0.490999633552904
2023-11-05T00:00:00.000Z,9,0.0723802608229184
2023-11-10T00:00:00.000Z,9,0.4797093643125825
2023-11-07T00:00:00.000Z,9,0.1528612871224971
2023-11-05T00:00:00.000Z,12,0.0472551627827594
2023-11-12T00:00:00.000Z,3,0.0970966945695778
2023-11-15T00:00:00.000Z,11,0.1332373975597685
2023-11-15T00:00:00.000Z,39,0.1747430535683732
2023-11-15T00:00:00.000Z,3,0.0329682339899738
2023-11-17T00:00:00.000Z,3,0.0133788859499125
2023-11-12T00:00:00.000Z,11,0.1364920491093783
2023-11-17T00:00:00.000Z,39,0.026546888479685
2023-11-12T00:00:00.000Z,39,0.0419563372220874
2023-11-17T00:00:00.000Z,11,0.0167433117088548
2023-12-20T00:00:00.000Z,9,0.0858041462222921
2023-12-17T00:00:00.000Z,12,0.5136329790836308
2023-12-15T00:00:00.000Z,9,0.0262761878754692
2023-12-15T00:00:00.000Z,12,0.0339323102848106
2023-12-20T00:00:00.000Z,12,0.2314136827887343
2023-12-17T00:00:00.000Z,9,0.4655019346365638
2023-11-22T00:00:00.000Z,11,0.0134470130270243
2023-10-01T00:00:00.000Z,28,0.7406658232366423
2023-10-01T00:00:00.000Z,27,0.748028203128265
2023-10-01T00:00:00.000Z,29,0.7147543395696153
2023-10-01T00:00:00.000Z,30,0.7387776777631992
2023-10-06T00:00:00.000Z,34,0.5936625985296097
2023-10-06T00:00:00.000Z,33,0.6669680223356126
2023-10-06T00:00:00.000Z,26,0.60071390369145
2023-10-06T00:00:00.000Z,25,0.5040923212256898
2023-10-16T00:00:00.000Z,30,0.7318665976969863
2023-10-11T00:00:00.000Z,30,0.7116759268797819
2023-10-13T00:00:00.000Z,26,0.718419402249217
2023-10-11T00:00:00.000Z,34,0.716998235671159
2023-10-16T00:00:00.000Z,34,0.6765147432152
2023-10-16T00:00:00.000Z,26,0.7153007937028001
2023-10-11T00:00:00.000Z,26,0.7170368055644046
2023-10-13T00:00:00.000Z,34,0.6772143106707151
2023-10-13T00:00:00.000Z,30,0.6534984726354228
2023-10-11T00:00:00.000Z,31,0.7329053986094165
2023-10-11T00:00:00.000Z,32,0.6752627956322383
2023-10-16T00:00:00.000Z,32,0.6317028183704227
2023-10-13T00:00:00.000Z,32,0.6591085368340731
2023-10-16T00:00:00.000Z,31,0.7144735820101076
2023-10-13T00:00:00.000Z,31,0.5920923970183172
2023-11-15T00:00:00.000Z,27,0.105604697095349
2023-11-15T00:00:00.000Z,28,0.00020429519638188567
2023-11-07T00:00:00.000Z,28,0.0388767170251224
2023-11-10T00:00:00.000Z,24,0.1708020209503657
2023-11-05T00:00:00.000Z,24,-0.0013960281841805
2023-11-07T00:00:00.000Z,29,0.2353194528710336
2023-11-05T00:00:00.000Z,28,0.0599302384437786
2023-11-07T00:00:00.000Z,30,0.1488421785677712
2023-11-10T00:00:00.000Z,29,0.2909813508024218
2023-11-05T00:00:00.000Z,29,0.0111196053560624
2023-11-07T00:00:00.000Z,24,0.0707067770668517
2023-11-05T00:00:00.000Z,30,0.057987060247269
2023-11-10T00:00:00.000Z,30,0.2714481218967725
2023-11-10T00:00:00.000Z,28,0.1634831754853822
2023-11-10T00:00:00.000Z,26,0.1822236801214614
2023-11-05T00:00:00.000Z,34,0.0159154623818715
2023-11-05T00:00:00.000Z,26,0.0778273499282153
2023-11-10T00:00:00.000Z,34,0.2413113782805864
2023-11-07T00:00:00.000Z,34,0.2574734947557199
2023-11-07T00:00:00.000Z,26,0.1007256256550914
2023-11-25T00:00:00.000Z,26,0.2150812643475791
2023-11-25T00:00:00.000Z,29,0.06650209105814
2023-11-20T00:00:00.000Z,26,0.1524416647000558
2023-11-22T00:00:00.000Z,29,0.0082164370479759
2023-11-22T00:00:00.000Z,26,0.0168149606472179
2023-11-20T00:00:00.000Z,30,0.180757797423612
2023-11-20T00:00:00.000Z,29,0.2006584622019054
2023-11-22T00:00:00.000Z,30,0.0112848261392308
2023-11-25T00:00:00.000Z,30,0.0516282344399546
2023-11-27T00:00:00.000Z,26,0.0474853574998959
2023-11-30T00:00:00.000Z,26,0.0035108338006922
2023-11-30T00:00:00.000Z,34,0.0130030397333165
2023-11-27T00:00:00.000Z,34,0.0767814013681129
2023-12-02T00:00:00.000Z,34,0.0056397843288633
2023-12-02T00:00:00.000Z,26,0.0067682474159504
2023-11-05T00:00:00.000Z,43,0.0796626512979573
2023-11-10T00:00:00.000Z,43,0.2570534168599439
2023-11-05T00:00:00.000Z,37,0.0238755353160065
2023-11-10T00:00:00.000Z,37,0.0998801848156647
2023-11-07T00:00:00.000Z,43,0.3507845753414432
2023-11-07T00:00:00.000Z,37,0.2509301204850535
2023-10-21T00:00:00.000Z,31,0.3632003176514897
2023-10-18T00:00:00.000Z,32,0.0366655432744938
2023-10-21T00:00:00.000Z,30,0.1617456794895652
2023-10-21T00:00:00.000Z,32,0.2177253380776757
2023-10-18T00:00:00.000Z,30,0.0931464877247842
2023-10-23T00:00:00.000Z,32,0.0292623268015265
2023-10-23T00:00:00.000Z,31,0.0177402122675116
2023-10-23T00:00:00.000Z,30,0.016875591698671
2023-10-18T00:00:00.000Z,31,0.081597868028325
2023-10-23T00:00:00.000Z,41,0.0881733434514458
2023-10-23T00:00:00.000Z,42,0.0477638544993361
2023-10-18T00:00:00.000Z,42,0.1429844374460542
2023-10-21T00:00:00.000Z,41,0.1600532536191581
2023-10-21T00:00:00.000Z,42,0.1756491660349622
2023-10-18T00:00:00.000Z,41,0.0588645158594427
2023-11-30T00:00:00.000Z,37,0.0112844629784059
2023-12-02T00:00:00.000Z,43,0.0065256005907089
2023-12-02T00:00:00.000Z,37,0.0090676079871424
2023-12-02T00:00:00.000Z,31,0.0084648072089849
2023-11-27T00:00:00.000Z,37,0.0506413070792248
2023-11-27T00:00:00.000Z,31,0.052847980312854
2023-11-30T00:00:00.000Z,31,0.0003215324067826513
2023-11-30T00:00:00.000Z,43,0.0065581113580778
2023-11-27T00:00:00.000Z,43,0.0433750222106879
2023-12-10T00:00:00.000Z,40,0.4463575760440553
2023-12-05T00:00:00.000Z,37,0.0716734045509438
2023-12-10T00:00:00.000Z,37,0.0699029162934908
2023-12-05T00:00:00.000Z,40,0.019382524694557
2023-12-12T00:00:00.000Z,43,0.0110732187383297
2023-12-07T00:00:00.000Z,40,0.1825707625334738
2023-12-07T00:00:00.000Z,37,0.3156867234803019
2023-12-12T00:00:00.000Z,37,0.0192147055423568
2023-12-05T00:00:00.000Z,43,0.0085819412965059
2023-12-12T00:00:00.000Z,40,0.0124089413492236
2023-12-07T00:00:00.000Z,43,0.2070817491186709
2023-12-10T00:00:00.000Z,43,0.2860411491865923
2023-12-20T00:00:00.000Z,44,0.0332102625333725
2023-12-15T00:00:00.000Z,32,0.1352064861135646
2023-12-17T00:00:00.000Z,32,0.0726534328493607
2023-12-17T00:00:00.000Z,41,0.0592886444911952
2023-12-20T00:00:00.000Z,41,0.106127092215728
2023-12-17T00:00:00.000Z,44,-0.0226322186036113
2023-12-15T00:00:00.000Z,44,-0.0876222618129193
2023-12-15T00:00:00.000Z,41,0.2370839886181199
2023-12-20T00:00:00.000Z,32,0.0851382046832408
2023-10-26T00:00:00.000Z,41,-0.0173606648772551
2023-10-28T00:00:00.000Z,45,0.1991006712753135
2023-10-31T00:00:00.000Z,41,0.0359003500007701
2023-11-02T00:00:00.000Z,45,0.0297218077566867
2023-11-02T00:00:00.000Z,41,0.03683569752496
2023-10-31T00:00:00.000Z,45,0.023764001877933
2023-10-28T00:00:00.000Z,41,0.7151644964510402
2023-10-26T00:00:00.000Z,45,-0.0112819105230365
2023-12-07T00:00:00.000Z,41,0.2933772570918396
2023-12-10T00:00:00.000Z,41,0.1315033096931039
2023-12-12T00:00:00.000Z,45,0.0250983572207457
2023-12-12T00:00:00.000Z,41,0.0229800009601198
2023-12-05T00:00:00.000Z,45,0.0079310003264124
2023-12-10T00:00:00.000Z,45,0.1110386718640776
2023-12-05T00:00:00.000Z,41,0.028058375249357
2023-12-07T00:00:00.000Z,45,0.1078307334106674
2023-10-13T00:00:00.000Z,40,0.522128440323574
2023-10-13T00:00:00.000Z,42,0.7038699459433188
2023-10-13T00:00:00.000Z,39,0.5477147827128572
2023-11-02T00:00:00.000Z,40,0.0247264769935309
2023-11-02T00:00:00.000Z,42,0.0352055714274212
2023-10-31T00:00:00.000Z,42,0.0241637311345515
2023-10-28T00:00:00.000Z,40,0.622563669789123
2023-10-28T00:00:00.000Z,42,0.7575390139604853
2023-10-31T00:00:00.000Z,40,0.070109931049092
2023-10-26T00:00:00.000Z,42,0.0184641389224651
2023-10-26T00:00:00.000Z,40,0.0733697307473404
2023-12-20T00:00:00.000Z,40,0.2486502604054496
2023-12-20T00:00:00.000Z,42,0.1858277130771648
2023-12-17T00:00:00.000Z,40,0.6110002527347775
2023-12-17T00:00:00.000Z,42,0.5073481352957973
2023-12-15T00:00:00.000Z,40,0.1305838248733027
2023-12-15T00:00:00.000Z,42,0.3499986339523469
2023-12-30T00:00:00.000Z,20,0.0904441573783837
2023-12-30T00:00:00.000Z,19,0.0915333290742913
2023-12-22T00:00:00.000Z,15,0.0248218598636803
2023-12-22T00:00:00.000Z,7,0.0244039892511497
2023-12-25T00:00:00.000Z,15,0.0467115360495535
2023-12-27T00:00:00.000Z,7,0.2158116487370257
2023-12-22T00:00:00.000Z,20,0.0195659234213788
2023-12-27T00:00:00.000Z,15,0.2346789673322943
2023-12-27T00:00:00.000Z,20,0.2015776237784823
2023-12-25T00:00:00.000Z,20,-0.0035587722010899
2023-12-25T00:00:00.000Z,7,0.0399480536364173
2023-12-27T00:00:00.000Z,22,0.5507106955689778
2023-12-22T00:00:00.000Z,0,0.0230743276853282
2023-12-25T00:00:00.000Z,0,0.1280756317307376
2023-12-25T00:00:00.000Z,2,0.2260489221692148
2023-12-27T00:00:00.000Z,4,0.2416209767207387
2023-12-27T00:00:00.000Z,0,0.1405329974327162
2023-12-25T00:00:00.000Z,23,0.1666834054942764
2023-12-22T00:00:00.000Z,23,0.02136239236162
2023-12-27T00:00:00.000Z,1,0.4145207385774741
2023-12-22T00:00:00.000Z,2,0.0196991592326044
2023-12-27T00:00:00.000Z,2,0.3699103939093694
2023-12-25T00:00:00.000Z,1,0.1394299981988254
2023-12-25T00:00:00.000Z,22,0.127782176345049
2023-12-22T00:00:00.000Z,1,0.0213222125188559
2023-12-27T00:00:00.000Z,23,0.3312059829005468
2023-12-25T00:00:00.000Z,4,0.1215832266584935
2023-12-22T00:00:00.000Z,4,0.0302193614483987
2023-12-22T00:00:00.000Z,22,0.0240631800595115
2023-12-30T00:00:00.000Z,8,0.0950982473914001
2023-12-30T00:00:00.000Z,9,0.1973486221646101
2023-12-27T00:00:00.000Z,3,0.6180935984615464
2023-12-22T00:00:00.000Z,39,0.0286318113328955
2023-12-27T00:00:00.000Z,39,0.5536128606558517
2023-12-25T00:00:00.000Z,11,0.2245462103416213
2023-12-22T00:00:00.000Z,11,0.0363080743832176
2023-12-25T00:00:00.000Z,3,0.165803808403804
2023-12-25T00:00:00.000Z,39,0.3396407230093748
2023-12-27T00:00:00.000Z,11,0.5630573222895616
2023-12-22T00:00:00.000Z,3,0.0163617407601135
2023-12-30T00:00:00.000Z,43,0.461410049632903
2023-12-30T00:00:00.000Z,37,0.1174539955212093
2023-12-30T00:00:00.000Z,40,0.5261386990951822
2023-12-22T00:00:00.000Z,40,0.0258922681562804
2023-12-22T00:00:00.000Z,41,0.0412566501065516
2023-12-25T00:00:00.000Z,41,0.0915365631232306
2023-12-27T00:00:00.000Z,42,0.6299418985300816
2023-12-25T00:00:00.000Z,42,0.1481987008935579
2023-12-27T00:00:00.000Z,41,0.4836365675518297
2023-12-27T00:00:00.000Z,40,0.5269179564463139
2023-12-22T00:00:00.000Z,42,0.0294176279121408
2023-12-25T00:00:00.000Z,43,0.0914790728731057
2023-12-25T00:00:00.000Z,40,0.2232472609640106
2023-12-22T00:00:00.000Z,43,0.0319482268643492
2023-12-27T00:00:00.000Z,43,0.4806762929008617
2023-10-01T00:00:00.000Z,17,0.6428806813478192
2023-10-01T00:00:00.000Z,15,0.6477932562584805
2023-10-01T00:00:00.000Z,19,0.6807455427175353
2023-10-01T00:00:00.000Z,7,0.629499751391623
2023-10-01T00:00:00.000Z,8,0.6560688964605863
2023-10-01T00:00:00.000Z,10,0.5960067878731706
2023-10-11T00:00:00.000Z,19,0.6521413913093244
2023-10-13T00:00:00.000Z,10,0.525291827102411
2023-10-13T00:00:00.000Z,8,0.4038634587801975
2023-10-11T00:00:00.000Z,8,0.6193658762660177
2023-10-16T00:00:00.000Z,8,0.6341692194295857
2023-10-11T00:00:00.000Z,7,0.6126570716146449
2023-10-11T00:00:00.000Z,10,0.5659218516997602
2023-10-16T00:00:00.000Z,19,0.6679349820883922
2023-10-13T00:00:00.000Z,7,0.5638580226933088
2023-10-16T00:00:00.000Z,7,0.6479872486472492
2023-10-16T00:00:00.000Z,10,0.5321989552049915
2023-10-13T00:00:00.000Z,19,0.6378099728225631
2023-10-01T00:00:00.000Z,24,0.7711766523693298
2023-10-01T00:00:00.000Z,22,0.7675281157202961
2023-10-01T00:00:00.000Z,4,0.6032197489517315
2023-10-01T00:00:00.000Z,23,0.6874386054301621
2023-10-01T00:00:00.000Z,2,0.6673300618394318
2023-10-01T00:00:00.000Z,1,0.6552855355554748
2023-10-01T00:00:00.000Z,0,0.6068829699361287
2023-10-03T00:00:00.000Z,4,0.0918721882592526
2023-10-08T00:00:00.000Z,4,0.2520167219031536
2023-10-06T00:00:00.000Z,4,0.4496405482021494
2023-10-01T00:00:00.000Z,35,0.703229165201917
2023-10-01T00:00:00.000Z,36,0.6759874290963421
2023-10-06T00:00:00.000Z,3,0.6056248972190529
2023-10-08T00:00:00.000Z,2,0.1374814308627477
2023-10-06T00:00:00.000Z,39,0.5726440465983227
2023-10-08T00:00:00.000Z,35,0.1578880840974474
2023-10-03T00:00:00.000Z,3,0.6372734186111186
2023-10-08T00:00:00.000Z,3,0.3415566913470352
2023-10-03T00:00:00.000Z,39,0.5866335167922659
2023-10-06T00:00:00.000Z,35,0.6410993636147598
2023-10-03T00:00:00.000Z,35,0.6275380541251678
2023-10-06T00:00:00.000Z,2,0.6100110875764256
2023-10-08T00:00:00.000Z,39,0.0723794677928709
2023-10-03T00:00:00.000Z,2,0.3704099114748707
2023-12-05T00:00:00.000Z,14,0.0101010487082362
2023-12-10T00:00:00.000Z,14,0.0717072907476377
2023-12-05T00:00:00.000Z,20,0.0191295616026162
2023-12-10T00:00:00.000Z,15,0.0720079490562715
2023-12-10T00:00:00.000Z,20,0.0457254551127901
2023-12-05T00:00:00.000Z,15,0.0317905299796751
2023-10-26T00:00:00.000Z,19,0.0230783766593965
2023-10-26T00:00:00.000Z,10,0.0245403611186524
2023-10-31T00:00:00.000Z,10,0.0554676511562424
2023-10-31T00:00:00.000Z,19,0.2025603106695523
2023-10-28T00:00:00.000Z,19,0.0974067763699298
2023-11-02T00:00:00.000Z,10,0.0257278566934131
2023-10-28T00:00:00.000Z,10,0.2840719506439242
2023-11-02T00:00:00.000Z,19,0.0281358602604683
2023-10-21T00:00:00.000Z,7,0.6093200410027283
2023-10-18T00:00:00.000Z,7,0.4605330293224436
2023-10-23T00:00:00.000Z,7,0.0545525039903318
2023-11-20T00:00:00.000Z,20,0.2011015727701032
2023-11-25T00:00:00.000Z,20,0.0087719560165495
2023-11-25T00:00:00.000Z,18,0.0521578393411162
2023-11-25T00:00:00.000Z,17,0.0067329426607008
2023-11-20T00:00:00.000Z,18,0.2128436908668317
2023-11-20T00:00:00.000Z,17,0.1713388297973054
2023-11-22T00:00:00.000Z,20,0.2576204853066158
2023-11-22T00:00:00.000Z,17,0.3260107112956419
2023-11-25T00:00:00.000Z,10,0.070639119990735
2023-11-25T00:00:00.000Z,19,0.0177326332654388
2023-11-22T00:00:00.000Z,19,0.0871721681938231
2023-11-22T00:00:00.000Z,10,0.0309569751623535
2023-11-20T00:00:00.000Z,10,0.0849840150152433
2023-11-20T00:00:00.000Z,19,0.0341446895231642
2023-12-12T00:00:00.000Z,20,0.0275169148702422
2023-12-12T00:00:00.000Z,17,0.0255881356582114
2023-12-10T00:00:00.000Z,17,0.0321188479815415
2023-12-10T00:00:00.000Z,18,0.0635979017494449
2023-12-05T00:00:00.000Z,18,0.0067748623797958
2023-12-07T00:00:00.000Z,17,0.1085262161206938
2023-12-07T00:00:00.000Z,20,0.1711574031176944
2023-12-05T00:00:00.000Z,17,0.0056905277446603
2023-11-30T00:00:00.000Z,7,0.2679699992016337
2023-11-27T00:00:00.000Z,7,0.041746894514445
2023-11-27T00:00:00.000Z,8,0.0516733538097919
2023-11-30T00:00:00.000Z,8,0.2097717545001684
2023-12-02T00:00:00.000Z,7,0.0214179976055863
2023-12-02T00:00:00.000Z,5,0.0108965918977166
2023-11-30T00:00:00.000Z,5,0.1803690796158051
2023-12-02T00:00:00.000Z,8,0.0165298468402434
2023-11-27T00:00:00.000Z,5,0.0713096078225296
2023-10-16T00:00:00.000Z,5,0.7224432008147136
2023-10-11T00:00:00.000Z,4,0.5790153842690368
2023-10-16T00:00:00.000Z,4,0.6083314942776513
2023-10-11T00:00:00.000Z,5,0.7131686702580818
2023-10-13T00:00:00.000Z,4,0.5212358308815204
2023-10-13T00:00:00.000Z,5,0.6082082561694498
2023-11-15T00:00:00.000Z,16,0.0211359798163602
2023-11-15T00:00:00.000Z,14,0.1837390660819431
2023-11-12T00:00:00.000Z,14,0.0541519450427053
2023-11-17T00:00:00.000Z,14,0.0517644030961265
2023-11-10T00:00:00.000Z,16,0.0693176978321193
2023-11-05T00:00:00.000Z,16,-0.0013659204778722
2023-10-16T00:00:00.000Z,39,0.5650170459927979
2023-10-11T00:00:00.000Z,3,0.66630143861156
2023-10-16T00:00:00.000Z,3,0.6388253217325858
2023-10-11T00:00:00.000Z,39,0.6025201917247508
2023-10-13T00:00:00.000Z,2,0.5590804925186683
2023-10-13T00:00:00.000Z,35,0.5949703751836555
2023-10-11T00:00:00.000Z,2,0.6384780011704594
2023-10-16T00:00:00.000Z,35,0.6067510698887777
2023-10-11T00:00:00.000Z,35,0.6583197598601498
2023-10-13T00:00:00.000Z,3,0.5879109443774445
2023-10-16T00:00:00.000Z,2,0.6600732059013874
2023-11-07T00:00:00.000Z,10,0.0176646097405327
2023-11-10T00:00:00.000Z,10,0.163664100967578
2023-11-05T00:00:00.000Z,19,0.0228921401111187
2023-11-07T00:00:00.000Z,19,0.0189353082458811
2023-11-10T00:00:00.000Z,19,0.1133132174448425
2023-11-05T00:00:00.000Z,10,0.0492231678801689
2023-11-17T00:00:00.000Z,16,0.0123692400729506
2023-11-17T00:00:00.000Z,22,0.0400024789629279
2023-11-12T00:00:00.000Z,16,0.0319824170613527
2023-11-17T00:00:00.000Z,24,0.0503600856644427
2023-11-15T00:00:00.000Z,22,0.0819303053908031
2023-11-12T00:00:00.000Z,24,0.0294406880646617
2023-11-12T00:00:00.000Z,22,0.0410591315665097
2023-11-15T00:00:00.000Z,24,0.0782594128134345
2023-11-15T00:00:00.000Z,13,0.0123851251536765
2023-10-23T00:00:00.000Z,6,0.044146427407544
2023-10-18T00:00:00.000Z,20,0.546752157099615
2023-10-21T00:00:00.000Z,15,0.4887928953102254
2023-10-23T00:00:00.000Z,15,0.041702466948881
2023-10-23T00:00:00.000Z,20,0.0558222390722297
2023-10-21T00:00:00.000Z,20,0.5365159170381577
2023-10-21T00:00:00.000Z,6,0.5457650376955293
2023-10-18T00:00:00.000Z,15,0.3026760839850879
2023-10-18T00:00:00.000Z,6,0.4124570868429676
2023-11-20T00:00:00.000Z,28,0.1793641958216892
2023-11-25T00:00:00.000Z,28,0.1212604707036765
2023-11-10T00:00:00.000Z,8,0.2874787945747988
2023-11-05T00:00:00.000Z,8,0.1013994126156897
2023-11-07T00:00:00.000Z,8,0.0669316239249381
2023-12-17T00:00:00.000Z,10,0.4113636797776405
2023-12-20T00:00:00.000Z,10,0.0761404673692454
2023-12-15T00:00:00.000Z,10,0.1189165749047003
2023-12-15T00:00:00.000Z,19,0.1044161156803051
2023-12-17T00:00:00.000Z,19,0.4636016105430626
2023-12-20T00:00:00.000Z,19,0.0893597577668248
2023-11-22T00:00:00.000Z,28,0.0153007261242392
2023-10-13T00:00:00.000Z,20,0.6524859836322229
2023-10-01T00:00:00.000Z,9,0.6828988313812611
2023-10-01T00:00:00.000Z,5,0.746222474438965
2023-10-21T00:00:00.000Z,13,0.4417035458315573
2023-10-23T00:00:00.000Z,23,0.0342780928864537
2023-10-18T00:00:00.000Z,16,0.0026090236433462
2023-10-18T00:00:00.000Z,23,0.0562209219919888
2023-10-23T00:00:00.000Z,16,0.0404065245727951
2023-10-21T00:00:00.000Z,23,0.441121086818278
2023-10-21T00:00:00.000Z,16,0.4404264520794896
2023-10-06T00:00:00.000Z,6,0.3892751997199114
2023-10-08T00:00:00.000Z,15,0.2088253973880972
2023-10-03T00:00:00.000Z,20,0.243863020069077
2023-10-08T00:00:00.000Z,20,0.1256560734491848
2023-10-06T00:00:00.000Z,20,0.4911780775520493
2023-10-06T00:00:00.000Z,15,0.6070331841134048
2023-10-03T00:00:00.000Z,6,0.0929041010393763
2023-10-08T00:00:00.000Z,6,0.3233569242160078
2023-10-03T00:00:00.000Z,15,0.2274862945022966
2023-10-28T00:00:00.000Z,21,0.112083507847255
2023-10-28T00:00:00.000Z,1,0.0885744249347889
2023-10-26T00:00:00.000Z,1,0.0340197667168169
2023-10-31T00:00:00.000Z,1,0.0784065356108128
2023-11-02T00:00:00.000Z,1,0.0268518195153553
2023-11-02T00:00:00.000Z,21,0.0312063964113059
2023-10-31T00:00:00.000Z,21,0.1590610273082855
2023-10-26T00:00:00.000Z,21,0.0218910636815392
2023-10-16T00:00:00.000Z,16,0.6594741859630187
2023-10-11T00:00:00.000Z,16,0.7063580321901631
2023-10-11T00:00:00.000Z,28,0.7171905884455839
2023-10-16T00:00:00.000Z,28,0.7114352082819652
2023-10-18T00:00:00.000Z,28,0.0225913657115033
2023-10-23T00:00:00.000Z,29,0.0250357697731235
2023-10-23T00:00:00.000Z,28,0.015677582739621
2023-10-18T00:00:00.000Z,29,0.0380278778828932
2023-10-21T00:00:00.000Z,29,0.2712172228008239
2023-10-21T00:00:00.000Z,28,0.324802663993877
2023-11-30T00:00:00.000Z,13,0.1080036352229043
2023-11-17T00:00:00.000Z,5,0.009880826576371
2023-11-12T00:00:00.000Z,5,0.1260966277118285
2023-11-15T00:00:00.000Z,5,0.0309062894530954
2023-10-13T00:00:00.000Z,28,0.6889698680735957
2023-10-16T00:00:00.000Z,29,0.7088996293143628
2023-10-13T00:00:00.000Z,29,0.4240290533203202
2023-10-11T00:00:00.000Z,29,0.6914054245398756
2023-10-01T00:00:00.000Z,13,0.7847405547427798
2023-10-01T00:00:00.000Z,16,0.7264598318959774
2023-10-21T00:00:00.000Z,21,0.2930414544178014
2023-10-18T00:00:00.000Z,21,0.0252244012121852
2023-10-23T00:00:00.000Z,21,0.0322828658382207
2023-10-06T00:00:00.000Z,18,0.4298034013644032
2023-10-01T00:00:00.000Z,37,0.7370087390859189
2023-11-12T00:00:00.000Z,1,0.0483035022439299
2023-11-15T00:00:00.000Z,1,0.3294616491679203
2023-11-12T00:00:00.000Z,36,0.0435102423834861
2023-11-17T00:00:00.000Z,1,0.0302575740897574
2023-11-17T00:00:00.000Z,36,0.0242133900786651
2023-11-15T00:00:00.000Z,36,0.2514952257399777
2023-11-02T00:00:00.000Z,0,0.0316072350500004
2023-10-28T00:00:00.000Z,5,0.1254211576608108
2023-10-26T00:00:00.000Z,4,0.0233345425336462
2023-10-28T00:00:00.000Z,4,0.0674503356271713
2023-10-28T00:00:00.000Z,0,0.1698969845110785
2023-10-31T00:00:00.000Z,5,0.04412736252607
2023-10-26T00:00:00.000Z,0,0.0152346590663879
2023-10-31T00:00:00.000Z,0,0.0407868657383053
2023-10-26T00:00:00.000Z,5,0.0186540535499892
2023-11-02T00:00:00.000Z,5,0.0302723127001288
2023-11-02T00:00:00.000Z,4,0.0323654998153627
2023-10-31T00:00:00.000Z,4,0.1218469933653894
2023-10-06T00:00:00.000Z,28,0.7013373420723263
2023-11-17T00:00:00.000Z,35,0.0480660776982878
2023-11-15T00:00:00.000Z,35,0.1650657299285849
2023-11-17T00:00:00.000Z,2,0.035356232201895
2023-11-12T00:00:00.000Z,2,0.055352266655248
2023-11-15T00:00:00.000Z,2,0.081818082381444
2023-11-12T00:00:00.000Z,35,0.0354434396160873
2023-10-08T00:00:00.000Z,22,0.6304609953385258
2023-10-03T00:00:00.000Z,1,0.2029128932936193
2023-10-06T00:00:00.000Z,21,0.7047105736760981
2023-10-06T00:00:00.000Z,1,0.6443200067869247
2023-10-08T00:00:00.000Z,21,0.4396230943289855
2023-10-03T00:00:00.000Z,22,0.2453155735109997
2023-10-08T00:00:00.000Z,23,0.4104332584433225
2023-10-03T00:00:00.000Z,21,0.0657282225759111
2023-10-03T00:00:00.000Z,23,0.1743693511126053
2023-10-06T00:00:00.000Z,23,0.6499563762282193
2023-10-06T00:00:00.000Z,22,0.7329361462794441
2023-10-08T00:00:00.000Z,1,0.3483961993777038
2023-10-26T00:00:00.000Z,36,0.0784797041710487
2023-11-02T00:00:00.000Z,36,0.0215925885360246
2023-10-31T00:00:00.000Z,36,0.1222080553304881
2023-10-28T00:00:00.000Z,36,0.0578761782830161
2023-10-01T00:00:00.000Z,39,0.6444868720915751
2023-10-01T00:00:00.000Z,3,0.7061100806926696
2023-11-10T00:00:00.000Z,18,-0.0006749536128162063
2023-11-05T00:00:00.000Z,18,0.0139041854061571
2023-10-01T00:00:00.000Z,14,0.5999136561427525
2023-12-17T00:00:00.000Z,21,0.4773301634058336
2023-12-15T00:00:00.000Z,21,0.1079169917050408
2023-12-20T00:00:00.000Z,21,0.1514938720661602
2023-12-20T00:00:00.000Z,23,0.1897024433554043
2023-12-17T00:00:00.000Z,23,0.5077934217863066
2023-12-15T00:00:00.000Z,23,0.1153885088857773
2023-12-20T00:00:00.000Z,22,0.1607005180567951
2023-12-17T00:00:00.000Z,1,0.4988000202993271
2023-12-15T00:00:00.000Z,22,0.0920819452656353
2023-12-20T00:00:00.000Z,1,0.1669816844278447
2023-12-15T00:00:00.000Z,1,0.0936895743686289
2023-12-17T00:00:00.000Z,22,0.6237130782104897
2023-10-26T00:00:00.000Z,7,0.0492519728310189
2023-11-02T00:00:00.000Z,20,0.0304038147061766
2023-10-28T00:00:00.000Z,20,0.0904979741146622
2023-10-31T00:00:00.000Z,7,0.1088372651516373
2023-11-02T00:00:00.000Z,7,0.03066158585176
2023-10-26T00:00:00.000Z,20,0.0414180206237464
2023-10-28T00:00:00.000Z,7,0.0707872317741891
2023-10-31T00:00:00.000Z,20,0.1168328490731311
2023-10-26T00:00:00.000Z,14,0.0161295500655943
2023-10-31T00:00:00.000Z,14,0.1050618996081008
2023-12-15T00:00:00.000Z,14,0.05437972684811
2023-12-20T00:00:00.000Z,14,-3.233588541670895e-06
2023-12-12T00:00:00.000Z,4,0.0157515796556598
2023-12-05T00:00:00.000Z,5,0.3784240191516144
2023-12-12T00:00:00.000Z,12,0.037367331420651
2023-12-10T00:00:00.000Z,5,0.0360442267834524
2023-12-07T00:00:00.000Z,9,0.4790114878269149
2023-12-10T00:00:00.000Z,4,0.0651804376580854
2023-12-07T00:00:00.000Z,7,0.4987764284498309
2023-12-12T00:00:00.000Z,7,0.0452246782861343
2023-12-10T00:00:00.000Z,7,0.0474144620215854
2023-12-05T00:00:00.000Z,12,0.1277472183907234
2023-12-10T00:00:00.000Z,12,0.1785021670563204
2023-12-12T00:00:00.000Z,9,0.0331618635391918
2023-12-07T00:00:00.000Z,5,0.6343583187446192
2023-12-10T00:00:00.000Z,9,0.2784219263038741
2023-12-05T00:00:00.000Z,7,0.2240584991672449
2023-12-05T00:00:00.000Z,9,0.1121315096824231
2023-12-07T00:00:00.000Z,12,0.3409659636728184
2023-12-07T00:00:00.000Z,4,0.5610621142187097
2023-12-12T00:00:00.000Z,5,0.0165415626560606
2023-12-05T00:00:00.000Z,4,0.2957201441465582
2023-12-20T00:00:00.000Z,17,0.0397738401216045
2023-12-15T00:00:00.000Z,18,0.0358843475591482
2023-12-17T00:00:00.000Z,17,0.542339517124895
2023-12-20T00:00:00.000Z,18,0.0265671610630091
2023-12-15T00:00:00.000Z,17,0.0145867173626152
2023-12-15T00:00:00.000Z,35,0.0411786102893511
2023-12-15T00:00:00.000Z,37,0.0500404681659779
2023-12-15T00:00:00.000Z,36,0.078731335177561
2023-12-20T00:00:00.000Z,35,0.094122581808488
2023-12-20T00:00:00.000Z,37,0.0288536745327032
2023-12-17T00:00:00.000Z,35,0.5485832039886956
2023-12-17T00:00:00.000Z,37,0.5449621204163992
2023-12-17T00:00:00.000Z,36,0.5298831805619392
2023-12-20T00:00:00.000Z,36,0.2130695662647342
2023-10-23T00:00:00.000Z,5,0.0348257639531475
2023-10-21T00:00:00.000Z,5,0.5986291975413646
2023-10-18T00:00:00.000Z,5,0.4324403078976547
2023-12-12T00:00:00.000Z,3,0.0099411977757229
2023-12-05T00:00:00.000Z,39,0.032957637838826
2023-12-07T00:00:00.000Z,2,0.5215701562094387
2023-12-07T00:00:00.000Z,35,0.2415052729394731
2023-12-05T00:00:00.000Z,2,0.1473040289380598
2023-12-05T00:00:00.000Z,3,0.096656871922921
2023-12-05T00:00:00.000Z,35,0.0950926190983752
2023-12-12T00:00:00.000Z,39,0.0129240119083901
2023-12-12T00:00:00.000Z,2,0.0137713944796159
2023-12-12T00:00:00.000Z,35,0.0133001110564857
2023-12-10T00:00:00.000Z,39,0.1580361501834659
2023-12-10T00:00:00.000Z,2,0.0284223331350077
2023-12-07T00:00:00.000Z,3,0.3790785938774372
2023-12-07T00:00:00.000Z,39,0.1498855547085401
2023-12-10T00:00:00.000Z,35,0.0743159539345353
2023-12-10T00:00:00.000Z,3,0.0356275151633456
2023-11-25T00:00:00.000Z,15,0.0091753662274809
2023-11-20T00:00:00.000Z,15,0.236529574139355
2023-11-22T00:00:00.000Z,15,0.1620366133142572
2023-11-25T00:00:00.000Z,2,0.1617290416364513
2023-11-20T00:00:00.000Z,1,0.1442881473339252
2023-11-20T00:00:00.000Z,2,0.4569733333651068
2023-11-22T00:00:00.000Z,1,0.026838690470106
2023-11-25T00:00:00.000Z,1,0.2627033911982827
2023-11-22T00:00:00.000Z,2,0.0114458453481301
2023-11-27T00:00:00.000Z,10,0.0396022728122855
2023-12-02T00:00:00.000Z,10,0.0283535781146855
2023-11-30T00:00:00.000Z,10,0.1551570017525479
2023-12-02T00:00:00.000Z,6,0.0245894567573138
2023-11-27T00:00:00.000Z,6,0.0388917933437412
2023-11-30T00:00:00.000Z,6,0.1816330570894684
2023-12-10T00:00:00.000Z,19,0.1303235504770359
2023-12-07T00:00:00.000Z,19,0.0739130857811675
2023-12-12T00:00:00.000Z,19,0.0338622214830511
2023-12-05T00:00:00.000Z,19,0.0610415175633928
2023-10-03T00:00:00.000Z,11,0.6576775644101553
2023-10-08T00:00:00.000Z,11,0.2266467936229957
2023-10-08T00:00:00.000Z,12,0.1203072275901019
2023-10-03T00:00:00.000Z,12,0.6156327911588305
2023-12-15T00:00:00.000Z,8,0.0388686398404226
2023-12-17T00:00:00.000Z,8,0.4227538592610885
2023-12-20T00:00:00.000Z,8,0.0322737065805028
2023-11-07T00:00:00.000Z,22,0.0133239435906935
2023-11-05T00:00:00.000Z,13,-0.00360409190383
2023-11-05T00:00:00.000Z,22,0.0196742901840317
2023-11-10T00:00:00.000Z,22,0.2801708614210351
2023-11-07T00:00:00.000Z,16,-0.0071578746235469
2023-11-10T00:00:00.000Z,13,0.0983946135082105
2023-10-13T00:00:00.000Z,38,0.5071263024751103
2023-10-16T00:00:00.000Z,38,0.5728773519954504
2023-10-13T00:00:00.000Z,11,0.6189041844620494
2023-12-02T00:00:00.000Z,3,0.0112611345458467
2023-11-30T00:00:00.000Z,2,0.1363532211154684
2023-11-27T00:00:00.000Z,39,0.0637472692371667
2023-11-27T00:00:00.000Z,35,0.0446323056541341
2023-11-27T00:00:00.000Z,3,0.0588754254621382
2023-11-30T00:00:00.000Z,35,0.0237594336561478
2023-11-30T00:00:00.000Z,39,0.013483018151435
2023-12-02T00:00:00.000Z,35,0.0076925467917624
2023-12-02T00:00:00.000Z,2,0.0128284426479822
2023-12-02T00:00:00.000Z,39,0.0068274200438521
2023-11-27T00:00:00.000Z,2,0.0650820397087419
2023-11-30T00:00:00.000Z,3,0.0715874328172211
2023-11-10T00:00:00.000Z,5,0.4990270627877236
2023-11-10T00:00:00.000Z,3,0.3536969749303291
2023-11-07T00:00:00.000Z,5,0.2754272589000202
2023-11-05T00:00:00.000Z,5,0.0172227698546982
2023-11-05T00:00:00.000Z,3,0.0098888624512905
2023-11-07T00:00:00.000Z,3,0.22549518018056
2023-11-27T00:00:00.000Z,12,0.057194658215208
2023-11-30T00:00:00.000Z,12,0.1116666282809037
2023-12-02T00:00:00.000Z,12,0.0085343104474789
2023-11-27T00:00:00.000Z,11,0.0548618718464453
2023-11-30T00:00:00.000Z,11,0.0184289261171674
2023-12-02T00:00:00.000Z,11,0.0094844045144585
2023-10-06T00:00:00.000Z,29,0.7017444584494722
2023-10-08T00:00:00.000Z,30,0.4921361898424485
2023-10-03T00:00:00.000Z,29,0.437872002616784
2023-10-08T00:00:00.000Z,29,0.5815655150892446
2023-10-03T00:00:00.000Z,28,0.2097547915318651
2023-10-08T00:00:00.000Z,28,0.719100473724251
2023-10-06T00:00:00.000Z,30,0.6926128193394537
2023-10-06T00:00:00.000Z,27,0.681740921878335
2023-10-03T00:00:00.000Z,30,0.53613959623965
2023-10-08T00:00:00.000Z,34,0.5388789992971447
2023-10-08T00:00:00.000Z,26,0.3357087207268763
2023-10-03T00:00:00.000Z,34,0.6689911978717188
2023-10-03T00:00:00.000Z,26,0.6183525538413144
2023-10-03T00:00:00.000Z,40,0.6448751976350472
2023-10-06T00:00:00.000Z,40,0.633110731338316
2023-10-08T00:00:00.000Z,40,0.1775773907913437
2023-10-11T00:00:00.000Z,33,0.7254165547653618
2023-10-16T00:00:00.000Z,33,0.7178132323418116
2023-10-11T00:00:00.000Z,41,0.7133816859868861
2023-10-16T00:00:00.000Z,41,0.6281299582554364
2023-10-11T00:00:00.000Z,45,0.1761621068306859
2023-10-13T00:00:00.000Z,45,0.1876093733000061
2023-10-13T00:00:00.000Z,41,0.7030876390200186
2023-10-16T00:00:00.000Z,45,0.2115385680876897
2023-10-26T00:00:00.000Z,27,0.1289814339625044
2023-10-26T00:00:00.000Z,28,0.105887003983147
2023-10-31T00:00:00.000Z,27,0.059236898129182
2023-10-31T00:00:00.000Z,28,0.0550187376239616
2023-10-21T00:00:00.000Z,26,0.1259244348435101
2023-10-21T00:00:00.000Z,33,0.1142294844808556
2023-10-21T00:00:00.000Z,34,0.210927963012112
2023-10-21T00:00:00.000Z,25,0.1659704522639199
2023-10-31T00:00:00.000Z,34,0.0949817772178863
2023-10-31T00:00:00.000Z,33,0.0241152097692737
2023-11-02T00:00:00.000Z,34,0.0255192634113757
2023-10-28T00:00:00.000Z,34,0.3138701720408843
2023-10-26T00:00:00.000Z,33,0.0685501575171862
2023-10-26T00:00:00.000Z,34,0.0478397464042059
2023-11-30T00:00:00.000Z,27,0.0086290941489111
2023-12-10T00:00:00.000Z,27,0.148835493240394
2023-12-05T00:00:00.000Z,26,0.2046692667121241
2023-12-05T00:00:00.000Z,27,0.1264123936128246
2023-12-10T00:00:00.000Z,25,0.0516077253288607
2023-12-05T00:00:00.000Z,25,0.2813626443621693
2023-12-10T00:00:00.000Z,26,0.0263629627825023
2023-11-30T00:00:00.000Z,25,0.0051501837787061
2023-11-30T00:00:00.000Z,33,0.0141021358966815
2023-12-07T00:00:00.000Z,34,0.0213647679987524
2023-12-12T00:00:00.000Z,34,0.0183750973185713
2023-12-10T00:00:00.000Z,34,0.0043125729898595
2023-12-10T00:00:00.000Z,33,0.0123677675354718
2023-12-05T00:00:00.000Z,34,0.0248645108470178
2023-12-05T00:00:00.000Z,33,0.1979474701198764
2023-10-21T00:00:00.000Z,37,0.3221362480747552
2023-10-23T00:00:00.000Z,37,0.0356468342451154
2023-10-18T00:00:00.000Z,37,0.0093100606964091
2023-10-18T00:00:00.000Z,43,0.0328078051483703
2023-10-18T00:00:00.000Z,40,0.0609650484305542
2023-10-23T00:00:00.000Z,43,0.0251362889682683
2023-10-23T00:00:00.000Z,40,0.1754994594608254
2023-10-21T00:00:00.000Z,43,0.157258029406537
2023-10-21T00:00:00.000Z,40,0.0503697764546712
2023-11-10T00:00:00.000Z,44,0.0213757935988739
2023-11-07T00:00:00.000Z,41,0.4695392451038981
2023-11-10T00:00:00.000Z,32,0.2429873224729636
2023-11-07T00:00:00.000Z,44,0.0301063142691012
2023-11-05T00:00:00.000Z,44,0.0434330261914204
2023-11-05T00:00:00.000Z,32,0.0617280181474811
2023-11-10T00:00:00.000Z,41,0.2881944485596908
2023-11-07T00:00:00.000Z,32,0.4758145903909535
2023-11-05T00:00:00.000Z,41,0.0018465671943115
2023-11-12T00:00:00.000Z,41,0.0225546163522744
2023-11-15T00:00:00.000Z,32,0.5372059552136389
2023-11-12T00:00:00.000Z,44,0.0200366960410066
2023-11-17T00:00:00.000Z,44,0.0203295183795046
2023-11-15T00:00:00.000Z,41,0.3179660951649448
2023-11-12T00:00:00.000Z,32,0.0219339099069798
2023-11-17T00:00:00.000Z,41,0.0318893077602027
2023-11-15T00:00:00.000Z,44,-0.1700083121101558
2023-11-17T00:00:00.000Z,32,0.068307463061957
2023-12-05T00:00:00.000Z,32,0.0111885810992059
2023-12-10T00:00:00.000Z,31,0.0519177015132887
2023-12-12T00:00:00.000Z,32,0.017298852593486
2023-12-07T00:00:00.000Z,31,0.2316768425901228
2023-12-10T00:00:00.000Z,32,0.0488839033718145
2023-12-05T00:00:00.000Z,31,0.0228272663073501
2023-12-07T00:00:00.000Z,32,0.1507428639853082
2023-12-12T00:00:00.000Z,31,0.0142501162773334
2023-10-06T00:00:00.000Z,42,0.6827789747917954
2023-10-03T00:00:00.000Z,42,0.7050419731126598
2023-10-08T00:00:00.000Z,42,0.3293174194854666
2023-11-12T00:00:00.000Z,42,0.0266907092943667
2023-11-12T00:00:00.000Z,40,0.0283872459919429
2023-11-17T00:00:00.000Z,42,0.0288791772601906
2023-11-15T00:00:00.000Z,42,0.1470800679050878
2023-11-17T00:00:00.000Z,40,0.0362941048464483
2023-12-12T00:00:00.000Z,42,0.0186722807172567
2023-12-07T00:00:00.000Z,42,0.1789428845144716
2023-12-30T00:00:00.000Z,6,0.1251854178649782
2023-12-30T00:00:00.000Z,7,0.1625664908587674
2023-12-30T00:00:00.000Z,16,0.1373258047557801
2023-12-30T00:00:00.000Z,28,0.221278583966296
2023-12-22T00:00:00.000Z,29,0.0207598761169118
2023-12-27T00:00:00.000Z,29,0.5436198450763234
2023-12-27T00:00:00.000Z,24,0.3975355250712
2023-12-25T00:00:00.000Z,28,0.0064481317271414
2023-12-25T00:00:00.000Z,24,0.1096833701725381
2023-12-25T00:00:00.000Z,29,0.3638197553005642
2023-12-22T00:00:00.000Z,24,0.0202308901074118
2023-12-27T00:00:00.000Z,28,0.7033466445627621
2023-12-22T00:00:00.000Z,28,0.0145680518381552
2023-12-30T00:00:00.000Z,10,0.0758554202845857
2023-12-22T00:00:00.000Z,8,0.0224442300018816
2023-12-27T00:00:00.000Z,8,0.1556984144831317
2023-12-27T00:00:00.000Z,9,0.2488707894779331
2023-12-25T00:00:00.000Z,8,0.0166974413279232
2023-12-25T00:00:00.000Z,9,0.0233536032133954
2023-12-22T00:00:00.000Z,9,0.0151868390386047
2023-12-25T00:00:00.000Z,10,0.0205436267510992
2023-12-27T00:00:00.000Z,10,0.2887361263699514
2023-12-22T00:00:00.000Z,10,0.0186267621709505
2023-12-30T00:00:00.000Z,35,0.1428178500998677
2023-12-30T00:00:00.000Z,39,0.2566457763478079
2023-12-30T00:00:00.000Z,42,0.5907707773548606
2023-12-30T00:00:00.000Z,41,0.5917850287886978
2023-10-08T00:00:00.000Z,17,0.0669277285536324
2023-10-03T00:00:00.000Z,17,0.5089750067317235
2023-10-06T00:00:00.000Z,17,0.4746454760616329
2023-10-13T00:00:00.000Z,14,0.8195317528640588
2023-10-16T00:00:00.000Z,14,0.5727597505294467
2023-10-11T00:00:00.000Z,14,0.582192717405548
2023-10-16T00:00:00.000Z,9,0.6322120940741015
2023-10-11T00:00:00.000Z,9,0.6408373682982068
2023-10-13T00:00:00.000Z,9,0.5341191934387819
2023-10-06T00:00:00.000Z,16,0.7052119437735498
2023-10-16T00:00:00.000Z,13,0.7230585576936349
2023-10-11T00:00:00.000Z,13,0.7673926226454006
2023-12-10T00:00:00.000Z,24,0.020241488949947
2023-12-05T00:00:00.000Z,29,0.1099922980244239
2023-12-10T00:00:00.000Z,29,0.0124027384126349
2023-12-12T00:00:00.000Z,24,0.0259529101991807
2023-12-12T00:00:00.000Z,29,0.0313778187424185
2023-12-12T00:00:00.000Z,28,0.0203547575436283
2023-12-05T00:00:00.000Z,24,0.0765128690403331
2023-10-01T00:00:00.000Z,21,0.7171528810777988
2023-10-06T00:00:00.000Z,24,0.7277101390969752
2023-10-06T00:00:00.000Z,13,0.7799412220474428
2023-12-02T00:00:00.000Z,16,0.008295503331562
2023-11-27T00:00:00.000Z,16,0.1299506746685989
2023-10-06T00:00:00.000Z,14,0.590033853627281
2023-10-08T00:00:00.000Z,24,0.6617992839190242
2023-10-03T00:00:00.000Z,24,0.4510085680551662
2023-10-06T00:00:00.000Z,12,0.5990512210252191
2023-10-16T00:00:00.000Z,6,0.5692307109072694
2023-10-11T00:00:00.000Z,6,0.5276799733582602
2023-10-13T00:00:00.000Z,6,0.5122165518575627
2023-11-15T00:00:00.000Z,20,0.0456398966817535
2023-11-17T00:00:00.000Z,20,0.0128406849445698
2023-11-12T00:00:00.000Z,20,0.190364299668834
2023-10-11T00:00:00.000Z,37,0.7092041619821785
2023-10-13T00:00:00.000Z,37,0.3348249235755919
2023-10-16T00:00:00.000Z,37,0.6716861703356023
2023-10-21T00:00:00.000Z,18,0.3363768019781061
2023-10-13T00:00:00.000Z,0,0.3413264408914591
2023-10-11T00:00:00.000Z,0,0.5913871989155169
2023-10-16T00:00:00.000Z,0,0.6099660919108729
2023-10-21T00:00:00.000Z,17,0.542516634275955
2023-10-23T00:00:00.000Z,17,0.0467027190498537
2023-10-18T00:00:00.000Z,17,0.6369383009629068
2023-10-16T00:00:00.000Z,12,0.6596424273526894
2023-10-11T00:00:00.000Z,12,0.7142211249258671
2023-10-13T00:00:00.000Z,12,0.60929830006515
2023-11-05T00:00:00.000Z,21,0.2008788945816772
2023-11-05T00:00:00.000Z,1,0.2378917213974706
2023-11-10T00:00:00.000Z,23,0.1964861560013284
2023-11-05T00:00:00.000Z,23,0.3106460705496591
2023-11-10T00:00:00.000Z,21,0.1419370853859245
2023-11-07T00:00:00.000Z,1,0.095268690921692
2023-11-07T00:00:00.000Z,21,0.1042532200416727
2023-11-07T00:00:00.000Z,23,0.1089613404579449
2023-11-10T00:00:00.000Z,1,0.3509277481296318
2023-11-15T00:00:00.000Z,17,0.0882080592128789
2023-11-12T00:00:00.000Z,17,0.1398591482040247
2023-11-15T00:00:00.000Z,18,0.0171797996229841
2023-11-17T00:00:00.000Z,17,0.0128939896908336
2023-11-17T00:00:00.000Z,0,0.0202140172504654
2023-11-15T00:00:00.000Z,0,0.105592274691013
2023-11-12T00:00:00.000Z,0,0.0301967693300188
2023-10-08T00:00:00.000Z,36,0.3438629299038314
2023-10-03T00:00:00.000Z,36,0.3081271134459862
2023-10-06T00:00:00.000Z,36,0.6550376780411806
2023-11-05T00:00:00.000Z,14,0.020197546287719
2023-11-10T00:00:00.000Z,14,0.0494143428235323
2023-10-23T00:00:00.000Z,3,0.0547500149586926
2023-10-21T00:00:00.000Z,35,0.215036978820591
2023-10-21T00:00:00.000Z,3,0.2939580556421149
2023-10-18T00:00:00.000Z,2,0.2496412761562746
2023-10-18T00:00:00.000Z,39,0.118954788836417
2023-10-21T00:00:00.000Z,2,0.3504030670874435
2023-10-21T00:00:00.000Z,39,0.091212939913985
2023-10-18T00:00:00.000Z,35,0.2097531933030383
2023-10-23T00:00:00.000Z,2,0.0677505817913774
2023-10-23T00:00:00.000Z,35,0.1204826184685813
2023-10-18T00:00:00.000Z,3,0.3291148367453505
2023-10-23T00:00:00.000Z,39,0.1631628285143361
2023-12-07T00:00:00.000Z,23,0.6201663507304829
2023-12-12T00:00:00.000Z,22,0.0163238883598852
2023-12-10T00:00:00.000Z,23,0.1204475543763886
2023-12-10T00:00:00.000Z,0,0.0376387286468011
2023-12-12T00:00:00.000Z,23,0.0184885785846967
2023-12-05T00:00:00.000Z,1,0.1695709157282434
2023-12-07T00:00:00.000Z,22,0.6216641399517746
2023-12-05T00:00:00.000Z,0,0.1301829034004699
2023-12-05T00:00:00.000Z,22,0.1219646449573715
2023-12-07T00:00:00.000Z,0,0.4914063347779168
2023-12-05T00:00:00.000Z,23,0.211627177273826
2023-12-12T00:00:00.000Z,1,0.0131102679334214
2023-12-07T00:00:00.000Z,1,0.5730421334790139
2023-12-10T00:00:00.000Z,22,0.0508593435625107
2023-12-10T00:00:00.000Z,1,0.0855600575157064
2023-12-12T00:00:00.000Z,0,0.0093364478430214
2023-12-07T00:00:00.000Z,36,0.5436764061437509
2023-12-05T00:00:00.000Z,36,0.120265321544186
2023-12-12T00:00:00.000Z,36,0.0190903786432592
2023-12-10T00:00:00.000Z,36,0.0958276761646311
2023-11-15T00:00:00.000Z,8,0.0310767150692166
2023-11-17T00:00:00.000Z,8,0.0429485371500195
2023-11-12T00:00:00.000Z,8,0.4545117441982181
2023-11-07T00:00:00.000Z,35,0.2510774109111738
2023-11-05T00:00:00.000Z,36,0.1699017970579826
2023-11-10T00:00:00.000Z,35,0.0783485312703731
2023-11-05T00:00:00.000Z,35,0.122921664005737
2023-11-07T00:00:00.000Z,36,0.2794423820989659
2023-11-10T00:00:00.000Z,36,0.3048407084979581
2023-10-31T00:00:00.000Z,18,0.0587215219924366
2023-10-26T00:00:00.000Z,18,0.0490647119027086
2023-11-15T00:00:00.000Z,9,0.0841869167188476
2023-11-12T00:00:00.000Z,9,0.4042162174208258
2023-11-17T00:00:00.000Z,9,0.0454134943719649
2023-12-05T00:00:00.000Z,8,0.2518622377503061
2023-12-10T00:00:00.000Z,8,0.1792340802403882
2023-12-07T00:00:00.000Z,8,0.4809327162219535
2023-12-12T00:00:00.000Z,8,0.0401010635595795
2023-11-20T00:00:00.000Z,23,0.1984195978727624
2023-11-22T00:00:00.000Z,23,0.1278600926999827
2023-11-25T00:00:00.000Z,23,0.0266766069583284
2023-10-26T00:00:00.000Z,12,0.0160781633457274
2023-10-28T00:00:00.000Z,12,0.1751932893550142
2023-11-02T00:00:00.000Z,12,0.023578179487362
2023-10-31T00:00:00.000Z,12,0.0562449360635058
2023-10-16T00:00:00.000Z,17,0.6464607396148752
2023-10-13T00:00:00.000Z,17,0.7475584098741901
2023-10-11T00:00:00.000Z,17,0.6177070480570556
2023-11-17T00:00:00.000Z,28,0.0091621086374119
2023-11-17T00:00:00.000Z,29,0.060803847854592
2023-11-12T00:00:00.000Z,28,0.0283044673297133
2023-11-12T00:00:00.000Z,29,0.0282514937642441
2023-11-15T00:00:00.000Z,29,0.2757905795029471
2023-10-16T00:00:00.000Z,27,0.7602532604673469
2023-10-11T00:00:00.000Z,27,0.7262283722604159
2023-10-01T00:00:00.000Z,40,0.6695534737915698
2023-10-01T00:00:00.000Z,31,0.7502406178597564
2023-10-01T00:00:00.000Z,43,0.6959320292761307
2023-10-01T00:00:00.000Z,41,0.7258578846159198
2023-10-01T00:00:00.000Z,32,0.6843255670304578
2023-10-01T00:00:00.000Z,44,0.0278461861726271
2023-10-06T00:00:00.000Z,32,0.6680472435191804
2023-10-06T00:00:00.000Z,41,0.5795511450388235
2023-10-03T00:00:00.000Z,44,-0.0854085777319202
2023-10-08T00:00:00.000Z,44,0.1631569163201622
2023-10-06T00:00:00.000Z,44,-0.0508509480276049
2023-10-03T00:00:00.000Z,41,0.578517581541975
2023-10-03T00:00:00.000Z,32,0.6709729584092082
2023-10-08T00:00:00.000Z,41,0.4630831334612934
2023-10-08T00:00:00.000Z,32,0.5704318266927156
2023-11-15T00:00:00.000Z,30,0.3634601897828235
2023-11-12T00:00:00.000Z,30,0.0202852118208943
2023-11-17T00:00:00.000Z,30,0.0602802031658301
2023-11-15T00:00:00.000Z,26,0.2231559151819467
2023-11-15T00:00:00.000Z,25,0.1848011528103792
2023-11-15T00:00:00.000Z,33,0.0217309328981498
2023-11-12T00:00:00.000Z,34,0.0129277927842492
2023-11-15T00:00:00.000Z,34,0.3105341212878244
2023-11-17T00:00:00.000Z,26,0.0174849417106673
2023-11-12T00:00:00.000Z,26,0.0159059824711297
2023-11-17T00:00:00.000Z,34,0.030698656455584
2023-11-25T00:00:00.000Z,25,0.2024614418829102
2023-11-20T00:00:00.000Z,33,0.156275782438403
2023-11-25T00:00:00.000Z,33,0.103761417544081
2023-11-20T00:00:00.000Z,25,0.11867162021033
2023-11-25T00:00:00.000Z,34,0.0533632880416469
2023-11-20T00:00:00.000Z,34,0.1520364006123023
2023-12-17T00:00:00.000Z,26,0.6175712652701024
2023-12-20T00:00:00.000Z,30,0.1801223476748892
2023-12-17T00:00:00.000Z,34,0.2962140579621654
2023-12-20T00:00:00.000Z,34,0.0527885588065705
2023-12-15T00:00:00.000Z,30,0.08374826092288
2023-12-15T00:00:00.000Z,26,0.2140694142980223
2023-12-20T00:00:00.000Z,26,0.1294026315266198
2023-12-17T00:00:00.000Z,30,0.6068705584790147
2023-12-15T00:00:00.000Z,34,0.2146746419512153
2023-10-28T00:00:00.000Z,37,0.0253645315627796
2023-11-02T00:00:00.000Z,43,0.0189030204074676
2023-10-31T00:00:00.000Z,43,0.034490828785036
2023-10-26T00:00:00.000Z,37,0.1577867563273034
2023-10-26T00:00:00.000Z,43,0.089874340008854
2023-10-31T00:00:00.000Z,37,0.0800284770945141
2023-10-28T00:00:00.000Z,43,0.4578608543184098
2023-11-02T00:00:00.000Z,37,0.0097081607809237
2023-11-07T00:00:00.000Z,42,0.4729264383176618
2023-11-10T00:00:00.000Z,42,0.1623472665650168
2023-11-05T00:00:00.000Z,42,0.0046149733802183
2023-12-02T00:00:00.000Z,40,0.0064845163889478
2023-11-30T00:00:00.000Z,40,0.008404450827593
2023-11-27T00:00:00.000Z,40,0.0741663251244213
2023-12-07T00:00:00.000Z,44,-0.0454935447403297
2023-12-10T00:00:00.000Z,44,0.0236027722894945
2023-12-05T00:00:00.000Z,44,-0.0933067721258244
2023-12-12T00:00:00.000Z,44,0.0246528833458221
2023-10-18T00:00:00.000Z,34,0.0778596540670648
2023-10-23T00:00:00.000Z,34,-0.0021018430995174
2023-12-20T00:00:00.000Z,33,0.1440836374211171
2023-12-15T00:00:00.000Z,33,0.1266395000404865
2023-11-22T00:00:00.000Z,45,0.0618367183352737
2023-11-22T00:00:00.000Z,41,0.2249538238877612
2023-11-25T00:00:00.000Z,41,0.0490133716019757
2023-11-25T00:00:00.000Z,45,0.0113045661246522
2023-11-20T00:00:00.000Z,41,0.0947040382898399
2023-11-20T00:00:00.000Z,45,0.0189065340738839
2023-11-22T00:00:00.000Z,40,0.0195242005358742
2023-11-22T00:00:00.000Z,42,0.0891348534501836
2023-11-22T00:00:00.000Z,39,0.0066834419259725
2023-11-27T00:00:00.000Z,42,0.0443070417726262
2023-12-02T00:00:00.000Z,42,0.0122376088295396
2023-12-30T00:00:00.000Z,15,0.2988033148793739
2023-12-30T00:00:00.000Z,14,0.3327780682108661
2023-12-27T00:00:00.000Z,5,0.4078101105454323
2023-12-22T00:00:00.000Z,5,0.0232070933064298
2023-12-25T00:00:00.000Z,5,0.0266751764362852
2023-10-08T00:00:00.000Z,14,0.6470621790085792
2023-10-03T00:00:00.000Z,14,0.1879075544312954
2023-12-07T00:00:00.000Z,14,0.7772951104388331
2023-12-12T00:00:00.000Z,15,0.0201571979729203
2023-12-12T00:00:00.000Z,14,0.023071324652631
2023-12-07T00:00:00.000Z,15,0.5886089071973385
2023-11-20T00:00:00.000Z,12,0.0691698384950382
2023-11-20T00:00:00.000Z,3,0.5374591650316292
2023-11-22T00:00:00.000Z,3,0.0122421645471605
2023-11-25T00:00:00.000Z,3,0.1326720101929559
2023-11-22T00:00:00.000Z,12,0.0184939148855346
2023-11-25T00:00:00.000Z,12,0.3300868404129439
2023-12-07T00:00:00.000Z,29,0.2637277448196432
2023-12-07T00:00:00.000Z,24,0.4203979674116197
2023-10-03T00:00:00.000Z,38,0.5250283673583503
2023-10-08T00:00:00.000Z,38,-0.0033667193404693
2023-11-25T00:00:00.000Z,9,0.0953223953622388
2023-11-22T00:00:00.000Z,9,0.030812070090864
2023-11-20T00:00:00.000Z,9,0.0522278250959027
2023-10-28T00:00:00.000Z,9,0.3340212446365511
2023-10-31T00:00:00.000Z,9,0.0791550481779379
2023-10-26T00:00:00.000Z,9,0.0205778197672622
2023-11-02T00:00:00.000Z,9,0.0262337365028132
2023-10-23T00:00:00.000Z,11,0.0470627156233057
2023-10-18T00:00:00.000Z,38,0.0302860335494951
2023-10-23T00:00:00.000Z,38,0.194068992461634
2023-10-18T00:00:00.000Z,11,0.2522012985656947
2023-11-20T00:00:00.000Z,39,0.4887310869559088
2023-11-20T00:00:00.000Z,38,0.5758139862284278
2023-11-25T00:00:00.000Z,38,0.1328108317780441
2023-11-22T00:00:00.000Z,38,0.0055370145833827
2023-11-25T00:00:00.000Z,39,0.0571635882427804
2023-10-16T00:00:00.000Z,43,0.6153114270134167
2023-10-11T00:00:00.000Z,43,0.679377519467444
2023-10-13T00:00:00.000Z,43,0.5214236484028258
2023-10-01T00:00:00.000Z,42,0.7065046385723863
2023-10-16T00:00:00.000Z,40,0.5096614548280077
2023-10-16T00:00:00.000Z,42,0.6704685864807804
2023-10-11T00:00:00.000Z,42,0.6910498808753202
2023-10-11T00:00:00.000Z,40,0.639788231062337
2023-10-31T00:00:00.000Z,25,0.1603402228113258
2023-10-26T00:00:00.000Z,26,0.0845742510229643
2023-10-26T00:00:00.000Z,25,0.0852342076161955
2023-10-31T00:00:00.000Z,26,0.0646618356488976
2023-10-18T00:00:00.000Z,26,0.0375424524905892
2023-10-23T00:00:00.000Z,26,0.0173791886306159
2023-11-10T00:00:00.000Z,31,0.1511783898473832
2023-11-05T00:00:00.000Z,31,0.0146585701363245
2023-11-07T00:00:00.000Z,31,0.2974696700662241
2023-11-15T00:00:00.000Z,43,0.2894200920145036
2023-11-12T00:00:00.000Z,43,0.0179310046878866
2023-11-17T00:00:00.000Z,43,0.0430599559050089
2023-12-17T00:00:00.000Z,31,0.5805492647696305
2023-12-17T00:00:00.000Z,43,0.5340124705230321
2023-12-20T00:00:00.000Z,31,0.1105434786470083
2023-12-15T00:00:00.000Z,31,0.0586243165922973
2023-12-15T00:00:00.000Z,43,0.1077852277517426
2023-12-20T00:00:00.000Z,43,0.1599870437691597
2023-11-20T00:00:00.000Z,31,0.2631618331395138
2023-11-22T00:00:00.000Z,32,0.0954729667087531
2023-11-25T00:00:00.000Z,32,0.0353683792470791
2023-11-25T00:00:00.000Z,31,0.0317159134800353
2023-11-20T00:00:00.000Z,32,0.2337164294084192
2023-11-22T00:00:00.000Z,31,0.0212563372897954
2023-12-22T00:00:00.000Z,19,0.0167733917101522
2023-12-25T00:00:00.000Z,19,-0.0018550293119321
2023-12-27T00:00:00.000Z,19,0.062847369212968
2023-12-25T00:00:00.000Z,13,0.0405831781887069
2023-12-25T00:00:00.000Z,16,0.0149972247193191
2023-12-30T00:00:00.000Z,1,0.3597538457467393
2023-12-30T00:00:00.000Z,23,0.4245317237696856
2023-12-30T00:00:00.000Z,22,0.2627045663474887
2023-12-30T00:00:00.000Z,21,0.4122221005294897
2023-12-22T00:00:00.000Z,37,0.0237841417919323
2023-12-25T00:00:00.000Z,37,0.1794255493226231
2023-12-22T00:00:00.000Z,36,0.0235082952741427
2023-12-25T00:00:00.000Z,36,0.2051754955386873
2023-12-27T00:00:00.000Z,37,0.3963312021224889
2023-12-27T00:00:00.000Z,36,0.4553498159721857
2023-12-30T00:00:00.000Z,12,0.1683772346027
2023-12-30T00:00:00.000Z,3,0.1031526072818015
2023-12-30T00:00:00.000Z,11,0.1126888289254456
2023-12-30T00:00:00.000Z,38,0.4767427071848821
2023-12-30T00:00:00.000Z,25,0.2246367170280084
2023-12-30T00:00:00.000Z,27,0.2772803766454425
2023-12-30T00:00:00.000Z,26,0.2673663658015688
2023-12-30T00:00:00.000Z,29,0.2765198510041834
2023-12-30T00:00:00.000Z,30,0.2556291836857775
2023-12-30T00:00:00.000Z,34,0.4330839227419036
2023-12-30T00:00:00.000Z,33,0.3274327209160422
2023-12-27T00:00:00.000Z,35,0.4013115798997523
2023-12-22T00:00:00.000Z,35,0.0188855527068471
2023-12-25T00:00:00.000Z,35,0.3060597364156585
2023-12-05T00:00:00.000Z,13,0.026820322385202
2023-12-10T00:00:00.000Z,13,0.0213834397715574
2023-12-07T00:00:00.000Z,16,0.5433281885018992
2023-12-12T00:00:00.000Z,16,0.0140068255618903
2023-11-20T00:00:00.000Z,8,0.0008938285861619145
2023-11-25T00:00:00.000Z,8,0.1127079768962497
2023-11-22T00:00:00.000Z,8,0.0423660623709119
2023-11-05T00:00:00.000Z,6,0.0097615427921204
2023-11-07T00:00:00.000Z,6,0.040439575650773
2023-11-10T00:00:00.000Z,6,0.0543128864078728
2023-10-28T00:00:00.000Z,17,0.0723159080330476
2023-11-02T00:00:00.000Z,17,0.0308903175437714
2023-10-31T00:00:00.000Z,17,0.0962663443420184
2023-10-26T00:00:00.000Z,17,0.0470306034647485
2023-10-23T00:00:00.000Z,4,0.0328343875957214
2023-10-21T00:00:00.000Z,4,0.5565528167767801
2023-10-18T00:00:00.000Z,4,0.313275107406647
2023-10-26T00:00:00.000Z,24,0.0591683967826547
2023-10-31T00:00:00.000Z,24,0.0949037650915179
2023-11-02T00:00:00.000Z,24,0.0202073893538984
2023-10-28T00:00:00.000Z,24,0.0947933746928762
2023-10-28T00:00:00.000Z,38,0.3467939952300682
2023-10-26T00:00:00.000Z,38,0.0649286720887499
2023-10-31T00:00:00.000Z,38,0.1491935102769702
2023-11-02T00:00:00.000Z,38,0.0229888165905809
2023-10-31T00:00:00.000Z,8,0.100610114248793
2023-11-02T00:00:00.000Z,8,0.0284842455168786
2023-10-26T00:00:00.000Z,8,0.0272603080744804
2023-10-28T00:00:00.000Z,8,0.314306760493524
2023-11-07T00:00:00.000Z,14,0.0330222940150199
2023-10-06T00:00:00.000Z,37,0.6969502171885384
2023-10-03T00:00:00.000Z,37,0.5900836525334056
2023-10-08T00:00:00.000Z,37,0.6291908897953684
2023-11-22T00:00:00.000Z,0,0.0230553136426463
2023-11-25T00:00:00.000Z,0,0.1184966380626197
2023-11-20T00:00:00.000Z,0,0.1403602215735673
2023-12-10T00:00:00.000Z,11,0.0859125681158618
2023-12-05T00:00:00.000Z,11,0.0863894898691829
2023-12-12T00:00:00.000Z,11,0.0184624137004116
2023-12-07T00:00:00.000Z,11,0.214782926392985
2023-11-02T00:00:00.000Z,28,0.0229259711960822
2023-10-28T00:00:00.000Z,30,0.0527041080680191
2023-11-02T00:00:00.000Z,30,0.0184981232823737
2023-10-26T00:00:00.000Z,29,0.1344300050867642
2023-10-28T00:00:00.000Z,29,0.0461480342277822
2023-10-31T00:00:00.000Z,29,0.172435559359966
2023-11-02T00:00:00.000Z,29,0.0199879007456484
2023-10-28T00:00:00.000Z,28,0.0286765638025605
2023-10-26T00:00:00.000Z,30,0.1772779073751833
2023-10-31T00:00:00.000Z,30,0.1004527097435611
2023-12-15T00:00:00.000Z,28,0.1853375657724617
2023-12-20T00:00:00.000Z,27,0.333151673547726
2023-12-15T00:00:00.000Z,27,0.2620559331842718
2023-12-20T00:00:00.000Z,28,0.1116837382601223
2023-12-17T00:00:00.000Z,29,0.6067939497311213
2023-12-20T00:00:00.000Z,29,0.0788098856748009
2023-12-15T00:00:00.000Z,29,0.1328309844864584
2023-11-22T00:00:00.000Z,34,0.0639597732971961
2023-10-18T00:00:00.000Z,44,0.0104760827683511
2023-10-23T00:00:00.000Z,44,0.0201978596317654
2023-10-21T00:00:00.000Z,44,0.0338639487819273
2023-12-20T00:00:00.000Z,39,0.1377515487297755
2023-12-17T00:00:00.000Z,39,0.5135235355898726
2023-12-15T00:00:00.000Z,39,0.0466017453669178
2023-11-25T00:00:00.000Z,42,0.0683123121470153
2023-11-20T00:00:00.000Z,43,0.2125900783027914
2023-11-22T00:00:00.000Z,43,0.0123365928415619
2023-11-20T00:00:00.000Z,42,0.1273082560079775
2023-11-25T00:00:00.000Z,43,0.0406854022352507
2023-11-05T00:00:00.000Z,33,0.1040169804775108
2023-11-10T00:00:00.000Z,33,0.0320861681152317
2023-11-27T00:00:00.000Z,41,0.0742170976248561
2023-12-02T00:00:00.000Z,41,0.020936887726688
2023-12-25T00:00:00.000Z,18,0.0061893454618882
2023-12-30T00:00:00.000Z,5,0.3276845769848363
2023-12-30T00:00:00.000Z,13,0.0980604809735169
2023-12-30T00:00:00.000Z,24,0.2046134508893573
2023-12-30T00:00:00.000Z,4,0.4147127288843948
2023-12-30T00:00:00.000Z,2,0.1931336771657575
2023-12-30T00:00:00.000Z,0,0.3034015186889646
2023-12-30T00:00:00.000Z,36,0.2218568020328639
2023-12-25T00:00:00.000Z,26,0.3332628798780869
2023-12-25T00:00:00.000Z,27,0.0373473527375941
2023-12-25T00:00:00.000Z,25,0.2607069714629618
2023-12-27T00:00:00.000Z,26,0.6706404719103788
2023-12-22T00:00:00.000Z,26,0.0219142804155485
2023-12-27T00:00:00.000Z,30,0.6588071507210034
2023-12-22T00:00:00.000Z,30,0.0236880525211211
2023-12-25T00:00:00.000Z,30,0.4291755654222284
2023-12-25T00:00:00.000Z,34,0.3184181237663789
2023-12-22T00:00:00.000Z,34,0.0218363420388357
2023-12-27T00:00:00.000Z,34,0.5631133232369322
2023-12-27T00:00:00.000Z,44,0.0265584570239728
2023-12-25T00:00:00.000Z,32,0.1139550541458201
2023-12-22T00:00:00.000Z,44,0.0388501665597558
2023-12-22T00:00:00.000Z,32,0.0352823143063569
2023-12-25T00:00:00.000Z,44,0.0393517955552133
2023-12-27T00:00:00.000Z,32,0.3589769768470724
2023-12-27T00:00:00.000Z,38,0.4719907249356133
2023-12-22T00:00:00.000Z,38,0.0246855487640733
2023-12-15T00:00:00.000Z,24,0.0523743117817983
2023-12-15T00:00:00.000Z,16,0.1091686197910185
2023-12-20T00:00:00.000Z,24,0.165355014226394
2023-12-20T00:00:00.000Z,16,0.0244867763106253
2023-12-15T00:00:00.000Z,13,0.1417467970517194
2023-12-20T00:00:00.000Z,13,0.0206126750047608
2023-10-26T00:00:00.000Z,6,0.0781050062465453
2023-10-31T00:00:00.000Z,6,0.0888826289367927
2023-11-02T00:00:00.000Z,6,0.0308328555710226
2023-10-28T00:00:00.000Z,6,0.040597502643691
2023-11-27T00:00:00.000Z,17,0.0284371247908442
2023-12-02T00:00:00.000Z,17,0.017139040020697
2023-11-30T00:00:00.000Z,17,0.3009619711732963
2023-11-12T00:00:00.000Z,12,0.3505005398495413
2023-11-15T00:00:00.000Z,12,0.0350728029747145
2023-11-17T00:00:00.000Z,12,0.0133575654070623
2023-11-25T00:00:00.000Z,6,0.1218692237669255
2023-11-22T00:00:00.000Z,6,0.1119290881881405
2023-11-20T00:00:00.000Z,6,0.1452030420525623
2023-11-12T00:00:00.000Z,37,0.0253641922743498
2023-11-15T00:00:00.000Z,37,0.3059427927414739
2023-11-17T00:00:00.000Z,37,0.0161282855129246
2023-12-12T00:00:00.000Z,21,0.0160057453165512
2023-12-05T00:00:00.000Z,21,0.3349044549033546
2023-12-07T00:00:00.000Z,21,0.6255516504542837
2023-12-10T00:00:00.000Z,21,0.1300942001194039
2023-12-17T00:00:00.000Z,14,0.4492037291112599
2023-12-07T00:00:00.000Z,28,0.469772374421043
2023-12-20T00:00:00.000Z,3,0.2453192711948328
2023-12-20T00:00:00.000Z,2,0.3164801272128265
2023-12-15T00:00:00.000Z,3,0.0282214353787909
2023-12-17T00:00:00.000Z,2,0.4470192448831241
2023-12-15T00:00:00.000Z,2,0.0761689702049692
2023-12-17T00:00:00.000Z,3,0.4847726326499897
2023-12-17T00:00:00.000Z,28,0.7031276890136152
2023-12-17T00:00:00.000Z,24,0.6286524834327454
2023-12-17T00:00:00.000Z,16,0.7590998795204009
2023-10-23T00:00:00.000Z,0,0.0391383457234437
2023-10-21T00:00:00.000Z,0,0.3294497771528725
2023-10-18T00:00:00.000Z,0,0.1820201103933161
2023-11-05T00:00:00.000Z,0,0.0086692338630714
2023-11-07T00:00:00.000Z,2,0.1821470723606504
2023-11-07T00:00:00.000Z,4,0.0795914275147177
2023-11-10T00:00:00.000Z,0,0.5011920015141919
2023-11-05T00:00:00.000Z,4,0.0730179565496292
2023-11-10T00:00:00.000Z,4,0.4722103427674834
2023-11-07T00:00:00.000Z,0,0.0701986481090291
2023-11-05T00:00:00.000Z,2,0.0923841495368468
2023-11-10T00:00:00.000Z,2,0.2257531626974151
2023-11-07T00:00:00.000Z,38,0.3251019380640327
2023-11-10T00:00:00.000Z,39,0.0898070556959426
2023-11-05T00:00:00.000Z,39,0.0892571026626606
2023-11-07T00:00:00.000Z,11,0.2919579702528578
2023-11-07T00:00:00.000Z,39,0.260815823325277
2023-11-20T00:00:00.000Z,11,0.3461923424871974
2023-11-25T00:00:00.000Z,11,0.0603486856911017
2023-11-27T00:00:00.000Z,4,0.0416711242418427
2023-11-30T00:00:00.000Z,4,0.2405799206500715
2023-12-02T00:00:00.000Z,4,0.0073388599043802
2023-11-22T00:00:00.000Z,21,0.1107430774595324
2023-11-25T00:00:00.000Z,21,0.0179709781770656
2023-11-20T00:00:00.000Z,21,0.2608279591800415
2023-10-03T00:00:00.000Z,16,0.2522653333680312
2023-10-08T00:00:00.000Z,16,0.7282490979339382
2023-11-27T00:00:00.000Z,29,0.0544259194088813
2023-11-30T00:00:00.000Z,29,0.0115923982324402
2023-12-02T00:00:00.000Z,29,0.0099107860263745
2023-10-01T00:00:00.000Z,12,0.7466470528833508
2023-12-12T00:00:00.000Z,38,0.0119461998525501
2023-12-07T00:00:00.000Z,38,0.1293753884050232
2023-12-05T00:00:00.000Z,38,0.0173353893990816
2023-12-10T00:00:00.000Z,38,0.0969056801241596
2023-10-13T00:00:00.000Z,44,-0.0265383705934951
2023-10-11T00:00:00.000Z,44,-0.0038839137511417
2023-10-16T00:00:00.000Z,44,0.0956242376619847
2023-10-01T00:00:00.000Z,34,0.7460476195548277
2023-11-05T00:00:00.000Z,25,0.0885552917801792
2023-11-05T00:00:00.000Z,27,0.1811075645479539
2023-11-10T00:00:00.000Z,25,0.384624564090095
2023-11-10T00:00:00.000Z,27,0.1781288365546433
2023-11-20T00:00:00.000Z,27,0.1325209108492306
2023-11-25T00:00:00.000Z,27,0.3046363514283312
2023-11-30T00:00:00.000Z,30,7.368714240429731e-05
2023-11-27T00:00:00.000Z,28,0.065181375554522
2023-12-02T00:00:00.000Z,30,0.0057578886968393
2023-11-27T00:00:00.000Z,30,0.0537580677819047
2023-12-02T00:00:00.000Z,28,0.0136836909923576
2023-12-15T00:00:00.000Z,25,0.3047962017181473
2023-12-20T00:00:00.000Z,25,0.1940721454795071
2023-11-15T00:00:00.000Z,40,0.4223082501810531
2023-11-17T00:00:00.000Z,31,0.0383536511164752
2023-11-12T00:00:00.000Z,31,0.019747718672114
2023-11-15T00:00:00.000Z,31,0.2147574314823582
2023-11-27T00:00:00.000Z,32,0.0556131316373132
2023-11-30T00:00:00.000Z,32,0.0137496328917307
2023-12-02T00:00:00.000Z,32,0.0072446914303406
2023-11-30T00:00:00.000Z,42,0.0120332640220439
2023-11-30T00:00:00.000Z,41,0.0210172646427779
2023-11-07T00:00:00.000Z,40,0.4070912473651327
2023-12-17T00:00:00.000Z,38,0.4399104258682176
2023-12-10T00:00:00.000Z,42,0.2734205233373054
2023-12-05T00:00:00.000Z,42,-0.0016681359030519
2023-12-22T00:00:00.000Z,6,0.0274273451858138
2023-12-25T00:00:00.000Z,6,0.0231473335287425
2023-12-27T00:00:00.000Z,6,0.1342632187533673
2023-12-27T00:00:00.000Z,12,0.4077363891898494
2023-12-25T00:00:00.000Z,12,0.1514133471599344
2023-12-22T00:00:00.000Z,12,0.0242940415125556
2023-12-25T00:00:00.000Z,45,0.0492880894355818
2023-12-27T00:00:00.000Z,45,0.1119229588675157
2023-12-22T00:00:00.000Z,45,0.0310350002182531
2023-10-01T00:00:00.000Z,6,0.5296290310633514
2023-10-01T00:00:00.000Z,11,0.7064474601020889
2023-12-20T00:00:00.000Z,5,0.2841213336200102
2023-12-17T00:00:00.000Z,4,0.4424162686606664
2023-12-20T00:00:00.000Z,4,0.342651139002943
2023-12-15T00:00:00.000Z,5,0.071290748980175
2023-12-17T00:00:00.000Z,5,0.4664310263529093
2023-12-15T00:00:00.000Z,4,0.0906462606002212
2023-10-11T00:00:00.000Z,11,0.6667066996535157
2023-10-16T00:00:00.000Z,11,0.566340649393405
2023-12-07T00:00:00.000Z,10,0.1311913432644819
2023-12-05T00:00:00.000Z,10,0.0887805122237601
2023-12-12T00:00:00.000Z,10,0.0261287054952024
2023-12-10T00:00:00.000Z,10,0.3228695771970959
2023-10-28T00:00:00.000Z,11,0.1732583474726885
2023-11-02T00:00:00.000Z,11,0.0152744373199281
2023-10-01T00:00:00.000Z,33,0.7627899503399499
2023-10-01T00:00:00.000Z,26,0.7373206837577
2023-10-01T00:00:00.000Z,25,0.6970353866197263
2023-12-12T00:00:00.000Z,30,0.0214719796320553
2023-12-07T00:00:00.000Z,26,0.0048224715366421
2023-12-05T00:00:00.000Z,30,0.060561065744123
2023-12-07T00:00:00.000Z,30,0.0422593964524826
2023-12-12T00:00:00.000Z,26,0.0146243264063399
2023-12-10T00:00:00.000Z,30,0.0129183204026731
2023-11-02T00:00:00.000Z,32,0.0181232436947954
2023-10-28T00:00:00.000Z,32,0.499808164806111
2023-10-26T00:00:00.000Z,32,0.0360220073924997
2023-10-31T00:00:00.000Z,32,0.116783536119049
2023-11-25T00:00:00.000Z,40,0.0633327505022115
2023-11-20T00:00:00.000Z,40,0.220790411363009
2023-12-30T00:00:00.000Z,18,0.0200236817255282
2023-12-25T00:00:00.000Z,33,0.5200640749361087
2023-12-30T00:00:00.000Z,44,-0.1088649079640437
2023-12-30T00:00:00.000Z,32,0.5333621555870734
2023-11-17T00:00:00.000Z,6,0.0175708894533508
2023-11-15T00:00:00.000Z,6,0.1370357953517028
2023-11-12T00:00:00.000Z,6,0.1218480305460334
2023-11-12T00:00:00.000Z,38,0.0379773958376955
2023-11-17T00:00:00.000Z,38,0.0208850284864758
2023-11-02T00:00:00.000Z,14,0.0317913745082113
2023-10-28T00:00:00.000Z,14,0.0986482889823184
2023-10-13T00:00:00.000Z,16,0.8336790341750498
2023-12-17T00:00:00.000Z,0,0.3564850067773168
2023-12-15T00:00:00.000Z,0,0.1319541819623227
2023-12-20T00:00:00.000Z,0,0.0835731534842021
2023-11-07T00:00:00.000Z,17,0.0021822190744613
2023-11-10T00:00:00.000Z,17,0.1790278178715416
2023-11-05T00:00:00.000Z,17,0.0134617597795126
2023-10-06T00:00:00.000Z,0,0.5490025055344001
2023-10-03T00:00:00.000Z,0,0.1162886374076642
2023-10-08T00:00:00.000Z,0,0.1212853961250218
2023-10-01T00:00:00.000Z,45,0.1524760137801552
2023-10-21T00:00:00.000Z,27,0.2658014103697038
2023-11-10T00:00:00.000Z,40,0.1691487180961787
2023-11-05T00:00:00.000Z,40,0.1531270447532109
2023-12-25T00:00:00.000Z,14,0.0212414077155379
2023-12-27T00:00:00.000Z,16,0.4591841716731987
2023-12-22T00:00:00.000Z,16,0.0175566422862972
2023-12-22T00:00:00.000Z,31,0.0260336402057627
2023-12-27T00:00:00.000Z,31,0.4327792029488486
2023-12-25T00:00:00.000Z,31,0.0668085246841077
2023-12-02T00:00:00.000Z,21,0.0089436351104304
2023-11-27T00:00:00.000Z,21,0.0470576320953769
2023-11-30T00:00:00.000Z,21,0.1301318881013674
2023-10-21T00:00:00.000Z,14,0.3576745110494985
2023-10-11T00:00:00.000Z,38,0.6021225594820817
2023-12-07T00:00:00.000Z,6,0.4782714482911731
2023-12-12T00:00:00.000Z,6,0.036015196505289
2023-12-10T00:00:00.000Z,6,0.0081014562632251
2023-12-05T00:00:00.000Z,6,0.2069154746288676
2023-11-25T00:00:00.000Z,14,0.0073093471403313
2023-11-20T00:00:00.000Z,14,0.3044719157881709
2023-11-10T00:00:00.000Z,11,0.4925469637569171
2023-11-05T00:00:00.000Z,11,0.0108161028035238
2023-10-23T00:00:00.000Z,14,0.0346155146760977
2023-10-18T00:00:00.000Z,14,0.0548376927418037
2023-12-17T00:00:00.000Z,11,0.4839517837570923
2023-12-15T00:00:00.000Z,11,0.0205771934182301
2023-12-20T00:00:00.000Z,11,0.417298259128441
2023-10-06T00:00:00.000Z,31,0.7232718136203884
2023-10-08T00:00:00.000Z,43,0.5005911587132215
2023-10-03T00:00:00.000Z,31,0.7009431527793536
2023-10-06T00:00:00.000Z,43,0.6708719718896641
2023-10-08T00:00:00.000Z,31,0.546459524713217
2023-10-03T00:00:00.000Z,43,0.678407573722323
2023-10-01T00:00:00.000Z,38,0.6321048755965634
2023-12-22T00:00:00.000Z,14,0.01999200204581
2023-12-27T00:00:00.000Z,14,0.1737582604604644
2023-12-25T00:00:00.000Z,38,0.4434209600333927
2023-12-30T00:00:00.000Z,31,0.3010077239780672
2023-10-06T00:00:00.000Z,11,0.6106777658591029
2023-10-11T00:00:00.000Z,25,0.6740515888313224
2023-10-16T00:00:00.000Z,25,0.7044860953227359
2023-10-28T00:00:00.000Z,31,0.0836254895621821
2023-10-31T00:00:00.000Z,31,0.0771854265467618
2023-10-26T00:00:00.000Z,31,0.1249412956478344
2023-11-02T00:00:00.000Z,31,0.0126129643151535
2023-11-02T00:00:00.000Z,44,0.0186726283926889
2023-10-28T00:00:00.000Z,44,-0.1062171800544016
2023-10-31T00:00:00.000Z,44,0.0659609266843842
2023-10-26T00:00:00.000Z,44,0.0140763779573603
2023-12-02T00:00:00.000Z,38,0.0085433378843009
2023-11-27T00:00:00.000Z,38,0.0892300632652464
2023-10-23T00:00:00.000Z,12,0.049951547373099
2023-10-18T00:00:00.000Z,12,0.3923890192253295
2023-10-21T00:00:00.000Z,12,0.4697232415956326
2023-11-12T00:00:00.000Z,21,0.0663498978225931
2023-11-15T00:00:00.000Z,21,0.0366794585870111
2023-11-17T00:00:00.000Z,21,0.0189200356348226
2023-12-02T00:00:00.000Z,0,0.0121948379697483
2023-11-30T00:00:00.000Z,0,0.2404493498464248
2023-11-27T00:00:00.000Z,0,0.0339330465666366
2023-12-15T00:00:00.000Z,38,0.0391551724780807
2023-12-20T00:00:00.000Z,38,0.020449724553357
2023-11-20T00:00:00.000Z,44,0.0228656884907404
2023-11-25T00:00:00.000Z,44,0.0390166826833215
2023-11-22T00:00:00.000Z,44,0.0147573447930204
2023-10-21T00:00:00.000Z,11,0.2945122104018315
2023-10-28T00:00:00.000Z,26,0.0550674853802475
2023-11-02T00:00:00.000Z,26,0.0156567513715521
2023-10-23T00:00:00.000Z,45,0.0027703418216041
2023-10-21T00:00:00.000Z,45,0.0213995144958308
2023-10-18T00:00:00.000Z,45,0.0305676972878115
2023-11-15T00:00:00.000Z,45,0.0902889452401636
2023-11-12T00:00:00.000Z,45,0.0209320201055171
2023-11-17T00:00:00.000Z,45,0.0238937514300882
2023-10-06T00:00:00.000Z,38,0.6021735071796622
2023-10-26T00:00:00.000Z,11,0.0218554241729519
2023-10-31T00:00:00.000Z,11,0.0969653246426484
2023-10-21T00:00:00.000Z,38,0.0695982344693604
2023-11-30T00:00:00.000Z,38,0.0155550681622162
2023-12-30T00:00:00.000Z,17,0.034871794437752
2023-12-22T00:00:00.000Z,21,0.0189902327340335
2023-12-27T00:00:00.000Z,21,0.4151966569580844
2023-12-25T00:00:00.000Z,21,0.2904065170440849
2023-11-15T00:00:00.000Z,38,0.0838947728437268
2023-12-27T00:00:00.000Z,17,0.2011998181857217
2023-12-22T00:00:00.000Z,17,0.0187548599340481
2023-12-25T00:00:00.000Z,17,-0.006583490539047
2023-11-10T00:00:00.000Z,38,0.0653365831295316
2023-11-05T00:00:00.000Z,38,0.2063788042885252
2023-10-06T00:00:00.000Z,45,0.1229914956992226
2023-10-03T00:00:00.000Z,45,0.0784832356525839
2023-10-08T00:00:00.000Z,45,0.1556869400067496
2023-11-30T00:00:00.000Z,45,0.0207466640048161
2023-11-27T00:00:00.000Z,45,0.0639892737131698
2023-12-02T00:00:00.000Z,45,0.0189280023077377
2023-12-30T00:00:00.000Z,45,
2023-11-22T00:00:00.000Z,14,0.2858889404581019
2023-11-27T00:00:00.000Z,44,0.0532070432537677
2023-11-30T00:00:00.000Z,44,0.0234018861706519
2023-12-02T00:00:00.000Z,44,0.0166945539851714
2023-11-10T00:00:00.000Z,45,0.0072354410106949
2023-11-07T00:00:00.000Z,45,0.1142898593027439
2023-11-05T00:00:00.000Z,45,0.005213032936687
2023-12-17T00:00:00.000Z,45,-0.0161049496237605
2023-12-20T00:00:00.000Z,45,0.0111788239388826
2023-12-15T00:00:00.000Z,45,0.1622079821624993
2024-01-09T00:00:00.000Z,20,0.520107977351026
2024-01-09T00:00:00.000Z,18,0.3516974556547115
2024-02-13T00:00:00.000Z,14,0.313760359086482
2024-02-13T00:00:00.000Z,15,0.3435822332125217
2024-02-08T00:00:00.000Z,15,0.0197179655921941
2024-02-08T00:00:00.000Z,14,0.0185709310878531
2024-02-08T00:00:00.000Z,20,0.0123431758739839
2024-02-13T00:00:00.000Z,20,0.3680938908817652
2024-01-04T00:00:00.000Z,19,-0.00028029241148728713
2024-01-04T00:00:00.000Z,7,0.0456427914603569
2024-01-01T00:00:00.000Z,8,0.1659180631264704
2024-01-04T00:00:00.000Z,10,0.0203123447951392
2024-01-01T00:00:00.000Z,19,0.0627416463442517
2024-01-01T00:00:00.000Z,10,0.0466187310070119
2024-01-04T00:00:00.000Z,8,0.0143754154156919
2024-01-01T00:00:00.000Z,7,0.1429892945548758
2024-02-13T00:00:00.000Z,10,0.2555465218144513
2024-02-13T00:00:00.000Z,19,0.3650782325100843
2024-02-08T00:00:00.000Z,19,0.005448004494726
2024-02-10T00:00:00.000Z,19,0.0563362156253414
2024-02-08T00:00:00.000Z,10,0.0126887817417938
2024-02-10T00:00:00.000Z,10,0.0368569124727941
2024-02-08T00:00:00.000Z,7,0.0080931080674932
2024-02-10T00:00:00.000Z,7,0.0341075324311659
2024-02-13T00:00:00.000Z,7,0.2635812362872372
2024-02-18T00:00:00.000Z,15,0.0870380452760067
2024-02-18T00:00:00.000Z,23,0.0960889017840347
2024-02-20T00:00:00.000Z,23,0.2610713136622278
2024-02-20T00:00:00.000Z,15,0.3597365131013467
2024-02-15T00:00:00.000Z,15,0.3043491468027792
2024-02-15T00:00:00.000Z,22,0.3428618652054417
2024-02-15T00:00:00.000Z,16,0.2356385590861238
2024-02-20T00:00:00.000Z,16,0.1226632702754843
2024-02-18T00:00:00.000Z,22,0.0851430683635943
2024-02-18T00:00:00.000Z,13,0.0761483711749398
2024-02-20T00:00:00.000Z,22,0.2626127604000193
2024-02-15T00:00:00.000Z,23,0.344368369655853
2024-02-18T00:00:00.000Z,16,0.0767160715043694
2024-01-16T00:00:00.000Z,21,0.1966006919234014
2024-01-16T00:00:00.000Z,22,0.2418327173732168
2024-01-16T00:00:00.000Z,23,0.1237782077637175
2024-01-21T00:00:00.000Z,22,0.0408230029498923
2024-01-16T00:00:00.000Z,1,0.086734103143048
2024-01-21T00:00:00.000Z,23,0.0412752456429913
2024-01-14T00:00:00.000Z,22,0.4015530252029859
2024-01-19T00:00:00.000Z,23,0.1563698247012158
2024-01-19T00:00:00.000Z,21,0.2568037889045877
2024-01-14T00:00:00.000Z,23,0.2784904135846614
2024-01-19T00:00:00.000Z,22,0.3028814134750869
2024-01-21T00:00:00.000Z,1,0.0724643275095923
2024-01-14T00:00:00.000Z,21,0.3269248213283209
2024-01-21T00:00:00.000Z,21,0.0381164465289445
2024-01-14T00:00:00.000Z,1,0.2722767252910123
2024-01-19T00:00:00.000Z,1,0.2487708721842344
2024-02-13T00:00:00.000Z,4,0.292049777480493
2024-02-08T00:00:00.000Z,23,0.0180792203693429
2024-02-08T00:00:00.000Z,4,0.0170584573507925
2024-02-10T00:00:00.000Z,4,0.0261615661478372
2024-02-13T00:00:00.000Z,23,0.38893422441495
2024-02-10T00:00:00.000Z,23,0.0242488049993652
2024-02-10T00:00:00.000Z,15,0.0296766344106241
2024-02-18T00:00:00.000Z,24,0.0766522968270075
2024-02-18T00:00:00.000Z,36,0.1090565558381124
2024-02-15T00:00:00.000Z,24,0.2459500980699713
2024-02-20T00:00:00.000Z,24,0.1869681581582797
2024-02-20T00:00:00.000Z,36,0.2130512248467494
2024-02-18T00:00:00.000Z,1,0.0879330681484299
2024-02-15T00:00:00.000Z,1,0.3828399167678452
2024-02-20T00:00:00.000Z,1,0.1761063023754728
2024-02-15T00:00:00.000Z,36,0.3541725933913926
2024-03-04T00:00:00.000Z,19,0.0064312586874953
2024-03-09T00:00:00.000Z,19,0.5511238906803451
2024-03-06T00:00:00.000Z,19,0.0314560990431304
2024-03-06T00:00:00.000Z,20,0.0605044858005071
2024-03-09T00:00:00.000Z,20,0.5143436549397478
2024-03-04T00:00:00.000Z,20,0.0126582427829726
2024-03-09T00:00:00.000Z,15,0.4884341834895014
2024-03-06T00:00:00.000Z,7,0.0255091360763351
2024-03-09T00:00:00.000Z,6,0.4111423243553562
2024-03-04T00:00:00.000Z,7,0.0151542698389087
2024-03-04T00:00:00.000Z,6,0.0222708092944009
2024-03-06T00:00:00.000Z,6,0.0222958241277356
2024-03-06T00:00:00.000Z,15,0.0341097439596694
2024-03-09T00:00:00.000Z,7,0.4855115407449366
2024-03-04T00:00:00.000Z,15,0.0128312282137962
2024-03-26T00:00:00.000Z,10,0.1206153472153296
2024-03-26T00:00:00.000Z,19,0.144636833623248
2024-03-29T00:00:00.000Z,19,0.0300898922410123
2024-03-29T00:00:00.000Z,10,0.0565222424844443
2024-03-04T00:00:00.000Z,22,0.0171326851655272
2024-03-04T00:00:00.000Z,24,0.0214896426021143
2024-03-06T00:00:00.000Z,22,0.021251615278463
2024-03-09T00:00:00.000Z,24,0.6113918404968126
2024-03-06T00:00:00.000Z,16,0.0289245128301575
2024-03-04T00:00:00.000Z,13,0.0089194728917098
2024-03-09T00:00:00.000Z,22,0.5392060501806388
2024-03-09T00:00:00.000Z,13,0.5102603010866863
2024-03-09T00:00:00.000Z,16,0.4608570966750508
2024-03-06T00:00:00.000Z,24,0.0343406470032568
2024-03-04T00:00:00.000Z,16,0.0129574986815694
2024-03-04T00:00:00.000Z,5,0.0096269939201284
2024-03-06T00:00:00.000Z,4,0.0197702167436249
2024-03-09T00:00:00.000Z,5,0.614764829656427
2024-03-04T00:00:00.000Z,4,0.0117998071861677
2024-03-06T00:00:00.000Z,5,0.0148062110653094
2024-03-09T00:00:00.000Z,4,0.4834207180504453
2024-03-06T00:00:00.000Z,35,0.0128095533801333
2024-03-04T00:00:00.000Z,3,0.0077681491474163
2024-03-06T00:00:00.000Z,3,0.0088693063524884
2024-03-04T00:00:00.000Z,2,0.0110596896498655
2024-03-04T00:00:00.000Z,35,0.0075429050443239
2024-03-09T00:00:00.000Z,39,0.5164056192358019
2024-03-06T00:00:00.000Z,2,0.0131311883184288
2024-03-06T00:00:00.000Z,39,0.0139235839509689
2024-03-04T00:00:00.000Z,39,0.0067850445796649
2024-03-09T00:00:00.000Z,2,0.5315485201285051
2024-03-09T00:00:00.000Z,35,0.5228308142528529
2024-03-09T00:00:00.000Z,3,0.5862768951800087
2024-01-04T00:00:00.000Z,9,0.0205445606144222
2024-01-01T00:00:00.000Z,9,0.2556711322522267
2024-01-24T00:00:00.000Z,10,0.2469758084189334
2024-01-26T00:00:00.000Z,9,0.0250330015252411
2024-01-29T00:00:00.000Z,10,0.4411990825002039
2024-01-24T00:00:00.000Z,9,0.0133334579656849
2024-01-29T00:00:00.000Z,9,0.5101660619663356
2024-01-26T00:00:00.000Z,10,0.0135778861177032
2024-01-16T00:00:00.000Z,11,0.0466177341125457
2024-01-21T00:00:00.000Z,3,0.0572509314213404
2024-01-16T00:00:00.000Z,12,0.068264604195533
2024-01-19T00:00:00.000Z,12,0.0318586188836376
2024-01-16T00:00:00.000Z,3,0.0573548276461125
2024-01-14T00:00:00.000Z,12,0.2413085545076226
2024-01-21T00:00:00.000Z,12,0.066874165971959
2024-01-19T00:00:00.000Z,3,0.0348001096134294
2024-01-19T00:00:00.000Z,11,0.1023800265044838
2024-01-14T00:00:00.000Z,11,0.2372468698888303
2024-01-21T00:00:00.000Z,11,0.0564274797196281
2024-01-14T00:00:00.000Z,3,0.2847934479848936
2024-01-26T00:00:00.000Z,39,0.0411005904986093
2024-01-24T00:00:00.000Z,11,0.0121923626422276
2024-01-26T00:00:00.000Z,3,0.0085637567405492
2024-01-24T00:00:00.000Z,39,0.0337355385334459
2024-01-29T00:00:00.000Z,3,0.5014775590846728
2024-01-26T00:00:00.000Z,11,0.0723798374648309
2024-01-24T00:00:00.000Z,3,0.057033609610069
2024-01-29T00:00:00.000Z,11,0.5445086892467258
2024-01-29T00:00:00.000Z,39,0.4762901924174527
2024-03-11T00:00:00.000Z,9,0.4770527659390992
2024-03-14T00:00:00.000Z,9,0.2944986123329202
2024-03-14T00:00:00.000Z,10,0.2348305961210893
2024-03-16T00:00:00.000Z,9,0.0707766614753174
2024-03-16T00:00:00.000Z,10,0.1262572480110348
2024-03-11T00:00:00.000Z,10,0.3326414930310781
2024-03-09T00:00:00.000Z,11,0.5885565163332623
2024-03-06T00:00:00.000Z,11,0.0110405986609726
2024-03-06T00:00:00.000Z,12,3.0063846628321997e-05
2024-03-09T00:00:00.000Z,12,0.6566730711981271
2024-03-04T00:00:00.000Z,12,0.0098080255867049
2024-03-04T00:00:00.000Z,11,0.0059929046195853
2024-03-29T00:00:00.000Z,11,0.0170560550518638
2024-03-26T00:00:00.000Z,3,0.527742827767541
2024-03-29T00:00:00.000Z,3,0.0248217279134261
2024-03-26T00:00:00.000Z,39,0.428786197918414
2024-03-26T00:00:00.000Z,11,0.4714866298864363
2024-03-29T00:00:00.000Z,39,0.0247118815451675
2024-01-04T00:00:00.000Z,26,0.0850337178165933
2024-01-04T00:00:00.000Z,33,0.0418628296928693
2024-01-09T00:00:00.000Z,30,-0.0153009230144393
2024-01-06T00:00:00.000Z,30,0.0767183558280882
2024-01-11T00:00:00.000Z,34,0.2121247374560259
2024-01-09T00:00:00.000Z,34,0.0025108436970825
2024-01-06T00:00:00.000Z,34,0.0496672299555381
2024-01-11T00:00:00.000Z,30,0.2369092660765117
2024-02-03T00:00:00.000Z,25,0.3453925745876422
2024-02-03T00:00:00.000Z,34,0.6064962553060212
2024-02-03T00:00:00.000Z,26,0.526709122669011
2024-02-03T00:00:00.000Z,33,0.5887499962126723
2024-01-31T00:00:00.000Z,26,0.6251814873130376
2024-02-05T00:00:00.000Z,34,0.4761238441288679
2024-01-31T00:00:00.000Z,34,0.3893187733207428
2024-02-05T00:00:00.000Z,26,0.6003008051012064
2024-01-19T00:00:00.000Z,30,0.2288524722921123
2024-01-19T00:00:00.000Z,32,0.0807362599866308
2024-01-14T00:00:00.000Z,32,0.0944991495571448
2024-01-19T00:00:00.000Z,31,0.1722667877125049
2024-01-21T00:00:00.000Z,32,0.083062584721273
2024-01-16T00:00:00.000Z,32,0.3519936124775253
2024-01-16T00:00:00.000Z,31,0.3650268852765077
2024-01-21T00:00:00.000Z,31,0.0898346501165987
2024-01-16T00:00:00.000Z,30,0.3229402357345295
2024-01-21T00:00:00.000Z,30,0.121261730639871
2024-01-14T00:00:00.000Z,31,0.3083718566257264
2024-01-14T00:00:00.000Z,30,0.3533953144583275
2024-02-18T00:00:00.000Z,40,0.2766945863583183
2024-02-15T00:00:00.000Z,42,0.6003844575059898
2024-02-20T00:00:00.000Z,42,0.1286981603822548
2024-02-18T00:00:00.000Z,43,0.2287160905183934
2024-02-20T00:00:00.000Z,40,0.0837498980550649
2024-02-15T00:00:00.000Z,40,0.5112955388074527
2024-02-15T00:00:00.000Z,43,0.310900416469757
2024-02-18T00:00:00.000Z,42,0.1223612241137223
2024-02-20T00:00:00.000Z,43,0.1515387627643581
2024-02-18T00:00:00.000Z,45,0.0185453587821792
2024-02-15T00:00:00.000Z,45,0.209595175354512
2024-02-20T00:00:00.000Z,41,0.2112469154779178
2024-02-18T00:00:00.000Z,41,0.1475160269230972
2024-02-15T00:00:00.000Z,41,0.3800140816703066
2024-02-20T00:00:00.000Z,45,0.0873856084149987
2024-03-24T00:00:00.000Z,27,0.0144127105382344
2024-03-19T00:00:00.000Z,27,0.372065299082041
2024-03-19T00:00:00.000Z,28,0.3307650968036078
2024-03-24T00:00:00.000Z,28,0.0173726098812767
2024-03-14T00:00:00.000Z,29,0.5048505326517848
2024-03-14T00:00:00.000Z,28,0.5138542414556941
2024-03-16T00:00:00.000Z,24,0.1271260026361348
2024-03-11T00:00:00.000Z,30,0.2713055294334648
2024-03-16T00:00:00.000Z,29,0.0441068141541169
2024-03-16T00:00:00.000Z,28,0.0026090345106955
2024-03-11T00:00:00.000Z,24,0.4633991869763328
2024-03-16T00:00:00.000Z,30,0.1388866740456286
2024-03-14T00:00:00.000Z,30,0.5348783976844367
2024-03-11T00:00:00.000Z,29,0.4317071953492931
2024-03-14T00:00:00.000Z,24,0.6417912337425901
2024-03-11T00:00:00.000Z,28,0.4448499663923667
2024-03-26T00:00:00.000Z,30,0.3185425435346325
2024-03-26T00:00:00.000Z,29,0.567457543780928
2024-03-29T00:00:00.000Z,29,0.1192163624036391
2024-03-29T00:00:00.000Z,30,0.1273645706666245
2024-03-26T00:00:00.000Z,26,0.2999705200284121
2024-03-29T00:00:00.000Z,26,0.0634794183281065
2024-03-01T00:00:00.000Z,43,0.0191190622727402
2024-02-23T00:00:00.000Z,43,0.03522134815554
2024-03-01T00:00:00.000Z,42,0.0303202943782912
2024-02-25T00:00:00.000Z,43,0.4813828383094171
2024-02-23T00:00:00.000Z,42,0.0333529480791153
2024-03-01T00:00:00.000Z,40,0.0254747924430388
2024-02-23T00:00:00.000Z,40,0.0316918834828354
2024-02-28T00:00:00.000Z,43,0.1446814882345018
2024-02-28T00:00:00.000Z,42,0.0270746909184087
2024-02-28T00:00:00.000Z,40,0.0608988107989944
2024-02-25T00:00:00.000Z,42,0.5134594485280658
2024-02-25T00:00:00.000Z,40,0.4895705082127378
2024-03-26T00:00:00.000Z,35,0.4687678981382829
2024-03-29T00:00:00.000Z,35,0.0646830199033367
2024-03-26T00:00:00.000Z,40,0.391294565663867
2024-03-29T00:00:00.000Z,40,0.0888150368889748
2024-02-10T00:00:00.000Z,39,0.0356207437898472
2024-02-08T00:00:00.000Z,40,0.0401506274026746
2024-02-13T00:00:00.000Z,39,0.2760056689731304
2024-02-13T00:00:00.000Z,38,0.2940540827955228
2024-02-10T00:00:00.000Z,40,0.037103431418893
2024-02-08T00:00:00.000Z,39,0.0222271630977431
2024-02-13T00:00:00.000Z,40,0.4009456379591684
2024-02-08T00:00:00.000Z,38,0.0308129266229429
2024-02-10T00:00:00.000Z,38,0.0356505781246958
2024-03-26T00:00:00.000Z,42,0.2138610081410016
2024-03-29T00:00:00.000Z,42,0.1097220955605955
2024-01-01T00:00:00.000Z,15,0.1083987735763712
2024-01-04T00:00:00.000Z,14,0.2629124729664247
2024-01-04T00:00:00.000Z,15,0.1546789514395225
2024-01-04T00:00:00.000Z,20,0.036952854882312
2024-02-13T00:00:00.000Z,18,0.148746340209505
2024-02-08T00:00:00.000Z,18,0.0162966373429171
2024-01-16T00:00:00.000Z,15,0.0711267993306439
2024-01-21T00:00:00.000Z,7,0.0626361283765035
2024-01-19T00:00:00.000Z,20,0.0805939950782425
2024-01-19T00:00:00.000Z,7,0.1045289702365836
2024-01-21T00:00:00.000Z,20,0.0429011201758709
2024-01-14T00:00:00.000Z,15,0.0883164926911502
2024-01-16T00:00:00.000Z,7,0.0491198669468393
2024-01-14T00:00:00.000Z,20,0.0223236971593855
2024-01-16T00:00:00.000Z,20,0.0470887908662139
2024-01-19T00:00:00.000Z,15,0.07849132124799
2024-01-21T00:00:00.000Z,15,0.0395836125961341
2024-01-14T00:00:00.000Z,7,0.1042532932836129
2024-01-31T00:00:00.000Z,20,0.1171289616008848
2024-02-03T00:00:00.000Z,20,0.0091462852301879
2024-02-05T00:00:00.000Z,20,0.0022920325237739
2024-01-31T00:00:00.000Z,19,0.0836940440773684
2024-02-03T00:00:00.000Z,19,0.0076821044194718
2024-02-05T00:00:00.000Z,19,0.0567331169164399
2024-01-29T00:00:00.000Z,19,0.4638910117238075
2024-01-24T00:00:00.000Z,19,0.1683343831672054
2024-01-26T00:00:00.000Z,19,0.0111215869253107
2024-01-29T00:00:00.000Z,20,0.3391368767624733
2024-01-26T00:00:00.000Z,20,0.0223118791932897
2024-01-24T00:00:00.000Z,6,-0.0008509098523581312
2024-01-24T00:00:00.000Z,7,0.0209883028526336
2024-01-26T00:00:00.000Z,7,0.012472090363684
2024-01-24T00:00:00.000Z,20,0.2100690173091841
2024-01-29T00:00:00.000Z,6,0.3685891153404607
2024-01-29T00:00:00.000Z,15,0.3163855492819504
2024-01-26T00:00:00.000Z,6,0.0070528166487401
2024-01-26T00:00:00.000Z,15,0.0258189156057631
2024-01-29T00:00:00.000Z,7,0.4059577446450649
2024-01-24T00:00:00.000Z,15,0.0471357830692805
2024-01-31T00:00:00.000Z,8,0.0518597889067573
2024-02-05T00:00:00.000Z,10,0.1437046555033804
2024-02-05T00:00:00.000Z,8,0.0844853242335662
2024-02-03T00:00:00.000Z,7,0.0160499605695045
2024-01-31T00:00:00.000Z,7,0.0582371188311549
2024-01-31T00:00:00.000Z,10,0.1147471404738683
2024-02-03T00:00:00.000Z,10,0.0103452312389788
2024-02-05T00:00:00.000Z,7,0.0782473823511029
2024-02-03T00:00:00.000Z,8,0.0105418456403666
2024-01-09T00:00:00.000Z,14,0.3846495967796589
2024-01-09T00:00:00.000Z,16,0.3550067283719487
2024-01-09T00:00:00.000Z,15,0.4605271395640993
2024-01-19T00:00:00.000Z,14,0.0446599141009097
2024-01-19T00:00:00.000Z,16,0.0925311877014811
2024-01-14T00:00:00.000Z,14,0.076104882948441
2024-01-14T00:00:00.000Z,16,0.1723559820977567
2024-01-16T00:00:00.000Z,14,0.1135321116284321
2024-01-21T00:00:00.000Z,14,
2024-01-06T00:00:00.000Z,29,0.0910685750801713
2024-01-11T00:00:00.000Z,29,0.2773800808069602
2024-01-09T00:00:00.000Z,29,-0.0007131547520981965
2024-01-09T00:00:00.000Z,24,0.0687372957458996
2024-01-11T00:00:00.000Z,28,0.6572578869005583
2024-01-06T00:00:00.000Z,24,0.0307533248644334
2024-01-06T00:00:00.000Z,28,0.0685084015244542
2024-01-11T00:00:00.000Z,24,0.5619864412669127
2024-01-09T00:00:00.000Z,28,0.117206582015852
2024-02-08T00:00:00.000Z,28,0.0180233836190421
2024-02-13T00:00:00.000Z,28,0.472532820639847
2024-02-20T00:00:00.000Z,28,0.0763305434947613
2024-02-15T00:00:00.000Z,28,0.1752862490895249
2024-02-15T00:00:00.000Z,29,0.2083189539174705
2024-02-18T00:00:00.000Z,28,0.1095915432392647
2024-02-18T00:00:00.000Z,29,0.0897255907065792
2024-02-20T00:00:00.000Z,29,0.13680311443117
2024-01-11T00:00:00.000Z,4,0.3638485610845433
2024-01-06T00:00:00.000Z,9,0.0230163456435387
2024-01-06T00:00:00.000Z,5,0.0292887696348489
2024-01-11T00:00:00.000Z,9,0.4913475738406458
2024-01-06T00:00:00.000Z,12,0.0330853666813277
2024-01-06T00:00:00.000Z,7,0.0254016160954036
2024-01-09T00:00:00.000Z,4,0.3683180127766862
2024-01-09T00:00:00.000Z,9,0.5177914397444363
2024-01-06T00:00:00.000Z,4,0.018518872361268
2024-01-11T00:00:00.000Z,12,0.4589134173713393
2024-01-09T00:00:00.000Z,12,0.4980876062462657
2024-01-11T00:00:00.000Z,5,0.5163927267430931
2024-01-11T00:00:00.000Z,7,0.4354331987899128
2024-01-09T00:00:00.000Z,5,0.5180669909857626
2024-01-09T00:00:00.000Z,7,0.4732183158198127
2024-01-21T00:00:00.000Z,19,0.0512653136641247
2024-01-16T00:00:00.000Z,19,0.0526892378218817
2024-01-14T00:00:00.000Z,19,0.0303160178666716
2024-01-19T00:00:00.000Z,19,0.0917374902857404
2024-01-09T00:00:00.000Z,37,-0.0012554121824759
2024-01-11T00:00:00.000Z,35,0.2381644808007081
2024-01-09T00:00:00.000Z,36,0.1938454651625785
2024-01-09T00:00:00.000Z,1,0.3295941184561881
2024-01-11T00:00:00.000Z,1,0.3675461694398252
2024-01-06T00:00:00.000Z,37,0.0845425919177982
2024-01-11T00:00:00.000Z,37,0.1917385148883044
2024-01-06T00:00:00.000Z,36,0.0596405348589873
2024-01-09T00:00:00.000Z,35,0.1208750957331274
2024-01-06T00:00:00.000Z,1,0.0360036202121206
2024-01-06T00:00:00.000Z,35,0.0543874763846462
2024-01-11T00:00:00.000Z,36,0.2162404680507005
2024-01-06T00:00:00.000Z,3,0.0606413852537521
2024-01-11T00:00:00.000Z,2,0.297915870555972
2024-01-06T00:00:00.000Z,39,0.0372036233583755
2024-01-11T00:00:00.000Z,39,0.1804344248484317
2024-01-06T00:00:00.000Z,2,0.0855141891870709
2024-01-09T00:00:00.000Z,39,0.1545019936524093
2024-01-09T00:00:00.000Z,3,0.3591674534106229
2024-01-11T00:00:00.000Z,3,0.3839125447359215
2024-01-09T00:00:00.000Z,2,0.2953289699834794
2024-01-09T00:00:00.000Z,8,0.5013263052895213
2024-01-06T00:00:00.000Z,8,0.0265728932119351
2024-01-11T00:00:00.000Z,8,0.4544206292602519
2024-01-01T00:00:00.000Z,28,0.1126845662710764
2024-01-01T00:00:00.000Z,24,0.129040719982416
2024-01-04T00:00:00.000Z,29,0.2370333625840885
2024-01-01T00:00:00.000Z,29,0.0825767133412261
2024-01-04T00:00:00.000Z,24,0.1591519192034561
2024-01-04T00:00:00.000Z,28,0.0774714791010687
2024-02-18T00:00:00.000Z,14,0.0762127912322406
2024-02-15T00:00:00.000Z,21,0.3338795190587763
2024-02-18T00:00:00.000Z,21,0.0837444658271165
2024-02-20T00:00:00.000Z,21,0.1857700485080611
2024-02-20T00:00:00.000Z,17,0.1424008489743667
2024-02-18T00:00:00.000Z,18,0.0596692127880198
2024-02-15T00:00:00.000Z,17,0.2406609078155241
2024-02-20T00:00:00.000Z,20,0.2295371508872207
2024-02-18T00:00:00.000Z,17,0.0666606947748734
2024-02-15T00:00:00.000Z,20,0.3174621673309459
2024-02-18T00:00:00.000Z,20,0.0831630302235793
2024-02-20T00:00:00.000Z,5,0.3775924634241056
2024-02-18T00:00:00.000Z,7,0.0888779731468228
2024-02-20T00:00:00.000Z,9,0.2667788624908468
2024-02-15T00:00:00.000Z,5,0.5309204607014597
2024-02-18T00:00:00.000Z,12,0.2576939333686686
2024-02-15T00:00:00.000Z,12,0.3995646621081092
2024-02-18T00:00:00.000Z,9,0.1536538422376739
2024-02-20T00:00:00.000Z,12,0.2317489865313057
2024-02-20T00:00:00.000Z,4,0.2968869406138876
2024-02-18T00:00:00.000Z,5,0.1103140668363599
2024-02-15T00:00:00.000Z,9,0.3850812296383892
2024-02-20T00:00:00.000Z,7,0.2256600244845194
2024-02-15T00:00:00.000Z,4,0.3813794196933437
2024-02-15T00:00:00.000Z,7,0.3827198887295575
2024-02-18T00:00:00.000Z,4,0.0893824679551143
2024-01-04T00:00:00.000Z,16,0.1123386943120307
2024-02-10T00:00:00.000Z,1,0.0300367792365238
2024-02-13T00:00:00.000Z,37,0.3827767104067576
2024-02-13T00:00:00.000Z,22,0.3682319124859816
2024-02-08T00:00:00.000Z,22,0.0293325415356336
2024-02-08T00:00:00.000Z,29,0.02488352659866
2024-02-08T00:00:00.000Z,37,0.0395430456653403
2024-02-10T00:00:00.000Z,36,0.035398882435392
2024-02-13T00:00:00.000Z,29,0.4539432687215968
2024-02-10T00:00:00.000Z,29,0.0399149502154197
2024-02-08T00:00:00.000Z,36,0.0416469520998066
2024-02-08T00:00:00.000Z,1,0.0306858716418829
2024-02-13T00:00:00.000Z,24,0.314788853382439
2024-02-08T00:00:00.000Z,24,0.0056122937791118
2024-02-13T00:00:00.000Z,36,0.4212894899096683
2024-02-13T00:00:00.000Z,1,0.2961936489903721
2024-02-10T00:00:00.000Z,37,0.0338882284550056
2024-02-10T00:00:00.000Z,24,0.0425431590415062
2024-02-10T00:00:00.000Z,22,0.0321788649634387
2024-01-06T00:00:00.000Z,23,0.0247010451514944
2024-01-11T00:00:00.000Z,23,0.4580810784236904
2024-01-11T00:00:00.000Z,14,0.5166172747209637
2024-01-09T00:00:00.000Z,23,0.4702453730991041
2024-01-06T00:00:00.000Z,15,0.0277320079653966
2024-01-11T00:00:00.000Z,15,0.4373602884308605
2024-01-06T00:00:00.000Z,14,0.032747032685346
2024-01-29T00:00:00.000Z,16,0.379440823615626
2024-01-24T00:00:00.000Z,16,-0.000615800249910331
2024-01-29T00:00:00.000Z,14,0.3078352754879657
2024-01-24T00:00:00.000Z,14,0.0701852267787032
2024-02-08T00:00:00.000Z,16,0.0113542784580246
2024-02-13T00:00:00.000Z,16,0.3977568251795506
2024-02-10T00:00:00.000Z,14,0.028383769924582
2024-01-29T00:00:00.000Z,24,0.4792231985846841
2024-01-24T00:00:00.000Z,24,0.0317815006735114
2024-01-29T00:00:00.000Z,29,0.5261388109172075
2024-01-26T00:00:00.000Z,28,0.0144053911850421
2024-01-29T00:00:00.000Z,28,0.4435360899851951
2024-01-24T00:00:00.000Z,29,0.086387797614614
2024-01-24T00:00:00.000Z,28,0.009971542688662
2024-01-14T00:00:00.000Z,39,0.1543285549155504
2024-01-19T00:00:00.000Z,39,0.2358765351441146
2024-01-19T00:00:00.000Z,2,0.0636240801009382
2024-01-14T00:00:00.000Z,35,0.2605376664537221
2024-01-19T00:00:00.000Z,35,0.1457103544842746
2024-01-14T00:00:00.000Z,2,0.2528514999853879
2024-01-16T00:00:00.000Z,2,0.0838108182397609
2024-01-16T00:00:00.000Z,35,0.080112930089509
2024-01-21T00:00:00.000Z,35,0.0772954869014789
2024-01-16T00:00:00.000Z,39,0.0688855288030224
2024-01-21T00:00:00.000Z,2,0.0769254074827893
2024-01-21T00:00:00.000Z,39,0.0630415877210664
2024-02-20T00:00:00.000Z,39,0.0899967230327809
2024-02-18T00:00:00.000Z,3,0.1946509425110608
2024-02-20T00:00:00.000Z,35,0.0989735804378405
2024-02-18T00:00:00.000Z,39,0.2332400139593527
2024-02-15T00:00:00.000Z,3,0.506816025372617
2024-02-18T00:00:00.000Z,2,0.1537187248972425
2024-02-15T00:00:00.000Z,2,0.4489865509114418
2024-02-18T00:00:00.000Z,35,0.1901494950362759
2024-02-15T00:00:00.000Z,39,0.4475000773582625
2024-02-20T00:00:00.000Z,3,0.1981074590200778
2024-02-20T00:00:00.000Z,2,0.1849053554806929
2024-02-15T00:00:00.000Z,35,0.4645014254555035
2024-01-01T00:00:00.000Z,3,0.3131384567227174
2024-01-01T00:00:00.000Z,2,0.3364495265626458
2024-01-04T00:00:00.000Z,12,0.0410845726374987
2024-01-04T00:00:00.000Z,3,0.1395725756599613
2024-01-01T00:00:00.000Z,5,0.2724905889113178
2024-01-01T00:00:00.000Z,12,0.5039710260572009
2024-01-04T00:00:00.000Z,2,0.1259553570293854
2024-01-04T00:00:00.000Z,5,0.1006706524610356
2024-02-03T00:00:00.000Z,37,0.5434978195128103
2024-02-03T00:00:00.000Z,1,0.1729598482081473
2024-02-05T00:00:00.000Z,36,0.4363684146795965
2024-02-03T00:00:00.000Z,36,0.2643625717290148
2024-02-03T00:00:00.000Z,35,0.4254857303485354
2024-01-31T00:00:00.000Z,37,0.1892954071277146
2024-02-05T00:00:00.000Z,1,0.4361527163779913
2024-02-05T00:00:00.000Z,35,0.467789467322846
2024-01-31T00:00:00.000Z,1,0.0324365754529951
2024-01-31T00:00:00.000Z,35,0.0701428906425751
2024-01-31T00:00:00.000Z,36,0.040194308824424
2024-02-05T00:00:00.000Z,37,0.4983190792754035
2024-02-28T00:00:00.000Z,20,0.3365357350417327
2024-02-23T00:00:00.000Z,14,0.4008582370015355
2024-02-28T00:00:00.000Z,14,0.2213098891897772
2024-02-23T00:00:00.000Z,20,0.2335787457404738
2024-02-23T00:00:00.000Z,15,0.3995980865455341
2024-03-01T00:00:00.000Z,15,0.024600426611873
2024-02-28T00:00:00.000Z,15,0.1599278536751355
2024-02-25T00:00:00.000Z,15,0.324342001100752
2024-02-25T00:00:00.000Z,19,0.4297392420642698
2024-03-01T00:00:00.000Z,19,0.0509750215583741
2024-02-25T00:00:00.000Z,20,0.309542647617686
2024-03-01T00:00:00.000Z,20,0.0594754732979344
2024-02-25T00:00:00.000Z,7,0.2300331077400911
2024-02-28T00:00:00.000Z,7,0.0522502069713524
2024-02-23T00:00:00.000Z,19,0.0292629605042423
2024-02-23T00:00:00.000Z,7,0.0474865874674727
2024-02-28T00:00:00.000Z,19,0.3318084796051566
2024-03-01T00:00:00.000Z,7,0.0275406411582466
2024-03-26T00:00:00.000Z,7,0.3211420058881139
2024-03-29T00:00:00.000Z,7,0.0273637199948373
2024-03-26T00:00:00.000Z,20,0.2167728945764125
2024-03-29T00:00:00.000Z,20,0.0289624809386401
2024-03-09T00:00:00.000Z,17,0.4810296171006486
2024-03-06T00:00:00.000Z,17,0.0513256148389827
2024-03-04T00:00:00.000Z,17,0.0104554662442013
2024-03-09T00:00:00.000Z,18,0.3505053988712717
2024-03-04T00:00:00.000Z,18,0.0126612183223506
2024-03-21T00:00:00.000Z,10,0.2432467628302631
2024-03-24T00:00:00.000Z,10,0.0649319670437005
2024-03-19T00:00:00.000Z,10,0.054908923922376
2024-03-19T00:00:00.000Z,19,0.0788233690535521
2024-03-21T00:00:00.000Z,19,0.2567301583465976
2024-03-24T00:00:00.000Z,19,0.0293110533544512
2024-02-25T00:00:00.000Z,24,0.4268384314084853
2024-03-01T00:00:00.000Z,22,0.0442384659183378
2024-03-01T00:00:00.000Z,24,0.0283144221885473
2024-02-28T00:00:00.000Z,16,0.4710734027724583
2024-02-25T00:00:00.000Z,22,0.5500159259442201
2024-02-23T00:00:00.000Z,24,0.2901650336523353
2024-02-25T00:00:00.000Z,16,0.5923075397411868
2024-02-28T00:00:00.000Z,13,0.4951066343088712
2024-03-01T00:00:00.000Z,16,0.0161516389058989
2024-02-23T00:00:00.000Z,13,0.2586862528875104
2024-02-23T00:00:00.000Z,22,0.4431671348184027
2024-02-23T00:00:00.000Z,16,0.2613657890693417
2024-02-28T00:00:00.000Z,24,0.3843760978920832
2024-02-28T00:00:00.000Z,22,0.2312353156147879
2024-03-21T00:00:00.000Z,20,0.4189360855936186
2024-03-24T00:00:00.000Z,20,0.0171142660127413
2024-03-19T00:00:00.000Z,7,0.2142641543259474
2024-03-24T00:00:00.000Z,7,0.0261667056227339
2024-03-21T00:00:00.000Z,7,0.420071821458193
2024-03-19T00:00:00.000Z,20,0.0798491869117358
2024-02-23T00:00:00.000Z,2,0.0613025932514881
2024-03-01T00:00:00.000Z,2,0.0211120668398816
2024-03-01T00:00:00.000Z,5,0.0244220609287182
2024-02-28T00:00:00.000Z,0,-0.0135527774260749
2024-02-23T00:00:00.000Z,4,0.0878414358577329
2024-02-28T00:00:00.000Z,4,-0.0123355733521675
2024-02-28T00:00:00.000Z,5,-0.0094779598401419
2024-02-23T00:00:00.000Z,0,0.0869424031942932
2024-03-01T00:00:00.000Z,4,0.024596504681294
2024-02-28T00:00:00.000Z,2,0.0030083192888991
2024-02-23T00:00:00.000Z,5,0.0656302219203717
2024-03-01T00:00:00.000Z,0,0.0233155515002679
2024-02-25T00:00:00.000Z,2,0.4638376507365923
2024-02-25T00:00:00.000Z,4,0.3437246616890219
2024-02-25T00:00:00.000Z,0,0.4311447319843701
2024-02-25T00:00:00.000Z,5,0.2627678739575734
2024-03-21T00:00:00.000Z,2,0.1702958863554583
2024-03-24T00:00:00.000Z,39,0.0408714251869949
2024-03-19T00:00:00.000Z,3,0.190304635164477
2024-03-21T00:00:00.000Z,3,0.0513107424406419
2024-03-21T00:00:00.000Z,39,0.0451051406552961
2024-03-19T00:00:00.000Z,39,0.19611496845326
2024-03-24T00:00:00.000Z,2,0.0501548264737895
2024-03-24T00:00:00.000Z,3,0.0191782317936399
2024-03-21T00:00:00.000Z,35,0.0697752820052852
2024-03-19T00:00:00.000Z,2,0.3435021475576189
2024-03-19T00:00:00.000Z,35,0.2141043847657788
2024-03-24T00:00:00.000Z,35,0.039801037847208
2024-01-19T00:00:00.000Z,9,0.0939426551215483
2024-01-14T00:00:00.000Z,9,0.0641080652064823
2024-01-16T00:00:00.000Z,9,0.0539469597449586
2024-01-21T00:00:00.000Z,9,0.0723696641029205
2024-01-24T00:00:00.000Z,5,0.0580065945199659
2024-01-24T00:00:00.000Z,12,0.0078426695302029
2024-01-26T00:00:00.000Z,12,0.0521359000253584
2024-01-29T00:00:00.000Z,12,0.57881257963965
2024-01-29T00:00:00.000Z,5,0.4928845747036125
2024-01-26T00:00:00.000Z,5,0.0192524233541944
2024-03-19T00:00:00.000Z,9,0.1961297012531585
2024-03-19T00:00:00.000Z,8,0.1630765979423687
2024-03-24T00:00:00.000Z,8,0.0180451951452209
2024-03-24T00:00:00.000Z,9,0.0190734153358536
2024-03-21T00:00:00.000Z,8,0.3735392464057034
2024-03-21T00:00:00.000Z,9,0.4220457749452766
2024-02-25T00:00:00.000Z,11,0.4445842877795989
2024-02-25T00:00:00.000Z,39,0.5008947138656048
2024-02-28T00:00:00.000Z,11,0.0015609429272768
2024-02-28T00:00:00.000Z,39,0.0240546255471558
2024-02-28T00:00:00.000Z,3,-0.000761895303175597
2024-02-23T00:00:00.000Z,11,0.0331851763979576
2024-03-01T00:00:00.000Z,11,0.0323072191104507
2024-02-25T00:00:00.000Z,3,0.4309304793785194
2024-03-01T00:00:00.000Z,3,0.0198918593737052
2024-02-23T00:00:00.000Z,39,0.0331991996558887
2024-02-23T00:00:00.000Z,3,0.0457013501690814
2024-03-01T00:00:00.000Z,39,0.0227316826341464
2024-01-06T00:00:00.000Z,26,0.0333086490741349
2024-01-11T00:00:00.000Z,26,0.2917986686666067
2024-01-09T00:00:00.000Z,26,0.026842288002975
2024-02-08T00:00:00.000Z,26,0.0145642016911892
2024-02-08T00:00:00.000Z,33,0.0182582079971916
2024-02-13T00:00:00.000Z,25,0.5130544976913781
2024-02-13T00:00:00.000Z,26,0.5022157688163854
2024-02-08T00:00:00.000Z,25,0.0153084368932196
2024-02-13T00:00:00.000Z,33,0.4803589109061297
2024-01-04T00:00:00.000Z,37,0.1359918388594595
2024-01-01T00:00:00.000Z,37,0.1531202316567352
2024-01-04T00:00:00.000Z,43,0.2674493669142612
2024-01-01T00:00:00.000Z,43,0.1242891246091033
2024-01-04T00:00:00.000Z,41,0.1056069210895673
2024-01-04T00:00:00.000Z,31,0.3093605487393794
2024-01-01T00:00:00.000Z,31,0.0909495881175607
2024-01-04T00:00:00.000Z,32,0.1139890703026412
2024-01-01T00:00:00.000Z,32,0.1167676545395767
2024-01-01T00:00:00.000Z,41,0.0828234574681316
2024-01-29T00:00:00.000Z,37,0.5103644311935984
2024-01-24T00:00:00.000Z,31,0.0280059671996263
2024-01-26T00:00:00.000Z,31,0.04250938776706
2024-01-26T00:00:00.000Z,29,0.0160963418965549
2024-01-24T00:00:00.000Z,37,0.0227221718683045
2024-01-29T00:00:00.000Z,31,0.5702535335716543
2024-01-26T00:00:00.000Z,37,0.0361039001546711
2024-02-08T00:00:00.000Z,42,0.0387836034992124
2024-02-10T00:00:00.000Z,43,0.0342162544548865
2024-02-10T00:00:00.000Z,42,0.0314187112133226
2024-02-13T00:00:00.000Z,42,0.4778723460943382
2024-02-13T00:00:00.000Z,43,0.3959847403368683
2024-02-08T00:00:00.000Z,43,0.0251312403924997
2024-01-01T00:00:00.000Z,34,0.0368866370288777
2024-01-04T00:00:00.000Z,34,0.1358892005659072
2024-01-14T00:00:00.000Z,34,0.2677012311179029
2024-01-19T00:00:00.000Z,34,0.1829610571273762
2024-01-16T00:00:00.000Z,34,0.1127184037756458
2024-01-21T00:00:00.000Z,34,0.1386941539067017
2024-03-14T00:00:00.000Z,25,0.4570399137599973
2024-03-14T00:00:00.000Z,27,0.5164132562655545
2024-03-14T00:00:00.000Z,26,0.5183256219434336
2024-03-19T00:00:00.000Z,26,0.4110623077367413
2024-03-24T00:00:00.000Z,26,0.0360024191971458
2024-03-24T00:00:00.000Z,25,0.0230539786621311
2024-03-19T00:00:00.000Z,25,0.3203379747465055
2024-03-19T00:00:00.000Z,33,0.3940870373887346
2024-03-24T00:00:00.000Z,33,0.036568896658006
2024-03-29T00:00:00.000Z,28,0.0814972847641129
2024-03-29T00:00:00.000Z,27,0.0623288323412627
2024-03-29T00:00:00.000Z,25,0.045756699357488
2024-02-25T00:00:00.000Z,30,0.3699403304695973
2024-02-25T00:00:00.000Z,37,0.3442665200490425
2024-02-28T00:00:00.000Z,30,0.0615287270616511
2024-02-25T00:00:00.000Z,29,0.3976397144679421
2024-03-01T00:00:00.000Z,37,0.0200903193443811
2024-02-28T00:00:00.000Z,31,0.133696104108922
2024-03-01T00:00:00.000Z,30,0.0293845006585562
2024-02-23T00:00:00.000Z,37,0.0392516215891847
2024-03-01T00:00:00.000Z,31,0.0108522424087864
2024-02-23T00:00:00.000Z,29,0.2151517337725184
2024-02-23T00:00:00.000Z,31,0.0229767200681534
2024-02-23T00:00:00.000Z,30,0.2236255489580378
2024-02-28T00:00:00.000Z,37,0.0331305193847251
2024-02-25T00:00:00.000Z,31,0.4202458961136863
2024-02-28T00:00:00.000Z,29,0.0035559134221659
2024-03-01T00:00:00.000Z,29,0.0394706268368063
2024-03-06T00:00:00.000Z,43,0.0168595606467589
2024-03-09T00:00:00.000Z,41,0.5840032693980601
2024-03-06T00:00:00.000Z,42,0.01627304007933
2024-03-09T00:00:00.000Z,32,0.5197384439514925
2024-03-04T00:00:00.000Z,41,0.0173026482132202
2024-03-09T00:00:00.000Z,43,0.5480938855570227
2024-03-06T00:00:00.000Z,41,0.0221557500981566
2024-03-09T00:00:00.000Z,42,0.5751580296188158
2024-03-06T00:00:00.000Z,32,0.0203831632493159
2024-03-04T00:00:00.000Z,43,0.0158693500401737
2024-03-04T00:00:00.000Z,42,0.0130198768942879
2024-03-04T00:00:00.000Z,32,0.0097151844792675
2024-01-06T00:00:00.000Z,38,0.0285100130100068
2024-01-11T00:00:00.000Z,38,0.0673725349786194
2024-01-11T00:00:00.000Z,40,0.0162022581599416
2024-01-06T00:00:00.000Z,40,0.0504779475656773
2024-01-26T00:00:00.000Z,40,0.0711736648334241
2024-01-26T00:00:00.000Z,38,0.0381685989810876
2024-03-06T00:00:00.000Z,40,0.0113721365939969
2024-03-26T00:00:00.000Z,38,0.3548093720444099
2024-01-19T00:00:00.000Z,36,0.24927670143825
2024-01-14T00:00:00.000Z,37,0.3193890008368497
2024-01-16T00:00:00.000Z,36,0.1284267797508447
2024-01-14T00:00:00.000Z,36,0.2856774187608104
2024-01-16T00:00:00.000Z,37,0.2169751153292704
2024-01-21T00:00:00.000Z,36,0.0906502657544955
2024-01-21T00:00:00.000Z,37,0.0810771906801599
2024-01-19T00:00:00.000Z,37,0.1888269151486029
2024-03-16T00:00:00.000Z,15,0.0840790599763281
2024-03-11T00:00:00.000Z,23,0.3173736251092128
2024-03-14T00:00:00.000Z,16,0.5483733297817414
2024-03-16T00:00:00.000Z,22,0.0621047920008568
2024-03-16T00:00:00.000Z,23,0.0683836829520162
2024-03-14T00:00:00.000Z,22,0.6875958104401969
2024-03-16T00:00:00.000Z,16,0.0113746331099617
2024-03-14T00:00:00.000Z,13,0.5855001032602507
2024-03-11T00:00:00.000Z,16,0.2623703057187851
2024-03-14T00:00:00.000Z,15,0.4641115727644433
2024-03-14T00:00:00.000Z,23,0.5317104475473152
2024-03-11T00:00:00.000Z,15,0.4412548975703134
2024-03-11T00:00:00.000Z,22,0.3919039063588161
2024-01-29T00:00:00.000Z,18,0.304271064788799
2024-01-24T00:00:00.000Z,18,0.1107382184254027
2024-01-29T00:00:00.000Z,4,0.3804747287269414
2024-01-26T00:00:00.000Z,4,0.0131595560408659
2024-01-24T00:00:00.000Z,4,0.104651540891071
2024-01-21T00:00:00.000Z,10,0.0546956322006609
2024-01-14T00:00:00.000Z,10,0.0468933386670576
2024-01-19T00:00:00.000Z,10,0.1021363474543009
2024-01-16T00:00:00.000Z,10,0.0584303968018517
2024-02-13T00:00:00.000Z,35,0.2264405218279324
2024-02-10T00:00:00.000Z,35,0.0356624358669411
2024-02-08T00:00:00.000Z,35,0.0116236851105723
2024-03-14T00:00:00.000Z,20,0.3808190136330887
2024-03-14T00:00:00.000Z,18,0.3611782609809953
2024-02-23T00:00:00.000Z,6,0.0439590687966922
2024-03-01T00:00:00.000Z,6,0.0292921589613151
2024-02-25T00:00:00.000Z,6,0.1108827265557753
2024-02-28T00:00:00.000Z,6,0.0237957716992661
2024-03-04T00:00:00.000Z,28,0.0111186429769853
2024-03-09T00:00:00.000Z,28,0.5406718718395868
2024-03-09T00:00:00.000Z,36,0.4900763380465032
2024-03-06T00:00:00.000Z,36,0.0189071532538743
2024-03-04T00:00:00.000Z,0,0.0073645019374931
2024-03-06T00:00:00.000Z,1,0.0206281772556104
2024-03-04T00:00:00.000Z,36,0.0117300804280252
2024-03-09T00:00:00.000Z,1,0.5054663071081396
2024-03-09T00:00:00.000Z,0,0.4335163639518006
2024-03-06T00:00:00.000Z,0,0.014382872679554
2024-03-04T00:00:00.000Z,1,0.0100626045630549
2024-03-26T00:00:00.000Z,36,0.4776509371854378
2024-03-26T00:00:00.000Z,1,0.4585207389503204
2024-03-29T00:00:00.000Z,1,0.072465916628661
2024-03-29T00:00:00.000Z,37,0.1681582600411761
2024-03-26T00:00:00.000Z,37,0.5631093146184596
2024-03-29T00:00:00.000Z,36,0.1086151860146518
2024-01-16T00:00:00.000Z,38,0.0663527425354111
2024-01-14T00:00:00.000Z,38,0.0694153050049792
2024-01-21T00:00:00.000Z,38,0.0588703125978
2024-02-05T00:00:00.000Z,3,0.3591577612001972
2024-02-05T00:00:00.000Z,11,0.4419769731133218
2024-02-03T00:00:00.000Z,11,0.0739058112904579
2024-01-31T00:00:00.000Z,11,0.0505442627338946
2024-02-03T00:00:00.000Z,3,0.0990766340507219
2024-01-31T00:00:00.000Z,12,0.0895185056935375
2024-02-03T00:00:00.000Z,12,0.0055301459244004
2024-01-31T00:00:00.000Z,3,0.0403615890728956
2024-02-05T00:00:00.000Z,12,0.2450129221781285
2024-02-18T00:00:00.000Z,38,0.2463233752093391
2024-02-20T00:00:00.000Z,38,0.0213943319106363
2024-02-15T00:00:00.000Z,38,0.4097437226331602
2024-03-29T00:00:00.000Z,9,0.0241762685176989
2024-03-26T00:00:00.000Z,9,0.3336270049775213
2024-03-16T00:00:00.000Z,5,0.0544861763739454
2024-03-11T00:00:00.000Z,12,0.5964266715215404
2024-03-14T00:00:00.000Z,5,0.2132303479410214
2024-03-14T00:00:00.000Z,12,0.3260530689103515
2024-03-11T00:00:00.000Z,5,0.4870280154310692
2024-03-16T00:00:00.000Z,12,0.1096663564188325
2024-03-26T00:00:00.000Z,12,0.386914684202464
2024-01-04T00:00:00.000Z,25,0.1837229636699826
2024-01-04T00:00:00.000Z,27,0.1097765214152764
2024-01-16T00:00:00.000Z,29,0.3857150779995781
2024-01-21T00:00:00.000Z,29,0.1162400703613918
2024-01-19T00:00:00.000Z,26,0.2040518354629146
2024-01-14T00:00:00.000Z,29,0.3657791110270693
2024-01-14T00:00:00.000Z,26,0.2677777054846676
2024-01-21T00:00:00.000Z,26,0.1760946245734263
2024-01-16T00:00:00.000Z,26,0.2014202557022731
2024-01-19T00:00:00.000Z,29,0.2354315602426231
2024-02-13T00:00:00.000Z,30,0.4898221056987163
2024-02-08T00:00:00.000Z,30,0.0175177978625654
2024-02-10T00:00:00.000Z,30,0.0371381037305044
2024-02-10T00:00:00.000Z,28,0.0432337507749949
2024-01-04T00:00:00.000Z,30,0.1713405310216723
2024-01-01T00:00:00.000Z,30,0.0709255507534224
2024-01-16T00:00:00.000Z,40,0.1077304424620801
2024-01-14T00:00:00.000Z,40,0.1614714407878162
2024-01-19T00:00:00.000Z,40,0.1573405921195401
2024-01-21T00:00:00.000Z,40,0.0764765463271986
2024-02-18T00:00:00.000Z,37,0.1224479568333414
2024-02-20T00:00:00.000Z,37,0.0729807511562024
2024-02-20T00:00:00.000Z,31,0.1051236424543091
2024-02-15T00:00:00.000Z,31,0.2727162651749474
2024-02-18T00:00:00.000Z,31,0.0765466217952675
2024-02-15T00:00:00.000Z,37,0.2895114073594512
2024-01-24T00:00:00.000Z,41,0.0273236057145196
2024-01-29T00:00:00.000Z,32,0.2983487291347176
2024-01-24T00:00:00.000Z,43,0.0461562672084936
2024-01-29T00:00:00.000Z,41,0.2552434485602121
2024-01-24T00:00:00.000Z,32,0.0346174032442478
2024-01-26T00:00:00.000Z,32,0.0511705437140304
2024-01-29T00:00:00.000Z,43,0.5715718317888232
2024-01-26T00:00:00.000Z,43,0.064010363349171
2024-01-26T00:00:00.000Z,41,0.0362546765248633
2024-01-26T00:00:00.000Z,45,0.038404424861905
2024-01-29T00:00:00.000Z,45,0.0019403606874967
2024-01-24T00:00:00.000Z,45,0.018875124888057
2024-02-25T00:00:00.000Z,28,0.3912184454740755
2024-02-23T00:00:00.000Z,28,0.4199511548446541
2024-03-01T00:00:00.000Z,28,0.0290058875930495
2024-02-28T00:00:00.000Z,28,0.418006190447523
2024-03-29T00:00:00.000Z,34,0.0630411531475256
2024-03-26T00:00:00.000Z,34,0.1771902978776139
2024-03-01T00:00:00.000Z,35,0.0183012081001074
2024-02-25T00:00:00.000Z,35,0.4346218756275087
2024-02-23T00:00:00.000Z,35,0.0429428176621297
2024-02-28T00:00:00.000Z,35,0.0209072957608716
2024-03-06T00:00:00.000Z,44,0.0190893853557943
2024-03-04T00:00:00.000Z,44,0.0071675720081465
2024-03-09T00:00:00.000Z,44,-0.0445220760547043
2024-03-26T00:00:00.000Z,31,0.5096124425326184
2024-03-29T00:00:00.000Z,31,0.2275065685702681
2024-01-01T00:00:00.000Z,42,0.2786518242462638
2024-01-06T00:00:00.000Z,42,0.0552366892915149
2024-01-11T00:00:00.000Z,42,0.020456863622795
2024-03-14T00:00:00.000Z,42,0.3484706008761355
2024-03-11T00:00:00.000Z,42,0.6779753725348799
2024-03-16T00:00:00.000Z,40,0.1654023459941808
2024-03-16T00:00:00.000Z,42,0.2081069172050461
2024-03-11T00:00:00.000Z,40,0.5602481909006418
2024-01-09T00:00:00.000Z,19,0.5672334265983419
2024-01-09T00:00:00.000Z,10,0.4965463916443066
2024-01-06T00:00:00.000Z,10,0.0264547924260447
2024-01-11T00:00:00.000Z,10,0.4490827598209967
2024-01-06T00:00:00.000Z,19,0.0277826880182079
2024-01-11T00:00:00.000Z,19,0.5160957093796416
2024-01-09T00:00:00.000Z,17,0.50483451264729
2024-01-06T00:00:00.000Z,17,0.0305787760033087
2024-01-11T00:00:00.000Z,20,0.4994320750302107
2024-01-11T00:00:00.000Z,17,0.5410940208200703
2024-01-06T00:00:00.000Z,20,0.0299912381559034
2024-03-29T00:00:00.000Z,14,0.0267689715133116
2024-03-29T00:00:00.000Z,16,0.0722394566140221
2024-03-29T00:00:00.000Z,15,0.0364399433206424
2024-01-21T00:00:00.000Z,6,0.06992204281507
2024-01-14T00:00:00.000Z,8,0.0399730929434838
2024-01-14T00:00:00.000Z,6,0.1612681916082956
2024-01-19T00:00:00.000Z,8,0.1055065884097985
2024-01-19T00:00:00.000Z,6,0.1377535920050354
2024-01-21T00:00:00.000Z,8,0.0795581825230451
2024-01-16T00:00:00.000Z,8,0.0487360334373549
2024-01-16T00:00:00.000Z,6,0.0448867516546823
2024-03-29T00:00:00.000Z,13,0.0670562652986052
2024-01-01T00:00:00.000Z,20,0.0713222601024602
2024-03-26T00:00:00.000Z,24,0.6282819244344025
2024-03-29T00:00:00.000Z,24,0.0860186107057854
2024-03-26T00:00:00.000Z,28,0.6294656336022892
2024-02-08T00:00:00.000Z,17,0.0091526419343154
2024-02-10T00:00:00.000Z,17,0.0372969728915542
2024-02-13T00:00:00.000Z,17,0.2936953590444715
2024-02-10T00:00:00.000Z,20,0.0420353923879345
2024-01-19T00:00:00.000Z,17,0.1196615268913551
2024-01-21T00:00:00.000Z,17,0.0456157981431986
2024-01-16T00:00:00.000Z,17,0.0590283507387023
2024-01-14T00:00:00.000Z,18,0.027593389427972
2024-01-14T00:00:00.000Z,17,0.014262047916353
2024-01-19T00:00:00.000Z,18,0.0068110857401978
2024-03-19T00:00:00.000Z,15,0.1697518173671915
2024-03-21T00:00:00.000Z,21,0.1443981238802417
2024-03-24T00:00:00.000Z,21,0.0956041199552123
2024-03-21T00:00:00.000Z,23,0.2540095094342083
2024-03-19T00:00:00.000Z,23,0.2905198865663298
2024-03-24T00:00:00.000Z,23,0.0999529744256161
2024-03-24T00:00:00.000Z,15,0.0295251472275653
2024-03-21T00:00:00.000Z,15,0.2520971024840002
2024-03-19T00:00:00.000Z,21,0.253139300941213
2024-03-16T00:00:00.000Z,7,0.1040313736690731
2024-03-11T00:00:00.000Z,4,0.286305673181906
2024-03-11T00:00:00.000Z,7,0.2641065010372249
2024-03-14T00:00:00.000Z,4,0.3675425870522635
2024-03-16T00:00:00.000Z,4,0.1114446817750243
2024-03-14T00:00:00.000Z,7,0.3082080869579798
2024-03-09T00:00:00.000Z,37,0.4947041260134405
2024-03-04T00:00:00.000Z,29,0.0143916211057108
2024-03-09T00:00:00.000Z,29,0.5844159680616842
2024-03-06T00:00:00.000Z,37,0.0182307441938191
2024-03-04T00:00:00.000Z,37,0.0104534119861637
2024-03-06T00:00:00.000Z,29,0.0340377449989813
2024-03-26T00:00:00.000Z,5,0.3743557617741241
2024-03-26T00:00:00.000Z,4,0.3861435968876885
2024-03-29T00:00:00.000Z,4,0.0282274911875446
2024-03-29T00:00:00.000Z,12,0.0254110913071107
2024-03-29T00:00:00.000Z,5,0.0307605509343099
2024-02-15T00:00:00.000Z,10,0.1569786941896182
2024-02-20T00:00:00.000Z,10,0.154628369894263
2024-02-18T00:00:00.000Z,10,0.0882887637411406
2024-01-24T00:00:00.000Z,8,0.0233456432151025
2024-01-29T00:00:00.000Z,8,0.4274356783151512
2024-01-26T00:00:00.000Z,8,0.0177092433202654
2024-01-01T00:00:00.000Z,39,0.2222469074445745
2024-01-01T00:00:00.000Z,11,0.3485508538916389
2024-01-04T00:00:00.000Z,11,0.0863531568239786
2024-01-04T00:00:00.000Z,39,0.1754408519488172
2024-02-05T00:00:00.000Z,9,0.1424477480585034
2024-01-31T00:00:00.000Z,9,0.0357735366291677
2024-02-03T00:00:00.000Z,5,0.0246903542162658
2024-01-31T00:00:00.000Z,5,0.0606599863878287
2024-02-05T00:00:00.000Z,5,0.2347437872614562
2024-02-03T00:00:00.000Z,9,0.0148864667171394
2024-01-29T00:00:00.000Z,38,0.4676336186400805
2024-01-24T00:00:00.000Z,38,-0.0022849350064617
2024-03-01T00:00:00.000Z,9,0.0434294226455779
2024-02-23T00:00:00.000Z,9,0.0705785315826734
2024-02-28T00:00:00.000Z,9,0.0116812531415664
2024-02-25T00:00:00.000Z,9,0.2586820440151958
2024-03-09T00:00:00.000Z,9,0.5776970311270841
2024-03-06T00:00:00.000Z,9,0.007379845189141
2024-03-04T00:00:00.000Z,9,0.0102145839155503
2024-03-04T00:00:00.000Z,38,0.0081991989960005
2024-03-09T00:00:00.000Z,38,0.5017042136702102
2024-03-06T00:00:00.000Z,38,0.0147243446177705
2024-01-09T00:00:00.000Z,25,0.0986923564112919
2024-01-09T00:00:00.000Z,27,0.0369320239636379
2024-01-24T00:00:00.000Z,27,0.0009273224152250714
2024-01-29T00:00:00.000Z,27,0.5419544810991578
2024-02-03T00:00:00.000Z,27,0.0991518478165988
2024-02-18T00:00:00.000Z,27,0.1190075759088228
2024-02-18T00:00:00.000Z,26,0.1110336567363363
2024-02-18T00:00:00.000Z,25,0.1289665343545739
2024-01-26T00:00:00.000Z,30,0.0257581592420214
2024-01-24T00:00:00.000Z,30,0.0902270119112266
2024-01-29T00:00:00.000Z,30,0.4835859454293882
2024-01-29T00:00:00.000Z,26,0.453287619530152
2024-01-26T00:00:00.000Z,26,0.0128376142251983
2024-01-24T00:00:00.000Z,26,0.0218432340221829
2024-02-08T00:00:00.000Z,34,0.0181439950739142
2024-02-10T00:00:00.000Z,34,0.0176350275556338
2024-02-13T00:00:00.000Z,34,0.5067363888929765
2024-02-18T00:00:00.000Z,34,0.1041117353603023
2024-02-20T00:00:00.000Z,34,0.1122886366763854
2024-02-20T00:00:00.000Z,30,0.0494316842279596
2024-02-15T00:00:00.000Z,30,0.2377240969371317
2024-02-15T00:00:00.000Z,34,0.2970126918844283
2024-02-18T00:00:00.000Z,30,0.078616940458558
2024-01-01T00:00:00.000Z,35,0.2359465036971983
2024-01-04T00:00:00.000Z,40,0.4999539108611782
2024-01-04T00:00:00.000Z,35,0.2483005218644425
2024-01-01T00:00:00.000Z,40,0.3309366364165874
2024-01-09T00:00:00.000Z,40,-0.0066854384528922
2024-01-09T00:00:00.000Z,43,-0.0127120898392533
2024-01-06T00:00:00.000Z,43,0.054068805766678
2024-01-11T00:00:00.000Z,43,0.0810919562062481
2024-01-09T00:00:00.000Z,42,-0.0055445469384133
2024-01-01T00:00:00.000Z,44,0.0707776516779633
2024-01-04T00:00:00.000Z,44,-0.0192362800825961
2024-01-06T00:00:00.000Z,32,0.059838662491989
2024-01-09T00:00:00.000Z,32,-0.0012840230771649
2024-01-11T00:00:00.000Z,41,0.0362103147729492
2024-01-06T00:00:00.000Z,41,0.0580740332557654
2024-01-06T00:00:00.000Z,44,0.0344037602650575
2024-01-11T00:00:00.000Z,32,0.0388529903930501
2024-01-09T00:00:00.000Z,44,0.0046280641542664
2024-01-11T00:00:00.000Z,44,-0.0135034161882501
2024-01-09T00:00:00.000Z,41,0.0163499241408876
2024-02-13T00:00:00.000Z,31,0.4833078735153261
2024-02-10T00:00:00.000Z,31,0.0304797133915897
2024-02-08T00:00:00.000Z,31,0.027772375126469
2024-02-05T00:00:00.000Z,40,0.5171947205445463
2024-01-31T00:00:00.000Z,39,0.0791382388660646
2024-01-31T00:00:00.000Z,40,0.2410596369916492
2024-02-03T00:00:00.000Z,40,0.5531749295771072
2024-02-03T00:00:00.000Z,39,0.4304533168850535
2024-02-05T00:00:00.000Z,39,0.4027910463329392
2024-01-29T00:00:00.000Z,44,0.0096763367269534
2024-01-26T00:00:00.000Z,44,0.0355995878424309
2024-01-24T00:00:00.000Z,44,0.0354915147319481
2024-02-18T00:00:00.000Z,32,0.1137909072327127
2024-02-15T00:00:00.000Z,32,0.2641467093083856
2024-02-20T00:00:00.000Z,32,0.144923101402973
2024-02-15T00:00:00.000Z,44,0.0984434661449909
2024-02-20T00:00:00.000Z,44,-0.1740268483646786
2024-02-18T00:00:00.000Z,44,0.0311304721162913
2024-02-18T00:00:00.000Z,33,0.1214562518991591
2024-02-05T00:00:00.000Z,41,0.5369128510750313
2024-02-05T00:00:00.000Z,45,0.1488048764826999
2024-02-03T00:00:00.000Z,41,0.5845753803977244
2024-02-03T00:00:00.000Z,45,0.2836321310816986
2024-01-31T00:00:00.000Z,45,0.0739039842259704
2024-01-31T00:00:00.000Z,41,0.1658192673619343
2024-03-04T00:00:00.000Z,26,0.0182648872034369
2024-03-04T00:00:00.000Z,25,0.0160909779225144
2024-03-04T00:00:00.000Z,27,0.0145708642225648
2024-03-09T00:00:00.000Z,26,0.3486247166111426
2024-03-09T00:00:00.000Z,25,0.2817311665658255
2024-03-09T00:00:00.000Z,27,0.5354071480494126
2024-02-28T00:00:00.000Z,26,0.3616728271989323
2024-02-28T00:00:00.000Z,33,0.2414740560172553
2024-02-23T00:00:00.000Z,25,0.4724978901295649
2024-02-23T00:00:00.000Z,33,0.4245493762122314
2024-02-28T00:00:00.000Z,25,0.4638982577071325
2024-02-23T00:00:00.000Z,26,0.400506492580062
2024-03-01T00:00:00.000Z,34,0.0158507353956608
2024-02-25T00:00:00.000Z,34,0.585149312284002
2024-02-23T00:00:00.000Z,34,0.2978146296470308
2024-02-28T00:00:00.000Z,34,0.2021902432148857
2024-03-19T00:00:00.000Z,37,0.50933646593555
2024-03-24T00:00:00.000Z,31,0.0328269782103754
2024-03-24T00:00:00.000Z,37,0.0858025129207409
2024-03-21T00:00:00.000Z,29,0.3372374142729723
2024-03-21T00:00:00.000Z,31,0.0644796144219598
2024-03-19T00:00:00.000Z,31,0.4475476959502447
2024-03-24T00:00:00.000Z,30,0.0218741889930391
2024-03-21T00:00:00.000Z,37,0.1306875042319147
2024-03-21T00:00:00.000Z,30,0.3241012770256976
2024-03-19T00:00:00.000Z,30,0.4775982402571002
2024-03-24T00:00:00.000Z,29,0.0950189884104964
2024-03-19T00:00:00.000Z,29,0.5581593019023247
2024-03-09T00:00:00.000Z,40,0.5493448779328716
2024-03-04T00:00:00.000Z,40,0.0112141068219013
2024-02-23T00:00:00.000Z,41,0.0397066495340203
2024-02-25T00:00:00.000Z,41,0.563965258008366
2024-03-01T00:00:00.000Z,41,0.0351774648707353
2024-02-28T00:00:00.000Z,41,0.038850239528247
2024-03-29T00:00:00.000Z,44,0.1134441723435375
2024-03-26T00:00:00.000Z,41,0.0822722500117946
2024-03-29T00:00:00.000Z,32,0.2573452074115235
2024-03-26T00:00:00.000Z,32,0.2471878881775159
2024-03-26T00:00:00.000Z,44,0.001251634291216
2024-03-29T00:00:00.000Z,41,0.1657325468695481
2024-02-28T00:00:00.000Z,45,0.0271849108833552
2024-02-23T00:00:00.000Z,45,0.0304271016513147
2024-02-25T00:00:00.000Z,45,0.1584813769894221
2024-03-01T00:00:00.000Z,45,0.025699157137069
2024-01-04T00:00:00.000Z,42,0.2179960364742885
2024-01-29T00:00:00.000Z,40,0.5306653379027185
2024-01-24T00:00:00.000Z,40,0.1235581062802421
2024-02-25T00:00:00.000Z,38,0.4487818312232451
2024-03-01T00:00:00.000Z,38,0.0231794929608555
2024-02-23T00:00:00.000Z,38,0.0282817321031201
2024-01-11T00:00:00.000Z,6,0.3644471581067198
2024-01-06T00:00:00.000Z,6,0.0188799524987695
2024-01-09T00:00:00.000Z,6,0.4000760903920194
2024-01-01T00:00:00.000Z,22,0.1702049836516315
2024-01-04T00:00:00.000Z,22,0.1357812112444293
2024-01-04T00:00:00.000Z,13,0.0399942552291875
2024-01-01T00:00:00.000Z,16,0.0400977085590584
2024-02-03T00:00:00.000Z,15,0.0687662945297692
2024-01-31T00:00:00.000Z,17,0.1813589702360331
2024-02-05T00:00:00.000Z,17,0.000665791398725187
2024-02-03T00:00:00.000Z,18,0.0092729876012276
2024-02-03T00:00:00.000Z,17,0.0056533202570137
2024-02-20T00:00:00.000Z,19,0.1243021546723342
2024-02-15T00:00:00.000Z,8,0.4036407350961976
2024-02-20T00:00:00.000Z,8,0.1258949308890912
2024-02-15T00:00:00.000Z,19,0.3520448772109583
2024-02-18T00:00:00.000Z,8,0.0787574918947697
2024-02-18T00:00:00.000Z,19,0.0838486985698643
2024-01-11T00:00:00.000Z,22,0.5736737478215811
2024-01-06T00:00:00.000Z,22,0.0248260854257446
2024-01-11T00:00:00.000Z,16,0.5922477611963841
2024-01-09T00:00:00.000Z,22,0.4520368276137125
2024-01-09T00:00:00.000Z,13,0.4162951913834388
2024-01-06T00:00:00.000Z,16,0.0376065502381642
2024-01-31T00:00:00.000Z,6,0.0612777280575881
2024-02-05T00:00:00.000Z,6,0.0587956289043105
2024-02-03T00:00:00.000Z,6,0.0105065055656366
2024-01-19T00:00:00.000Z,24,0.2343049767096287
2024-01-14T00:00:00.000Z,24,0.4802098735433772
2024-01-19T00:00:00.000Z,13,0.1122529412280458
2024-01-19T00:00:00.000Z,28,0.1104710609890528
2024-01-14T00:00:00.000Z,28,0.3228040063640409
2024-01-14T00:00:00.000Z,13,0.0679880776980591
2024-01-01T00:00:00.000Z,21,0.0947094378705518
2024-01-04T00:00:00.000Z,21,0.2674175965340337
2024-01-04T00:00:00.000Z,23,0.3087124281559595
2024-01-01T00:00:00.000Z,23,0.1183296697944309
2024-02-08T00:00:00.000Z,13,0.0180283709147549
2024-02-10T00:00:00.000Z,16,0.0280702818983759
2024-02-13T00:00:00.000Z,13,0.379437392312804
2024-02-03T00:00:00.000Z,16,0.1200808237112578
2024-02-03T00:00:00.000Z,28,0.1075991033846532
2024-01-16T00:00:00.000Z,0,0.074950489653024
2024-01-21T00:00:00.000Z,0,0.0911855221699412
2024-01-19T00:00:00.000Z,0,0.1786575528192938
2024-01-21T00:00:00.000Z,4,0.0718817545407852
2024-01-16T00:00:00.000Z,4,0.0689883393501344
2024-01-19T00:00:00.000Z,5,0.0720596864783648
2024-01-16T00:00:00.000Z,5,0.0690170616840782
2024-01-21T00:00:00.000Z,5,0.0797425130732561
2024-01-19T00:00:00.000Z,4,0.1360581848526952
2024-01-14T00:00:00.000Z,0,0.198409243328153
2024-01-14T00:00:00.000Z,4,0.2061017483946809
2024-01-14T00:00:00.000Z,5,0.1478685977510803
2024-02-05T00:00:00.000Z,22,0.5657962122118915
2024-01-31T00:00:00.000Z,16,0.1849025370794665
2024-02-03T00:00:00.000Z,13,0.1164371400687999
2024-01-31T00:00:00.000Z,22,0.0563116682120407
2024-02-03T00:00:00.000Z,24,0.0982428317138265
2024-02-05T00:00:00.000Z,16,0.5777258672878328
2024-02-03T00:00:00.000Z,22,0.2753834458437074
2024-01-31T00:00:00.000Z,24,0.0437872033923005
2024-02-05T00:00:00.000Z,24,0.2530639964711136
2024-02-13T00:00:00.000Z,2,0.3266594181227716
2024-02-10T00:00:00.000Z,12,0.0335874375463709
2024-02-13T00:00:00.000Z,5,0.3008723868182638
2024-02-08T00:00:00.000Z,12,0.0110468288125272
2024-02-13T00:00:00.000Z,3,0.342319754177276
2024-02-10T00:00:00.000Z,2,0.0389549029858767
2024-02-08T00:00:00.000Z,2,0.0190403680624704
2024-02-10T00:00:00.000Z,5,0.0310964493502616
2024-02-13T00:00:00.000Z,12,0.3344615613068256
2024-02-08T00:00:00.000Z,3,0.0157354541623854
2024-02-10T00:00:00.000Z,3,0.0375269264734075
2024-02-08T00:00:00.000Z,5,0.0118463244718038
2024-01-24T00:00:00.000Z,23,0.0554331892396274
2024-01-29T00:00:00.000Z,21,0.4418271674709717
2024-01-29T00:00:00.000Z,23,0.3762749529266061
2024-01-24T00:00:00.000Z,21,0.1057807963624466
2024-01-26T00:00:00.000Z,23,0.02443250016963
2024-01-26T00:00:00.000Z,21,0.0226728340045809
2024-01-24T00:00:00.000Z,2,0.1150270700297613
2024-01-29T00:00:00.000Z,2,0.4328501694427511
2024-01-26T00:00:00.000Z,2,0.0107720220183164
2024-01-11T00:00:00.000Z,21,0.4762073944024583
2024-01-06T00:00:00.000Z,21,0.0191425600789184
2024-01-09T00:00:00.000Z,21,0.479617955335119
2024-02-20T00:00:00.000Z,6,0.2951499472121215
2024-02-18T00:00:00.000Z,6,0.0789853467428485
2024-02-15T00:00:00.000Z,6,0.3310300383310997
2024-02-05T00:00:00.000Z,2,0.4020757708310797
2024-01-31T00:00:00.000Z,0,0.0294107611184736
2024-02-03T00:00:00.000Z,2,0.1078737660246092
2024-02-05T00:00:00.000Z,0,0.3354808512782928
2024-02-03T00:00:00.000Z,0,0.0487747968911207
2024-01-31T00:00:00.000Z,2,0.0329455820156159
2024-03-26T00:00:00.000Z,15,0.4059281269967605
2024-01-26T00:00:00.000Z,22,0.0358196423758336
2024-01-26T00:00:00.000Z,1,0.0272075511089003
2024-01-29T00:00:00.000Z,22,0.4204376553114877
2024-01-24T00:00:00.000Z,22,0.0628530076574791
2024-01-29T00:00:00.000Z,1,0.4613969802769151
2024-01-24T00:00:00.000Z,1,0.0333524438769038
2024-02-08T00:00:00.000Z,9,0.0127312073974178
2024-02-13T00:00:00.000Z,9,0.221952584358952
2024-02-10T00:00:00.000Z,9,0.0386044190455507
2024-01-01T00:00:00.000Z,4,0.2373517655365838
2024-01-04T00:00:00.000Z,4,0.2966202436913446
2024-01-29T00:00:00.000Z,35,0.4779759811880361
2024-01-24T00:00:00.000Z,35,0.0468186985678488
2024-01-26T00:00:00.000Z,35,0.0244168975339195
2024-03-04T00:00:00.000Z,10,-0.0037343966564381
2024-03-09T00:00:00.000Z,10,0.4815494739053513
2024-03-04T00:00:00.000Z,8,0.0102624258042517
2024-03-06T00:00:00.000Z,8,0.0081089131299847
2024-03-09T00:00:00.000Z,8,0.5184500881173227
2024-03-06T00:00:00.000Z,10,0.0022544796941393
2024-03-29T00:00:00.000Z,6,0.0257424792608684
2024-03-29T00:00:00.000Z,8,0.0481812649109811
2024-03-26T00:00:00.000Z,8,0.237462550242229
2024-03-26T00:00:00.000Z,6,0.3472341025200086
2024-01-04T00:00:00.000Z,1,0.1280836236618272
2024-01-01T00:00:00.000Z,1,0.3349816194945794
2024-01-01T00:00:00.000Z,36,0.2681897055362737
2024-01-04T00:00:00.000Z,36,0.3210429232119824
2024-03-29T00:00:00.000Z,18,0.0462569878721351
2024-02-28T00:00:00.000Z,8,0.0820767952090827
2024-02-23T00:00:00.000Z,8,0.070277280681349
2024-02-25T00:00:00.000Z,8,0.2825631385284413
2024-03-01T00:00:00.000Z,8,0.0291075956799249
2024-03-06T00:00:00.000Z,21,0.0150515480800255
2024-03-09T00:00:00.000Z,23,0.5464910198500466
2024-03-04T00:00:00.000Z,21,0.009281252102583
2024-03-09T00:00:00.000Z,21,0.5575320902597316
2024-03-04T00:00:00.000Z,23,0.0102997950356975
2024-03-06T00:00:00.000Z,23,0.01893440212191
2024-03-19T00:00:00.000Z,12,0.2474317011973148
2024-03-21T00:00:00.000Z,5,0.4308344312358663
2024-03-19T00:00:00.000Z,5,0.3572170473887191
2024-03-24T00:00:00.000Z,4,0.0480237489600456
2024-03-19T00:00:00.000Z,4,0.3772435919926609
2024-03-24T00:00:00.000Z,12,0.0209467698390134
2024-03-24T00:00:00.000Z,5,0.0186350291742361
2024-03-21T00:00:00.000Z,12,0.1156612593238719
2024-03-21T00:00:00.000Z,4,0.4130052538340397
2024-02-28T00:00:00.000Z,1,-0.0028124723614526
2024-02-25T00:00:00.000Z,1,0.5087238057898146
2024-02-23T00:00:00.000Z,36,0.0796859025273098
2024-02-23T00:00:00.000Z,1,0.095012187200768
2024-02-28T00:00:00.000Z,36,-0.0093977017283234
2024-03-01T00:00:00.000Z,36,0.0363169889999708
2024-02-25T00:00:00.000Z,36,0.5073942433370608
2024-03-01T00:00:00.000Z,1,0.0361049651312356
2024-01-06T00:00:00.000Z,11,0.0452810218223175
2024-01-11T00:00:00.000Z,11,0.3820166950037785
2024-03-21T00:00:00.000Z,11,0.1077411152309841
2024-01-24T00:00:00.000Z,33,0.0150123580930816
2024-01-29T00:00:00.000Z,33,0.5056413109301754
2024-01-24T00:00:00.000Z,25,0.0291863177651961
2024-01-24T00:00:00.000Z,34,0.0218946618414274
2024-01-29T00:00:00.000Z,34,0.3892574964929298
2024-01-29T00:00:00.000Z,25,0.4934567597381905
2024-02-15T00:00:00.000Z,26,0.2683558344177887
2024-02-20T00:00:00.000Z,26,0.0738259162260442
2024-01-29T00:00:00.000Z,42,0.5316058859761151
2024-01-24T00:00:00.000Z,42,0.0693786962741423
2024-01-26T00:00:00.000Z,42,0.0464304120218087
2024-03-09T00:00:00.000Z,30,0.540663130792194
2024-03-06T00:00:00.000Z,30,0.0445654814091
2024-03-06T00:00:00.000Z,26,0.0518294767186493
2024-03-04T00:00:00.000Z,30,0.010923794912484
2024-03-14T00:00:00.000Z,33,0.4316906088326196
2024-03-06T00:00:00.000Z,34,0.0671192810886927
2024-03-09T00:00:00.000Z,34,0.2334494996210973
2024-03-04T00:00:00.000Z,34,0.0080605403383738
2024-03-29T00:00:00.000Z,33,0.04389872252316
2024-03-11T00:00:00.000Z,37,0.4065363226345338
2024-03-14T00:00:00.000Z,37,0.4901679073588808
2024-03-11T00:00:00.000Z,31,0.2587346105584941
2024-03-16T00:00:00.000Z,31,0.0704924529440957
2024-03-14T00:00:00.000Z,31,0.2788016482820444
2024-03-16T00:00:00.000Z,37,0.0741195235093177
2024-02-23T00:00:00.000Z,32,0.0149414671388552
2024-02-25T00:00:00.000Z,32,0.494741555069227
2024-03-01T00:00:00.000Z,32,0.0125718375117927
2024-02-28T00:00:00.000Z,32,0.114962082996123
2024-03-14T00:00:00.000Z,41,0.0929049619230878
2024-03-16T00:00:00.000Z,32,0.1674277794386986
2024-03-16T00:00:00.000Z,44,0.0328064313506463
2024-03-11T00:00:00.000Z,44,-0.1594257378425592
2024-03-11T00:00:00.000Z,32,0.4240925120425262
2024-03-16T00:00:00.000Z,41,0.1025477526213781
2024-03-14T00:00:00.000Z,44,-0.026915231439518
2024-03-14T00:00:00.000Z,32,0.1222901227184714
2024-03-11T00:00:00.000Z,41,0.5983259688646575
2024-03-19T00:00:00.000Z,42,0.6081773384048818
2024-03-21T00:00:00.000Z,42,0.0588155076420211
2024-03-24T00:00:00.000Z,41,0.1286235224283784
2024-03-19T00:00:00.000Z,41,0.5549244822830273
2024-03-24T00:00:00.000Z,42,0.0877097135657264
2024-03-21T00:00:00.000Z,41,0.0919829909823915
2024-03-19T00:00:00.000Z,34,0.3491252548648958
2024-03-21T00:00:00.000Z,34,0.4978367172457102
2024-03-24T00:00:00.000Z,34,0.1235170510929198
2024-01-16T00:00:00.000Z,42,0.1961118894258665
2024-01-21T00:00:00.000Z,42,0.0677474525431602
2024-03-21T00:00:00.000Z,40,0.0988630973343657
2024-02-05T00:00:00.000Z,15,0.1079444231668322
2024-02-03T00:00:00.000Z,4,0.0719735437801937
2024-02-05T00:00:00.000Z,4,0.2411377960744294
2024-02-05T00:00:00.000Z,23,0.3772212471139041
2024-01-31T00:00:00.000Z,4,0.047801318025938
2024-01-31T00:00:00.000Z,23,0.0561962051367094
2024-01-31T00:00:00.000Z,15,0.0393556916928984
2024-02-03T00:00:00.000Z,23,0.1588488135078066
2024-01-29T00:00:00.000Z,13,0.4950809185712817
2024-01-24T00:00:00.000Z,13,-0.0036221850198131
2024-01-04T00:00:00.000Z,18,0.1363819842193934
2024-01-04T00:00:00.000Z,17,0.0135660990066187
2024-01-01T00:00:00.000Z,17,0.0447835639525091
2024-01-16T00:00:00.000Z,24,0.3231902342373832
2024-01-21T00:00:00.000Z,16,0.0670387218700596
2024-01-16T00:00:00.000Z,16,0.4545871007433178
2024-01-21T00:00:00.000Z,24,0.0621587926625251
2024-01-11T00:00:00.000Z,0,0.2822088434226762
2024-01-06T00:00:00.000Z,0,0.0347050280086525
2024-01-09T00:00:00.000Z,0,0.2384741620088372
2024-02-28T00:00:00.000Z,10,0.2453053048222064
2024-03-01T00:00:00.000Z,10,0.0471717683679682
2024-02-25T00:00:00.000Z,10,0.3181601702339598
2024-02-23T00:00:00.000Z,10,0.0472034844817008
2024-01-01T00:00:00.000Z,6,0.0454899659309522
2024-01-04T00:00:00.000Z,6,0.0812382161457399
2024-01-24T00:00:00.000Z,36,0.0166206180335976
2024-01-29T00:00:00.000Z,36,0.5012651880821696
2024-01-26T00:00:00.000Z,36,0.0311659474670797
2024-01-26T00:00:00.000Z,24,0.0301649057963972
2024-02-10T00:00:00.000Z,0,0.027805881718929
2024-02-08T00:00:00.000Z,0,0.0181090213392865
2024-02-13T00:00:00.000Z,0,0.2540582753797624
2024-03-16T00:00:00.000Z,2,0.197277283158413
2024-03-14T00:00:00.000Z,1,0.4800210349928563
2024-03-14T00:00:00.000Z,0,0.2661312637533766
2024-03-11T00:00:00.000Z,1,0.4550451446198728
2024-03-11T00:00:00.000Z,2,0.5065200794431879
2024-03-16T00:00:00.000Z,1,0.0786025348475989
2024-03-14T00:00:00.000Z,2,0.2539994204228274
2024-03-16T00:00:00.000Z,0,0.1157259652731169
2024-03-11T00:00:00.000Z,0,0.3752409348924855
2024-03-16T00:00:00.000Z,39,0.066135027541323
2024-03-16T00:00:00.000Z,35,0.1166652394544914
2024-03-11T00:00:00.000Z,3,0.5413861152958176
2024-03-11T00:00:00.000Z,39,0.5172949110804067
2024-03-14T00:00:00.000Z,3,0.2047207146829993
2024-03-11T00:00:00.000Z,35,0.4118090874753647
2024-03-14T00:00:00.000Z,39,0.2575277164120789
2024-03-16T00:00:00.000Z,3,0.0726599430135029
2024-03-14T00:00:00.000Z,35,0.2553070063841549
2024-03-26T00:00:00.000Z,2,0.5270077683611447
2024-03-29T00:00:00.000Z,2,0.0431177981633154
2024-02-08T00:00:00.000Z,11,0.0111757307642336
2024-02-13T00:00:00.000Z,11,0.2910105703339852
2024-02-10T00:00:00.000Z,11,0.0369855023842888
2024-03-14T00:00:00.000Z,8,0.2391900340826102
2024-03-11T00:00:00.000Z,8,0.2736291107752538
2024-03-16T00:00:00.000Z,8,0.0337704463131232
2024-03-16T00:00:00.000Z,11,0.0467760064095831
2024-03-11T00:00:00.000Z,11,0.5597737297446831
2024-01-14T00:00:00.000Z,27,0.2617873571328361
2024-01-19T00:00:00.000Z,27,0.1588129736351497
2024-01-14T00:00:00.000Z,33,0.3075092713940454
2024-01-19T00:00:00.000Z,25,0.1555323480101627
2024-01-19T00:00:00.000Z,33,0.2981562530498277
2024-01-14T00:00:00.000Z,25,0.1555866942005718
2024-01-31T00:00:00.000Z,30,0.5526190418157654
2024-02-03T00:00:00.000Z,29,0.3672134204338746
2024-01-31T00:00:00.000Z,29,0.2014598139223439
2024-02-05T00:00:00.000Z,30,0.4809380039864327
2024-02-03T00:00:00.000Z,30,0.6371359786608591
2024-02-05T00:00:00.000Z,29,0.4387121493499178
2024-01-11T00:00:00.000Z,31,0.2333425154991452
2024-01-06T00:00:00.000Z,31,0.0777047577996158
2024-01-09T00:00:00.000Z,31,-0.0164025003602713
2024-02-08T00:00:00.000Z,32,0.013399635690278
2024-02-10T00:00:00.000Z,32,0.0200443570923408
2024-02-10T00:00:00.000Z,41,0.0222196619893704
2024-02-13T00:00:00.000Z,44,-0.2737969013226454
2024-02-08T00:00:00.000Z,41,0.0092813487417848
2024-02-10T00:00:00.000Z,44,0.0169664469830989
2024-02-13T00:00:00.000Z,32,0.5023381385894369
2024-02-13T00:00:00.000Z,41,0.4815378099486751
2024-02-08T00:00:00.000Z,44,0.0047165428119043
2024-03-01T00:00:00.000Z,26,0.0189252190221103
2024-02-25T00:00:00.000Z,26,0.4253254507125823
2024-03-21T00:00:00.000Z,26,0.4452963642348344
2024-03-21T00:00:00.000Z,43,0.1043839969340523
2024-03-24T00:00:00.000Z,43,0.0513347212963686
2024-03-19T00:00:00.000Z,40,0.3358435400453454
2024-03-24T00:00:00.000Z,40,0.1600417427577189
2024-03-19T00:00:00.000Z,43,0.2480521228883341
2024-03-14T00:00:00.000Z,34,0.2999827781072764
2024-03-16T00:00:00.000Z,34,0.2581851690971802
2024-03-11T00:00:00.000Z,34,0.1863524358790412
2024-03-06T00:00:00.000Z,45,0.0157015696253698
2024-03-04T00:00:00.000Z,45,-0.0055995397532195
2024-03-09T00:00:00.000Z,45,0.1674859134503939
2024-01-16T00:00:00.000Z,41,0.3911168115528382
2024-01-21T00:00:00.000Z,41,0.0638952222111125
2024-02-13T00:00:00.000Z,8,0.1580312516584243
2024-02-10T00:00:00.000Z,8,0.0412001426367982
2024-02-08T00:00:00.000Z,8,0.0077837004380166
2024-02-18T00:00:00.000Z,0,0.0902716769342788
2024-02-15T00:00:00.000Z,0,0.3618154422824811
2024-02-20T00:00:00.000Z,0,0.2582687926968363
2024-03-11T00:00:00.000Z,19,0.2582204636739171
2024-03-16T00:00:00.000Z,19,0.0716894025468694
2024-03-14T00:00:00.000Z,19,0.2939341146250052
2024-01-29T00:00:00.000Z,0,0.3852080149514008
2024-01-26T00:00:00.000Z,0,0.0204320940195379
2024-01-24T00:00:00.000Z,0,0.0518584993678784
2024-02-23T00:00:00.000Z,23,0.3140711075502138
2024-02-25T00:00:00.000Z,23,0.3921138976243837
2024-02-28T00:00:00.000Z,23,0.0666754362023876
2024-03-01T00:00:00.000Z,23,0.0265602722444953
2024-03-26T00:00:00.000Z,22,0.4825355829971021
2024-03-26T00:00:00.000Z,16,0.4392434017049541
2024-03-29T00:00:00.000Z,22,0.0871176485918443
2024-03-24T00:00:00.000Z,1,0.2334064786657478
2024-03-19T00:00:00.000Z,0,0.4072233547139778
2024-03-24T00:00:00.000Z,22,0.0715012374070587
2024-03-21T00:00:00.000Z,22,0.2854674297264952
2024-03-19T00:00:00.000Z,22,0.3455569857723539
2024-03-24T00:00:00.000Z,0,0.0934711559519727
2024-03-21T00:00:00.000Z,0,0.3806514404594431
2024-03-19T00:00:00.000Z,1,0.4358818845840791
2024-03-21T00:00:00.000Z,1,0.4025349488142506
2024-03-16T00:00:00.000Z,21,0.0199575769828894
2024-03-14T00:00:00.000Z,21,0.5852335667343316
2024-03-11T00:00:00.000Z,21,0.281609412771917
2024-01-01T00:00:00.000Z,38,0.2046495756873062
2024-01-09T00:00:00.000Z,38,0.2571169204204892
2024-01-31T00:00:00.000Z,38,0.0197382022666643
2024-02-05T00:00:00.000Z,38,0.2816553928645463
2024-02-03T00:00:00.000Z,38,0.4640558369495066
2024-02-25T00:00:00.000Z,12,0.4079847228622595
2024-03-01T00:00:00.000Z,12,0.0427243174084017
2024-02-28T00:00:00.000Z,38,-0.0022308069615627
2024-01-09T00:00:00.000Z,33,0.0094382088647476
2024-01-19T00:00:00.000Z,42,0.0424666965082243
2024-01-19T00:00:00.000Z,41,0.0404648684913732
2024-01-14T00:00:00.000Z,41,0.1263010603484707
2024-01-14T00:00:00.000Z,42,0.1162857430225706
2024-02-05T00:00:00.000Z,43,0.5186628584547358
2024-02-03T00:00:00.000Z,43,0.5929596548423218
2024-01-31T00:00:00.000Z,43,0.4331693348302847
2024-03-14T00:00:00.000Z,11,0.2949492402687079
2024-02-13T00:00:00.000Z,27,0.5628031272541488
2024-02-08T00:00:00.000Z,27,0.0143823200171606
2024-02-10T00:00:00.000Z,26,0.0264567230997427
2024-03-09T00:00:00.000Z,33,0.1603291130275582
2024-03-04T00:00:00.000Z,33,0.0070574252575474
2024-03-06T00:00:00.000Z,31,0.0201472410959501
2024-03-09T00:00:00.000Z,31,0.546709273868416
2024-03-04T00:00:00.000Z,31,0.0123413490873919
2024-03-24T00:00:00.000Z,32,0.1245144652412735
2024-03-19T00:00:00.000Z,32,0.3263159027182363
2024-03-19T00:00:00.000Z,44,-0.190619130048349
2024-03-21T00:00:00.000Z,32,0.1611856112885377
2024-03-24T00:00:00.000Z,44,-0.0256311371226527
2024-03-21T00:00:00.000Z,44,-0.0180646316778401
2024-03-11T00:00:00.000Z,45,0.113367669189204
2024-03-14T00:00:00.000Z,45,0.0093702132101444
2024-03-16T00:00:00.000Z,45,0.1362791471141723
2024-01-26T00:00:00.000Z,16,0.0271699270128405
2024-03-24T00:00:00.000Z,24,0.08960091764919
2024-03-19T00:00:00.000Z,24,0.3939001220171935
2024-03-21T00:00:00.000Z,24,0.4585186010639819
2024-03-19T00:00:00.000Z,36,0.5492505120388099
2024-03-24T00:00:00.000Z,36,0.156496660594025
2024-03-21T00:00:00.000Z,36,0.382577915705608
2024-03-26T00:00:00.000Z,17,0.1795027854402895
2024-03-29T00:00:00.000Z,17,0.0278405978024185
2024-02-03T00:00:00.000Z,14,0.0541393299255799
2024-03-24T00:00:00.000Z,14,0.0229317164542884
2024-03-19T00:00:00.000Z,16,0.1559165718361204
2024-03-19T00:00:00.000Z,14,0.1599977478142588
2024-03-21T00:00:00.000Z,14,0.1922288352852229
2024-03-24T00:00:00.000Z,16,0.0162677031383052
2024-03-26T00:00:00.000Z,23,0.3579403631035011
2024-03-29T00:00:00.000Z,23,0.0454582757426867
2024-03-16T00:00:00.000Z,38,0.0562785344811649
2024-03-11T00:00:00.000Z,38,0.464896550638567
2024-01-21T00:00:00.000Z,28,0.1252375827043961
2024-01-16T00:00:00.000Z,28,0.722203100921441
2024-03-21T00:00:00.000Z,28,0.4018880926715493
2024-01-19T00:00:00.000Z,43,0.1523917024130943
2024-01-21T00:00:00.000Z,43,0.0754609880544487
2024-01-14T00:00:00.000Z,43,0.1552468530363645
2024-01-16T00:00:00.000Z,43,0.2528716060065871
2024-02-03T00:00:00.000Z,32,0.5512160034021949
2024-02-05T00:00:00.000Z,32,0.4501026512995033
2024-01-31T00:00:00.000Z,32,0.2214382881034216
2024-02-05T00:00:00.000Z,31,0.5563971264370403
2024-01-31T00:00:00.000Z,31,0.5597599045255117
2024-02-03T00:00:00.000Z,31,0.6192232783969921
2024-01-26T00:00:00.000Z,34,0.0340022530586437
2024-03-16T00:00:00.000Z,26,0.0747403596715219
2024-03-11T00:00:00.000Z,26,0.1893693063762004
2024-03-16T00:00:00.000Z,43,0.08808921514363
2024-03-14T00:00:00.000Z,40,0.2880375380296947
2024-03-11T00:00:00.000Z,43,0.3530906167835662
2024-03-14T00:00:00.000Z,43,0.2469276770833952
2024-02-05T00:00:00.000Z,42,0.6167638020852787
2024-01-31T00:00:00.000Z,42,0.1813277235827793
2024-03-21T00:00:00.000Z,38,0.0232503176860564
2024-02-23T00:00:00.000Z,12,0.0438945734152911
2024-02-28T00:00:00.000Z,12,-0.0062424176934511
2024-01-09T00:00:00.000Z,11,0.3725312171732566
2024-02-03T00:00:00.000Z,42,0.6075574493662274
2024-02-23T00:00:00.000Z,27,0.5593965335481021
2024-02-28T00:00:00.000Z,27,0.4864021669500067
2024-03-26T00:00:00.000Z,43,0.4178464907172181
2024-03-29T00:00:00.000Z,43,0.2846398554944253
2024-02-05T00:00:00.000Z,28,0.4617415494093289
2024-01-31T00:00:00.000Z,28,0.4281187361929486
2024-01-31T00:00:00.000Z,14,0.0088095039083423
2024-02-05T00:00:00.000Z,14,0.3742557784545816
2024-03-06T00:00:00.000Z,28,0.0363794225287734
2024-03-01T00:00:00.000Z,44,0.0299842161062821
2024-02-23T00:00:00.000Z,44,0.0175711401959403
2024-02-28T00:00:00.000Z,44,0.0145477222438413
2024-02-25T00:00:00.000Z,44,-0.2417217254564304
2024-02-05T00:00:00.000Z,21,0.4539562362815852
2024-01-31T00:00:00.000Z,21,0.0512898040486893
2024-02-03T00:00:00.000Z,21,0.2682950331382265
2024-01-24T00:00:00.000Z,17,0.1331234547573853
2024-01-29T00:00:00.000Z,17,0.3692373236408827
2024-01-26T00:00:00.000Z,17,0.0235159724963762
2024-01-01T00:00:00.000Z,0,0.2663990439409243
2024-01-04T00:00:00.000Z,0,0.0275406080300248
2024-03-04T00:00:00.000Z,14,0.0131054794367551
2024-03-09T00:00:00.000Z,14,0.4427929934639849
2024-02-13T00:00:00.000Z,6,0.2767799651186181
2024-02-08T00:00:00.000Z,6,0.0082740559653335
2024-02-10T00:00:00.000Z,6,0.0318010427775716
2024-03-16T00:00:00.000Z,17,0.0164738064054029
2024-03-16T00:00:00.000Z,20,0.0447234168342552
2024-03-11T00:00:00.000Z,20,0.3511348852629877
2024-03-11T00:00:00.000Z,17,0.3623644142106871
2024-03-14T00:00:00.000Z,17,0.3691751810481329
2024-01-01T00:00:00.000Z,14,0.1331030443758151
2024-03-21T00:00:00.000Z,6,0.3993387343803931
2024-03-24T00:00:00.000Z,6,0.0213296394098631
2024-03-19T00:00:00.000Z,6,0.1581544687173903
2024-02-15T00:00:00.000Z,14,0.2744753978420775
2024-02-20T00:00:00.000Z,14,0.5896569254826513
2024-01-26T00:00:00.000Z,14,0.0561970830579685
2024-02-25T00:00:00.000Z,14,0.5840517907687933
2024-03-01T00:00:00.000Z,14,0.0206901687785065
2024-03-11T00:00:00.000Z,36,0.4699654643028151
2024-03-14T00:00:00.000Z,36,0.461617640208611
2024-03-16T00:00:00.000Z,36,0.2471687785503603
2024-02-28T00:00:00.000Z,21,0.0210467369053747
2024-02-23T00:00:00.000Z,21,0.3661862937821725
2024-02-25T00:00:00.000Z,21,0.3491773498831709
2024-03-01T00:00:00.000Z,21,0.0212340143369845
2024-02-28T00:00:00.000Z,18,0.3193011751469375
2024-02-23T00:00:00.000Z,18,0.1937505527333727
2024-03-29T00:00:00.000Z,21,0.0464696093860509
2024-03-26T00:00:00.000Z,21,0.3166724776097314
2024-03-24T00:00:00.000Z,13,0.0171009889142242
2024-03-19T00:00:00.000Z,13,0.260849881191372
2024-03-21T00:00:00.000Z,16,0.0999930175949313
2024-02-08T00:00:00.000Z,21,0.0170267613428524
2024-02-13T00:00:00.000Z,21,0.3882777371793094
2024-02-10T00:00:00.000Z,21,0.0224741214413665
2024-03-19T00:00:00.000Z,18,0.0433572054875632
2024-03-24T00:00:00.000Z,18,0.0204569319573375
2024-03-19T00:00:00.000Z,17,0.0489230159175633
2024-03-24T00:00:00.000Z,17,0.0150556482429046
2024-03-21T00:00:00.000Z,17,0.2539429419068417
2024-03-26T00:00:00.000Z,0,0.3312641308074225
2024-03-29T00:00:00.000Z,0,0.0375146380835832
2024-03-14T00:00:00.000Z,38,0.1643558770550846
2024-01-01T00:00:00.000Z,26,0.0331350878778219
2024-03-14T00:00:00.000Z,6,0.2902126674226469
2024-03-16T00:00:00.000Z,6,0.1770395635993995
2024-03-11T00:00:00.000Z,6,0.1104048670789456
2024-02-18T00:00:00.000Z,11,0.2891165380069302
2024-02-20T00:00:00.000Z,11,0.1989509222301622
2024-02-15T00:00:00.000Z,11,0.4049102103348959
2024-01-14T00:00:00.000Z,44,-0.0641875309493985
2024-01-16T00:00:00.000Z,44,-0.0179386360594565
2024-01-21T00:00:00.000Z,44,0.0438339287043769
2024-01-19T00:00:00.000Z,44,0.0184628135845532
2024-02-05T00:00:00.000Z,44,-0.1589247174007541
2024-01-31T00:00:00.000Z,44,0.0254868715441369
2024-02-03T00:00:00.000Z,44,-0.3409662444954299
2024-01-19T00:00:00.000Z,38,0.3212793491281753
2024-03-11T00:00:00.000Z,14,0.5421184278452642
2024-03-16T00:00:00.000Z,14,0.1029820734122663
2024-03-14T00:00:00.000Z,14,0.4133001490610986
2024-01-04T00:00:00.000Z,45,0.082364700416552
2024-01-01T00:00:00.000Z,45,0.1067457728931588
2024-02-10T00:00:00.000Z,45,0.024733829994927
2024-02-13T00:00:00.000Z,45,0.2156178242279176
2024-02-08T00:00:00.000Z,45,0.00381680515019
2024-03-24T00:00:00.000Z,11,0.0424702549431817
2024-03-19T00:00:00.000Z,11,0.1258016819916627
2024-03-01T00:00:00.000Z,17,0.0608714157446195
2024-02-23T00:00:00.000Z,17,0.3193763037002504
2024-02-28T00:00:00.000Z,17,0.3569016494052849
2024-02-25T00:00:00.000Z,17,0.0929726484260535
2024-03-06T00:00:00.000Z,14,0.0828652055268294
2024-03-19T00:00:00.000Z,38,0.1583712971359752
2024-03-24T00:00:00.000Z,38,0.0432076735680739
2024-01-04T00:00:00.000Z,38,0.1157107914754174
2024-01-11T00:00:00.000Z,45,0.0063003021546949
2024-01-09T00:00:00.000Z,45,0.0103555524062622
2024-01-06T00:00:00.000Z,45,0.0353836064240178
2024-03-29T00:00:00.000Z,38,0.0218195793634511
2024-03-29T00:00:00.000Z,45,0.0774374290328527
2024-03-26T00:00:00.000Z,45,0.0283575170209847
2024-01-19T00:00:00.000Z,45,0.0298942760827977
2024-01-16T00:00:00.000Z,45,0.1065375583578186
2024-01-21T00:00:00.000Z,45,0.0483708492133051
2024-01-14T00:00:00.000Z,45,0.0140978574558922
2024-03-26T00:00:00.000Z,14,0.322798660692713
2024-03-24T00:00:00.000Z,45,0.0756196689227977
2024-03-21T00:00:00.000Z,45,0.032820706620019
2024-03-19T00:00:00.000Z,45,0.0676542707538891
2024-04-18T00:00:00.000Z,18,0.0180380782230565
2024-04-13T00:00:00.000Z,20,0.3873576879023213
2024-04-13T00:00:00.000Z,18,0.2992524395195217
2024-04-18T00:00:00.000Z,20,0.0973063960049285
2024-04-13T00:00:00.000Z,19,0.4448946280894855
2024-04-13T00:00:00.000Z,10,0.3355809536895663
2024-04-18T00:00:00.000Z,10,0.1772864284387136
2024-04-15T00:00:00.000Z,19,0.1494786861701616
2024-04-15T00:00:00.000Z,10,0.2174872242573176
2024-04-18T00:00:00.000Z,19,0.1885707424656663
2024-04-23T00:00:00.000Z,19,0.6845142014908074
2024-04-25T00:00:00.000Z,19,0.2724723217517402
2024-04-20T00:00:00.000Z,19,0.0832024109486539
2024-04-10T00:00:00.000Z,8,0.348900630512546
2024-04-10T00:00:00.000Z,7,0.3705692445953188
2024-04-03T00:00:00.000Z,10,0.0834902855943083
2024-04-03T00:00:00.000Z,19,0.0912952122679173
2024-04-08T00:00:00.000Z,7,0.4083810803679196
2024-04-08T00:00:00.000Z,8,0.4599682646699177
2024-04-05T00:00:00.000Z,8,0.4164191740663009
2024-04-10T00:00:00.000Z,10,0.2437153474177455
2024-04-08T00:00:00.000Z,10,0.4520688228694463
2024-04-05T00:00:00.000Z,19,0.2017810885998604
2024-04-05T00:00:00.000Z,10,0.3809842586533546
2024-04-10T00:00:00.000Z,19,0.141577089339263
2024-04-03T00:00:00.000Z,7,0.0603799372083569
2024-04-03T00:00:00.000Z,8,0.1627273064275137
2024-04-05T00:00:00.000Z,7,0.4351313239402682
2024-04-08T00:00:00.000Z,19,0.43590522627766
2024-04-23T00:00:00.000Z,24,0.2226193020152478
2024-04-20T00:00:00.000Z,28,0.0464586130409062
2024-04-25T00:00:00.000Z,24,0.0871922191622173
2024-04-20T00:00:00.000Z,29,0.1412226204431309
2024-04-25T00:00:00.000Z,28,0.0526061586078111
2024-04-23T00:00:00.000Z,29,0.1256909653412765
2024-04-20T00:00:00.000Z,24,0.1093132633320103
2024-04-23T00:00:00.000Z,28,0.3328408820331565
2024-04-25T00:00:00.000Z,29,0.1849218458774139
2024-04-25T00:00:00.000Z,4,0.0794727774899921
2024-04-25T00:00:00.000Z,7,0.1454869650107028
2024-04-23T00:00:00.000Z,5,0.4155327815057256
2024-04-25T00:00:00.000Z,5,0.0670953989695472
2024-04-20T00:00:00.000Z,5,0.1427529654490776
2024-04-20T00:00:00.000Z,7,0.0616913661145167
2024-04-23T00:00:00.000Z,7,0.6496642272197801
2024-04-23T00:00:00.000Z,4,0.524667027467424
2024-04-20T00:00:00.000Z,4,0.0499495653831565
2024-04-13T00:00:00.000Z,22,0.4965791237141496
2024-04-18T00:00:00.000Z,36,0.317685487636771
2024-04-18T00:00:00.000Z,1,0.1760312678366509
2024-04-18T00:00:00.000Z,35,0.3231365719351483
2024-04-13T00:00:00.000Z,1,0.4544969439025876
2024-04-15T00:00:00.000Z,1,0.0216849645717947
2024-04-18T00:00:00.000Z,2,0.1591572341613686
2024-04-13T00:00:00.000Z,35,0.4829926013603866
2024-04-18T00:00:00.000Z,22,0.2767803992421577
2024-04-15T00:00:00.000Z,22,0.0641803584286037
2024-04-15T00:00:00.000Z,36,0.0754577958579285
2024-04-15T00:00:00.000Z,35,0.0603585647760351
2024-04-13T00:00:00.000Z,2,0.4243035742033859
2024-04-15T00:00:00.000Z,2,0.0491671070901749
2024-04-13T00:00:00.000Z,36,0.4380699105403084
2024-04-25T00:00:00.000Z,37,0.0981682151020531
2024-04-20T00:00:00.000Z,35,0.1521778060014545
2024-04-23T00:00:00.000Z,37,0.1214237380291407
2024-04-25T00:00:00.000Z,36,0.1474713073997881
2024-04-20T00:00:00.000Z,36,0.0591654856960282
2024-04-20T00:00:00.000Z,37,0.080141828788937
2024-04-25T00:00:00.000Z,35,0.0744808979934561
2024-04-23T00:00:00.000Z,35,0.0822556695869453
2024-04-23T00:00:00.000Z,36,0.238563508561787
2024-04-20T00:00:00.000Z,9,0.1285957648947008
2024-04-25T00:00:00.000Z,9,0.1832098257327755
2024-04-20T00:00:00.000Z,10,0.1933793079366897
2024-04-25T00:00:00.000Z,10,0.2252892922773552
2024-04-23T00:00:00.000Z,9,0.456325963488464
2024-04-23T00:00:00.000Z,10,0.7018399331700692
2024-04-15T00:00:00.000Z,12,0.0800441194437382
2024-04-18T00:00:00.000Z,12,0.2181271098162784
2024-04-15T00:00:00.000Z,9,0.123850472371674
2024-04-13T00:00:00.000Z,9,0.3954986909905788
2024-04-18T00:00:00.000Z,9,0.2278084630343191
2024-04-13T00:00:00.000Z,12,0.5391230904697344
2024-04-05T00:00:00.000Z,3,0.636940753055901
2024-04-10T00:00:00.000Z,39,0.1223880531311163
2024-04-03T00:00:00.000Z,11,0.2467977110593809
2024-04-10T00:00:00.000Z,3,0.1951459824044363
2024-04-10T00:00:00.000Z,11,0.1282684621322578
2024-04-03T00:00:00.000Z,39,0.1228200683153826
2024-04-08T00:00:00.000Z,3,0.5137770667278417
2024-04-03T00:00:00.000Z,3,0.1383058816125372
2024-04-05T00:00:00.000Z,11,0.5728562766107361
2024-04-05T00:00:00.000Z,39,0.5827823564014547
2024-04-08T00:00:00.000Z,39,0.4764370288323907
2024-04-08T00:00:00.000Z,11,0.4727938879067964
2024-04-03T00:00:00.000Z,24,0.040926271219447
2024-04-03T00:00:00.000Z,28,0.026005589363554
2024-04-03T00:00:00.000Z,30,0.0317677238894294
2024-04-05T00:00:00.000Z,24,0.5293096300827886
2024-04-03T00:00:00.000Z,29,0.0343852647162139
2024-04-10T00:00:00.000Z,29,0.1931835419244007
2024-04-08T00:00:00.000Z,29,0.4080342024999811
2024-04-08T00:00:00.000Z,30,0.2172718792880986
2024-04-08T00:00:00.000Z,28,0.0074010240922561
2024-04-05T00:00:00.000Z,29,0.350518817654907
2024-04-10T00:00:00.000Z,28,0.3166155372894663
2024-04-10T00:00:00.000Z,24,0.3207299242392139
2024-04-05T00:00:00.000Z,28,0.6409583674654392
2024-04-05T00:00:00.000Z,30,0.3161557953322316
2024-04-10T00:00:00.000Z,30,0.0735515992857256
2024-04-08T00:00:00.000Z,24,0.2883650135930893
2024-04-20T00:00:00.000Z,30,0.162795366800286
2024-04-25T00:00:00.000Z,34,0.0899161665203643
2024-04-23T00:00:00.000Z,30,0.0646355292122347
2024-04-25T00:00:00.000Z,26,0.0686018505647395
2024-04-23T00:00:00.000Z,34,0.0283750011253831
2024-04-25T00:00:00.000Z,30,0.1329705804619258
2024-04-20T00:00:00.000Z,26,0.1260427670021156
2024-04-23T00:00:00.000Z,26,0.0538270711866633
2024-04-20T00:00:00.000Z,34,0.2957157740727179
2024-04-20T00:00:00.000Z,31,0.1845790659090859
2024-04-25T00:00:00.000Z,31,0.1262746790575007
2024-04-23T00:00:00.000Z,31,0.078914757920803
2024-04-23T00:00:00.000Z,43,0.0670497251860151
2024-04-25T00:00:00.000Z,40,0.1834185296727993
2024-04-20T00:00:00.000Z,40,0.1481455004239542
2024-04-25T00:00:00.000Z,43,0.1305207284220056
2024-04-23T00:00:00.000Z,40,0.0310271003709195
2024-04-20T00:00:00.000Z,43,0.1936341619608821
2024-04-25T00:00:00.000Z,32,0.1283206738444981
2024-04-23T00:00:00.000Z,41,0.07791377369517
2024-04-25T00:00:00.000Z,41,0.0813848864571426
2024-04-25T00:00:00.000Z,42,0.1730141962161765
2024-04-20T00:00:00.000Z,41,0.3110321850120841
2024-04-23T00:00:00.000Z,32,0.0946130325139203
2024-04-20T00:00:00.000Z,42,0.1819860914706622
2024-04-20T00:00:00.000Z,32,0.3743921506235432
2024-04-23T00:00:00.000Z,42,0.0248423088629263
2024-04-15T00:00:00.000Z,42,0.0085123851079019
2024-04-15T00:00:00.000Z,40,0.0231938392278907
2024-04-18T00:00:00.000Z,42,0.1910226390963459
2024-04-18T00:00:00.000Z,40,0.3090493963692971
2024-04-13T00:00:00.000Z,40,0.54649134005094
2024-04-13T00:00:00.000Z,42,0.6020957183390812
2024-05-08T00:00:00.000Z,20,0.0284247962165503
2024-05-08T00:00:00.000Z,18,0.0192575374677579
2024-05-13T00:00:00.000Z,15,0.4182732814169249
2024-05-13T00:00:00.000Z,18,0.1817328980285823
2024-05-18T00:00:00.000Z,20,0.0634028554673705
2024-05-18T00:00:00.000Z,15,0.3040257857320904
2024-05-13T00:00:00.000Z,20,0.3912388084054394
2024-05-18T00:00:00.000Z,18,-0.0178502099549837
2024-06-17T00:00:00.000Z,15,0.1382238375225991
2024-06-17T00:00:00.000Z,20,0.1599875920372568
2024-06-14T00:00:00.000Z,15,0.0520268131461793
2024-06-17T00:00:00.000Z,14,0.1437124119312005
2024-06-19T00:00:00.000Z,15,0.2595622756165879
2024-05-08T00:00:00.000Z,10,0.0408126951468297
2024-05-05T00:00:00.000Z,19,0.0636886794723454
2024-05-05T00:00:00.000Z,10,0.1021749009860144
2024-05-08T00:00:00.000Z,19,0.0448842872319608
2024-05-10T00:00:00.000Z,19,0.5242524976446743
2024-05-10T00:00:00.000Z,10,0.5810995026191987
2024-05-20T00:00:00.000Z,20,0.7023033543896083
2024-05-18T00:00:00.000Z,17,-0.0028341656446113
2024-05-15T00:00:00.000Z,20,0.0424717119920639
2024-05-15T00:00:00.000Z,17,0.0350735232681515
2024-05-13T00:00:00.000Z,17,0.4734460414937046
2024-05-20T00:00:00.000Z,17,0.7666567581583664
2024-05-10T00:00:00.000Z,8,0.5219178916454777
2024-05-08T00:00:00.000Z,5,0.0183249764649552
2024-05-10T00:00:00.000Z,9,0.5459313105572771
2024-05-10T00:00:00.000Z,7,0.569320400535265
2024-05-05T00:00:00.000Z,9,0.0761675026880264
2024-05-05T00:00:00.000Z,8,0.1401170498006349
2024-05-08T00:00:00.000Z,9,0.0128034281656703
2024-05-05T00:00:00.000Z,7,0.1162882049696984
2024-05-10T00:00:00.000Z,5,0.6226263483944459
2024-05-08T00:00:00.000Z,7,0.0358100787353571
2024-05-08T00:00:00.000Z,8,0.0256592070619769
2024-05-05T00:00:00.000Z,5,0.1312837938378206
2024-06-22T00:00:00.000Z,20,0.0315833353815495
2024-06-27T00:00:00.000Z,17,0.6206244341413517
2024-06-24T00:00:00.000Z,17,0.3956520759602574
2024-06-27T00:00:00.000Z,20,0.6445974847500235
2024-06-29T00:00:00.000Z,17,0.4754107836262916
2024-06-22T00:00:00.000Z,18,0.0305465700605493
2024-06-27T00:00:00.000Z,18,0.4472177866829489
2024-06-24T00:00:00.000Z,20,0.5971855033534067
2024-06-22T00:00:00.000Z,17,0.0308198325522622
2024-06-29T00:00:00.000Z,20,0.4202376758857175
2024-06-24T00:00:00.000Z,19,0.617371159511041
2024-06-22T00:00:00.000Z,19,0.1155167356438926
2024-06-27T00:00:00.000Z,19,0.6526260831699939
2024-06-29T00:00:00.000Z,19,0.3580043818901845
2024-06-07T00:00:00.000Z,19,0.5731990785708707
2024-06-07T00:00:00.000Z,8,0.6388385545432137
2024-06-12T00:00:00.000Z,8,0.2730023278813545
2024-06-12T00:00:00.000Z,7,0.3843925429036652
2024-06-09T00:00:00.000Z,19,0.4921592564305234
2024-06-07T00:00:00.000Z,7,0.6544971448755365
2024-06-09T00:00:00.000Z,8,0.5059280026030921
2024-06-12T00:00:00.000Z,10,0.2040109400691925
2024-06-12T00:00:00.000Z,19,0.1995818339425669
2024-06-07T00:00:00.000Z,10,0.5563191192886134
2024-06-09T00:00:00.000Z,10,0.5361534627683459
2024-06-09T00:00:00.000Z,7,0.478252174756323
2024-06-27T00:00:00.000Z,5,0.7091087289272621
2024-06-24T00:00:00.000Z,8,0.5899020131342381
2024-06-27T00:00:00.000Z,8,0.6988034206303594
2024-06-24T00:00:00.000Z,7,0.6075601006349027
2024-06-29T00:00:00.000Z,5,0.5073646798227519
2024-06-22T00:00:00.000Z,9,0.2697597002062789
2024-06-27T00:00:00.000Z,7,0.651124273068554
2024-06-22T00:00:00.000Z,5,0.0759231691274664
2024-06-29T00:00:00.000Z,8,0.2184340427629806
2024-06-22T00:00:00.000Z,8,0.1837678222991417
2024-06-24T00:00:00.000Z,5,0.5522282906146083
2024-06-22T00:00:00.000Z,7,0.1380987711472639
2024-06-29T00:00:00.000Z,9,0.2690878702831449
2024-06-24T00:00:00.000Z,9,0.6004200815672641
2024-06-27T00:00:00.000Z,9,0.7035403343924108
2024-06-29T00:00:00.000Z,7,0.391111506875934
2024-05-10T00:00:00.000Z,29,0.7349802303242887
2024-05-05T00:00:00.000Z,29,0.0515361577450608
2024-05-08T00:00:00.000Z,28,0.2317525841711649
2024-05-10T00:00:00.000Z,28,0.8000117568125168
2024-05-10T00:00:00.000Z,24,0.7591792373009897
2024-05-08T00:00:00.000Z,24,0.3144060858439091
2024-05-05T00:00:00.000Z,28,0.0094031082842738
2024-05-08T00:00:00.000Z,29,0.2774609480638072
2024-05-05T00:00:00.000Z,24,0.020910427923348
2024-06-27T00:00:00.000Z,16,0.5995645941771457
2024-06-27T00:00:00.000Z,13,0.7454756984552336
2024-06-22T00:00:00.000Z,13,-0.0056623173501473
2024-06-22T00:00:00.000Z,15,0.0083291395532173
2024-06-27T00:00:00.000Z,28,0.6024136799027563
2024-06-27T00:00:00.000Z,15,0.5297093940711279
2024-06-22T00:00:00.000Z,16,-0.0041626799406094
2024-06-22T00:00:00.000Z,28,-0.0046582335659771
2024-06-04T00:00:00.000Z,24,0.1371145515874056
2024-06-02T00:00:00.000Z,29,0.0296529734027416
2024-05-30T00:00:00.000Z,29,0.0674900649634528
2024-05-30T00:00:00.000Z,24,0.0417419051132141
2024-06-04T00:00:00.000Z,29,0.1751197246839776
2024-06-04T00:00:00.000Z,28,0.0983391246893628
2024-05-30T00:00:00.000Z,28,0.0084096033417541
2024-06-02T00:00:00.000Z,24,0.0363060407955674
2024-06-02T00:00:00.000Z,28,0.0102392922367014
2024-05-15T00:00:00.000Z,22,0.0542210572209304
2024-05-13T00:00:00.000Z,1,0.4375650579256704
2024-05-20T00:00:00.000Z,21,0.3057739733708434
2024-05-20T00:00:00.000Z,1,0.6138536764200586
2024-05-20T00:00:00.000Z,22,0.4880631264507429
2024-05-13T00:00:00.000Z,22,0.1911246972826346
2024-05-15T00:00:00.000Z,23,0.0396946819696215
2024-05-15T00:00:00.000Z,21,0.0352708551353681
2024-05-15T00:00:00.000Z,1,0.0484999203492181
2024-05-18T00:00:00.000Z,21,0.3560772254821167
2024-05-18T00:00:00.000Z,1,0.5763752699049628
2024-05-18T00:00:00.000Z,23,0.3280082241184225
2024-05-13T00:00:00.000Z,21,0.3419197311276352
2024-05-20T00:00:00.000Z,23,0.5161179638466975
2024-05-13T00:00:00.000Z,23,0.426710189255447
2024-05-18T00:00:00.000Z,22,0.5148418363873278
2024-05-13T00:00:00.000Z,9,0.6606959516418608
2024-05-15T00:00:00.000Z,12,0.4848925715927027
2024-05-15T00:00:00.000Z,5,0.0284391962452233
2024-05-20T00:00:00.000Z,9,0.5891725913989732
2024-05-15T00:00:00.000Z,7,0.07600434801239
2024-05-18T00:00:00.000Z,12,0.380174907537024
2024-05-18T00:00:00.000Z,7,0.1405572287035487
2024-05-13T00:00:00.000Z,5,0.599611570671798
2024-05-15T00:00:00.000Z,4,0.0091012403210206
2024-05-18T00:00:00.000Z,4,0.2920787952121618
2024-05-20T00:00:00.000Z,7,0.6439207672636281
2024-05-13T00:00:00.000Z,7,0.5375660730106977
2024-05-13T00:00:00.000Z,12,0.5586175479878704
2024-05-20T00:00:00.000Z,4,0.6261700702618178
2024-05-18T00:00:00.000Z,5,0.3829316411816487
2024-05-20T00:00:00.000Z,12,0.5580572300424305
2024-05-13T00:00:00.000Z,4,0.5037945422019168
2024-05-15T00:00:00.000Z,9,0.545847417438475
2024-05-20T00:00:00.000Z,5,0.6115040091764706
2024-05-18T00:00:00.000Z,9,0.1068796150323976
2024-05-25T00:00:00.000Z,1,0.5386714839243544
2024-05-28T00:00:00.000Z,1,0.3870387564204267
2024-05-23T00:00:00.000Z,1,0.00010797446513576132
2024-05-23T00:00:00.000Z,35,0.0689482554652061
2024-05-28T00:00:00.000Z,37,0.56315486910878
2024-05-23T00:00:00.000Z,36,0.0259900446181703
2024-05-25T00:00:00.000Z,35,0.2774561490837119
2024-05-28T00:00:00.000Z,35,0.4618624317782584
2024-05-28T00:00:00.000Z,36,0.3768345196389249
2024-05-25T00:00:00.000Z,37,0.2732040415354842
2024-05-25T00:00:00.000Z,36,0.69803568554795
2024-05-23T00:00:00.000Z,37,0.0274040211530236
2024-06-24T00:00:00.000Z,1,0.5465966791444331
2024-06-27T00:00:00.000Z,21,0.5820606495120842
2024-06-22T00:00:00.000Z,23,0.0114287705034762
2024-06-24T00:00:00.000Z,23,0.5271941354036539
2024-06-24T00:00:00.000Z,22,0.4513742361925111
2024-06-22T00:00:00.000Z,21,-0.0111467193618405
2024-06-29T00:00:00.000Z,22,0.6972283174050771
2024-06-22T00:00:00.000Z,1,0.1784945061243213
2024-06-29T00:00:00.000Z,23,0.5929604427209638
2024-06-27T00:00:00.000Z,1,0.2631126913032804
2024-06-22T00:00:00.000Z,22,-0.0029531729908759
2024-06-29T00:00:00.000Z,21,0.6251943034519761
2024-06-29T00:00:00.000Z,1,0.6590356875531342
2024-06-27T00:00:00.000Z,23,0.4731166132761663
2024-06-24T00:00:00.000Z,21,0.4812897171057128
2024-06-27T00:00:00.000Z,22,0.1818049897373026
2024-06-04T00:00:00.000Z,2,0.2605063390356102
2024-05-30T00:00:00.000Z,22,0.3127406894574448
2024-06-02T00:00:00.000Z,22,-0.0076546054322713
2024-06-02T00:00:00.000Z,1,0.0200277404516827
2024-06-04T00:00:00.000Z,35,0.2508042133718811
2024-06-04T00:00:00.000Z,36,0.2089404333295944
2024-05-30T00:00:00.000Z,2,0.0896369413325565
2024-06-02T00:00:00.000Z,35,0.0982118678759717
2024-06-02T00:00:00.000Z,2,0.1893087663793265
2024-06-04T00:00:00.000Z,1,0.1326924696670592
2024-06-04T00:00:00.000Z,22,0.109233102307528
2024-05-30T00:00:00.000Z,35,0.0564780123991265
2024-05-30T00:00:00.000Z,36,0.0648583585984033
2024-05-30T00:00:00.000Z,1,0.2322059005058947
2024-06-02T00:00:00.000Z,36,0.1275752095730098
2024-06-02T00:00:00.000Z,0,0.1343601888263556
2024-06-04T00:00:00.000Z,0,0.0666170106883606
2024-05-30T00:00:00.000Z,0,0.3899301791705039
2024-06-14T00:00:00.000Z,39,0.0313939018108081
2024-06-17T00:00:00.000Z,39,0.1397611093541614
2024-06-17T00:00:00.000Z,35,0.0601860760866463
2024-06-19T00:00:00.000Z,39,0.5054422819744178
2024-06-17T00:00:00.000Z,2,0.089647813523372
2024-06-19T00:00:00.000Z,2,0.6143054473154522
2024-06-14T00:00:00.000Z,35,0.0565372335634919
2024-06-14T00:00:00.000Z,3,0.0234481348080445
2024-06-14T00:00:00.000Z,2,0.0405354995285321
2024-06-19T00:00:00.000Z,35,0.5715727884940565
2024-06-17T00:00:00.000Z,3,0.2005004632826697
2024-06-19T00:00:00.000Z,3,0.5339709193998656
2024-05-18T00:00:00.000Z,10,0.0544568807574791
2024-05-15T00:00:00.000Z,10,0.5386014487768257
2024-05-20T00:00:00.000Z,10,0.6286810178815414
2024-05-13T00:00:00.000Z,10,0.7556224214366563
2024-06-14T00:00:00.000Z,10,0.0531712051186619
2024-06-19T00:00:00.000Z,10,-0.0097561934583731
2024-06-17T00:00:00.000Z,10,0.2413970196164264
2024-04-25T00:00:00.000Z,15,0.2080724495141919
2024-04-23T00:00:00.000Z,15,0.6133585136974504
2024-04-23T00:00:00.000Z,14,0.5262069686120878
2024-04-20T00:00:00.000Z,15,0.1002367109841774
2024-04-23T00:00:00.000Z,20,0.6471039550904866
2024-06-14T00:00:00.000Z,9,0.050134813599568
2024-06-19T00:00:00.000Z,9,0.2891537612012297
2024-06-17T00:00:00.000Z,9,0.1988942174176781
2024-06-17T00:00:00.000Z,8,0.3281934283819795
2024-06-14T00:00:00.000Z,8,0.055088848311445
2024-06-19T00:00:00.000Z,8,0.4215909297553574
2024-04-23T00:00:00.000Z,18,0.4595022505896191
2024-05-23T00:00:00.000Z,11,0.2851059948680245
2024-05-28T00:00:00.000Z,11,0.5387946815196638
2024-05-23T00:00:00.000Z,12,0.2140170788926373
2024-05-28T00:00:00.000Z,12,0.4804645348919259
2024-05-25T00:00:00.000Z,11,0.2239572296616634
2024-05-28T00:00:00.000Z,3,0.6113680849724055
2024-05-23T00:00:00.000Z,3,0.267738874345459
2024-05-25T00:00:00.000Z,12,0.3696125769599093
2024-05-25T00:00:00.000Z,3,0.3228710744913065
2024-04-10T00:00:00.000Z,20,0.2933741973673662
2024-04-05T00:00:00.000Z,20,0.2753455805655503
2024-04-03T00:00:00.000Z,20,0.0210337192912612
2024-04-08T00:00:00.000Z,20,0.3492881580891933
2024-04-23T00:00:00.000Z,16,0.5158604167008284
2024-04-03T00:00:00.000Z,17,0.0116076850263531
2024-04-03T00:00:00.000Z,18,0.018985410159491
2024-04-10T00:00:00.000Z,17,0.3724495397705535
2024-04-05T00:00:00.000Z,17,0.1839462468239198
2024-04-08T00:00:00.000Z,17,0.2918111583421353
2024-04-08T00:00:00.000Z,18,0.2446764066279672
2024-04-23T00:00:00.000Z,13,0.5672759765202463
2024-04-28T00:00:00.000Z,39,0.2600078896172944
2024-05-03T00:00:00.000Z,39,0.048845936212987
2024-04-30T00:00:00.000Z,39,0.5144462520620651
2024-04-28T00:00:00.000Z,11,0.2130743134896188
2024-05-03T00:00:00.000Z,3,0.0457185169368505
2024-04-30T00:00:00.000Z,3,0.7047483273661247
2024-04-28T00:00:00.000Z,3,0.2701570787089439
2024-04-30T00:00:00.000Z,11,0.4918914852521511
2024-05-03T00:00:00.000Z,11,0.0670462631973478
2024-04-18T00:00:00.000Z,7,0.1756616004081582
2024-04-13T00:00:00.000Z,7,0.4265309556669386
2024-04-18T00:00:00.000Z,15,0.0874079471049848
2024-04-15T00:00:00.000Z,7,0.0484768010521766
2024-04-15T00:00:00.000Z,20,0.2081387330767527
2024-04-15T00:00:00.000Z,15,0.1065984909718741
2024-04-13T00:00:00.000Z,15,0.3912043771849964
2024-04-13T00:00:00.000Z,14,0.3179874460539953
2024-04-18T00:00:00.000Z,14,0.0675417980340967
2024-04-18T00:00:00.000Z,16,0.1804151585371025
2024-04-13T00:00:00.000Z,16,0.4020942315824115
2024-04-05T00:00:00.000Z,4,0.4680465372199002
2024-04-08T00:00:00.000Z,15,0.2077666887547098
2024-04-03T00:00:00.000Z,4,0.0200616782086366
2024-04-08T00:00:00.000Z,4,0.4394365045902805
2024-04-05T00:00:00.000Z,23,0.412256035017448
2024-04-05T00:00:00.000Z,15,0.4701135738665279
2024-04-08T00:00:00.000Z,23,0.3167830372284096
2024-04-03T00:00:00.000Z,23,0.0260188723254488
2024-04-10T00:00:00.000Z,4,0.3712103068542378
2024-04-10T00:00:00.000Z,23,0.3696500521697045
2024-04-03T00:00:00.000Z,15,0.032808880896037
2024-04-10T00:00:00.000Z,15,0.45874812127602
2024-04-08T00:00:00.000Z,35,0.4031759457423092
2024-04-03T00:00:00.000Z,2,0.0335707370106145
2024-04-05T00:00:00.000Z,2,0.56691347135875
2024-04-05T00:00:00.000Z,35,0.5548413267286749
2024-04-10T00:00:00.000Z,35,0.1538560606389358
2024-04-08T00:00:00.000Z,2,0.4083414232369644
2024-04-03T00:00:00.000Z,35,0.0303856965007178
2024-04-10T00:00:00.000Z,2,0.2791038555503179
2024-04-18T00:00:00.000Z,13,0.1290572336472498
2024-04-13T00:00:00.000Z,13,0.4098330873791905
2024-04-15T00:00:00.000Z,23,0.0448660294776829
2024-04-18T00:00:00.000Z,23,0.0780629031042569
2024-04-13T00:00:00.000Z,23,0.50498061483548
2024-04-15T00:00:00.000Z,16,0.0246836901221335
2024-04-20T00:00:00.000Z,23,0.0503745209861258
2024-04-25T00:00:00.000Z,22,0.0625570334582903
2024-04-23T00:00:00.000Z,23,0.6147255792639453
2024-04-25T00:00:00.000Z,1,0.13888008483423
2024-04-25T00:00:00.000Z,23,0.1206321003615507
2024-04-20T00:00:00.000Z,1,0.0871328185841658
2024-04-25T00:00:00.000Z,21,0.043919069676299
2024-04-23T00:00:00.000Z,1,0.4351291705654997
2024-04-20T00:00:00.000Z,21,0.0376386374808122
2024-04-23T00:00:00.000Z,21,0.5707535060050797
2024-04-23T00:00:00.000Z,22,0.4647803482343322
2024-04-20T00:00:00.000Z,22,0.0893754790608126
2024-04-18T00:00:00.000Z,3,0.2102854015009434
2024-04-15T00:00:00.000Z,3,0.1260927411308339
2024-04-13T00:00:00.000Z,5,0.3901150001255552
2024-04-18T00:00:00.000Z,5,0.2488273090656955
2024-04-13T00:00:00.000Z,3,0.5606044841183841
2024-04-15T00:00:00.000Z,5,0.0584539849997374
2024-04-18T00:00:00.000Z,17,0.0455724175432283
2024-04-13T00:00:00.000Z,17,0.3283609439953677
2024-04-15T00:00:00.000Z,17,0.1429979090228034
2024-04-10T00:00:00.000Z,9,0.4270628647017915
2024-04-05T00:00:00.000Z,5,0.6222234517379264
2024-04-08T00:00:00.000Z,9,0.4782057896657791
2024-04-03T00:00:00.000Z,9,0.1830236299377163
2024-04-08T00:00:00.000Z,5,0.4389408859170121
2024-04-10T00:00:00.000Z,5,0.4081190666433628
2024-04-03T00:00:00.000Z,5,0.217805013351648
2024-04-05T00:00:00.000Z,9,0.5713019735417715
2024-04-08T00:00:00.000Z,16,-0.0127027795588215
2024-04-03T00:00:00.000Z,16,0.0542664845946832
2024-04-25T00:00:00.000Z,2,0.1026712535673245
2024-04-20T00:00:00.000Z,2,0.1868437086572699
2024-04-23T00:00:00.000Z,2,0.2284775311652514
2024-04-23T00:00:00.000Z,0,0.4479321255337136
2024-04-20T00:00:00.000Z,0,0.1046733955128278
2024-04-25T00:00:00.000Z,0,0.1269727245309763
2024-04-20T00:00:00.000Z,8,0.1795215843904485
2024-04-23T00:00:00.000Z,8,0.6576134070198943
2024-04-25T00:00:00.000Z,8,0.13091706573067
2024-04-20T00:00:00.000Z,20,0.0563757906205138
2024-04-25T00:00:00.000Z,20,0.3003013193403868
2024-04-10T00:00:00.000Z,1,0.3261378060984173
2024-04-03T00:00:00.000Z,22,0.0700086302148098
2024-04-03T00:00:00.000Z,1,0.0600578056067374
2024-04-10T00:00:00.000Z,22,0.4302174304866397
2024-04-05T00:00:00.000Z,1,0.3620200135977627
2024-04-05T00:00:00.000Z,0,0.457652124411323
2024-04-10T00:00:00.000Z,0,0.290853884378325
2024-04-05T00:00:00.000Z,22,0.6521500299922649
2024-04-08T00:00:00.000Z,0,0.3706472453894053
2024-04-03T00:00:00.000Z,0,0.0209045378237503
2024-04-08T00:00:00.000Z,22,0.2958178852255834
2024-04-08T00:00:00.000Z,1,0.442343790164259
2024-04-10T00:00:00.000Z,38,0.0415516090293995
2024-04-08T00:00:00.000Z,38,0.4640256299145049
2024-04-05T00:00:00.000Z,38,0.5389496667290717
2024-04-03T00:00:00.000Z,38,0.1601137593710046
2024-04-10T00:00:00.000Z,37,0.081671200605258
2024-04-10T00:00:00.000Z,36,0.1684439055177921
2024-04-05T00:00:00.000Z,36,0.4151672275155901
2024-04-08T00:00:00.000Z,36,0.4496202414256735
2024-04-08T00:00:00.000Z,37,0.3666046822758289
2024-04-03T00:00:00.000Z,36,0.0407915634184687
2024-04-05T00:00:00.000Z,37,0.3967600493304369
2024-04-03T00:00:00.000Z,37,0.0269825378211568
2024-04-23T00:00:00.000Z,33,0.0283110036892423
2024-04-23T00:00:00.000Z,25,0.094668195423031
2024-04-10T00:00:00.000Z,26,0.0187704359328436
2024-04-10T00:00:00.000Z,34,0.0696239126937506
2024-04-08T00:00:00.000Z,26,-0.050629150840091
2024-04-08T00:00:00.000Z,34,0.0954268630791729
2024-04-03T00:00:00.000Z,26,0.0196979409184021
2024-04-05T00:00:00.000Z,34,0.4121814509148273
2024-04-03T00:00:00.000Z,34,0.0230439428802826
2024-04-05T00:00:00.000Z,26,0.2610794713760962
2024-04-20T00:00:00.000Z,3,0.1226062805678356
2024-04-25T00:00:00.000Z,12,0.1541613999432458
2024-04-20T00:00:00.000Z,12,0.1235692704913784
2024-04-25T00:00:00.000Z,3,0.1137480384457694
2024-04-23T00:00:00.000Z,12,0.2033675400606838
2024-04-23T00:00:00.000Z,3,0.1107314743299542
2024-04-15T00:00:00.000Z,39,0.1100282519023711
2024-04-13T00:00:00.000Z,39,0.5998772856739332
2024-04-18T00:00:00.000Z,39,0.3156685765951902
2024-05-15T00:00:00.000Z,11,0.2878500409645602
2024-05-20T00:00:00.000Z,11,0.6825566660165764
2024-04-13T00:00:00.000Z,30,0.5245713416518557
2024-04-18T00:00:00.000Z,27,0.0439916758255548
2024-04-18T00:00:00.000Z,26,0.0702506901460987
2024-04-13T00:00:00.000Z,27,0.5293092932787541
2024-04-15T00:00:00.000Z,26,0.0987553716105825
2024-04-13T00:00:00.000Z,26,0.5123962825735879
2024-04-18T00:00:00.000Z,30,0.2137515217652794
2024-04-15T00:00:00.000Z,30,0.111371708959638
2024-04-18T00:00:00.000Z,43,0.2491176722939592
2024-04-13T00:00:00.000Z,43,0.5252294948025059
2024-04-13T00:00:00.000Z,37,0.4759104965729088
2024-04-15T00:00:00.000Z,43,0.0366621574123807
2024-04-18T00:00:00.000Z,37,0.147307254546697
2024-04-15T00:00:00.000Z,37,0.0417374160053205
2024-04-08T00:00:00.000Z,43,0.4112014475315957
2024-04-08T00:00:00.000Z,40,0.4520795005223434
2024-04-03T00:00:00.000Z,41,0.03301810322418
2024-04-10T00:00:00.000Z,41,0.1460765322328241
2024-04-05T00:00:00.000Z,43,0.570108405089212
2024-04-10T00:00:00.000Z,43,0.1214483977576161
2024-04-03T00:00:00.000Z,40,0.145288760487037
2024-04-05T00:00:00.000Z,41,0.5843755370358191
2024-04-05T00:00:00.000Z,40,0.6288278995028667
2024-04-10T00:00:00.000Z,42,0.221134061510917
2024-04-03T00:00:00.000Z,42,0.0827113178286063
2024-04-08T00:00:00.000Z,42,0.3813326644949749
2024-04-08T00:00:00.000Z,41,0.3712160024515156
2024-04-05T00:00:00.000Z,42,0.6792606257342683
2024-04-10T00:00:00.000Z,40,0.1783354664848999
2024-04-03T00:00:00.000Z,43,0.0431186869810838
2024-04-18T00:00:00.000Z,28,0.0716630436795556
2024-04-13T00:00:00.000Z,28,0.4508098657771658
2024-04-23T00:00:00.000Z,27,0.0738997775219848
2024-06-04T00:00:00.000Z,5,0.3871965486718701
2024-05-30T00:00:00.000Z,9,0.4699799021405517
2024-06-04T00:00:00.000Z,12,0.3700264565849437
2024-06-02T00:00:00.000Z,9,0.231183445131522
2024-05-30T00:00:00.000Z,5,0.5527320728388297
2024-06-02T00:00:00.000Z,5,0.1156145096008543
2024-06-02T00:00:00.000Z,12,0.2672051946342609
2024-06-04T00:00:00.000Z,9,0.3090717382675529
2024-05-30T00:00:00.000Z,12,0.5143640934631138
2024-06-17T00:00:00.000Z,18,0.2738458340840405
2024-06-09T00:00:00.000Z,11,0.0354676255357905
2024-06-07T00:00:00.000Z,3,0.5792238486878878
2024-06-12T00:00:00.000Z,3,0.3129170522887874
2024-06-07T00:00:00.000Z,39,0.2941741039814696
2024-06-07T00:00:00.000Z,11,0.2361712506415932
2024-06-09T00:00:00.000Z,39,0.1156775762577715
2024-06-12T00:00:00.000Z,39,0.0774403037790841
2024-06-09T00:00:00.000Z,3,0.4416446913027404
2024-06-12T00:00:00.000Z,11,0.0310714790316848
2024-04-03T00:00:00.000Z,14,0.0451574162007945
2024-04-08T00:00:00.000Z,14,0.1241415749280865
2024-05-03T00:00:00.000Z,25,0.0266669196180398
2024-04-28T00:00:00.000Z,25,0.0838928960476159
2024-04-28T00:00:00.000Z,27,0.1740457100928022
2024-04-28T00:00:00.000Z,26,0.0829800848436842
2024-05-03T00:00:00.000Z,26,0.0255432832814009
2024-05-03T00:00:00.000Z,27,0.0218671988700806
2024-04-15T00:00:00.000Z,14,0.1083681370709588
2024-04-28T00:00:00.000Z,20,0.2296134044682322
2024-04-28T00:00:00.000Z,14,0.3662986612572012
2024-05-03T00:00:00.000Z,15,0.0517362631204144
2024-05-03T00:00:00.000Z,20,0.0850150267571101
2024-04-30T00:00:00.000Z,15,0.4445439743075817
2024-05-03T00:00:00.000Z,14,0.0313589462346086
2024-04-28T00:00:00.000Z,15,0.3629832219215388
2024-04-30T00:00:00.000Z,30,0.6842064841496501
2024-05-03T00:00:00.000Z,30,0.0382561349265121
2024-04-28T00:00:00.000Z,30,0.305150478002559
2024-04-30T00:00:00.000Z,26,0.686066978682043
2024-04-15T00:00:00.000Z,29,0.0370408712344528
2024-04-18T00:00:00.000Z,29,0.0849963059271435
2024-04-13T00:00:00.000Z,29,0.5075141155996457
2024-05-23T00:00:00.000Z,19,0.2861132529094214
2024-05-25T00:00:00.000Z,19,0.5587912768894852
2024-05-28T00:00:00.000Z,19,0.3363006116343307
2024-04-15T00:00:00.000Z,21,0.0078710453429743
2024-04-13T00:00:00.000Z,21,0.4514989496540895
2024-04-18T00:00:00.000Z,21,0.0506728658717221
2024-05-08T00:00:00.000Z,33,0.4883821610798108
2024-05-08T00:00:00.000Z,26,0.3941749165620424
2024-04-03T00:00:00.000Z,31,0.0296064437674513
2024-04-10T00:00:00.000Z,31,0.1305289907211268
2024-04-08T00:00:00.000Z,31,0.3313841992513139
2024-04-05T00:00:00.000Z,31,0.4218944337064056
2024-04-13T00:00:00.000Z,33,0.4916743807994354
2024-04-18T00:00:00.000Z,33,0.1450499412425136
2024-05-28T00:00:00.000Z,33,0.5162994966193424
2024-05-28T00:00:00.000Z,26,0.5610508301580545
2024-05-23T00:00:00.000Z,25,0.0243755999510637
2024-05-23T00:00:00.000Z,33,0.0208063237194593
2024-05-28T00:00:00.000Z,25,0.6347953733428623
2024-05-23T00:00:00.000Z,26,0.0196753713948429
2024-05-20T00:00:00.000Z,19,0.6925511713923356
2024-05-13T00:00:00.000Z,19,0.6962640195364075
2024-05-15T00:00:00.000Z,19,0.2577420566446343
2024-05-18T00:00:00.000Z,19,0.0182242051440363
2024-04-13T00:00:00.000Z,24,0.4647426189586857
2024-04-15T00:00:00.000Z,28,0.1006932893459499
2024-04-18T00:00:00.000Z,24,0.1253629631395957
2024-04-15T00:00:00.000Z,24,0.0595048806642489
2024-06-17T00:00:00.000Z,7,0.1017095340062255
2024-06-17T00:00:00.000Z,19,0.2181990539249493
2024-06-19T00:00:00.000Z,20,-0.049662953144296
2024-06-14T00:00:00.000Z,20,0.025098747612105
2024-06-14T00:00:00.000Z,19,0.0431594176658945
2024-06-14T00:00:00.000Z,7,0.0511351123025658
2024-06-19T00:00:00.000Z,7,0.3023646407808609
2024-06-19T00:00:00.000Z,19,-0.0317557048977824
2024-05-20T00:00:00.000Z,6,0.5867491955406324
2024-05-20T00:00:00.000Z,15,0.6853850187736807
2024-05-15T00:00:00.000Z,6,-0.0033668134393557
2024-05-18T00:00:00.000Z,6,0.1709799405587013
2024-05-15T00:00:00.000Z,15,0.0541547100712061
2024-05-13T00:00:00.000Z,6,0.4001378205059383
2024-04-05T00:00:00.000Z,14,0.6628794950845579
2024-04-10T00:00:00.000Z,14,0.3338661591713753
2024-05-18T00:00:00.000Z,16,0.4208265961476404
2024-05-13T00:00:00.000Z,14,0.4452672623889787
2024-05-13T00:00:00.000Z,16,0.2680753099529669
2024-05-18T00:00:00.000Z,14,0.4592291532978936
2024-04-08T00:00:00.000Z,13,-0.0283027643274738
2024-04-03T00:00:00.000Z,13,0.0764359650849433
2024-05-25T00:00:00.000Z,26,0.0268352367994504
2024-05-23T00:00:00.000Z,30,0.0072021103685642
2024-05-28T00:00:00.000Z,30,0.4602851952684544
2024-05-25T00:00:00.000Z,30,0.2013498581666623
2024-05-23T00:00:00.000Z,34,0.0112370106809967
2024-05-28T00:00:00.000Z,34,0.5437000688714202
2024-05-25T00:00:00.000Z,34,0.4950649887763717
2024-06-17T00:00:00.000Z,26,0.0475754772646344
2024-06-17T00:00:00.000Z,25,0.0395144723625773
2024-06-17T00:00:00.000Z,27,0.0333264239623025
2024-04-10T00:00:00.000Z,32,0.2359958268346307
2024-04-08T00:00:00.000Z,32,0.2554650651970115
2024-04-05T00:00:00.000Z,32,0.5239521165482983
2024-04-03T00:00:00.000Z,32,0.0279103579105574
2024-05-23T00:00:00.000Z,13,0.0383349724537687
2024-05-28T00:00:00.000Z,22,0.4887924109426853
2024-05-25T00:00:00.000Z,23,0.2434518011896983
2024-05-23T00:00:00.000Z,22,0.0037350966906545
2024-05-28T00:00:00.000Z,15,0.3055656177135801
2024-05-28T00:00:00.000Z,23,0.4496765963783072
2024-05-23T00:00:00.000Z,16,0.0568342995214206
2024-05-25T00:00:00.000Z,15,0.4913772316938549
2024-05-23T00:00:00.000Z,23,0.1207436795801718
2024-05-25T00:00:00.000Z,22,0.2755649774894312
2024-05-28T00:00:00.000Z,16,0.46947314470094
2024-05-28T00:00:00.000Z,13,0.5521734757906888
2024-05-25T00:00:00.000Z,16,-0.0057168480705197
2024-05-23T00:00:00.000Z,15,0.4980706608222495
2024-06-29T00:00:00.000Z,10,0.334820539243636
2024-06-24T00:00:00.000Z,10,0.5884762185739575
2024-06-27T00:00:00.000Z,10,0.6608716737801758
2024-06-22T00:00:00.000Z,10,0.1406360055515675
2024-04-25T00:00:00.000Z,11,0.0740304084504589
2024-04-23T00:00:00.000Z,39,0.0214132454258394
2024-04-20T00:00:00.000Z,11,0.0540486594198452
2024-04-23T00:00:00.000Z,11,0.0202800224057102
2024-04-20T00:00:00.000Z,39,0.1033233021778053
2024-04-25T00:00:00.000Z,39,0.0760922831634116
2024-06-22T00:00:00.000Z,25,0.0018869882770431
2024-06-27T00:00:00.000Z,27,0.5394509011032532
2024-06-22T00:00:00.000Z,26,0.0055353287999877
2024-06-27T00:00:00.000Z,25,0.6793226041307702
2024-06-27T00:00:00.000Z,26,0.6040206136805923
2024-06-22T00:00:00.000Z,27,0.0014833722558529
2024-04-23T00:00:00.000Z,45,-0.8199188029393554
2024-04-25T00:00:00.000Z,45,0.0055266004464036
2024-04-20T00:00:00.000Z,45,0.0631673206423459
2024-05-18T00:00:00.000Z,28,0.5386290979496029
2024-05-13T00:00:00.000Z,28,0.1993436575738483
2024-04-13T00:00:00.000Z,4,0.4463556708795735
2024-04-18T00:00:00.000Z,4,0.1766705894701261
2024-04-15T00:00:00.000Z,4,0.0388336453445451
2024-04-05T00:00:00.000Z,12,0.6019161038217735
2024-04-10T00:00:00.000Z,12,0.1314704234027499
2024-04-03T00:00:00.000Z,12,0.2977107038315331
2024-04-08T00:00:00.000Z,12,0.5070374309716077
2024-04-08T00:00:00.000Z,33,-0.073073004210164
2024-04-03T00:00:00.000Z,33,0.0086230766671978
2024-04-03T00:00:00.000Z,25,0.0205055876098946
2024-04-03T00:00:00.000Z,27,0.0196822281790607
2024-04-08T00:00:00.000Z,25,-0.0537401125609792
2024-04-08T00:00:00.000Z,27,-0.0225169366666842
2024-06-12T00:00:00.000Z,25,0.6011620615000565
2024-06-12T00:00:00.000Z,33,0.135057950458713
2024-06-07T00:00:00.000Z,25,0.5711552254599354
2024-06-12T00:00:00.000Z,34,0.1229719210947035
2024-06-07T00:00:00.000Z,33,0.4497320110781957
2024-06-07T00:00:00.000Z,34,0.3030878559145182
2024-06-12T00:00:00.000Z,26,0.2886231116276867
2024-06-07T00:00:00.000Z,26,0.3771695287556734
2024-05-08T00:00:00.000Z,15,0.0156433832989083
2024-05-08T00:00:00.000Z,16,0.0143882454163022
2024-05-08T00:00:00.000Z,13,0.0099508843099535
2024-05-23T00:00:00.000Z,20,0.4726457299015322
2024-05-28T00:00:00.000Z,7,0.4688346313534101
2024-05-23T00:00:00.000Z,7,0.3843783334561073
2024-05-25T00:00:00.000Z,7,0.5582045752183937
2024-05-25T00:00:00.000Z,20,0.5169367490209689
2024-05-28T00:00:00.000Z,20,0.136727747048807
2024-04-13T00:00:00.000Z,34,0.4844080009146266
2024-04-18T00:00:00.000Z,34,0.1520768439476834
2024-04-15T00:00:00.000Z,34,0.0352330977315519
2024-06-07T00:00:00.000Z,30,0.3614383104588697
2024-06-09T00:00:00.000Z,34,0.0604726717557284
2024-06-09T00:00:00.000Z,30,-0.0452323791836051
2024-06-12T00:00:00.000Z,30,0.0928916392013723
2024-06-09T00:00:00.000Z,26,-0.0303702230712873
2024-06-17T00:00:00.000Z,16,0.0582048030030358
2024-04-28T00:00:00.000Z,18,0.1932751853068751
2024-05-03T00:00:00.000Z,18,0.0741772627302417
2024-06-27T00:00:00.000Z,14,0.5393031528609528
2024-06-29T00:00:00.000Z,15,0.5307840839598441
2024-06-29T00:00:00.000Z,14,0.6327236214191131
2024-06-22T00:00:00.000Z,14,-0.0007652623970737003
2024-06-24T00:00:00.000Z,15,0.6041280345615423
2024-06-24T00:00:00.000Z,14,0.2590257390515157
2024-04-28T00:00:00.000Z,10,0.1715966613346648
2024-04-30T00:00:00.000Z,10,0.6720284382715623
2024-05-03T00:00:00.000Z,19,0.0882680593248767
2024-04-28T00:00:00.000Z,19,0.1570865447869999
2024-04-30T00:00:00.000Z,19,0.6673039556229649
2024-05-03T00:00:00.000Z,10,0.0450498020294216
2024-04-15T00:00:00.000Z,11,0.3783818595092348
2024-06-07T00:00:00.000Z,20,0.5957132380967253
2024-06-09T00:00:00.000Z,20,0.4832661562857598
2024-06-12T00:00:00.000Z,17,0.5720649684865534
2024-06-12T00:00:00.000Z,18,0.3129025073426475
2024-06-09T00:00:00.000Z,17,0.6297640356929709
2024-06-07T00:00:00.000Z,17,0.5903060724718754
2024-06-07T00:00:00.000Z,18,0.4225800876474072
2024-06-12T00:00:00.000Z,20,0.4943343953368405
2024-05-03T00:00:00.000Z,28,0.0154322137654507
2024-05-03T00:00:00.000Z,16,0.0258542267667792
2024-04-28T00:00:00.000Z,28,0.4165231273547639
2024-04-28T00:00:00.000Z,16,0.549829688539333
2024-04-20T00:00:00.000Z,6,0.0585403094464068
2024-04-25T00:00:00.000Z,6,0.1742086159384646
2024-04-23T00:00:00.000Z,6,0.5850933113695048
2024-04-30T00:00:00.000Z,1,0.6664070330429273
2024-04-30T00:00:00.000Z,22,0.6021930715244829
2024-04-28T00:00:00.000Z,2,0.2700041230071973
2024-05-03T00:00:00.000Z,1,0.018024075592422
2024-04-28T00:00:00.000Z,23,0.3617408372651256
2024-04-28T00:00:00.000Z,22,0.4206174805068037
2024-05-03T00:00:00.000Z,23,0.0190986691436431
2024-05-03T00:00:00.000Z,2,0.0402029855958359
2024-04-30T00:00:00.000Z,23,0.5774035996836269
2024-04-30T00:00:00.000Z,4,0.6194696984932693
2024-04-30T00:00:00.000Z,2,0.6751609418058271
2024-05-03T00:00:00.000Z,4,0.0333108398252881
2024-04-30T00:00:00.000Z,0,0.5979951725928548
2024-05-03T00:00:00.000Z,22,0.0136868144943415
2024-04-28T00:00:00.000Z,0,0.2666638253983736
2024-04-28T00:00:00.000Z,1,0.2789254802766214
2024-04-28T00:00:00.000Z,4,0.239606374988176
2024-05-03T00:00:00.000Z,0,0.0094065231419191
2024-04-28T00:00:00.000Z,24,0.5030116251876294
2024-04-28T00:00:00.000Z,29,0.3703105161018009
2024-04-30T00:00:00.000Z,28,0.5546663952335467
2024-05-03T00:00:00.000Z,24,0.0073070910396817
2024-05-03T00:00:00.000Z,29,0.0406379563354573
2024-04-30T00:00:00.000Z,29,0.6556960368258989
2024-04-30T00:00:00.000Z,24,0.5935494385656019
2024-05-08T00:00:00.000Z,1,0.041809187330596
2024-05-10T00:00:00.000Z,37,0.7491658734898894
2024-05-05T00:00:00.000Z,36,0.028826065170205
2024-05-08T00:00:00.000Z,22,0.1821161780608576
2024-05-10T00:00:00.000Z,36,0.7425256228338118
2024-05-05T00:00:00.000Z,22,0.0131728356473838
2024-05-10T00:00:00.000Z,22,0.7593424164274258
2024-05-10T00:00:00.000Z,1,0.71662421112221
2024-05-08T00:00:00.000Z,36,0.0843303275268488
2024-05-05T00:00:00.000Z,1,0.026615586360417
2024-05-08T00:00:00.000Z,37,0.1615747109078145
2024-05-05T00:00:00.000Z,37,0.149467485532503
2024-04-15T00:00:00.000Z,45,0.0067702521002632
2024-04-18T00:00:00.000Z,41,0.2536605438603053
2024-04-15T00:00:00.000Z,41,0.0649921794786473
2024-04-13T00:00:00.000Z,45,-0.2001911225323352
2024-04-13T00:00:00.000Z,41,0.6048604580280927
2024-04-18T00:00:00.000Z,45,
2024-06-24T00:00:00.000Z,24,0.4512904777727907
2024-06-29T00:00:00.000Z,16,0.7774151573496795
2024-06-27T00:00:00.000Z,24,0.3695454403390091
2024-06-24T00:00:00.000Z,16,0.4062211871833173
2024-06-22T00:00:00.000Z,24,-0.0035453211526387
2024-06-29T00:00:00.000Z,24,0.7088085135385234
2024-05-13T00:00:00.000Z,35,0.1776805692206053
2024-05-20T00:00:00.000Z,37,0.5944614249286271
2024-05-20T00:00:00.000Z,36,0.6992171483524702
2024-05-20T00:00:00.000Z,35,0.6888259144567812
2024-05-18T00:00:00.000Z,36,0.566169457755252
2024-05-18T00:00:00.000Z,37,0.5507404053905035
2024-05-18T00:00:00.000Z,35,0.5797247721568168
2024-05-15T00:00:00.000Z,35,0.0188871287717596
2024-05-13T00:00:00.000Z,37,0.0098542707641064
2024-05-15T00:00:00.000Z,37,0.0940380189097439
2024-05-13T00:00:00.000Z,36,0.2676050959661424
2024-05-15T00:00:00.000Z,36,0.0511556116927221
2024-05-30T00:00:00.000Z,10,0.2643102187126117
2024-05-30T00:00:00.000Z,19,0.3997715202031657
2024-06-02T00:00:00.000Z,10,0.0723863840752124
2024-06-04T00:00:00.000Z,10,0.5192734174518205
2024-06-02T00:00:00.000Z,19,0.2508073344932836
2024-06-04T00:00:00.000Z,19,0.4295737363661545
2024-05-05T00:00:00.000Z,20,0.03872436660468
2024-05-10T00:00:00.000Z,20,0.5246724341554555
2024-05-08T00:00:00.000Z,4,0.0626784014772747
2024-05-10T00:00:00.000Z,4,0.5864600272891289
2024-05-10T00:00:00.000Z,12,0.6421882013780148
2024-05-08T00:00:00.000Z,12,0.0158713616063791
2024-05-05T00:00:00.000Z,4,0.0367422798327339
2024-05-05T00:00:00.000Z,12,0.0812843375512321
2024-06-19T00:00:00.000Z,6,0.4105782435966246
2024-06-17T00:00:00.000Z,6,0.0956869046704385
2024-06-14T00:00:00.000Z,6,0.0439090491904271
2024-05-05T00:00:00.000Z,35,0.0752411553997443
2024-05-08T00:00:00.000Z,35,0.0195967685624996
2024-05-10T00:00:00.000Z,35,0.7428869294178331
2024-05-23T00:00:00.000Z,2,0.1606778499957186
2024-05-25T00:00:00.000Z,2,0.5561741712910433
2024-05-28T00:00:00.000Z,0,0.486074803567768
2024-05-25T00:00:00.000Z,0,0.3991030331904684
2024-05-23T00:00:00.000Z,0,-0.0101999947926357
2024-05-28T00:00:00.000Z,2,0.308089705888659
2024-04-13T00:00:00.000Z,44,0.1343855373798211
2024-04-18T00:00:00.000Z,32,0.231768389234519
2024-04-18T00:00:00.000Z,44,0.041048364806184
2024-04-15T00:00:00.000Z,44,0.0172991992803872
2024-04-13T00:00:00.000Z,32,0.4845313362598045
2024-04-15T00:00:00.000Z,32,0.0339218983851755
2024-06-29T00:00:00.000Z,12,0.480267651712439
2024-06-29T00:00:00.000Z,2,0.6483888113252783
2024-06-22T00:00:00.000Z,3,0.3066059168157622
2024-06-24T00:00:00.000Z,2,0.5850507666160961
2024-06-29T00:00:00.000Z,3,0.6051353156046853
2024-06-27T00:00:00.000Z,12,0.5697582667584609
2024-06-24T00:00:00.000Z,3,0.6093555758263923
2024-06-27T00:00:00.000Z,2,0.0813892255229184
2024-06-22T00:00:00.000Z,2,0.1554633066588661
2024-06-24T00:00:00.000Z,12,0.5759899178673726
2024-06-22T00:00:00.000Z,12,0.4461507377641001
2024-06-27T00:00:00.000Z,3,0.6639296548448481
2024-06-27T00:00:00.000Z,4,0.4952258775729836
2024-06-22T00:00:00.000Z,4,0.035917660712638
2024-06-24T00:00:00.000Z,4,0.5184260739972764
2024-06-29T00:00:00.000Z,4,0.511487663876607
2024-06-02T00:00:00.000Z,15,0.0704454660966564
2024-05-30T00:00:00.000Z,20,0.3158862173805429
2024-06-02T00:00:00.000Z,17,-0.0036855202902656
2024-05-30T00:00:00.000Z,17,0.2727533233764018
2024-06-04T00:00:00.000Z,17,0.5082390300123132
2024-06-02T00:00:00.000Z,18,0.01327323803178
2024-06-04T00:00:00.000Z,20,0.4571243586294031
2024-06-02T00:00:00.000Z,20,0.1066294138961698
2024-06-07T00:00:00.000Z,35,0.4569209569138043
2024-06-07T00:00:00.000Z,2,0.6152803750711685
2024-06-09T00:00:00.000Z,22,0.4056727050757321
2024-06-09T00:00:00.000Z,1,0.4737962632638389
2024-06-07T00:00:00.000Z,22,0.6722576585391943
2024-06-07T00:00:00.000Z,36,0.5218401505875537
2024-06-07T00:00:00.000Z,1,0.5765718680834666
2024-06-12T00:00:00.000Z,36,0.512035384241581
2024-06-12T00:00:00.000Z,1,0.1177852751487551
2024-06-12T00:00:00.000Z,22,0.0542132378018722
2024-06-09T00:00:00.000Z,35,0.2297241917836207
2024-06-09T00:00:00.000Z,2,0.4733371140867
2024-06-12T00:00:00.000Z,2,0.3672236462207116
2024-06-12T00:00:00.000Z,35,0.1937073644116648
2024-06-09T00:00:00.000Z,36,0.3967074707580393
2024-05-18T00:00:00.000Z,31,0.3669005348428411
2024-05-20T00:00:00.000Z,31,0.6956619798839946
2024-05-15T00:00:00.000Z,31,0.0475107907333194
2024-05-13T00:00:00.000Z,31,0.0318233908810929
2024-05-13T00:00:00.000Z,29,0.1902226200143042
2024-05-20T00:00:00.000Z,29,0.6528723839415662
2024-05-18T00:00:00.000Z,29,0.5908135203801149
2024-05-15T00:00:00.000Z,29,0.0387020844622239
2024-05-25T00:00:00.000Z,8,0.5265124211818729
2024-05-25T00:00:00.000Z,6,0.5663348092575095
2024-05-28T00:00:00.000Z,8,0.4903829602736527
2024-05-23T00:00:00.000Z,6,0.2784377821075373
2024-05-23T00:00:00.000Z,8,0.6247123697439867
2024-05-28T00:00:00.000Z,6,0.5550935238018551
2024-06-12T00:00:00.000Z,6,0.3657051948748847
2024-06-07T00:00:00.000Z,6,0.587346340867051
2024-06-07T00:00:00.000Z,15,0.6701981971362257
2024-06-09T00:00:00.000Z,15,0.4859826478176849
2024-06-09T00:00:00.000Z,6,0.4535522406301604
2024-06-12T00:00:00.000Z,15,0.5251039749434789
2024-05-10T00:00:00.000Z,15,0.6558436270745842
2024-05-08T00:00:00.000Z,23,0.0052474211799984
2024-05-05T00:00:00.000Z,14,0.5830691837795914
2024-05-10T00:00:00.000Z,14,0.8360207429979567
2024-05-10T00:00:00.000Z,23,0.7227556653973325
2024-05-08T00:00:00.000Z,14,0.0052829732184445
2024-05-05T00:00:00.000Z,23,0.0417600463559554
2024-05-05T00:00:00.000Z,15,0.1715571196880369
2024-05-23T00:00:00.000Z,28,0.0321339786991313
2024-05-28T00:00:00.000Z,28,0.535230325668517
2024-06-12T00:00:00.000Z,28,0.5708132226336741
2024-06-07T00:00:00.000Z,16,0.6879960169573704
2024-06-12T00:00:00.000Z,16,0.3950249614473407
2024-06-07T00:00:00.000Z,28,0.6301524811364446
2024-05-23T00:00:00.000Z,40,0.130655774510234
2024-05-23T00:00:00.000Z,39,0.2149488988895319
2024-05-25T00:00:00.000Z,40,0.5684589042470899
2024-05-28T00:00:00.000Z,40,0.225470488754959
2024-05-25T00:00:00.000Z,39,0.4955283046478906
2024-05-28T00:00:00.000Z,39,0.4786003166426679
2024-05-15T00:00:00.000Z,16,0.0277150873933364
2024-05-13T00:00:00.000Z,13,0.3028388622937554
2024-05-18T00:00:00.000Z,13,0.5034586855498774
2024-05-20T00:00:00.000Z,16,0.1087920333238667
2024-04-18T00:00:00.000Z,25,0.0538907256336747
2024-04-13T00:00:00.000Z,25,0.4942483513950629
2024-05-03T00:00:00.000Z,21,0.0223492303315969
2024-04-28T00:00:00.000Z,21,0.2915857497996145
2024-04-30T00:00:00.000Z,21,0.5231567444147555
2024-06-09T00:00:00.000Z,23,0.5494317969416299
2024-06-09T00:00:00.000Z,16,0.3011854843294829
2024-06-07T00:00:00.000Z,13,0.7819959943148989
2024-06-07T00:00:00.000Z,23,0.6992136376080209
2024-06-12T00:00:00.000Z,23,0.2455218695585845
2024-06-12T00:00:00.000Z,13,0.4524033474605747
2024-05-25T00:00:00.000Z,5,0.5247571964995315
2024-05-28T00:00:00.000Z,4,0.4683307337248226
2024-05-28T00:00:00.000Z,5,0.564838683755103
2024-05-23T00:00:00.000Z,4,0.0683122740218981
2024-05-23T00:00:00.000Z,5,0.2188959326662387
2024-05-25T00:00:00.000Z,4,0.4361817557867927
2024-05-18T00:00:00.000Z,2,0.5194892755913102
2024-05-20T00:00:00.000Z,2,0.6074521242386673
2024-05-20T00:00:00.000Z,39,0.6656074110819086
2024-05-13T00:00:00.000Z,2,0.5131753950142636
2024-05-13T00:00:00.000Z,39,0.4926245685150304
2024-05-18T00:00:00.000Z,3,0.6163075855970827
2024-05-15T00:00:00.000Z,2,0.0047565821237432
2024-05-15T00:00:00.000Z,3,0.0426779824704252
2024-05-15T00:00:00.000Z,39,0.0377627239181253
2024-05-20T00:00:00.000Z,3,0.6540987464153432
2024-05-13T00:00:00.000Z,3,0.513824583791997
2024-05-18T00:00:00.000Z,39,0.4676001033150405
2024-06-29T00:00:00.000Z,39,0.6212043102484647
2024-06-29T00:00:00.000Z,35,0.7029311204344112
2024-06-27T00:00:00.000Z,39,0.2510307623875523
2024-06-22T00:00:00.000Z,39,0.3501703613044086
2024-06-22T00:00:00.000Z,35,0.1915324364098923
2024-06-27T00:00:00.000Z,35,0.0623303196430407
2024-06-24T00:00:00.000Z,39,0.6476528459237298
2024-06-24T00:00:00.000Z,35,0.5662447303610941
2024-05-13T00:00:00.000Z,32,0.0252718410803894
2024-05-20T00:00:00.000Z,30,0.6145288835628071
2024-05-15T00:00:00.000Z,30,0.033112324983173
2024-05-15T00:00:00.000Z,32,0.0443367678561138
2024-05-18T00:00:00.000Z,32,0.644894753849589
2024-05-20T00:00:00.000Z,32,0.7178771781274547
2024-05-13T00:00:00.000Z,30,0.1817335256301863
2024-05-18T00:00:00.000Z,30,0.4371015108106335
2024-04-10T00:00:00.000Z,44,0.0293816218051989
2024-04-03T00:00:00.000Z,44,0.0219791185124955
2024-04-05T00:00:00.000Z,44,-0.1122624998042137
2024-04-08T00:00:00.000Z,44,0.0639613421361716
2024-05-03T00:00:00.000Z,35,0.0338858020811352
2024-04-28T00:00:00.000Z,35,0.2758907658302409
2024-04-30T00:00:00.000Z,35,0.6306162683462053
2024-04-28T00:00:00.000Z,9,0.2262553398516845
2024-05-03T00:00:00.000Z,9,0.0716743764627865
2024-04-30T00:00:00.000Z,9,0.6472398188925927
2024-05-25T00:00:00.000Z,42,0.4861633064512043
2024-05-23T00:00:00.000Z,41,0.0459564154172371
2024-05-28T00:00:00.000Z,42,0.4605491001293228
2024-05-28T00:00:00.000Z,41,0.4072070129231229
2024-05-25T00:00:00.000Z,41,0.6217030241757008
2024-05-23T00:00:00.000Z,42,0.0812667589767851
2024-06-17T00:00:00.000Z,43,0.3829794300891883
2024-06-14T00:00:00.000Z,37,0.1770476373796629
2024-06-19T00:00:00.000Z,37,0.5669354639341281
2024-06-19T00:00:00.000Z,31,0.6483823955807196
2024-06-19T00:00:00.000Z,43,0.7102299318191032
2024-06-14T00:00:00.000Z,43,0.0948233248579829
2024-06-17T00:00:00.000Z,37,0.1103658182534963
2024-06-17T00:00:00.000Z,31,0.1505688460388462
2024-06-14T00:00:00.000Z,31,0.191040561339146
2024-04-05T00:00:00.000Z,16,0.7208353541401998
2024-04-10T00:00:00.000Z,16,0.3454255537313606
2024-06-29T00:00:00.000Z,40,0.6526951772719508
2024-06-27T00:00:00.000Z,40,0.201516282811262
2024-06-22T00:00:00.000Z,40,0.2843197166154965
2024-06-24T00:00:00.000Z,40,0.5649866457117478
2024-06-27T00:00:00.000Z,44,-0.0033941198779513
2024-06-29T00:00:00.000Z,41,0.6132474274381444
2024-06-22T00:00:00.000Z,44,0.0996940954756709
2024-06-27T00:00:00.000Z,32,0.1957670577865225
2024-06-22T00:00:00.000Z,41,0.1412779331858333
2024-06-24T00:00:00.000Z,44,0.0341121638756676
2024-06-27T00:00:00.000Z,41,0.3871502459753901
2024-06-22T00:00:00.000Z,32,0.0384076579617284
2024-06-29T00:00:00.000Z,44,0.3253771458590056
2024-06-24T00:00:00.000Z,41,0.5821845246048958
2024-06-29T00:00:00.000Z,32,0.5707393053438503
2024-06-24T00:00:00.000Z,32,0.5305458848905995
2024-05-23T00:00:00.000Z,9,0.2210800864850673
2024-05-28T00:00:00.000Z,9,0.5408886295836282
2024-05-25T00:00:00.000Z,9,0.4815045375814944
2024-05-05T00:00:00.000Z,6,0.1178284248156612
2024-05-08T00:00:00.000Z,6,0.0509436290288656
2024-05-10T00:00:00.000Z,6,0.5158812024733902
2024-04-18T00:00:00.000Z,6,0.0967462187500518
2024-04-15T00:00:00.000Z,6,-0.0222338617525294
2024-04-13T00:00:00.000Z,6,0.4419521614902064
2024-05-15T00:00:00.000Z,14,0.0561526360943561
2024-05-20T00:00:00.000Z,14,0.7113759528649392
2024-05-13T00:00:00.000Z,8,0.7160488860901705
2024-05-20T00:00:00.000Z,8,0.6762983409250013
2024-05-18T00:00:00.000Z,8,0.0418302243444023
2024-05-15T00:00:00.000Z,8,0.4438387880418531
2024-04-13T00:00:00.000Z,11,0.6316849454462171
2024-04-18T00:00:00.000Z,11,0.2518985981694795
2024-05-05T00:00:00.000Z,11,0.0070472651328553
2024-05-10T00:00:00.000Z,11,0.6694327622084618
2024-05-18T00:00:00.000Z,24,0.5197410016125631
2024-05-13T00:00:00.000Z,24,0.0990810482465534
2024-05-15T00:00:00.000Z,24,0.0641411643736149
2024-05-20T00:00:00.000Z,24,0.6678814676749983
2024-06-19T00:00:00.000Z,22,0.6433540179700196
2024-06-14T00:00:00.000Z,24,0.0175966509697364
2024-06-17T00:00:00.000Z,36,0.1413107809926929
2024-06-19T00:00:00.000Z,24,0.7533195203773074
2024-06-14T00:00:00.000Z,22,0.0159397203879307
2024-06-17T00:00:00.000Z,22,0.037997700095304
2024-06-17T00:00:00.000Z,1,0.0632829977453203
2024-06-19T00:00:00.000Z,1,0.65798362331487
2024-06-19T00:00:00.000Z,36,0.6990462272715541
2024-06-14T00:00:00.000Z,1,0.0857945776848351
2024-06-17T00:00:00.000Z,24,0.0516410974530679
2024-06-14T00:00:00.000Z,36,0.1085854310348101
2024-06-07T00:00:00.000Z,12,0.6407552936939606
2024-06-09T00:00:00.000Z,5,0.3335505874923389
2024-06-09T00:00:00.000Z,9,0.3718170392458196
2024-06-12T00:00:00.000Z,5,0.5418147700018504
2024-06-12T00:00:00.000Z,9,0.2446922417740591
2024-06-07T00:00:00.000Z,5,0.6243474894601866
2024-06-09T00:00:00.000Z,12,0.2350861009550469
2024-06-12T00:00:00.000Z,12,0.3681184421699838
2024-06-07T00:00:00.000Z,9,0.5906958443935643
2024-06-24T00:00:00.000Z,11,0.6599406031425216
2024-06-29T00:00:00.000Z,11,0.5638050906918805
2024-06-19T00:00:00.000Z,38,0.5659168704846509
2024-06-19T00:00:00.000Z,11,0.6788748774350997
2024-06-14T00:00:00.000Z,38,0.02878233016501
2024-06-14T00:00:00.000Z,11,0.0413906543780066
2024-05-15T00:00:00.000Z,38,0.0164313555736931
2024-05-13T00:00:00.000Z,40,0.4029425752590425
2024-05-15T00:00:00.000Z,40,0.0308855860624084
2024-05-18T00:00:00.000Z,38,0.3703987984242087
2024-05-20T00:00:00.000Z,40,0.6715447420078103
2024-05-20T00:00:00.000Z,38,0.6468830303810115
2024-05-18T00:00:00.000Z,40,0.4618701246563136
2024-05-08T00:00:00.000Z,27,0.5017091679262402
2024-06-29T00:00:00.000Z,42,0.7046847993868973
2024-06-22T00:00:00.000Z,42,0.2703937147995168
2024-06-24T00:00:00.000Z,42,0.5568266947601224
2024-06-27T00:00:00.000Z,42,0.2929839495797589
2024-06-07T00:00:00.000Z,14,0.6072059189950332
2024-06-12T00:00:00.000Z,14,0.500907313367006
2024-05-08T00:00:00.000Z,17,-0.0019325220096317
2024-05-05T00:00:00.000Z,17,0.0123916015910033
2024-05-10T00:00:00.000Z,17,0.2695053574736156
2024-05-30T00:00:00.000Z,16,0.004831853812064
2024-06-02T00:00:00.000Z,13,-0.0195133990300466
2024-06-04T00:00:00.000Z,16,0.0707561664486821
2024-06-02T00:00:00.000Z,16,-0.0149339425932486
2024-04-25T00:00:00.000Z,17,0.0598195817026839
2024-04-23T00:00:00.000Z,17,0.5727616417912348
2024-04-20T00:00:00.000Z,17,0.0412533215280482
2024-05-18T00:00:00.000Z,0,0.5919966601971121
2024-05-13T00:00:00.000Z,0,0.4375452470021644
2024-05-15T00:00:00.000Z,0,-0.0202311213973265
2024-05-20T00:00:00.000Z,0,0.5834848894409529
2024-05-08T00:00:00.000Z,3,0.0188876273087595
2024-05-08T00:00:00.000Z,2,0.0002458219123732134
2024-05-05T00:00:00.000Z,2,0.1321337291111185
2024-05-10T00:00:00.000Z,3,0.6974123816248216
2024-05-10T00:00:00.000Z,39,0.704337436311006
2024-05-05T00:00:00.000Z,39,0.0482925632656231
2024-05-10T00:00:00.000Z,2,0.6976591698218735
2024-05-05T00:00:00.000Z,3,0.056992619436278
2024-05-08T00:00:00.000Z,39,0.0485229725469043
2024-06-17T00:00:00.000Z,23,0.060825429624579
2024-06-14T00:00:00.000Z,21,0.0292958173555274
2024-06-17T00:00:00.000Z,21,0.0594174162805356
2024-06-19T00:00:00.000Z,21,0.5479698398622453
2024-06-19T00:00:00.000Z,23,0.5092742173413675
2024-06-14T00:00:00.000Z,23,0.0397147995575498
2024-05-10T00:00:00.000Z,16,0.763859525997489
2024-05-05T00:00:00.000Z,16,0.0433416841164486
2024-04-30T00:00:00.000Z,38,0.3870320858249986
2024-04-28T00:00:00.000Z,38,0.2146091143245556
2024-05-03T00:00:00.000Z,38,0.0504440899562642
2024-04-13T00:00:00.000Z,0,0.3799257620216197
2024-04-15T00:00:00.000Z,0,0.0154179906556612
2024-04-18T00:00:00.000Z,0,-0.0011433001663669
2024-06-17T00:00:00.000Z,28,0.0291648254984629
2024-05-20T00:00:00.000Z,28,0.2804466694760648
2024-05-15T00:00:00.000Z,28,0.0308153217485792
2024-04-10T00:00:00.000Z,6,0.3800096527341789
2024-04-08T00:00:00.000Z,6,0.3813067891254951
2024-04-05T00:00:00.000Z,6,0.4145969953134665
2024-04-03T00:00:00.000Z,6,0.0219434055604345
2024-06-04T00:00:00.000Z,11,0.4104325866496884
2024-05-30T00:00:00.000Z,11,0.2145096127572758
2024-05-05T00:00:00.000Z,38,0.0369367805193227
2024-05-10T00:00:00.000Z,38,0.6427075128114131
2024-05-08T00:00:00.000Z,38,0.1284710851747391
2024-05-25T00:00:00.000Z,10,0.482675330759071
2024-05-23T00:00:00.000Z,10,0.4082232068731136
2024-05-28T00:00:00.000Z,10,0.4373982702902548
2024-05-28T00:00:00.000Z,21,0.3991698677136733
2024-05-23T00:00:00.000Z,21,0.0236563593593797
2024-05-25T00:00:00.000Z,21,0.1156850494869908
2024-06-19T00:00:00.000Z,12,0.6398991218244696
2024-06-17T00:00:00.000Z,12,0.0832408600763564
2024-06-14T00:00:00.000Z,12,0.0830613695617137
2024-06-17T00:00:00.000Z,11,0.505374076770762
2024-06-09T00:00:00.000Z,28,0.0003006526677369636
2024-06-09T00:00:00.000Z,24,0.3239255666292479
2024-06-12T00:00:00.000Z,29,0.300791396700677
2024-06-09T00:00:00.000Z,29,0.0597736060718554
2024-06-07T00:00:00.000Z,24,0.6472045776402648
2024-06-07T00:00:00.000Z,29,0.5282425424711913
2024-06-12T00:00:00.000Z,24,0.0906541190114305
2024-04-30T00:00:00.000Z,12,0.5810717304595158
2024-05-03T00:00:00.000Z,12,0.1511811584825659
2024-04-28T00:00:00.000Z,12,0.3068578427602875
2024-04-30T00:00:00.000Z,5,0.7006348653771794
2024-04-28T00:00:00.000Z,5,0.2375000919865516
2024-05-03T00:00:00.000Z,5,0.0508043566695025
2024-06-02T00:00:00.000Z,38,0.0471177647740208
2024-05-30T00:00:00.000Z,39,0.1383796094440251
2024-06-02T00:00:00.000Z,3,0.1178895510991943
2024-06-02T00:00:00.000Z,39,0.069837126017374
2024-06-04T00:00:00.000Z,3,0.39036250531776
2024-05-30T00:00:00.000Z,38,0.0844770776194347
2024-06-04T00:00:00.000Z,38,0.3205391205426188
2024-06-04T00:00:00.000Z,39,0.3784266006797971
2024-05-30T00:00:00.000Z,3,0.4444489118803352
2024-05-23T00:00:00.000Z,29,0.0166773074189711
2024-05-28T00:00:00.000Z,29,0.6037817423955422
2024-05-25T00:00:00.000Z,29,0.3761292337058982
2024-05-23T00:00:00.000Z,24,0.0153505223488377
2024-05-25T00:00:00.000Z,24,0.492324389952131
2024-05-28T00:00:00.000Z,24,0.4704866965823275
2024-05-03T00:00:00.000Z,36,0.0246281667252089
2024-04-28T00:00:00.000Z,36,0.2783844139765529
2024-04-30T00:00:00.000Z,36,0.6882583960676772
2024-04-25T00:00:00.000Z,38,0.0443362385647386
2024-04-20T00:00:00.000Z,38,0.0489026199913773
2024-04-28T00:00:00.000Z,33,0.1514643421120857
2024-05-03T00:00:00.000Z,33,0.0114882573369962
2024-06-07T00:00:00.000Z,37,0.3996752904475885
2024-06-12T00:00:00.000Z,37,0.2940845800648418
2024-06-09T00:00:00.000Z,37,0.0357945063210147
2024-05-03T00:00:00.000Z,34,0.0367514783915205
2024-04-28T00:00:00.000Z,34,0.2128579192714452
2024-04-30T00:00:00.000Z,34,0.717793641237023
2024-05-08T00:00:00.000Z,34,0.2550769323180852
2024-05-08T00:00:00.000Z,25,0.480546423028468
2024-04-15T00:00:00.000Z,31,0.0444702182485334
2024-04-18T00:00:00.000Z,31,0.2148210398812245
2024-04-13T00:00:00.000Z,31,0.496335615632526
2024-06-27T00:00:00.000Z,29,0.6235987212982712
2024-06-24T00:00:00.000Z,30,0.5025245064220979
2024-06-22T00:00:00.000Z,29,-0.0006749300170027759
2024-06-29T00:00:00.000Z,30,0.5326329792898
2024-06-24T00:00:00.000Z,28,0.5639646180696299
2024-06-29T00:00:00.000Z,28,0.7644144312871449
2024-06-29T00:00:00.000Z,29,0.6771331335267962
2024-06-27T00:00:00.000Z,30,0.5423626316897975
2024-06-22T00:00:00.000Z,30,-0.0016340708546639
2024-06-24T00:00:00.000Z,29,0.5057713686373962
2024-05-13T00:00:00.000Z,34,0.4349968882142074
2024-05-18T00:00:00.000Z,34,0.6124982838155376
2024-05-15T00:00:00.000Z,34,0.0564837629162703
2024-05-20T00:00:00.000Z,34,0.4357230733518289
2024-05-13T00:00:00.000Z,33,0.56688586723556
2024-05-18T00:00:00.000Z,33,0.6580987401379826
2024-06-07T00:00:00.000Z,27,0.5712271871548369
2024-06-12T00:00:00.000Z,27,0.5047396009344455
2024-04-15T00:00:00.000Z,8,0.1268070959449416
2024-04-18T00:00:00.000Z,8,0.1778828902762235
2024-04-13T00:00:00.000Z,8,0.3320070565411359
2024-05-03T00:00:00.000Z,7,0.1465410959458284
2024-04-30T00:00:00.000Z,7,0.6297920237983027
2024-04-28T00:00:00.000Z,7,0.2099008173229479
2024-06-19T00:00:00.000Z,5,0.5655611852517223
2024-06-14T00:00:00.000Z,5,0.0284187006928543
2024-06-17T00:00:00.000Z,5,0.0591310494115483
2024-05-03T00:00:00.000Z,31,0.0402789731493683
2024-05-03T00:00:00.000Z,43,0.086340771562763
2024-05-03T00:00:00.000Z,37,0.0225872170777745
2024-04-30T00:00:00.000Z,37,0.67111948565058
2024-04-28T00:00:00.000Z,37,0.2413311644404802
2024-04-28T00:00:00.000Z,43,0.2287708121461596
2024-04-28T00:00:00.000Z,31,0.2637208777552666
2024-04-30T00:00:00.000Z,31,0.6760950965027501
2024-04-30T00:00:00.000Z,43,0.6406731975037032
2024-05-18T00:00:00.000Z,43,0.5495431803836882
2024-05-15T00:00:00.000Z,43,0.0504825994973752
2024-05-20T00:00:00.000Z,43,0.712121311515058
2024-05-13T00:00:00.000Z,43,0.08005565281681
2024-04-20T00:00:00.000Z,14,0.1667412962128726
2024-04-25T00:00:00.000Z,14,0.4787966679752104
2024-06-27T00:00:00.000Z,11,0.5247873911844075
2024-06-22T00:00:00.000Z,11,0.2369397753232417
2024-05-23T00:00:00.000Z,32,0.0085330441186226
2024-05-28T00:00:00.000Z,44,0.0835074867538767
2024-05-28T00:00:00.000Z,32,0.4382226053361341
2024-05-25T00:00:00.000Z,44,-0.1026780102344879
2024-05-25T00:00:00.000Z,32,0.5129431145502563
2024-05-23T00:00:00.000Z,44,0.0140273942574011
2024-04-08T00:00:00.000Z,21,0.3020308559025607
2024-04-03T00:00:00.000Z,21,0.0227052797215982
2024-04-05T00:00:00.000Z,21,0.4896497257552858
2024-04-10T00:00:00.000Z,21,0.3826671234147829
2024-06-19T00:00:00.000Z,30,0.3559905487444598
2024-06-17T00:00:00.000Z,29,0.0590865865381277
2024-06-17T00:00:00.000Z,30,0.0779413179745198
2024-06-19T00:00:00.000Z,29,0.4057593258263968
2024-06-14T00:00:00.000Z,29,0.097365430002215
2024-06-14T00:00:00.000Z,30,0.3419311347092063
2024-06-19T00:00:00.000Z,17,-0.0593893028067152
2024-06-17T00:00:00.000Z,17,0.1666612787272415
2024-06-14T00:00:00.000Z,17,0.0091411313252207
2024-06-24T00:00:00.000Z,38,0.5748611728384386
2024-06-27T00:00:00.000Z,38,0.676730004824446
2024-06-29T00:00:00.000Z,38,0.482677358227803
2024-06-22T00:00:00.000Z,38,0.6266273764201181
2024-06-14T00:00:00.000Z,28,0.082595784664801
2024-06-19T00:00:00.000Z,28,0.6659730461035179
2024-06-17T00:00:00.000Z,34,0.1709982960525022
2024-06-14T00:00:00.000Z,34,0.1889491796203905
2024-06-14T00:00:00.000Z,26,0.1971838704729648
2024-06-19T00:00:00.000Z,34,0.7034466170853148
2024-06-19T00:00:00.000Z,26,0.4159915617854809
2024-05-18T00:00:00.000Z,26,0.5585087127577779
2024-05-13T00:00:00.000Z,26,0.3956582245621709
2024-06-12T00:00:00.000Z,41,0.2122311836448154
2024-06-12T00:00:00.000Z,32,0.0946539766897254
2024-06-12T00:00:00.000Z,31,0.1103054774203111
2024-06-12T00:00:00.000Z,43,0.0632342460131183
2024-06-07T00:00:00.000Z,41,0.3835074700771914
2024-06-09T00:00:00.000Z,41,0.0596539812835554
2024-06-09T00:00:00.000Z,31,-0.0496775587387886
2024-06-09T00:00:00.000Z,43,0.0039440647253693
2024-06-07T00:00:00.000Z,43,0.2355794867996028
2024-06-09T00:00:00.000Z,32,0.0356387268218675
2024-06-07T00:00:00.000Z,31,0.3016898771859931
2024-06-07T00:00:00.000Z,32,0.2489903783463345
2024-06-04T00:00:00.000Z,8,0.3016720859650757
2024-05-30T00:00:00.000Z,8,0.3397586463606377
2024-06-04T00:00:00.000Z,7,0.3662443495452681
2024-06-02T00:00:00.000Z,7,0.2738014084963771
2024-06-02T00:00:00.000Z,8,0.1368989993117552
2024-05-30T00:00:00.000Z,7,0.3925905802592521
2024-06-14T00:00:00.000Z,32,0.1574898765528764
2024-06-17T00:00:00.000Z,41,0.3385835672458465
2024-06-19T00:00:00.000Z,32,0.697754454899155
2024-06-14T00:00:00.000Z,44,0.0364106352774207
2024-06-19T00:00:00.000Z,44,0.2167387945179045
2024-06-19T00:00:00.000Z,41,0.6744122291008531
2024-06-14T00:00:00.000Z,41,0.043721625512274
2024-06-17T00:00:00.000Z,32,0.2783584319202976
2024-06-17T00:00:00.000Z,44,0.2266748708240993
2024-04-15T00:00:00.000Z,38,0.0865729295311069
2024-04-13T00:00:00.000Z,38,0.6348671959373814
2024-04-18T00:00:00.000Z,38,0.2183095060647414
2024-05-28T00:00:00.000Z,14,0.2469260455409834
2024-05-23T00:00:00.000Z,14,0.394279250785302
2024-06-02T00:00:00.000Z,26,0.0120755208236963
2024-06-02T00:00:00.000Z,25,0.0161164464216198
2024-06-02T00:00:00.000Z,33,0.0193766498578748
2024-04-30T00:00:00.000Z,40,0.2804625892211476
2024-04-30T00:00:00.000Z,42,0.2977902169531131
2024-04-28T00:00:00.000Z,17,0.206345526370871
2024-05-03T00:00:00.000Z,17,0.0341359356810328
2024-04-30T00:00:00.000Z,17,0.57713630696516
2024-04-30T00:00:00.000Z,20,0.5551272807471159
2024-05-05T00:00:00.000Z,40,0.1359735143457331
2024-05-10T00:00:00.000Z,40,0.6950933593895059
2024-05-10T00:00:00.000Z,42,0.6873545827139892
2024-05-08T00:00:00.000Z,42,0.0170075594236754
2024-05-05T00:00:00.000Z,42,0.2395374297762685
2024-06-22T00:00:00.000Z,34,0.0045760945395529
2024-06-27T00:00:00.000Z,33,0.5066905178155418
2024-06-22T00:00:00.000Z,33,0.0137837202795676
2024-06-27T00:00:00.000Z,34,0.4952841171349356
2024-05-10T00:00:00.000Z,32,0.7183634689710505
2024-05-05T00:00:00.000Z,44,0.084865827651782
2024-05-10T00:00:00.000Z,41,0.7230455838713555
2024-05-05T00:00:00.000Z,32,0.1985148170506961
2024-05-08T00:00:00.000Z,41,0.0302940243530271
2024-05-10T00:00:00.000Z,44,-0.1225906704152861
2024-05-05T00:00:00.000Z,41,0.2948708843254681
2024-05-08T00:00:00.000Z,44,0.0054084778574712
2024-05-08T00:00:00.000Z,32,0.2012491274079156
2024-05-13T00:00:00.000Z,27,0.3453782157010816
2024-05-13T00:00:00.000Z,25,0.5103964004866309
2024-05-18T00:00:00.000Z,27,0.6728711989598389
2024-05-18T00:00:00.000Z,25,0.6853671157752854
2024-06-09T00:00:00.000Z,42,0.1060365727100673
2024-05-05T00:00:00.000Z,43,0.2206818385910015
2024-05-10T00:00:00.000Z,43,0.7227304057599025
2024-05-08T00:00:00.000Z,43,0.0711889801357324
2024-05-25T00:00:00.000Z,28,0.4063952516067383
2024-06-14T00:00:00.000Z,16,0.0038111887248504
2024-06-17T00:00:00.000Z,13,0.0377089377380486
2024-06-19T00:00:00.000Z,16,0.7008085335760421
2024-04-28T00:00:00.000Z,40,0.3583668878694545
2024-05-03T00:00:00.000Z,40,0.0448064568401196
2024-06-02T00:00:00.000Z,27,0.0091998419017973
2024-05-30T00:00:00.000Z,15,0.4867425294373497
2024-06-04T00:00:00.000Z,15,0.400659868818389
2024-06-02T00:00:00.000Z,14,0.0008149703334466607
2024-06-24T00:00:00.000Z,37,0.451378967690041
2024-06-27T00:00:00.000Z,43,0.0865887436684712
2024-06-29T00:00:00.000Z,37,0.701447567928934
2024-06-22T00:00:00.000Z,43,0.1782938284696566
2024-06-24T00:00:00.000Z,43,0.5537140000711944
2024-06-22T00:00:00.000Z,37,0.0753199888503629
2024-06-29T00:00:00.000Z,43,0.7063288559207995
2024-06-27T00:00:00.000Z,37,0.3689739090192239
2024-06-02T00:00:00.000Z,6,0.2572588583042508
2024-05-30T00:00:00.000Z,6,0.2515830945507463
2024-06-04T00:00:00.000Z,6,0.2282142337937341
2024-06-07T00:00:00.000Z,42,0.5202989909954022
2024-06-12T00:00:00.000Z,42,0.1565686654027482
2024-05-25T00:00:00.000Z,14,0.9396872770573412
2024-06-12T00:00:00.000Z,21,0.0103082365472441
2024-06-07T00:00:00.000Z,21,0.7237447108298345
2024-06-09T00:00:00.000Z,21,0.4614491967131323
2024-04-28T00:00:00.000Z,8,0.1471807637802868
2024-05-03T00:00:00.000Z,6,0.0829105992088255
2024-04-30T00:00:00.000Z,6,0.5743198250781799
2024-05-03T00:00:00.000Z,8,0.0622246532508156
2024-04-30T00:00:00.000Z,8,0.6716236887994158
2024-04-28T00:00:00.000Z,6,0.2543075299484387
2024-05-23T00:00:00.000Z,45,0.018297884556627
2024-05-28T00:00:00.000Z,45,0.1224449951192322
2024-05-25T00:00:00.000Z,45,0.1110067924223098
2024-06-02T00:00:00.000Z,30,0.0342493831357532
2024-05-30T00:00:00.000Z,30,0.2402526713189127
2024-06-04T00:00:00.000Z,26,0.1210931088879701
2024-06-04T00:00:00.000Z,30,0.1240922730507928
2024-05-30T00:00:00.000Z,26,0.0610022369157156
2024-06-04T00:00:00.000Z,40,0.3108910262113433
2024-05-30T00:00:00.000Z,40,0.2014154317637514
2024-04-28T00:00:00.000Z,32,0.2093831116855298
2024-04-30T00:00:00.000Z,32,0.6234322231550343
2024-05-03T00:00:00.000Z,32,0.087559507860061
2024-05-10T00:00:00.000Z,31,0.7573783663161415
2024-05-05T00:00:00.000Z,31,0.0292002681057365
2024-05-08T00:00:00.000Z,31,0.1976775349541091
2024-06-04T00:00:00.000Z,42,0.4955005561647846
2024-05-30T00:00:00.000Z,42,0.2216897353953798
2024-06-07T00:00:00.000Z,4,0.5844988343009185
2024-06-09T00:00:00.000Z,4,0.5216756453387436
2024-06-12T00:00:00.000Z,0,0.1498208849030934
2024-06-09T00:00:00.000Z,0,0.5501585815400584
2024-06-12T00:00:00.000Z,4,0.3915514985766312
2024-06-07T00:00:00.000Z,0,0.486394944655895
2024-05-08T00:00:00.000Z,0,0.0083741527961506
2024-05-10T00:00:00.000Z,0,0.5711210237019126
2024-05-05T00:00:00.000Z,0,0.0757294570357393
2024-06-17T00:00:00.000Z,33,0.0742278905829415
2024-05-15T00:00:00.000Z,41,0.0772801831605735
2024-05-15T00:00:00.000Z,44,0.0607663099758592
2024-05-13T00:00:00.000Z,41,0.1702566302434536
2024-05-18T00:00:00.000Z,41,0.7328439588023099
2024-05-20T00:00:00.000Z,44,-0.1123231310058905
2024-05-18T00:00:00.000Z,44,-0.08511806383468
2024-05-13T00:00:00.000Z,44,-0.0086772269392484
2024-05-20T00:00:00.000Z,41,0.7177769138051833
2024-05-03T00:00:00.000Z,42,0.1834654335668731
2024-04-30T00:00:00.000Z,41,0.583111088957132
2024-04-28T00:00:00.000Z,42,0.2334082044756266
2024-05-03T00:00:00.000Z,41,0.1173516939333134
2024-04-28T00:00:00.000Z,41,0.199715441313763
2024-06-14T00:00:00.000Z,4,0.0510483341872056
2024-06-17T00:00:00.000Z,4,0.05333961016218
2024-06-19T00:00:00.000Z,4,0.4991144467643351
2024-06-24T00:00:00.000Z,31,0.6207868186878072
2024-06-29T00:00:00.000Z,31,0.6773157501940543
2024-06-22T00:00:00.000Z,31,0.0085637667458904
2024-06-27T00:00:00.000Z,31,0.2612498858547349
2024-05-25T00:00:00.000Z,31,0.3972175330180846
2024-05-28T00:00:00.000Z,31,0.4322289080757092
2024-05-23T00:00:00.000Z,31,0.0068752146818905
2024-06-29T00:00:00.000Z,0,0.5702084848916077
2024-06-22T00:00:00.000Z,0,0.0630608253349985
2024-06-24T00:00:00.000Z,36,0.5609052096804745
2024-06-29T00:00:00.000Z,36,0.678979893497377
2024-06-27T00:00:00.000Z,36,0.0394442134555547
2024-06-22T00:00:00.000Z,36,0.141456943063528
2024-06-27T00:00:00.000Z,0,0.1177287893836901
2024-06-24T00:00:00.000Z,0,0.4072792752245932
2024-04-23T00:00:00.000Z,44,0.0124998758383611
2024-04-25T00:00:00.000Z,44,0.0081837962622234
2024-04-20T00:00:00.000Z,44,-0.1053212058048463
2024-04-25T00:00:00.000Z,16,0.0556979847834289
2024-04-20T00:00:00.000Z,16,0.0562219606430513
2024-04-28T00:00:00.000Z,13,0.581972584723279
2024-05-03T00:00:00.000Z,13,0.0145760313624419
2024-06-19T00:00:00.000Z,40,0.6706534325175729
2024-06-14T00:00:00.000Z,42,0.0603664508174545
2024-06-14T00:00:00.000Z,40,0.0478735991807052
2024-06-19T00:00:00.000Z,42,0.7026529614499457
2024-05-30T00:00:00.000Z,4,0.5606360745609804
2024-06-02T00:00:00.000Z,23,0.0037151797462971
2024-05-30T00:00:00.000Z,23,0.58698769571959
2024-06-04T00:00:00.000Z,23,0.251600931983004
2024-06-04T00:00:00.000Z,4,0.2485868108240128
2024-06-02T00:00:00.000Z,4,0.0822132024509871
2024-06-02T00:00:00.000Z,11,0.1647275436633337
2024-06-02T00:00:00.000Z,43,0.0206344655893841
2024-06-04T00:00:00.000Z,43,0.2508975906394598
2024-05-30T00:00:00.000Z,43,0.3725009503541352
2024-05-30T00:00:00.000Z,31,0.3772929136282723
2024-06-04T00:00:00.000Z,37,0.1996858546759137
2024-05-30T00:00:00.000Z,37,0.1292897417226538
2024-06-04T00:00:00.000Z,31,0.2155549321690872
2024-06-02T00:00:00.000Z,37,0.1082380972508862
2024-06-02T00:00:00.000Z,31,0.0134914416847498
2024-05-25T00:00:00.000Z,43,0.5046788802534666
2024-05-28T00:00:00.000Z,43,0.3976957213047384
2024-05-23T00:00:00.000Z,43,0.0212624790279786
2024-06-09T00:00:00.000Z,38,0.1450394046285412
2024-06-07T00:00:00.000Z,38,0.1511010373382223
2024-06-12T00:00:00.000Z,38,0.1404110578869582
2024-06-17T00:00:00.000Z,40,0.1935394362134941
2024-06-17T00:00:00.000Z,42,0.5703965343537291
2024-06-09T00:00:00.000Z,40,0.0562652660165604
2024-06-07T00:00:00.000Z,40,0.2225796928366117
2024-06-12T00:00:00.000Z,40,0.1266624775426369
2024-05-05T00:00:00.000Z,34,0.109565300647685
2024-05-10T00:00:00.000Z,34,0.6868794437788239
2024-05-28T00:00:00.000Z,38,0.4329779854723306
2024-05-23T00:00:00.000Z,38,0.1243021331767873
2024-05-25T00:00:00.000Z,38,0.6621175167243551
2024-04-23T00:00:00.000Z,38,0.0154300487411262
2024-05-10T00:00:00.000Z,26,0.6166078527917218
2024-05-05T00:00:00.000Z,26,0.0386756345195439
2024-05-30T00:00:00.000Z,41,0.0916868563062041
2024-06-04T00:00:00.000Z,41,0.4166274077209025
2024-06-02T00:00:00.000Z,41,0.0286032508791116
2024-06-02T00:00:00.000Z,40,0.0155657242595019
2024-06-02T00:00:00.000Z,42,0.0348413274732312
2024-05-18T00:00:00.000Z,11,0.6602604114472079
2024-05-13T00:00:00.000Z,11,0.6105904569533026
2024-05-30T00:00:00.000Z,34,0.052145602405518
2024-06-02T00:00:00.000Z,34,0.029676844140362
2024-06-04T00:00:00.000Z,34,0.171406923478067
2024-05-03T00:00:00.000Z,44,0.0494221991750496
2024-04-28T00:00:00.000Z,44,0.1112770843534894
2024-04-30T00:00:00.000Z,44,-0.0010936811409184
2024-06-24T00:00:00.000Z,6,0.4275066694564145
2024-06-29T00:00:00.000Z,6,0.4045406218619592
2024-06-22T00:00:00.000Z,6,0.0734368862785578
2024-06-27T00:00:00.000Z,6,0.5578512151340249
2024-04-30T00:00:00.000Z,14,0.656288549564057
2024-06-02T00:00:00.000Z,32,0.0332137910891934
2024-05-30T00:00:00.000Z,44,0.0357909160788523
2024-05-30T00:00:00.000Z,32,0.3065790361327333
2024-06-04T00:00:00.000Z,32,0.2821036978896197
2024-06-02T00:00:00.000Z,44,0.0141475150407158
2024-06-04T00:00:00.000Z,44,-0.0618910051954853
2024-05-05T00:00:00.000Z,30,0.0791419001059499
2024-05-10T00:00:00.000Z,30,0.7098394465757498
2024-05-08T00:00:00.000Z,30,0.3217011571658171
2024-05-20T00:00:00.000Z,26,0.3521796440329102
2024-05-15T00:00:00.000Z,26,0.04803127521855
2024-05-15T00:00:00.000Z,42,0.050776028551873
2024-05-20T00:00:00.000Z,42,0.7502305192615725
2024-05-23T00:00:00.000Z,18,0.4831714280157044
2024-05-28T00:00:00.000Z,18,0.0251951084922905
2024-05-25T00:00:00.000Z,17,0.6355987669813496
2024-05-28T00:00:00.000Z,17,0.0273788137991028
2024-05-23T00:00:00.000Z,17,0.6048586164801212
2024-06-24T00:00:00.000Z,26,0.3848930007418685
2024-06-29T00:00:00.000Z,26,0.3746619206121706
2024-06-24T00:00:00.000Z,34,0.5753498822469594
2024-06-29T00:00:00.000Z,34,0.5136724411422695
2024-05-08T00:00:00.000Z,40,0.0258072391441627
2024-04-30T00:00:00.000Z,16,0.6679205536023738
2024-05-18T00:00:00.000Z,45,0.1332489773228644
2024-05-20T00:00:00.000Z,45,0.1353546500166982
2024-05-13T00:00:00.000Z,45,0.0351140574207523
2024-05-15T00:00:00.000Z,45,0.1018017269546232
2024-05-08T00:00:00.000Z,11,0.0127672858081385
2024-06-14T00:00:00.000Z,14,0.1417665248707292
2024-06-19T00:00:00.000Z,14,0.304839392536685
2024-05-08T00:00:00.000Z,21,-0.0090188532553609
2024-05-05T00:00:00.000Z,21,0.0316159997856779
2024-05-10T00:00:00.000Z,21,0.7254644533615786
2024-05-23T00:00:00.000Z,27,0.0284541950525637
2024-05-28T00:00:00.000Z,27,0.5824771825544931
2024-06-02T00:00:00.000Z,21,-0.0071710474825309
2024-06-04T00:00:00.000Z,21,0.3069730786632448
2024-05-30T00:00:00.000Z,21,0.4408813175093996
2024-04-10T00:00:00.000Z,45,0.0922541441728494
2024-04-08T00:00:00.000Z,45,-4.8959623646093985e-05
2024-04-03T00:00:00.000Z,45,0.0454548051638994
2024-04-05T00:00:00.000Z,45,0.1404378606576171
2024-06-19T00:00:00.000Z,0,0.5457315258297234
2024-06-17T00:00:00.000Z,0,0.0148883966054465
2024-06-14T00:00:00.000Z,0,0.0711828938990861
2024-05-30T00:00:00.000Z,14,0.6169253309349197
2024-06-04T00:00:00.000Z,14,0.1796980983363817
2024-06-07T00:00:00.000Z,44,-0.0176070562796705
2024-06-09T00:00:00.000Z,44,0.0517563839643563
2024-06-12T00:00:00.000Z,44,0.0054182396287347
2024-05-18T00:00:00.000Z,42,0.6864483899166844
2024-05-13T00:00:00.000Z,42,0.1983734981594339
2024-06-09T00:00:00.000Z,14,0.6953842319011049
2024-05-13T00:00:00.000Z,38,0.7130583924539172
2024-06-17T00:00:00.000Z,38,0.1312327772932171
2024-06-22T00:00:00.000Z,45,0.0919352896311897
2024-06-29T00:00:00.000Z,45,0.207350007694913
2024-06-24T00:00:00.000Z,45,0.1110621430345223
2024-06-27T00:00:00.000Z,45,0.2524905950874839
2024-05-10T00:00:00.000Z,45,0.1361830319204792
2024-05-08T00:00:00.000Z,45,0.0749461212593531
2024-05-05T00:00:00.000Z,45,0.137124172197738
2024-06-09T00:00:00.000Z,45,0.0523001783793526
2024-06-12T00:00:00.000Z,45,
2024-06-07T00:00:00.000Z,45,0.0129657133901705
2024-06-19T00:00:00.000Z,45,0.1417380258587854
2024-06-14T00:00:00.000Z,45,0.0066673897906639
2024-06-17T00:00:00.000Z,45,0.1084283479771708
2024-05-03T00:00:00.000Z,45,0.1035167606207684
2024-04-30T00:00:00.000Z,45,0.1170423053688734
2024-04-28T00:00:00.000Z,45,0.1501080380728492
2024-06-02T00:00:00.000Z,45,0.0139729956180612
2024-06-04T00:00:00.000Z,45,0.1036763654589257
2024-05-30T00:00:00.000Z,45,0.1463093201679644
2024-07-07T00:00:00.000Z,20,0.5305885765589633
2024-07-02T00:00:00.000Z,20,0.0100978922401664
2024-07-07T00:00:00.000Z,17,0.4929899357654924
2024-07-04T00:00:00.000Z,20,0.0309572024174368
2024-07-02T00:00:00.000Z,18,-0.0028830970498931
2024-07-02T00:00:00.000Z,17,0.012015335625032
2024-07-04T00:00:00.000Z,17,0.0377856638504906
2024-07-07T00:00:00.000Z,18,0.2495824886883242
2024-07-22T00:00:00.000Z,17,0.4869531377593812
2024-07-22T00:00:00.000Z,20,0.3938862808150725
2024-07-22T00:00:00.000Z,18,0.3228809326522981
2024-07-22T00:00:00.000Z,15,0.4826613620938097
2024-07-04T00:00:00.000Z,19,0.0328309074516353
2024-07-07T00:00:00.000Z,19,0.2529066901882429
2024-07-02T00:00:00.000Z,19,-0.0059679157046485
2024-07-04T00:00:00.000Z,7,0.0255101497313192
2024-07-07T00:00:00.000Z,6,0.0451934646722078
2024-07-04T00:00:00.000Z,6,0.0210578378214934
2024-07-07T00:00:00.000Z,15,0.6102313108771101
2024-07-07T00:00:00.000Z,7,0.2063144957807035
2024-07-04T00:00:00.000Z,15,0.0460239563419428
2024-07-02T00:00:00.000Z,7,0.0109993797335012
2024-07-02T00:00:00.000Z,15,0.0270356881786477
2024-07-02T00:00:00.000Z,6,0.0007846046080719519
2024-07-02T00:00:00.000Z,8,0.0302038300673229
2024-07-07T00:00:00.000Z,8,0.2911649734554375
2024-07-04T00:00:00.000Z,8,0.0395601300800593
2024-08-11T00:00:00.000Z,7,0.6136221576149538
2024-08-13T00:00:00.000Z,7,0.5824646076850362
2024-08-13T00:00:00.000Z,20,0.6299217188840898
2024-08-13T00:00:00.000Z,19,0.6508260492961836
2024-08-11T00:00:00.000Z,19,0.6782088339976193
2024-08-11T00:00:00.000Z,20,0.6529165425346933
2024-08-16T00:00:00.000Z,7,0.4702931002386122
2024-08-16T00:00:00.000Z,19,0.517996899299021
2024-08-16T00:00:00.000Z,20,0.5640563651665821
2024-08-06T00:00:00.000Z,7,0.4935497314527981
2024-08-01T00:00:00.000Z,19,0.0873238485000435
2024-08-08T00:00:00.000Z,19,0.114441810204853
2024-08-06T00:00:00.000Z,19,0.6020250353966741
2024-08-08T00:00:00.000Z,10,0.1666224350461213
2024-08-03T00:00:00.000Z,7,0.1008943519198564
2024-08-01T00:00:00.000Z,10,0.0977988044345159
2024-08-01T00:00:00.000Z,8,0.1160053858389879
2024-08-03T00:00:00.000Z,19,0.383467981818418
2024-08-01T00:00:00.000Z,7,0.1611152782254835
2024-08-03T00:00:00.000Z,8,0.2965126169119786
2024-08-06T00:00:00.000Z,10,0.5318918791832201
2024-08-03T00:00:00.000Z,10,0.491085074639345
2024-08-06T00:00:00.000Z,8,0.5220828180129116
2024-08-08T00:00:00.000Z,7,0.2455539400496159
2024-08-08T00:00:00.000Z,8,0.2612382423026874
2024-08-11T00:00:00.000Z,28,0.7440744974569836
2024-08-16T00:00:00.000Z,16,0.5498441004988405
2024-08-16T00:00:00.000Z,28,0.5899651089594584
2024-08-11T00:00:00.000Z,16,0.7364050583374052
2024-08-16T00:00:00.000Z,5,0.6137808934829044
2024-08-11T00:00:00.000Z,8,0.6404073420178432
2024-08-13T00:00:00.000Z,8,0.6104249956473004
2024-08-11T00:00:00.000Z,9,0.6694295745534707
2024-08-16T00:00:00.000Z,8,0.4921238705554899
2024-08-11T00:00:00.000Z,5,0.7310907503075682
2024-08-13T00:00:00.000Z,9,0.6383149786500806
2024-08-16T00:00:00.000Z,9,0.4223318330787751
2024-08-13T00:00:00.000Z,5,0.6730709506102821
2024-07-04T00:00:00.000Z,28,0.0594456265554742
2024-07-02T00:00:00.000Z,28,0.0751178324704161
2024-07-04T00:00:00.000Z,24,0.0375627821763434
2024-07-07T00:00:00.000Z,28,0.4830458842583722
2024-07-02T00:00:00.000Z,24,0.0420853786632506
2024-07-07T00:00:00.000Z,24,0.2997179444003597
2024-07-02T00:00:00.000Z,29,0.1189241355000981
2024-07-07T00:00:00.000Z,29,0.1118843201671668
2024-07-04T00:00:00.000Z,29,0.1245168821577881
2024-08-01T00:00:00.000Z,13,0.0006285676856670321
2024-08-06T00:00:00.000Z,24,0.7384356697086171
2024-08-06T00:00:00.000Z,13,0.6934284209063288
2024-08-01T00:00:00.000Z,16,0.0031305416526885
2024-08-06T00:00:00.000Z,28,0.6819050483280333
2024-08-01T00:00:00.000Z,28,0.0138980509521434
2024-08-01T00:00:00.000Z,24,0.0012701449465957
2024-08-06T00:00:00.000Z,16,0.6144895647258852
2024-08-26T00:00:00.000Z,28,0.64357295772574
2024-08-31T00:00:00.000Z,28,0.7057105354176225
2024-08-26T00:00:00.000Z,16,0.6083926480511486
2024-08-31T00:00:00.000Z,16,0.6973009742814698
2024-08-03T00:00:00.000Z,15,-0.0236183177690523
2024-08-08T00:00:00.000Z,15,0.1637292398741388
2024-08-03T00:00:00.000Z,16,0.0066574647148438
2024-08-08T00:00:00.000Z,16,0.7069089588081292
2024-08-06T00:00:00.000Z,22,0.6901851811950139
2024-08-08T00:00:00.000Z,22,0.4489946125363058
2024-08-01T00:00:00.000Z,22,-0.0011406539961824
2024-08-01T00:00:00.000Z,23,0.0339651827227249
2024-08-01T00:00:00.000Z,15,0.0555606078350733
2024-08-03T00:00:00.000Z,22,0.4083016810425552
2024-08-06T00:00:00.000Z,23,0.5860214749920559
2024-08-03T00:00:00.000Z,23,0.1605254128402886
2024-08-06T00:00:00.000Z,15,0.5353218467125412
2024-08-08T00:00:00.000Z,23,0.1914670269669076
2024-07-02T00:00:00.000Z,22,0.0059928689523296
2024-07-07T00:00:00.000Z,4,0.053308570087488
2024-07-07T00:00:00.000Z,1,0.1802535628048967
2024-07-07T00:00:00.000Z,2,0.4604825921404653
2024-07-04T00:00:00.000Z,2,0.0172886449056408
2024-07-02T00:00:00.000Z,2,0.0058097703923063
2024-07-04T00:00:00.000Z,4,0.0319650272812865
2024-07-02T00:00:00.000Z,0,0.0054589684838328
2024-07-02T00:00:00.000Z,1,0.0614050183391843
2024-07-02T00:00:00.000Z,23,0.0821392419994987
2024-07-04T00:00:00.000Z,1,0.0587586428450345
2024-07-04T00:00:00.000Z,22,0.0353912293323285
2024-07-07T00:00:00.000Z,23,0.4015851645706507
2024-07-07T00:00:00.000Z,0,0.1664688175548131
2024-07-02T00:00:00.000Z,4,0.0373591545849242
2024-07-04T00:00:00.000Z,23,0.0438573930022665
2024-07-04T00:00:00.000Z,0,0.0402577380864519
2024-07-07T00:00:00.000Z,22,0.2391057349962638
2024-07-22T00:00:00.000Z,4,0.2996191882803669
2024-07-22T00:00:00.000Z,23,0.4710697256298182
2024-07-22T00:00:00.000Z,7,0.2673942726949757
2024-07-09T00:00:00.000Z,3,0.7400185247159177
2024-07-09T00:00:00.000Z,2,0.6917706093107291
2024-07-09T00:00:00.000Z,12,0.7308051949000922
2024-07-09T00:00:00.000Z,5,0.734060241503663
2024-07-27T00:00:00.000Z,36,0.1980054062219706
2024-07-29T00:00:00.000Z,2,0.6873123226605973
2024-07-24T00:00:00.000Z,22,0.1263640255763805
2024-07-24T00:00:00.000Z,36,0.2034201152523565
2024-07-29T00:00:00.000Z,36,0.6850186779173637
2024-07-29T00:00:00.000Z,1,0.659360517412872
2024-07-24T00:00:00.000Z,1,0.2128347437871064
2024-07-27T00:00:00.000Z,22,0.1112003979548191
2024-07-27T00:00:00.000Z,2,0.2303030849683314
2024-07-27T00:00:00.000Z,35,0.4648973669043244
2024-07-27T00:00:00.000Z,1,0.0809746649408641
2024-07-29T00:00:00.000Z,35,0.734729736883371
2024-07-24T00:00:00.000Z,2,0.1880829684621795
2024-07-29T00:00:00.000Z,22,0.7588433897047258
2024-07-24T00:00:00.000Z,35,0.2540041941635515
2024-07-07T00:00:00.000Z,36,0.3991481738116349
2024-07-02T00:00:00.000Z,36,0.1352482459776842
2024-07-04T00:00:00.000Z,37,0.0304465940516658
2024-07-04T00:00:00.000Z,36,0.053732044794406
2024-07-02T00:00:00.000Z,37,0.1467433709703089
2024-07-07T00:00:00.000Z,37,0.2346115046680298
2024-08-21T00:00:00.000Z,2,0.5557067668789264
2024-08-18T00:00:00.000Z,22,0.0298864544667415
2024-08-23T00:00:00.000Z,2,0.6164325279917656
2024-08-18T00:00:00.000Z,23,0.0351475058803268
2024-08-18T00:00:00.000Z,0,0.022640475474159
2024-08-21T00:00:00.000Z,23,0.5092828728572094
2024-08-21T00:00:00.000Z,22,0.6102039169521665
2024-08-21T00:00:00.000Z,0,0.4819291389621996
2024-08-23T00:00:00.000Z,0,0.4869184613051626
2024-08-18T00:00:00.000Z,1,0.0204383181627002
2024-08-23T00:00:00.000Z,22,0.4935255827786721
2024-08-18T00:00:00.000Z,4,0.0382110771395541
2024-08-23T00:00:00.000Z,4,0.3795515510647209
2024-08-21T00:00:00.000Z,4,0.3855667234769472
2024-08-23T00:00:00.000Z,1,0.5454070184486081
2024-08-21T00:00:00.000Z,1,0.5888545630261995
2024-08-23T00:00:00.000Z,23,0.5301195037371689
2024-08-18T00:00:00.000Z,2,0.0117938035014428
2024-08-16T00:00:00.000Z,2,0.5645030923376017
2024-08-13T00:00:00.000Z,23,0.5216418296238523
2024-08-16T00:00:00.000Z,22,0.1923294112236227
2024-08-13T00:00:00.000Z,0,0.3594990443804881
2024-08-13T00:00:00.000Z,4,0.489406579255794
2024-08-16T00:00:00.000Z,23,0.4584053598945743
2024-08-16T00:00:00.000Z,0,0.3028892511849442
2024-08-11T00:00:00.000Z,1,0.6522210588908598
2024-08-11T00:00:00.000Z,0,0.623536136957459
2024-08-13T00:00:00.000Z,22,0.4209649044855647
2024-08-11T00:00:00.000Z,4,0.5880605497072002
2024-08-11T00:00:00.000Z,23,0.6847426962140032
2024-08-11T00:00:00.000Z,2,0.6823758321290311
2024-08-13T00:00:00.000Z,1,0.4631088039322795
2024-08-13T00:00:00.000Z,2,0.5558529454858472
2024-08-11T00:00:00.000Z,22,0.7696515581933283
2024-08-16T00:00:00.000Z,1,0.3062742677958061
2024-08-16T00:00:00.000Z,4,0.2565342034582382
2024-08-16T00:00:00.000Z,37,0.5405209632758605
2024-08-11T00:00:00.000Z,36,0.6746452137642419
2024-08-16T00:00:00.000Z,36,0.6025771862218025
2024-08-11T00:00:00.000Z,37,0.7363600212485866
2024-08-11T00:00:00.000Z,35,0.7213898396367997
2024-08-16T00:00:00.000Z,35,0.4266884541496416
2024-08-13T00:00:00.000Z,36,0.4708071116670233
2024-08-13T00:00:00.000Z,35,0.4865905018486805
2024-08-13T00:00:00.000Z,37,0.1173074534976744
2024-08-23T00:00:00.000Z,12,0.6115758466962146
2024-08-21T00:00:00.000Z,5,0.4934887717655114
2024-08-21T00:00:00.000Z,12,0.5724553277494977
2024-08-21T00:00:00.000Z,3,0.5740513864088834
2024-08-23T00:00:00.000Z,5,0.5775928960408998
2024-08-18T00:00:00.000Z,12,0.0321883559234935
2024-08-18T00:00:00.000Z,5,0.0478956054190934
2024-08-18T00:00:00.000Z,3,0.0229217629653551
2024-08-23T00:00:00.000Z,3,0.6510069988634282
2024-08-31T00:00:00.000Z,36,0.6136707279390405
2024-08-31T00:00:00.000Z,35,0.6310083379720319
2024-08-28T00:00:00.000Z,37,0.7127047819696586
2024-08-26T00:00:00.000Z,37,0.1326577114799985
2024-08-31T00:00:00.000Z,37,0.6509119090473394
2024-08-28T00:00:00.000Z,35,0.7111472841533576
2024-08-26T00:00:00.000Z,35,0.1234232839845101
2024-08-28T00:00:00.000Z,36,0.6583928271128852
2024-08-26T00:00:00.000Z,36,0.2537114928283677
2024-08-13T00:00:00.000Z,3,0.668198862066308
2024-08-11T00:00:00.000Z,39,0.6350579182003113
2024-08-16T00:00:00.000Z,39,0.2829559866001003
2024-08-16T00:00:00.000Z,3,0.5265037741211496
2024-08-11T00:00:00.000Z,3,0.707231596007992
2024-08-13T00:00:00.000Z,39,0.5027887932987828
2024-08-01T00:00:00.000Z,9,0.0831683495909366
2024-08-08T00:00:00.000Z,9,0.1822167973401678
2024-08-06T00:00:00.000Z,9,0.6235692853332635
2024-08-03T00:00:00.000Z,9,0.4473332378247219
2024-07-24T00:00:00.000Z,8,0.1395327457228512
2024-07-29T00:00:00.000Z,8,0.6401340592812861
2024-07-29T00:00:00.000Z,9,0.671755310100034
2024-07-27T00:00:00.000Z,9,0.3010712447625184
2024-07-24T00:00:00.000Z,9,0.1466024466782511
2024-07-27T00:00:00.000Z,8,0.0799063399865427
2024-07-02T00:00:00.000Z,3,0.0210538989294668
2024-07-07T00:00:00.000Z,3,0.178280533692866
2024-07-04T00:00:00.000Z,39,0.1242090789761223
2024-07-07T00:00:00.000Z,39,0.0952507974543466
2024-07-07T00:00:00.000Z,11,0.0398875063152086
2024-07-04T00:00:00.000Z,11,0.0612277406933287
2024-07-04T00:00:00.000Z,3,0.0149167600791477
2024-07-02T00:00:00.000Z,11,0.0362995792954147
2024-07-02T00:00:00.000Z,39,0.1378048731811791
2024-07-07T00:00:00.000Z,25,0.3574408533372864
2024-07-02T00:00:00.000Z,27,0.0619631437683488
2024-07-07T00:00:00.000Z,27,0.4494631089899104
2024-07-07T00:00:00.000Z,26,0.1519901992502227
2024-07-02T00:00:00.000Z,25,0.0278448641214063
2024-07-02T00:00:00.000Z,26,0.0332628749174778
2024-07-22T00:00:00.000Z,26,0.3516699601232782
2024-07-22T00:00:00.000Z,33,0.2213696110221863
2024-07-22T00:00:00.000Z,9,0.0464681420330147
2024-07-22T00:00:00.000Z,5,0.0919089979430232
2024-07-22T00:00:00.000Z,12,0.0739199321933627
2024-07-07T00:00:00.000Z,38,0.0639632824864299
2024-07-04T00:00:00.000Z,38,0.1890221081754384
2024-07-02T00:00:00.000Z,38,0.2052239520444168
2024-08-06T00:00:00.000Z,11,0.5756688284211233
2024-08-01T00:00:00.000Z,39,0.2177298869455538
2024-08-03T00:00:00.000Z,39,0.2423833587777954
2024-08-06T00:00:00.000Z,3,0.5809542243521771
2024-08-08T00:00:00.000Z,3,0.1343664780114691
2024-08-06T00:00:00.000Z,39,0.5782497991645649
2024-08-08T00:00:00.000Z,39,0.1619628913266727
2024-08-08T00:00:00.000Z,11,0.1217313806026536
2024-08-01T00:00:00.000Z,11,-0.0176372896390676
2024-08-03T00:00:00.000Z,3,0.5214220386869781
2024-08-01T00:00:00.000Z,3,0.287370771307371
2024-08-03T00:00:00.000Z,11,0.3999314034143818
2024-07-27T00:00:00.000Z,34,0.6327956629751315
2024-07-29T00:00:00.000Z,30,0.6952302108458989
2024-07-24T00:00:00.000Z,34,0.2307312316555946
2024-07-24T00:00:00.000Z,30,0.2903164852575205
2024-07-29T00:00:00.000Z,34,0.7314395627947795
2024-07-27T00:00:00.000Z,30,0.4082239962543314
2024-08-28T00:00:00.000Z,29,0.6875043095433042
2024-08-28T00:00:00.000Z,30,0.7002840896162422
2024-08-31T00:00:00.000Z,30,0.6444956614830294
2024-08-28T00:00:00.000Z,28,0.8188390907399472
2024-08-26T00:00:00.000Z,24,0.3974819513881866
2024-08-26T00:00:00.000Z,29,0.2120673437336367
2024-08-28T00:00:00.000Z,24,0.7170152029215416
2024-08-31T00:00:00.000Z,29,0.644516443626324
2024-08-31T00:00:00.000Z,24,0.6947616313309241
2024-08-26T00:00:00.000Z,30,0.1273498477356845
2024-07-22T00:00:00.000Z,34,0.3341362664459423
2024-08-21T00:00:00.000Z,25,0.4686861544307191
2024-08-21T00:00:00.000Z,27,0.3304549739757788
2024-08-21T00:00:00.000Z,26,0.4196065332845156
2024-08-21T00:00:00.000Z,29,0.311671261185002
2024-08-21T00:00:00.000Z,30,0.3284587533376247
2024-08-23T00:00:00.000Z,30,0.7156231466774081
2024-08-23T00:00:00.000Z,26,0.7573121466580733
2024-08-18T00:00:00.000Z,29,0.0199721297341763
2024-08-18T00:00:00.000Z,30,0.0186094038075043
2024-08-23T00:00:00.000Z,29,0.6513377253974626
2024-08-18T00:00:00.000Z,26,0.021294174868917
2024-08-18T00:00:00.000Z,34,0.0329099228799197
2024-08-23T00:00:00.000Z,34,0.7282479279263994
2024-08-21T00:00:00.000Z,34,0.4574542790517796
2024-07-27T00:00:00.000Z,37,0.3104075631328914
2024-07-29T00:00:00.000Z,37,0.7343630940313439
2024-07-27T00:00:00.000Z,40,0.600310876303478
2024-07-24T00:00:00.000Z,40,0.1937806950783999
2024-07-27T00:00:00.000Z,43,0.6457005417335224
2024-07-24T00:00:00.000Z,43,0.2009392236154968
2024-07-29T00:00:00.000Z,43,0.6858475884352094
2024-07-29T00:00:00.000Z,40,0.6777100257418797
2024-07-24T00:00:00.000Z,37,0.2419109462970518
2024-08-28T00:00:00.000Z,34,0.7210236856510426
2024-08-26T00:00:00.000Z,34,0.1750766269921934
2024-08-31T00:00:00.000Z,34,0.6013441920579522
2024-07-24T00:00:00.000Z,31,0.3128635267674129
2024-07-27T00:00:00.000Z,31,0.5759566390656911
2024-07-29T00:00:00.000Z,31,0.7258760601556977
2024-07-29T00:00:00.000Z,32,0.6803685158065075
2024-07-29T00:00:00.000Z,42,0.7428046847515009
2024-07-29T00:00:00.000Z,41,0.6987179322801251
2024-07-27T00:00:00.000Z,32,0.6831310917994377
2024-07-24T00:00:00.000Z,42,0.3011566118577347
2024-07-24T00:00:00.000Z,41,0.3549970285272202
2024-07-24T00:00:00.000Z,32,0.1213392498355457
2024-07-27T00:00:00.000Z,41,0.6648105260419902
2024-07-27T00:00:00.000Z,42,0.664488290124696
2024-08-13T00:00:00.000Z,31,0.1766566176422606
2024-08-13T00:00:00.000Z,30,0.0437957495600913
2024-08-11T00:00:00.000Z,31,0.7570223683118045
2024-08-16T00:00:00.000Z,30,0.5031949174008398
2024-08-13T00:00:00.000Z,29,0.0417711677955364
2024-08-11T00:00:00.000Z,29,0.7100702564226783
2024-08-11T00:00:00.000Z,30,0.7343839825632552
2024-08-16T00:00:00.000Z,31,0.4874153274862819
2024-08-16T00:00:00.000Z,29,0.5837316069252556
2024-08-16T00:00:00.000Z,32,0.5829373064706789
2024-08-13T00:00:00.000Z,32,0.5779244924902254
2024-08-11T00:00:00.000Z,32,0.6931859408814017
2024-08-31T00:00:00.000Z,41,0.6908113763329042
2024-08-26T00:00:00.000Z,42,0.0664006864813711
2024-08-26T00:00:00.000Z,41,0.1071530832796237
2024-08-28T00:00:00.000Z,42,0.7597858510490535
2024-08-28T00:00:00.000Z,41,0.7313449058759499
2024-08-31T00:00:00.000Z,42,0.6913430437808484
2024-08-23T00:00:00.000Z,43,0.6945543878648461
2024-08-18T00:00:00.000Z,40,0.0299247537609124
2024-08-21T00:00:00.000Z,35,0.263366272647613
2024-08-18T00:00:00.000Z,37,0.0283539554827815
2024-08-18T00:00:00.000Z,35,0.03233594066932
2024-08-23T00:00:00.000Z,35,0.6894451480297014
2024-08-21T00:00:00.000Z,40,0.2186453103456807
2024-08-23T00:00:00.000Z,37,0.6973193553534576
2024-08-18T00:00:00.000Z,43,0.0259812640590593
2024-08-21T00:00:00.000Z,43,0.1209112675798706
2024-08-21T00:00:00.000Z,37,0.4052493083085205
2024-08-23T00:00:00.000Z,40,0.6846563724805492
2024-08-11T00:00:00.000Z,44,-0.0770720634822142
2024-08-13T00:00:00.000Z,41,0.6544440697276821
2024-08-16T00:00:00.000Z,44,0.003306713363093
2024-08-13T00:00:00.000Z,44,-0.0973099425875877
2024-08-11T00:00:00.000Z,41,0.7195305521801385
2024-08-16T00:00:00.000Z,41,0.6210392407252956
2024-07-04T00:00:00.000Z,42,0.2149580734643908
2024-07-04T00:00:00.000Z,40,0.1554543328447899
2024-08-01T00:00:00.000Z,34,-0.0322937822672707
2024-08-08T00:00:00.000Z,34,0.4403180266500873
2024-08-01T00:00:00.000Z,33,0.2100924048357426
2024-08-06T00:00:00.000Z,33,0.732334426525645
2024-08-03T00:00:00.000Z,34,0.1139126983146022
2024-08-06T00:00:00.000Z,34,0.7299881727145272
2024-07-02T00:00:00.000Z,40,0.1275618075603981
2024-07-07T00:00:00.000Z,40,0.0804546791731351
2024-08-23T00:00:00.000Z,42,0.7759909238660917
2024-08-18T00:00:00.000Z,41,0.0279691167225341
2024-08-23T00:00:00.000Z,41,0.7327472612687385
2024-08-18T00:00:00.000Z,42,0.016950913464202
2024-08-06T00:00:00.000Z,42,0.7134811496698822
2024-08-01T00:00:00.000Z,40,0.2495744087934968
2024-08-08T00:00:00.000Z,42,0.038546812726978
2024-08-03T00:00:00.000Z,40,0.2807880446136644
2024-08-08T00:00:00.000Z,40,0.0753589774421808
2024-08-03T00:00:00.000Z,42,0.400989213249303
2024-08-06T00:00:00.000Z,40,0.669136591368043
2024-08-01T00:00:00.000Z,42,0.0180771206931689
2024-09-07T00:00:00.000Z,10,0.5476969651214081
2024-09-02T00:00:00.000Z,10,-0.0120902128406025
2024-09-05T00:00:00.000Z,19,0.6514604617099988
2024-09-02T00:00:00.000Z,19,-0.0098709013929553
2024-09-05T00:00:00.000Z,10,0.5470242763695972
2024-09-07T00:00:00.000Z,19,0.6456350924887739
2024-09-27T00:00:00.000Z,19,0.2485111278808141
2024-09-27T00:00:00.000Z,20,0.2000057514061213
2024-09-27T00:00:00.000Z,7,0.1533047148735745
2024-09-07T00:00:00.000Z,7,0.588048806448983
2024-09-02T00:00:00.000Z,8,0.0006278763093009921
2024-09-02T00:00:00.000Z,7,0.017752569892232
2024-09-07T00:00:00.000Z,8,0.5836269844868267
2024-09-05T00:00:00.000Z,7,0.5808777755429312
2024-09-05T00:00:00.000Z,8,0.5880987109246203
2024-09-02T00:00:00.000Z,16,0.0780697940757894
2024-09-05T00:00:00.000Z,13,0.6049941729036735
2024-09-07T00:00:00.000Z,22,0.7499672007458901
2024-09-05T00:00:00.000Z,24,0.1247448900002681
2024-09-07T00:00:00.000Z,24,0.7369043874210404
2024-09-02T00:00:00.000Z,24,0.0772660953879572
2024-09-05T00:00:00.000Z,22,0.6089849424690895
2024-09-05T00:00:00.000Z,16,0.5069378049444982
2024-09-02T00:00:00.000Z,22,0.0195325899545801
2024-09-07T00:00:00.000Z,16,0.8321951457044047
2024-09-07T00:00:00.000Z,9,0.6192155703240962
2024-09-02T00:00:00.000Z,9,0.0448394762903651
2024-09-07T00:00:00.000Z,12,0.6487161194472532
2024-09-02T00:00:00.000Z,5,0.0535039887920633
2024-09-02T00:00:00.000Z,4,0.0440940196121872
2024-09-05T00:00:00.000Z,5,0.6750454003472881
2024-09-07T00:00:00.000Z,5,0.7043609995784649
2024-09-05T00:00:00.000Z,12,0.6983783875289757
2024-09-05T00:00:00.000Z,4,0.5181546077792211
2024-09-05T00:00:00.000Z,9,0.6302653975770458
2024-09-07T00:00:00.000Z,4,0.5562116673881364
2024-09-02T00:00:00.000Z,12,0.2633446391517282
2024-09-22T00:00:00.000Z,1,0.363070819580616
2024-09-25T00:00:00.000Z,37,0.1355664443918366
2024-09-20T00:00:00.000Z,36,0.6730058971444679
2024-09-20T00:00:00.000Z,24,0.7546740667297347
2024-09-20T00:00:00.000Z,29,0.7156743069256334
2024-09-22T00:00:00.000Z,24,0.4173362828974564
2024-09-20T00:00:00.000Z,22,0.7610974552088305
2024-09-20T00:00:00.000Z,1,0.644056995079302
2024-09-25T00:00:00.000Z,24,0.1321605084510837
2024-09-22T00:00:00.000Z,22,0.3776270400967376
2024-09-25T00:00:00.000Z,22,0.0627167812339674
2024-09-22T00:00:00.000Z,37,0.6683336369956862
2024-09-22T00:00:00.000Z,36,0.5287145251852347
2024-09-25T00:00:00.000Z,29,0.085480716235169
2024-09-22T00:00:00.000Z,29,0.5566161620429616
2024-09-20T00:00:00.000Z,37,0.7315134242782261
2024-09-25T00:00:00.000Z,36,0.1525537073451652
2024-09-25T00:00:00.000Z,1,0.1222943197931797
2024-09-10T00:00:00.000Z,10,0.0767522068816224
2024-09-15T00:00:00.000Z,9,0.2805910781970138
2024-09-17T00:00:00.000Z,8,0.0007287680634390658
2024-09-10T00:00:00.000Z,9,0.3076456004525074
2024-09-12T00:00:00.000Z,9,0.3700826844754477
2024-09-12T00:00:00.000Z,8,0.0392317165179506
2024-09-10T00:00:00.000Z,8,0.3354195031359531
2024-09-17T00:00:00.000Z,10,0.0627372968111744
2024-09-12T00:00:00.000Z,10,0.107213979949631
2024-09-15T00:00:00.000Z,10,0.2666881807037131
2024-09-15T00:00:00.000Z,8,0.2813088262600436
2024-09-17T00:00:00.000Z,9,-0.0075036134371607
2024-07-24T00:00:00.000Z,19,0.0916144127957722
2024-07-29T00:00:00.000Z,19,0.67839565736373
2024-07-27T00:00:00.000Z,19,-0.0030280752252056
2024-08-11T00:00:00.000Z,10,0.5914915273634805
2024-08-16T00:00:00.000Z,10,0.3864012926940205
2024-08-13T00:00:00.000Z,10,0.5657336597467785
2024-08-28T00:00:00.000Z,19,0.6556949663798818
2024-08-26T00:00:00.000Z,19,0.5095623951379787
2024-08-31T00:00:00.000Z,19,0.6316991068329348
2024-08-21T00:00:00.000Z,19,0.3934936454159558
2024-08-23T00:00:00.000Z,7,0.4999867732126284
2024-08-18T00:00:00.000Z,19,0.0460884278440345
2024-08-23T00:00:00.000Z,19,0.6347875049289085
2024-08-18T00:00:00.000Z,7,0.0502906255087875
2024-08-21T00:00:00.000Z,7,0.3407484168968248
2024-09-22T00:00:00.000Z,3,0.3681815198978101
2024-09-25T00:00:00.000Z,3,0.1032777081459196
2024-09-20T00:00:00.000Z,3,0.710872766917731
2024-09-22T00:00:00.000Z,39,0.3914617113189557
2024-09-20T00:00:00.000Z,38,0.6717254888015382
2024-09-25T00:00:00.000Z,39,0.1549368345216636
2024-09-25T00:00:00.000Z,38,0.0757196598360928
2024-09-22T00:00:00.000Z,38,0.2620868646469204
2024-09-20T00:00:00.000Z,39,0.6549842386687574
2024-09-20T00:00:00.000Z,25,0.7044667944268644
2024-09-20T00:00:00.000Z,33,0.7399770734051934
2024-09-25T00:00:00.000Z,26,0.3140859311590525
2024-09-25T00:00:00.000Z,25,0.3380001856742004
2024-09-20T00:00:00.000Z,26,0.662978004700471
2024-09-25T00:00:00.000Z,33,0.1992536228589753
2024-09-02T00:00:00.000Z,31,0.0781598804213751
2024-09-05T00:00:00.000Z,37,0.104444491055273
2024-09-02T00:00:00.000Z,37,0.0010060551065473
2024-09-05T00:00:00.000Z,29,0.1930977267599388
2024-09-07T00:00:00.000Z,29,0.7082899114483251
2024-09-07T00:00:00.000Z,31,0.7512864562066229
2024-09-02T00:00:00.000Z,29,0.0060566225806202
2024-09-07T00:00:00.000Z,37,0.7237224472325728
2024-09-05T00:00:00.000Z,31,0.1251278242823987
2024-09-27T00:00:00.000Z,42,0.1436795078214745
2024-09-27T00:00:00.000Z,40,0.2096541940655196
2024-09-27T00:00:00.000Z,43,0.1595308492522291
2024-09-27T00:00:00.000Z,31,0.043288543910364
2024-09-27T00:00:00.000Z,32,0.2647717635782315
2024-09-27T00:00:00.000Z,30,0.254476103320056
2024-09-12T00:00:00.000Z,41,0.3641763424270606
2024-09-17T00:00:00.000Z,32,0.0893956556281923
2024-09-15T00:00:00.000Z,32,0.5892163420132224
2024-09-10T00:00:00.000Z,44,-0.0275349006795351
2024-09-12T00:00:00.000Z,44,0.0360081128266084
2024-09-10T00:00:00.000Z,41,0.3485413835908762
2024-09-15T00:00:00.000Z,44,-0.0056403667687286
2024-09-12T00:00:00.000Z,32,0.4604150543325287
2024-09-17T00:00:00.000Z,44,0.0637982371818081
2024-09-17T00:00:00.000Z,41,0.1822728796269523
2024-09-10T00:00:00.000Z,32,0.1989495418334903
2024-09-15T00:00:00.000Z,41,0.4604083896696954
2024-09-02T00:00:00.000Z,42,0.0566207389809897
2024-09-07T00:00:00.000Z,42,0.7849253826606157
2024-09-07T00:00:00.000Z,40,0.7061165632351558
2024-09-02T00:00:00.000Z,40,0.0512045302420244
2024-09-27T00:00:00.000Z,8,0.3868793476027443
2024-09-27T00:00:00.000Z,5,0.0926880351797527
2024-09-27T00:00:00.000Z,9,0.2923630841336118
2024-09-12T00:00:00.000Z,22,0.3854173396561041
2024-09-15T00:00:00.000Z,23,0.2823067367197864
2024-09-12T00:00:00.000Z,23,0.2972286033986103
2024-09-17T00:00:00.000Z,23,-0.0314760527271642
2024-09-17T00:00:00.000Z,22,-0.0217397895547278
2024-09-10T00:00:00.000Z,16,0.0267731987626357
2024-09-15T00:00:00.000Z,16,0.3407977137143569
2024-09-10T00:00:00.000Z,22,0.0384816041165886
2024-09-12T00:00:00.000Z,16,0.3581450827687522
2024-09-17T00:00:00.000Z,16,-0.0216824200828831
2024-09-15T00:00:00.000Z,13,0.3362009118242193
2024-09-12T00:00:00.000Z,15,0.3493044889424389
2024-09-15T00:00:00.000Z,15,0.2656190688756532
2024-09-10T00:00:00.000Z,13,-0.0007157902294470342
2024-09-10T00:00:00.000Z,23,0.0072354822442881
2024-09-15T00:00:00.000Z,22,0.3594460510929718
2024-09-17T00:00:00.000Z,15,-0.0514245969756775
2024-09-10T00:00:00.000Z,15,0.0276957171623319
2024-09-27T00:00:00.000Z,15,0.210484279448496
2024-09-27T00:00:00.000Z,23,0.1791664120801933
2024-09-27T00:00:00.000Z,21,0.1994707772814332
2024-09-27T00:00:00.000Z,0,0.117013601472994
2024-09-27T00:00:00.000Z,22,0.0717798320167282
2024-09-27T00:00:00.000Z,4,0.1001897012626994
2024-09-27T00:00:00.000Z,2,0.0353961630949536
2024-09-27T00:00:00.000Z,1,0.1302809394742138
2024-09-15T00:00:00.000Z,5,0.416198856495111
2024-09-12T00:00:00.000Z,5,0.1378244788277409
2024-09-12T00:00:00.000Z,4,0.1424346547453527
2024-09-15T00:00:00.000Z,0,0.2960469274714419
2024-09-12T00:00:00.000Z,0,0.0183720501331907
2024-09-15T00:00:00.000Z,2,0.3293447134767006
2024-09-10T00:00:00.000Z,5,0.0857384213315344
2024-09-17T00:00:00.000Z,2,-0.0048189649495217
2024-09-10T00:00:00.000Z,0,0.1688590860229684
2024-09-17T00:00:00.000Z,0,-0.0153670992212716
2024-09-17T00:00:00.000Z,4,-0.021343542312527
2024-09-12T00:00:00.000Z,2,0.3911488835647112
2024-09-10T00:00:00.000Z,2,0.1005601383810549
2024-09-10T00:00:00.000Z,4,0.1050906604109552
2024-09-17T00:00:00.000Z,5,-0.0043197044198224
2024-09-15T00:00:00.000Z,4,0.3805127937893969
2024-09-22T00:00:00.000Z,0,0.3812541703767051
2024-09-20T00:00:00.000Z,2,0.6784221949211152
2024-09-25T00:00:00.000Z,0,0.3249596760497091
2024-09-20T00:00:00.000Z,35,0.7158551812132787
2024-09-25T00:00:00.000Z,35,0.3752289694684935
2024-09-25T00:00:00.000Z,2,0.3070258861423042
2024-09-22T00:00:00.000Z,2,0.2888669657691798
2024-09-20T00:00:00.000Z,0,0.6095683632756805
2024-09-22T00:00:00.000Z,35,0.5859313031309548
2024-09-20T00:00:00.000Z,9,0.6505127451274142
2024-09-22T00:00:00.000Z,9,0.363618749886589
2024-09-25T00:00:00.000Z,9,0.1052881929772807
2024-09-22T00:00:00.000Z,12,0.4043761452862643
2024-09-07T00:00:00.000Z,38,0.6008311580607101
2024-09-07T00:00:00.000Z,39,0.6355667693797726
2024-09-07T00:00:00.000Z,3,0.6944142999920434
2024-09-02T00:00:00.000Z,3,0.0465231608199534
2024-09-02T00:00:00.000Z,38,0.1341634895353163
2024-09-02T00:00:00.000Z,39,0.0875986025487495
2024-09-05T00:00:00.000Z,38,0.4400828495951669
2024-09-05T00:00:00.000Z,3,0.5826553735911917
2024-09-05T00:00:00.000Z,39,0.4355809608732052
2024-09-05T00:00:00.000Z,25,0.0186930990842183
2024-09-05T00:00:00.000Z,34,0.1597803709673937
2024-09-05T00:00:00.000Z,33,0.1449816735083957
2024-09-05T00:00:00.000Z,26,0.065464313627887
2024-09-12T00:00:00.000Z,30,0.344094149710479
2024-09-15T00:00:00.000Z,30,0.6519505208582292
2024-09-10T00:00:00.000Z,26,0.0689544330407566
2024-09-17T00:00:00.000Z,30,-0.0098145315956911
2024-09-17T00:00:00.000Z,34,0.0063740056308719
2024-09-15T00:00:00.000Z,26,0.7359343683294276
2024-09-12T00:00:00.000Z,26,0.3336691047701505
2024-09-10T00:00:00.000Z,30,0.1771368345768286
2024-09-15T00:00:00.000Z,34,0.7362670348952665
2024-09-17T00:00:00.000Z,26,-0.0107606328372307
2024-09-12T00:00:00.000Z,34,0.2391059427124373
2024-09-10T00:00:00.000Z,34,0.3145895974650996
2024-09-25T00:00:00.000Z,43,0.4026206101547305
2024-09-25T00:00:00.000Z,40,0.3182652541824246
2024-09-22T00:00:00.000Z,43,0.664560262344153
2024-09-20T00:00:00.000Z,40,0.697914126961861
2024-09-22T00:00:00.000Z,40,0.4503128905447599
2024-09-20T00:00:00.000Z,43,0.7135193095455047
2024-09-27T00:00:00.000Z,44,0.0682618269174529
2024-09-27T00:00:00.000Z,41,0.2368925445832825
2024-09-27T00:00:00.000Z,39,0.0529798367329889
2024-09-27T00:00:00.000Z,38,0.052640738498092
2024-08-03T00:00:00.000Z,14,0.0747211201920464
2024-08-08T00:00:00.000Z,14,0.1233301326284255
2024-08-01T00:00:00.000Z,14,0.0603883239899589
2024-08-06T00:00:00.000Z,14,0.5552627553845276
2024-07-24T00:00:00.000Z,29,0.2714159970647867
2024-07-27T00:00:00.000Z,24,0.1873121832555317
2024-07-29T00:00:00.000Z,24,0.74380908712423
2024-07-27T00:00:00.000Z,29,0.3036117291184297
2024-07-24T00:00:00.000Z,24,0.1201733985075012
2024-07-29T00:00:00.000Z,29,0.7011205596852323
2024-08-06T00:00:00.000Z,5,0.6870354479952188
2024-08-01T00:00:00.000Z,12,0.0629064818122561
2024-08-08T00:00:00.000Z,5,0.257066320010534
2024-08-08T00:00:00.000Z,4,0.298217918899424
2024-08-08T00:00:00.000Z,12,0.1446021740752943
2024-08-01T00:00:00.000Z,5,0.113852846465793
2024-08-03T00:00:00.000Z,12,0.4095605650722786
2024-08-06T00:00:00.000Z,12,0.6816868869218636
2024-08-03T00:00:00.000Z,4,0.1997612479015999
2024-08-06T00:00:00.000Z,4,0.5359535267210461
2024-08-01T00:00:00.000Z,4,0.0749356949168798
2024-08-03T00:00:00.000Z,5,0.3765935689468067
2024-09-22T00:00:00.000Z,42,0.5732581485782312
2024-08-18T00:00:00.000Z,39,0.0167442277674363
2024-08-21T00:00:00.000Z,39,0.3092717724897362
2024-08-23T00:00:00.000Z,39,0.6067210241292588
2024-07-29T00:00:00.000Z,3,0.7141769653148538
2024-07-27T00:00:00.000Z,3,0.4378166907932515
2024-07-29T00:00:00.000Z,39,0.6452195876320223
2024-07-27T00:00:00.000Z,11,0.263042415984113
2024-07-27T00:00:00.000Z,39,0.4488794914749428
2024-07-24T00:00:00.000Z,11,0.3912740063179489
2024-07-24T00:00:00.000Z,3,0.2219420275006982
2024-07-29T00:00:00.000Z,11,0.6957380217379441
2024-07-24T00:00:00.000Z,39,0.2752370114342942
2024-07-27T00:00:00.000Z,26,0.384335748980618
2024-07-27T00:00:00.000Z,25,0.4545932162949369
2024-07-27T00:00:00.000Z,27,0.3188749141497716
2024-07-22T00:00:00.000Z,29,0.2683853983825214
2024-07-22T00:00:00.000Z,28,0.2559019632089703
2024-07-22T00:00:00.000Z,30,0.2833954200933891
2024-07-22T00:00:00.000Z,24,0.3594104328006237
2024-07-09T00:00:00.000Z,34,0.6119706776832723
2024-07-09T00:00:00.000Z,26,0.6493264662533801
2024-07-09T00:00:00.000Z,30,0.6521373439683452
2024-08-01T00:00:00.000Z,26,0.0629803177928798
2024-08-01T00:00:00.000Z,25,0.0678797839571159
2024-08-06T00:00:00.000Z,25,0.681632247324463
2024-08-06T00:00:00.000Z,27,0.6912293944209659
2024-08-01T00:00:00.000Z,27,0.0219058762800156
2024-08-06T00:00:00.000Z,26,0.6870685458071236
2024-08-18T00:00:00.000Z,24,0.0268736092946685
2024-08-23T00:00:00.000Z,28,0.7695495426799903
2024-08-18T00:00:00.000Z,28,0.0185079632545729
2024-08-21T00:00:00.000Z,24,0.5864223586648746
2024-08-23T00:00:00.000Z,24,0.5567350044925499
2024-08-21T00:00:00.000Z,28,0.4904789272347593
2024-07-09T00:00:00.000Z,43,0.6745964666248384
2024-07-09T00:00:00.000Z,37,0.7425198309564174
2024-07-04T00:00:00.000Z,35,0.0021372226642406
2024-07-04T00:00:00.000Z,43,0.0425034579190385
2024-07-07T00:00:00.000Z,43,0.0561502199713897
2024-07-02T00:00:00.000Z,43,0.0734025777108735
2024-07-02T00:00:00.000Z,35,0.0759143875899199
2024-07-07T00:00:00.000Z,35,0.1877488054465818
2024-08-03T00:00:00.000Z,43,0.0151786285253457
2024-08-08T00:00:00.000Z,37,0.1964341459156094
2024-08-01T00:00:00.000Z,37,0.0337744768059466
2024-08-06T00:00:00.000Z,43,0.6999017365873439
2024-08-08T00:00:00.000Z,43,0.0973045339240627
2024-08-06T00:00:00.000Z,37,0.7087792119414011
2024-08-03T00:00:00.000Z,37,0.0800820443168056
2024-08-01T00:00:00.000Z,43,0.0688279369129731
2024-08-26T00:00:00.000Z,31,0.1203570274303175
2024-08-26T00:00:00.000Z,43,0.1645103536841256
2024-08-28T00:00:00.000Z,31,0.7283250111506394
2024-08-26T00:00:00.000Z,32,0.2755117585770343
2024-08-31T00:00:00.000Z,32,0.5694425853403873
2024-08-28T00:00:00.000Z,43,0.67678414119932
2024-08-31T00:00:00.000Z,31,0.6328784098523023
2024-08-31T00:00:00.000Z,43,0.5773409494875066
2024-08-28T00:00:00.000Z,32,0.6866059742937436
2024-07-09T00:00:00.000Z,42,0.7151785713969255
2024-08-18T00:00:00.000Z,38,0.0165689740939619
2024-08-23T00:00:00.000Z,38,0.5641048887757687
2024-08-13T00:00:00.000Z,42,0.5345886490845605
2024-09-05T00:00:00.000Z,20,0.6379266625468077
2024-09-15T00:00:00.000Z,20,0.3317865551204024
2024-09-10T00:00:00.000Z,20,0.0922275777424254
2024-09-10T00:00:00.000Z,17,-0.0022112222470191
2024-09-12T00:00:00.000Z,20,0.3623903487287493
2024-09-15T00:00:00.000Z,18,0.2989781964293491
2024-09-12T00:00:00.000Z,17,0.4110722711297611
2024-09-15T00:00:00.000Z,17,0.4509682608243225
2024-09-17T00:00:00.000Z,17,0.509363376568758
2024-09-10T00:00:00.000Z,18,-0.009753052100917
2024-09-17T00:00:00.000Z,20,0.1910060687480083
2024-09-20T00:00:00.000Z,19,0.6487849802021184
2024-09-22T00:00:00.000Z,19,0.3970340434079268
2024-09-25T00:00:00.000Z,19,0.0854752634519238
2024-09-25T00:00:00.000Z,20,0.0707273825276053
2024-09-22T00:00:00.000Z,20,0.4161533751100473
2024-09-20T00:00:00.000Z,20,0.6451124021980558
2024-09-22T00:00:00.000Z,7,0.3185515347286977
2024-09-25T00:00:00.000Z,7,0.1921999897482054
2024-09-20T00:00:00.000Z,7,0.6098138006405988
2024-09-05T00:00:00.000Z,28,0.0764101788130165
2024-09-20T00:00:00.000Z,28,0.7433102965402913
2024-09-22T00:00:00.000Z,28,0.5636445916576021
2024-09-25T00:00:00.000Z,28,0.3295095059184575
2024-09-02T00:00:00.000Z,2,0.0394157115352885
2024-09-05T00:00:00.000Z,0,0.4816714004913238
2024-09-02T00:00:00.000Z,0,0.0380271821277743
2024-09-05T00:00:00.000Z,2,0.5302722156665836
2024-09-07T00:00:00.000Z,0,0.605151155545978
2024-09-07T00:00:00.000Z,2,0.6727337868770229
2024-09-02T00:00:00.000Z,35,-0.0008997330752524644
2024-09-07T00:00:00.000Z,35,0.7120759536572054
2024-09-05T00:00:00.000Z,35,0.3074192581113401
2024-09-17T00:00:00.000Z,12,-0.013150843052506
2024-09-15T00:00:00.000Z,3,0.3515907386019358
2024-09-10T00:00:00.000Z,12,0.1932074225418617
2024-09-12T00:00:00.000Z,3,0.4216595854747351
2024-09-10T00:00:00.000Z,3,0.0592385418698544
2024-09-17T00:00:00.000Z,3,-0.0006842679900265963
2024-09-15T00:00:00.000Z,12,0.2846659083602584
2024-09-12T00:00:00.000Z,12,0.2812547546391485
2024-09-02T00:00:00.000Z,30,0.1591170253342065
2024-09-02T00:00:00.000Z,34,0.330191802657895
2024-09-07T00:00:00.000Z,30,0.7271304064833458
2024-09-05T00:00:00.000Z,30,0.2454161896198241
2024-09-02T00:00:00.000Z,26,0.1330804898517384
2024-09-07T00:00:00.000Z,26,0.7618269904774837
2024-09-07T00:00:00.000Z,34,0.7346064623500168
2024-09-02T00:00:00.000Z,43,0.0112391520962837
2024-09-05T00:00:00.000Z,42,0.4749976353301075
2024-09-05T00:00:00.000Z,40,0.1239495509317406
2024-09-07T00:00:00.000Z,43,0.7036720052223984
2024-09-05T00:00:00.000Z,43,0.2274946954539371
2024-09-10T00:00:00.000Z,33,0.0637007175707372
2024-09-15T00:00:00.000Z,33,0.7035426319133199
2024-09-17T00:00:00.000Z,39,0.0102695874311411
2024-09-12T00:00:00.000Z,39,0.2445452010636358
2024-09-12T00:00:00.000Z,40,0.3198072313229594
2024-09-17T00:00:00.000Z,38,0.0047426965354564
2024-09-12T00:00:00.000Z,38,0.1851641104619502
2024-09-17T00:00:00.000Z,40,0.0545559799754767
2024-07-27T00:00:00.000Z,5,0.1546907097713569
2024-07-24T00:00:00.000Z,7,0.0955127174025162
2024-07-27T00:00:00.000Z,7,0.0156195817432775
2024-07-29T00:00:00.000Z,7,0.6295216478488384
2024-07-24T00:00:00.000Z,5,0.1502816499278494
2024-07-29T00:00:00.000Z,5,0.736106376217296
2024-08-16T00:00:00.000Z,15,0.6292214645844998
2024-08-11T00:00:00.000Z,15,0.6501524463002655
2024-08-13T00:00:00.000Z,15,0.5145315570328135
2024-08-16T00:00:00.000Z,6,0.4803734026310573
2024-08-11T00:00:00.000Z,6,0.5300664321000913
2024-08-13T00:00:00.000Z,6,0.5042418349600655
2024-08-28T00:00:00.000Z,7,0.591423881883735
2024-08-26T00:00:00.000Z,7,0.5022660574241863
2024-08-31T00:00:00.000Z,7,0.5589415120490964
2024-08-26T00:00:00.000Z,8,0.5291364093532213
2024-08-26T00:00:00.000Z,6,0.4845291692040866
2024-08-31T00:00:00.000Z,6,0.4705323985964393
2024-08-28T00:00:00.000Z,6,0.5132818763962117
2024-08-28T00:00:00.000Z,8,0.6049241887127461
2024-08-31T00:00:00.000Z,8,0.5771259977201495
2024-07-27T00:00:00.000Z,13,0.0495724588266747
2024-07-24T00:00:00.000Z,16,0.0332945937160003
2024-07-29T00:00:00.000Z,16,0.8282736871215264
2024-07-27T00:00:00.000Z,16,0.0598982682623277
2024-07-07T00:00:00.000Z,21,0.445338075244546
2024-07-02T00:00:00.000Z,21,0.0724999565932855
2024-07-04T00:00:00.000Z,21,0.0467371484066063
2024-07-09T00:00:00.000Z,1,0.6953311102778577
2024-07-09T00:00:00.000Z,36,0.705411788851027
2024-07-09T00:00:00.000Z,35,0.7636460495224863
2024-07-09T00:00:00.000Z,0,0.6277059183814041
2024-07-22T00:00:00.000Z,35,0.1361638107658359
2024-07-22T00:00:00.000Z,36,0.0797581765507497
2024-07-22T00:00:00.000Z,37,0.2240980578015881
2024-08-06T00:00:00.000Z,1,0.6464076379481288
2024-08-03T00:00:00.000Z,0,0.092754195054113
2024-08-08T00:00:00.000Z,1,0.2863625525287748
2024-08-06T00:00:00.000Z,2,0.6787701284639954
2024-08-06T00:00:00.000Z,0,0.6071872892684358
2024-08-08T00:00:00.000Z,0,0.2643271316431245
2024-08-01T00:00:00.000Z,2,0.0010998150176047
2024-08-08T00:00:00.000Z,2,0.1260381884377905
2024-08-01T00:00:00.000Z,1,0.0157020182552772
2024-08-01T00:00:00.000Z,0,0.0447837757015448
2024-08-03T00:00:00.000Z,2,0.3371882523527344
2024-08-03T00:00:00.000Z,1,0.1283901705059013
2024-07-27T00:00:00.000Z,10,0.046905795998814
2024-07-24T00:00:00.000Z,10,0.068834527489287
2024-07-29T00:00:00.000Z,10,0.5946244104438948
2024-07-09T00:00:00.000Z,9,0.6944707071559637
2024-07-09T00:00:00.000Z,11,0.7409487690096529
2024-07-29T00:00:00.000Z,12,0.7063011303206052
2024-07-24T00:00:00.000Z,12,0.2200287002723739
2024-08-31T00:00:00.000Z,11,0.6222092129668385
2024-08-26T00:00:00.000Z,39,0.0455198307927098
2024-08-31T00:00:00.000Z,3,0.6691505171504506
2024-08-26T00:00:00.000Z,3,0.2051091553522869
2024-08-26T00:00:00.000Z,11,0.1181815476563859
2024-08-28T00:00:00.000Z,3,0.6974383809574983
2024-08-28T00:00:00.000Z,39,0.6309513841992835
2024-08-31T00:00:00.000Z,39,0.5789160638292331
2024-08-28T00:00:00.000Z,11,0.6779993795857913
2024-07-09T00:00:00.000Z,28,0.6025438602954313
2024-07-09T00:00:00.000Z,29,0.6955077174245021
2024-07-22T00:00:00.000Z,27,0.4367664327148857
2024-07-27T00:00:00.000Z,33,0.6061695013329226
2024-07-29T00:00:00.000Z,26,0.7350912782547607
2024-07-24T00:00:00.000Z,26,0.2898360352230544
2024-08-28T00:00:00.000Z,26,0.7217236226575241
2024-08-31T00:00:00.000Z,26,0.6784867848400382
2024-08-31T00:00:00.000Z,27,0.6801683041747216
2024-08-26T00:00:00.000Z,26,0.273128922501954
2024-08-26T00:00:00.000Z,27,0.4850189000740095
2024-08-13T00:00:00.000Z,34,0.6617445211244841
2024-08-16T00:00:00.000Z,34,0.5233472367152546
2024-08-11T00:00:00.000Z,26,0.7552738027358981
2024-08-13T00:00:00.000Z,26,0.6727436144423502
2024-08-11T00:00:00.000Z,34,0.7346538723097262
2024-08-16T00:00:00.000Z,26,0.6226220629605942
2024-07-22T00:00:00.000Z,31,0.3308306763584456
2024-07-22T00:00:00.000Z,43,0.3484326127912183
2024-08-18T00:00:00.000Z,44,0.0230356444167689
2024-08-21T00:00:00.000Z,32,0.1053078861220421
2024-08-23T00:00:00.000Z,44,-0.0087657671368931
2024-08-21T00:00:00.000Z,44,0.0464623752276663
2024-08-18T00:00:00.000Z,32,0.0225392319755946
2024-08-21T00:00:00.000Z,41,0.1573690863425973
2024-08-23T00:00:00.000Z,32,0.6970477813540675
2024-07-02T00:00:00.000Z,33,0.0547633067261472
2024-07-07T00:00:00.000Z,33,0.2221012752815279
2024-07-02T00:00:00.000Z,34,0.0541880555013563
2024-07-04T00:00:00.000Z,34,0.1249855776223923
2024-07-07T00:00:00.000Z,34,0.12103470609152
2024-07-09T00:00:00.000Z,39,0.6948089167556081
2024-07-09T00:00:00.000Z,40,0.6782253989383124
2024-09-25T00:00:00.000Z,18,0.0850101025522335
2024-09-20T00:00:00.000Z,18,0.463952553085328
2024-09-15T00:00:00.000Z,19,0.3471297847949589
2024-09-17T00:00:00.000Z,19,0.0314850535544522
2024-09-10T00:00:00.000Z,19,0.171199182640897
2024-09-12T00:00:00.000Z,19,0.1893814501202165
2024-09-20T00:00:00.000Z,5,0.7262400674585447
2024-09-22T00:00:00.000Z,5,0.3183202576549708
2024-09-20T00:00:00.000Z,8,0.6054846330597394
2024-09-25T00:00:00.000Z,8,0.209615412117552
2024-09-25T00:00:00.000Z,5,0.1961807246044147
2024-09-22T00:00:00.000Z,8,0.3250295749690337
2024-09-20T00:00:00.000Z,13,0.7747290786417359
2024-09-20T00:00:00.000Z,16,0.7171487668427242
2024-09-25T00:00:00.000Z,16,0.2956815616379173
2024-09-25T00:00:00.000Z,13,0.4164285767503772
2024-09-15T00:00:00.000Z,7,0.3287453252883387
2024-09-10T00:00:00.000Z,7,0.1330080221157376
2024-09-12T00:00:00.000Z,7,0.2241857274028786
2024-09-17T00:00:00.000Z,7,-0.0094627754339428
2024-09-07T00:00:00.000Z,36,0.6643226878102149
2024-09-07T00:00:00.000Z,1,0.6422390207225305
2024-09-05T00:00:00.000Z,1,0.5376876421753274
2024-09-02T00:00:00.000Z,1,0.0142914120925774
2024-09-05T00:00:00.000Z,36,0.2508415183897234
2024-09-02T00:00:00.000Z,36,0.0033519021729398
2024-09-27T00:00:00.000Z,10,0.5239274578488566
2024-09-27T00:00:00.000Z,12,0.1080883947288704
2024-09-17T00:00:00.000Z,11,0.0045332777352794
2024-09-12T00:00:00.000Z,11,0.1384469405049002
2024-09-15T00:00:00.000Z,11,0.3353081685494025
2024-09-10T00:00:00.000Z,11,0.3584411575427189
2024-09-10T00:00:00.000Z,39,0.0575997163278936
2024-09-15T00:00:00.000Z,39,0.3535957407862495
2024-09-12T00:00:00.000Z,29,0.4530189304830674
2024-09-17T00:00:00.000Z,29,-0.0122538869739054
2024-09-15T00:00:00.000Z,29,0.5641979761359558
2024-09-10T00:00:00.000Z,29,0.3112568054469431
2024-09-12T00:00:00.000Z,37,0.2550691006806186
2024-09-10T00:00:00.000Z,43,0.0846209347173689
2024-09-12T00:00:00.000Z,31,0.3161950985753335
2024-09-10T00:00:00.000Z,37,0.1864282883489918
2024-09-15T00:00:00.000Z,31,0.649678938459904
2024-09-15T00:00:00.000Z,37,0.3729220301565293
2024-09-17T00:00:00.000Z,31,0.0055105789623303
2024-09-10T00:00:00.000Z,31,0.2229936185246549
2024-09-12T00:00:00.000Z,43,0.4362854974218108
2024-09-17T00:00:00.000Z,37,-0.0067527180301409
2024-09-17T00:00:00.000Z,43,0.1247173718410016
2024-09-15T00:00:00.000Z,43,0.5452415693945419
2024-09-05T00:00:00.000Z,32,0.1494429153056184
2024-09-07T00:00:00.000Z,44,-0.0287469450675192
2024-09-05T00:00:00.000Z,44,0.044661709778772
2024-09-07T00:00:00.000Z,41,0.7476935365734264
2024-09-02T00:00:00.000Z,44,0.0050653234354439
2024-09-02T00:00:00.000Z,32,0.0389673311342404
2024-09-05T00:00:00.000Z,41,0.2936491140319663
2024-09-07T00:00:00.000Z,32,0.7066535647502034
2024-09-02T00:00:00.000Z,41,-0.0093864630909282
2024-08-26T00:00:00.000Z,15,0.6498609299213057
2024-08-31T00:00:00.000Z,15,0.6274916896847331
2024-08-26T00:00:00.000Z,20,0.6038210634972226
2024-08-31T00:00:00.000Z,20,0.6125610247614801
2024-08-31T00:00:00.000Z,18,0.4497082346449073
2024-08-26T00:00:00.000Z,18,0.4860822504341686
2024-07-22T00:00:00.000Z,19,0.3985504353057074
2024-07-22T00:00:00.000Z,10,0.265096154470938
2024-08-06T00:00:00.000Z,20,0.5573739417637792
2024-08-01T00:00:00.000Z,20,0.0107197466278092
2024-07-22T00:00:00.000Z,6,0.3535548741057348
2024-08-01T00:00:00.000Z,18,0.0084870441941451
2024-08-06T00:00:00.000Z,18,0.3767813940635401
2024-08-21T00:00:00.000Z,20,0.3491146036851238
2024-08-21T00:00:00.000Z,15,0.4330760066120662
2024-08-21T00:00:00.000Z,18,0.2156333801105043
2024-07-09T00:00:00.000Z,10,0.6153816923272161
2024-07-09T00:00:00.000Z,19,0.6902539654190483
2024-07-09T00:00:00.000Z,20,0.6875302778783314
2024-07-09T00:00:00.000Z,17,0.7844455668944921
2024-08-28T00:00:00.000Z,20,0.6687401977430456
2024-08-28T00:00:00.000Z,17,0.8095402026214333
2024-08-31T00:00:00.000Z,17,0.6019827972988192
2024-08-26T00:00:00.000Z,17,0.5730830823516608
2024-07-07T00:00:00.000Z,5,0.3993655467709472
2024-07-04T00:00:00.000Z,9,0.060716423791479
2024-07-07T00:00:00.000Z,9,0.1861463611925737
2024-07-04T00:00:00.000Z,5,0.0363420154350389
2024-07-02T00:00:00.000Z,5,0.0139553535646764
2024-07-02T00:00:00.000Z,9,0.0163934571647334
2024-07-24T00:00:00.000Z,15,0.134760460003996
2024-07-27T00:00:00.000Z,20,0.0274649354613018
2024-07-27T00:00:00.000Z,15,0.0900816142890141
2024-07-27T00:00:00.000Z,14,0.1277222628100974
2024-07-29T00:00:00.000Z,15,0.633962767866838
2024-07-09T00:00:00.000Z,6,0.5589494224301901
2024-07-09T00:00:00.000Z,7,0.6491056235380966
2024-07-09T00:00:00.000Z,15,0.6342643081311337
2024-07-07T00:00:00.000Z,10,0.2656477491199424
2024-07-04T00:00:00.000Z,10,0.0309529576673097
2024-07-02T00:00:00.000Z,10,0.0070529300763998
2024-07-29T00:00:00.000Z,17,0.7946723989041613
2024-07-24T00:00:00.000Z,20,0.105190767918065
2024-07-27T00:00:00.000Z,17,0.0216641806972003
2024-07-24T00:00:00.000Z,17,0.1543639179139231
2024-07-29T00:00:00.000Z,20,0.6871831826496769
2024-07-27T00:00:00.000Z,18,0.0224234478012147
2024-08-08T00:00:00.000Z,20,0.2514126700296367
2024-08-03T00:00:00.000Z,20,-0.0088310576975957
2024-08-28T00:00:00.000Z,10,0.5615042543368046
2024-08-26T00:00:00.000Z,10,0.4833080943936901
2024-08-31T00:00:00.000Z,10,0.543851112848958
2024-08-26T00:00:00.000Z,5,0.3065798915763635
2024-08-28T00:00:00.000Z,5,0.7157379511823513
2024-08-31T00:00:00.000Z,5,0.6940218628921787
2024-08-28T00:00:00.000Z,9,0.6367198758482574
2024-08-26T00:00:00.000Z,9,0.302741977809587
2024-08-31T00:00:00.000Z,9,0.5963738689762889
2024-08-06T00:00:00.000Z,17,0.5617828492240227
2024-08-03T00:00:00.000Z,17,-0.0263620594448261
2024-08-01T00:00:00.000Z,17,0.0055333289470756
2024-08-08T00:00:00.000Z,17,0.5848466614437537
2024-07-04T00:00:00.000Z,16,0.0095821762092343
2024-07-02T00:00:00.000Z,16,0.036403492927046
2024-07-07T00:00:00.000Z,16,0.5132629683717866
2024-07-02T00:00:00.000Z,13,0.0179520715781745
2024-07-07T00:00:00.000Z,13,0.5896729412862234
2024-08-16T00:00:00.000Z,14,0.5968322011779376
2024-08-11T00:00:00.000Z,14,0.6106697682702432
2024-07-24T00:00:00.000Z,6,0.0696123444485815
2024-07-29T00:00:00.000Z,6,0.548850027949507
2024-07-27T00:00:00.000Z,6,-0.016881159988445
2024-07-24T00:00:00.000Z,28,0.2653593023726396
2024-07-27T00:00:00.000Z,28,0.1119618545622667
2024-07-29T00:00:00.000Z,28,0.819557443079167
2024-08-21T00:00:00.000Z,13,0.528711057491462
2024-08-23T00:00:00.000Z,16,0.6121959552215374
2024-08-23T00:00:00.000Z,15,0.5890201189024217
2024-08-18T00:00:00.000Z,15,0.0344456146838325
2024-08-21T00:00:00.000Z,16,0.4976050291817619
2024-08-18T00:00:00.000Z,16,0.0334820015665793
2024-08-28T00:00:00.000Z,14,0.8682698852528483
2024-08-28T00:00:00.000Z,15,0.6151335998119949
2024-08-28T00:00:00.000Z,23,0.6551882304070071
2024-08-26T00:00:00.000Z,23,0.4686350261087174
2024-08-31T00:00:00.000Z,14,0.591296165969456
2024-08-31T00:00:00.000Z,23,0.6423821597553152
2024-08-26T00:00:00.000Z,14,0.6139482282237303
2024-08-01T00:00:00.000Z,6,0.0904027045104891
2024-08-03T00:00:00.000Z,6,-0.0094754084245709
2024-08-06T00:00:00.000Z,6,0.4126969935632497
2024-08-08T00:00:00.000Z,6,0.2245836961634619
2024-07-02T00:00:00.000Z,12,0.0344170738206706
2024-07-07T00:00:00.000Z,12,0.0984699949685807
2024-07-04T00:00:00.000Z,12,0.0695758255006931
2024-07-22T00:00:00.000Z,1,0.4146210288296904
2024-07-27T00:00:00.000Z,0,0.0446920861094954
2024-07-24T00:00:00.000Z,0,0.1779525583712312
2024-07-29T00:00:00.000Z,0,0.6278896825547091
2024-07-27T00:00:00.000Z,4,0.0358904629266439
2024-07-29T00:00:00.000Z,4,0.6095308390245373
2024-07-24T00:00:00.000Z,4,0.1164759413473542
2024-07-22T00:00:00.000Z,3,0.0440499374151655
2024-07-22T00:00:00.000Z,39,0.3566757015017099
2024-07-22T00:00:00.000Z,2,0.0975708645428915
2024-08-28T00:00:00.000Z,4,0.562002909598807
2024-08-26T00:00:00.000Z,4,0.3429009394816949
2024-08-31T00:00:00.000Z,4,0.541620451959074
2024-08-03T00:00:00.000Z,36,0.1385139675702745
2024-08-08T00:00:00.000Z,35,0.1457958570489144
2024-08-01T00:00:00.000Z,35,0.1162647589288887
2024-08-06T00:00:00.000Z,36,0.6860719468180538
2024-08-06T00:00:00.000Z,35,0.6700577087049687
2024-08-01T00:00:00.000Z,36,-0.003996978275276
2024-08-08T00:00:00.000Z,36,0.1242074277956666
2024-08-03T00:00:00.000Z,35,0.2390775420910543
2024-08-11T00:00:00.000Z,24,0.7683243039274201
2024-08-16T00:00:00.000Z,24,0.3024507141028635
2024-08-13T00:00:00.000Z,16,0.1038093629996491
2024-08-16T00:00:00.000Z,13,0.7633282518910178
2024-08-13T00:00:00.000Z,24,0.0775976702684907
2024-08-11T00:00:00.000Z,13,0.7953000601568813
2024-08-31T00:00:00.000Z,2,0.6542106138438154
2024-08-26T00:00:00.000Z,2,0.2696371449126219
2024-08-28T00:00:00.000Z,2,0.6725133092602403
2024-08-31T00:00:00.000Z,12,0.6403773888185892
2024-08-26T00:00:00.000Z,12,0.2550291303613837
2024-08-28T00:00:00.000Z,12,0.6805374095174986
2024-07-22T00:00:00.000Z,14,0.523729734941112
2024-08-26T00:00:00.000Z,1,0.3226389560429329
2024-08-31T00:00:00.000Z,1,0.6235010808102617
2024-08-28T00:00:00.000Z,21,0.6869292351264936
2024-08-26T00:00:00.000Z,21,0.507699094070542
2024-08-26T00:00:00.000Z,22,0.3465215847884775
2024-08-31T00:00:00.000Z,21,0.6798910464763589
2024-08-28T00:00:00.000Z,1,0.6360209286453711
2024-08-28T00:00:00.000Z,22,0.7352708952237831
2024-08-31T00:00:00.000Z,22,0.7225198677868606
2024-07-22T00:00:00.000Z,8,0.0303276762919485
2024-07-09T00:00:00.000Z,38,0.6235314652246736
2024-08-21T00:00:00.000Z,10,0.3544733234274264
2024-08-23T00:00:00.000Z,10,0.5206868212491494
2024-08-18T00:00:00.000Z,10,0.0961234348272662
2024-07-09T00:00:00.000Z,22,0.7615695382687527
2024-07-09T00:00:00.000Z,16,0.510573459889027
2024-07-09T00:00:00.000Z,23,0.7022137286936906
2024-08-23T00:00:00.000Z,20,0.6497570709785265
2024-08-18T00:00:00.000Z,20,0.0229078938821343
2024-07-29T00:00:00.000Z,23,0.6910310156034482
2024-07-27T00:00:00.000Z,23,0.1100054106530534
2024-07-24T00:00:00.000Z,23,0.1834017142625565
2024-07-09T00:00:00.000Z,8,0.6586818597073735
2024-07-09T00:00:00.000Z,24,0.7416965607252858
2024-07-02T00:00:00.000Z,14,0.033940846620529
2024-07-07T00:00:00.000Z,14,0.5978920252347144
2024-07-04T00:00:00.000Z,14,0.039465050728121
2024-08-18T00:00:00.000Z,17,0.0210757331993323
2024-08-21T00:00:00.000Z,17,0.4633625877608007
2024-08-23T00:00:00.000Z,17,0.78493629886313
2024-07-22T00:00:00.000Z,0,0.4980292423158427
2024-07-22T00:00:00.000Z,22,0.4022776803650893
2024-08-18T00:00:00.000Z,11,0.0176442166088081
2024-08-23T00:00:00.000Z,11,0.6506859657531362
2024-08-21T00:00:00.000Z,38,0.2030231058730683
2024-08-13T00:00:00.000Z,28,0.0083419377766319
2024-08-08T00:00:00.000Z,29,0.3643009708168992
2024-08-01T00:00:00.000Z,29,-0.006804566621063
2024-08-08T00:00:00.000Z,24,0.4989197999242255
2024-08-03T00:00:00.000Z,28,0.1741473315347928
2024-08-03T00:00:00.000Z,24,0.1897416546600231
2024-08-03T00:00:00.000Z,29,0.1390040562211332
2024-08-06T00:00:00.000Z,29,0.6759170098445049
2024-08-08T00:00:00.000Z,28,0.7122632735509045
2024-07-27T00:00:00.000Z,12,0.446111220604339
2024-08-26T00:00:00.000Z,25,0.4996098191857856
2024-08-31T00:00:00.000Z,25,0.642789484753871
2024-08-16T00:00:00.000Z,33,0.6980576420374285
2024-08-11T00:00:00.000Z,33,0.7393933588455767
2024-08-06T00:00:00.000Z,21,0.6185556905131625
2024-08-03T00:00:00.000Z,21,0.469167607104534
2024-08-08T00:00:00.000Z,21,0.1279075892590809
2024-08-01T00:00:00.000Z,21,0.0085812270134564
2024-07-22T00:00:00.000Z,40,0.2509536819530701
2024-08-21T00:00:00.000Z,11,0.4847784112409924
2024-07-07T00:00:00.000Z,32,0.0279025570738697
2024-07-04T00:00:00.000Z,32,0.0405015064848328
2024-07-02T00:00:00.000Z,32,0.0188233525619063
2024-07-04T00:00:00.000Z,41,0.0159310262780798
2024-07-07T00:00:00.000Z,44,0.048592293504424
2024-07-02T00:00:00.000Z,44,0.020292456159939
2024-07-02T00:00:00.000Z,41,0.1555966383573773
2024-07-04T00:00:00.000Z,44,0.0757201476968139
2024-07-07T00:00:00.000Z,41,0.0964595489023475
2024-08-21T00:00:00.000Z,42,0.2070401743554299
2024-08-11T00:00:00.000Z,40,0.6614518503029692
2024-08-16T00:00:00.000Z,40,0.4101047597752246
2024-08-13T00:00:00.000Z,38,0.543416105879352
2024-08-11T00:00:00.000Z,38,0.6365449610653507
2024-08-13T00:00:00.000Z,40,0.5003115172931356
2024-09-05T00:00:00.000Z,17,0.6208036022275284
2024-09-05T00:00:00.000Z,18,0.4630348167141413
2024-09-02T00:00:00.000Z,20,0.0256077235280195
2024-09-02T00:00:00.000Z,17,0.041534243882283
2024-09-07T00:00:00.000Z,20,0.6671349489682812
2024-09-07T00:00:00.000Z,17,0.767007899143304
2024-09-12T00:00:00.000Z,14,0.3549616144313603
2024-09-15T00:00:00.000Z,14,0.1954137353888101
2024-09-17T00:00:00.000Z,14,-0.0543388366928245
2024-09-10T00:00:00.000Z,14,0.0269599927921473
2024-09-27T00:00:00.000Z,24,0.0046777575326226
2024-09-27T00:00:00.000Z,28,0.348760871433843
2024-09-27T00:00:00.000Z,29,0.0396354594089269
2024-09-25T00:00:00.000Z,4,0.2317061883335827
2024-09-22T00:00:00.000Z,4,0.2427646650637477
2024-09-25T00:00:00.000Z,15,0.0801711229209852
2024-09-25T00:00:00.000Z,23,0.0747000538178896
2024-09-20T00:00:00.000Z,23,0.6806634368349116
2024-09-20T00:00:00.000Z,4,0.5684069213454317
2024-09-20T00:00:00.000Z,15,0.6545749190371213
2024-09-22T00:00:00.000Z,23,0.3222448961613366
2024-09-22T00:00:00.000Z,15,0.3194649450159453
2024-09-27T00:00:00.000Z,35,0.0805982281454942
2024-09-27T00:00:00.000Z,3,0.0063181516861404
2024-09-22T00:00:00.000Z,10,0.3666944362936481
2024-09-20T00:00:00.000Z,10,0.5554910211087892
2024-09-25T00:00:00.000Z,10,0.1929174292010623
2024-09-07T00:00:00.000Z,11,0.660560224724523
2024-09-05T00:00:00.000Z,11,0.6079509846559836
2024-09-02T00:00:00.000Z,11,0.197580340451329
2024-09-20T00:00:00.000Z,27,0.7574360229677434
2024-09-22T00:00:00.000Z,30,0.6288935957231474
2024-09-20T00:00:00.000Z,30,0.6946121819821212
2024-09-25T00:00:00.000Z,27,0.3517636619915051
2024-09-25T00:00:00.000Z,30,0.1438456484421792
2024-09-22T00:00:00.000Z,26,0.5460530346899486
2024-09-27T00:00:00.000Z,34,0.2302806383087948
2024-09-27T00:00:00.000Z,37,0.005782074457579
2024-09-22T00:00:00.000Z,45,0.1809553765675186
2024-09-22T00:00:00.000Z,41,0.545019488056276
2024-09-20T00:00:00.000Z,45,0.16525656651773
2024-09-20T00:00:00.000Z,41,0.7378695995089588
2024-09-25T00:00:00.000Z,41,0.5139517328210923
2024-09-25T00:00:00.000Z,45,0.1961846381029232
2024-09-10T00:00:00.000Z,40,0.0633924039499015
2024-09-15T00:00:00.000Z,40,0.4568122291211619
2024-09-15T00:00:00.000Z,42,0.482069462045082
2024-09-17T00:00:00.000Z,42,0.2000098412252932
2024-09-10T00:00:00.000Z,42,0.1031810545113066
2024-09-12T00:00:00.000Z,42,0.2005475794823722
2024-07-22T00:00:00.000Z,16,0.3904355030133024
2024-07-22T00:00:00.000Z,21,0.5858468291896675
2024-07-22T00:00:00.000Z,13,0.4825882756389084
2024-08-26T00:00:00.000Z,38,0.1244072460738583
2024-08-31T00:00:00.000Z,38,0.5620432910803297
2024-08-28T00:00:00.000Z,38,0.5810546840000808
2024-08-21T00:00:00.000Z,9,0.4484914250094619
2024-08-23T00:00:00.000Z,9,0.49223737464134
2024-08-18T00:00:00.000Z,9,0.0580351981244601
2024-08-21T00:00:00.000Z,14,0.3275920993624351
2024-08-18T00:00:00.000Z,14,0.0558466309282583
2024-08-23T00:00:00.000Z,14,0.7645126970997266
2024-07-22T00:00:00.000Z,25,0.5798264132651313
2024-08-18T00:00:00.000Z,8,0.0749597368917145
2024-08-23T00:00:00.000Z,8,0.4962627617674762
2024-08-21T00:00:00.000Z,8,0.4614123594079403
2024-08-13T00:00:00.000Z,12,0.6658626845065978
2024-08-13T00:00:00.000Z,11,0.6606452415711901
2024-07-04T00:00:00.000Z,30,0.1357071660822135
2024-07-07T00:00:00.000Z,30,0.0371930684711378
2024-07-02T00:00:00.000Z,30,0.0809046063627507
2024-07-04T00:00:00.000Z,26,0.0794544156839738
2024-08-26T00:00:00.000Z,33,0.1430759290274531
2024-08-31T00:00:00.000Z,33,0.6508382340978636
2024-07-07T00:00:00.000Z,31,0.1345662033279838
2024-07-02T00:00:00.000Z,31,0.0861242038106759
2024-07-04T00:00:00.000Z,31,0.0425606226871745
2024-08-26T00:00:00.000Z,40,0.0634740434846864
2024-08-31T00:00:00.000Z,40,0.556717666144101
2024-08-28T00:00:00.000Z,40,0.6848932147595082
2024-09-07T00:00:00.000Z,15,0.6319978504807314
2024-09-02T00:00:00.000Z,15,0.0705145167002558
2024-09-05T00:00:00.000Z,15,0.6253518584753046
2024-09-10T00:00:00.000Z,28,0.0800556111281567
2024-09-15T00:00:00.000Z,28,0.6217740815708984
2024-09-12T00:00:00.000Z,24,0.4916712556213778
2024-09-10T00:00:00.000Z,24,0.1615801612295525
2024-09-15T00:00:00.000Z,24,0.5591393468768802
2024-09-17T00:00:00.000Z,24,-0.0104980643171009
2024-09-27T00:00:00.000Z,36,0.019133923631015
2024-09-12T00:00:00.000Z,35,0.4556318358043492
2024-09-17T00:00:00.000Z,35,-0.0029345678390535
2024-09-10T00:00:00.000Z,35,0.0947744860175848
2024-09-15T00:00:00.000Z,35,0.3429474237541805
2024-09-25T00:00:00.000Z,11,0.093672879008272
2024-09-22T00:00:00.000Z,11,0.5298565072695105
2024-09-20T00:00:00.000Z,11,0.6866891502358088
2024-09-15T00:00:00.000Z,27,0.7102104255267901
2024-09-17T00:00:00.000Z,28,-0.0126874724901651
2024-09-12T00:00:00.000Z,28,0.4412070589965963
2024-09-10T00:00:00.000Z,27,0.0308182938508575
2024-09-20T00:00:00.000Z,42,0.7420164669114702
2024-09-25T00:00:00.000Z,42,0.5249333896998926
2024-07-09T00:00:00.000Z,4,0.6227821622157318
2024-08-21T00:00:00.000Z,33,0.6093150557812266
2024-07-09T00:00:00.000Z,31,0.680859758126409
2024-07-09T00:00:00.000Z,41,0.6639514963924402
2024-07-09T00:00:00.000Z,32,0.5666136895981192
2024-07-02T00:00:00.000Z,42,0.1503011855657011
2024-07-07T00:00:00.000Z,42,0.1381163184310121
2024-08-03T00:00:00.000Z,41,0.5529641995518174
2024-08-08T00:00:00.000Z,32,0.0463537127885754
2024-08-03T00:00:00.000Z,32,-0.0168814414642681
2024-08-06T00:00:00.000Z,32,0.7037286353199047
2024-08-01T00:00:00.000Z,32,-0.0228923627796347
2024-08-06T00:00:00.000Z,41,0.7294008535231234
2024-08-01T00:00:00.000Z,41,0.0539759725922014
2024-08-08T00:00:00.000Z,41,0.044832350619808
2024-08-08T00:00:00.000Z,38,0.1374256974545261
2024-08-03T00:00:00.000Z,38,0.2182809215061268
2024-09-20T00:00:00.000Z,14,0.6062733487308012
2024-09-25T00:00:00.000Z,14,0.1327697040011266
2024-09-22T00:00:00.000Z,16,0.4275155056115716
2024-09-07T00:00:00.000Z,23,0.6576098439008454
2024-09-05T00:00:00.000Z,23,0.6062053489109931
2024-09-02T00:00:00.000Z,23,0.072493393951192
2024-09-15T00:00:00.000Z,1,0.3020381135998452
2024-09-12T00:00:00.000Z,1,0.3265755928964733
2024-09-10T00:00:00.000Z,1,0.0121471136285824
2024-09-12T00:00:00.000Z,36,0.3911580590523834
2024-09-15T00:00:00.000Z,36,0.35706777737485
2024-09-10T00:00:00.000Z,36,0.1301319733980659
2024-09-17T00:00:00.000Z,1,-0.0166045760827648
2024-09-17T00:00:00.000Z,36,0.0019792762226084
2024-09-27T00:00:00.000Z,11,0.0226345863592826
2024-09-05T00:00:00.000Z,27,0.0117897268611303
2024-09-07T00:00:00.000Z,28,0.8320530833035024
2024-09-02T00:00:00.000Z,28,0.040233522435765
2024-09-20T00:00:00.000Z,34,0.7170049696175899
2024-09-25T00:00:00.000Z,34,0.2020722478310045
2024-09-22T00:00:00.000Z,34,0.6230248786939275
2024-09-22T00:00:00.000Z,31,0.7104848934908261
2024-09-25T00:00:00.000Z,32,0.1388574444636295
2024-09-20T00:00:00.000Z,32,0.7042409288695859
2024-09-22T00:00:00.000Z,32,0.6666480878675358
2024-09-20T00:00:00.000Z,31,0.7534377914443725
2024-09-25T00:00:00.000Z,31,0.094464152641279
2024-07-27T00:00:00.000Z,21,0.1100102482917978
2024-07-29T00:00:00.000Z,21,0.7126952072161973
2024-07-24T00:00:00.000Z,21,0.1208320492812031
2024-08-08T00:00:00.000Z,30,0.3581562024615434
2024-08-06T00:00:00.000Z,30,0.6567338486133619
2024-08-03T00:00:00.000Z,30,0.2206652459245254
2024-08-01T00:00:00.000Z,30,-0.0099064206604448
2024-07-22T00:00:00.000Z,42,0.0502415198948203
2024-07-22T00:00:00.000Z,41,0.1168749083699107
2024-07-22T00:00:00.000Z,32,0.1769395308464108
2024-08-08T00:00:00.000Z,31,0.2482464861627676
2024-08-01T00:00:00.000Z,31,-0.0027578473781793
2024-08-06T00:00:00.000Z,31,0.7165871018982164
2024-08-03T00:00:00.000Z,31,-0.0475457275297049
2024-09-25T00:00:00.000Z,17,0.0347677623783355
2024-09-20T00:00:00.000Z,17,0.6256537240891831
2024-09-22T00:00:00.000Z,17,0.5838789731296139
2024-09-02T00:00:00.000Z,6,0.0123312468024737
2024-09-05T00:00:00.000Z,6,0.502493101949859
2024-09-07T00:00:00.000Z,6,0.5105293328831717
2024-09-25T00:00:00.000Z,21,0.0575034577062971
2024-09-22T00:00:00.000Z,21,0.3143594819118029
2024-09-20T00:00:00.000Z,21,0.7035717245644586
2024-09-20T00:00:00.000Z,12,0.7195192934147873
2024-09-25T00:00:00.000Z,12,0.0794506966229067
2024-08-08T00:00:00.000Z,44,0.0005687599320775077
2024-08-01T00:00:00.000Z,44,-0.0198455995655744
2024-08-03T00:00:00.000Z,44,-0.0297507293348294
2024-08-06T00:00:00.000Z,44,-0.0118635674532225
2024-07-24T00:00:00.000Z,38,0.168634739736048
2024-07-29T00:00:00.000Z,38,0.5883768803936299
2024-07-27T00:00:00.000Z,38,0.6052633588966886
2024-09-27T00:00:00.000Z,45,0.0165403881467714
2024-09-12T00:00:00.000Z,21,0.2436878390731857
2024-09-15T00:00:00.000Z,21,0.3153323762147357
2024-09-17T00:00:00.000Z,21,-0.0553850834647367
2024-09-10T00:00:00.000Z,21,0.0104957267843708
2024-08-13T00:00:00.000Z,21,0.6220921969353251
2024-08-16T00:00:00.000Z,21,0.252111739921146
2024-08-11T00:00:00.000Z,21,0.7167528512751562
2024-08-21T00:00:00.000Z,36,0.556632828427357
2024-08-23T00:00:00.000Z,36,0.615775399289258
2024-08-18T00:00:00.000Z,36,0.0343278470950673
2024-08-16T00:00:00.000Z,17,0.5927075302644896
2024-08-16T00:00:00.000Z,18,0.464070785448148
2024-08-11T00:00:00.000Z,17,0.6475769021646332
2024-08-11T00:00:00.000Z,18,0.4849100956991065
2024-08-13T00:00:00.000Z,17,0.7557458848207299
2024-07-22T00:00:00.000Z,38,0.5194469319324284
2024-07-24T00:00:00.000Z,14,0.3081629448597298
2024-07-29T00:00:00.000Z,14,0.8262383219167713
2024-08-11T00:00:00.000Z,12,0.7334079947611746
2024-08-16T00:00:00.000Z,12,0.4112438512491111
2024-08-31T00:00:00.000Z,13,0.7383848573141452
2024-08-26T00:00:00.000Z,13,0.7523040219593727
2024-08-11T00:00:00.000Z,27,0.762602296632084
2024-08-16T00:00:00.000Z,27,0.6635611577650635
2024-08-11T00:00:00.000Z,25,0.7141577174330848
2024-08-16T00:00:00.000Z,25,0.6930170210467826
2024-08-11T00:00:00.000Z,43,0.694332897956938
2024-08-13T00:00:00.000Z,43,0.4720093133752942
2024-08-16T00:00:00.000Z,43,0.4949693413523455
2024-07-02T00:00:00.000Z,45,0.0003574945315481922
2024-07-07T00:00:00.000Z,45,0.0280863987228864
2024-07-04T00:00:00.000Z,45,-0.0202744550835112
2024-08-26T00:00:00.000Z,45,0.005633232611869
2024-08-28T00:00:00.000Z,45,0.1534025647086504
2024-08-31T00:00:00.000Z,45,0.1612103906923364
2024-09-12T00:00:00.000Z,6,0.2581568600324709
2024-09-17T00:00:00.000Z,6,0.0136882455977814
2024-09-10T00:00:00.000Z,6,0.0699726202440799
2024-09-15T00:00:00.000Z,6,0.2932187242139186
2024-09-15T00:00:00.000Z,25,0.725761787482329
2024-09-10T00:00:00.000Z,25,0.0472861745776369
2024-08-21T00:00:00.000Z,6,0.2343008259950297
2024-08-18T00:00:00.000Z,6,0.041063031014645
2024-08-23T00:00:00.000Z,6,0.4168578433502455
2024-08-18T00:00:00.000Z,21,0.0359672247783848
2024-08-21T00:00:00.000Z,21,0.5610600343600575
2024-08-23T00:00:00.000Z,21,0.5089429515134754
2024-07-09T00:00:00.000Z,44,0.2190869445234196
2024-08-18T00:00:00.000Z,31,0.0174825117139685
2024-08-23T00:00:00.000Z,31,0.745883172908507
2024-08-21T00:00:00.000Z,31,0.3482927486144974
2024-08-11T00:00:00.000Z,42,0.7103267848405671
2024-08-16T00:00:00.000Z,42,0.3886335301194918
2024-08-01T00:00:00.000Z,38,-0.0040132047188142
2024-09-27T00:00:00.000Z,26,0.248232864984734
2024-08-16T00:00:00.000Z,38,0.3735970705695159
2024-07-09T00:00:00.000Z,21,0.7220531839738092
2024-07-27T00:00:00.000Z,45,0.1049574705073804
2024-07-24T00:00:00.000Z,45,0.1597724775739867
2024-07-29T00:00:00.000Z,45,0.1408107775433466
2024-09-27T00:00:00.000Z,16,0.0132308475136651
2024-08-26T00:00:00.000Z,0,0.1556405419311605
2024-08-31T00:00:00.000Z,0,0.5947397635846351
2024-08-28T00:00:00.000Z,0,0.6082039735494936
2024-07-09T00:00:00.000Z,14,0.8270814110903814
2024-07-09T00:00:00.000Z,45,0.111928228659508
2024-07-22T00:00:00.000Z,45,0.0066130103384369
2024-08-23T00:00:00.000Z,45,0.167854255200934
2024-08-18T00:00:00.000Z,45,0.0266553519125279
2024-08-21T00:00:00.000Z,45,-0.0018223549080208
2024-09-27T00:00:00.000Z,17,0.4182893642819459
2024-09-22T00:00:00.000Z,6,0.2470580598101345
2024-09-25T00:00:00.000Z,6,0.0444702313021944
2024-09-20T00:00:00.000Z,6,0.5230101784607182
2024-09-22T00:00:00.000Z,14,0.289290659389071
2024-09-15T00:00:00.000Z,38,0.3822132997913984
2024-09-10T00:00:00.000Z,38,0.0703965020161373
2024-08-28T00:00:00.000Z,16,0.8317717118098632
2024-07-22T00:00:00.000Z,11,0.2846148288837806
2024-08-11T00:00:00.000Z,11,0.7007497326817546
2024-08-16T00:00:00.000Z,11,0.2070570841194599
2024-08-03T00:00:00.000Z,26,0.2793188636895785
2024-08-08T00:00:00.000Z,26,0.5270821032988593
2024-08-03T00:00:00.000Z,45,0.072876053473822
2024-08-01T00:00:00.000Z,45,0.0098190933882083
2024-08-08T00:00:00.000Z,45,0.0050014954057035
2024-08-06T00:00:00.000Z,45,0.1690542431315836
2024-09-27T00:00:00.000Z,14,0.1877403782664699
2024-07-27T00:00:00.000Z,44,0.0359323039159957
2024-07-29T00:00:00.000Z,44,0.0542313121895019
2024-07-24T00:00:00.000Z,44,0.0955863743504876
2024-07-22T00:00:00.000Z,44,-0.0016768285304603
2024-08-13T00:00:00.000Z,45,0.1291166654878484
2024-08-11T00:00:00.000Z,45,0.1335241817247216
2024-08-16T00:00:00.000Z,45,0.1939026368988467
2024-09-20T00:00:00.000Z,44,-0.073931921879837
2024-09-22T00:00:00.000Z,44,0.0412210574431362
2024-09-25T00:00:00.000Z,44,0.1100549765977148
2024-09-15T00:00:00.000Z,45,0.0017116712743045
2024-09-12T00:00:00.000Z,45,0.1785027254289681
2024-09-10T00:00:00.000Z,45,0.2313621117583958
2024-09-17T00:00:00.000Z,45,0.0964701731853503
2024-08-26T00:00:00.000Z,44,0.1876249953787415
2024-08-31T00:00:00.000Z,44,0.0414450526188459
2024-08-28T00:00:00.000Z,44,-0.0326083218102464
2024-09-05T00:00:00.000Z,14,0.5193960252105525
2024-09-02T00:00:00.000Z,21,0.0294945289812049
2024-09-05T00:00:00.000Z,21,0.6035917178956611
2024-09-07T00:00:00.000Z,21,0.6946369938554555
2024-09-27T00:00:00.000Z,6,0.2497652369893124
2024-09-02T00:00:00.000Z,45,-0.0266567311134784
2024-09-07T00:00:00.000Z,45,0.1593710031998918
2024-09-05T00:00:00.000Z,45,
2024-09-07T00:00:00.000Z,14,0.762630231686647
2024-09-02T00:00:00.000Z,14,0.087973460497147
2024-08-13T00:00:00.000Z,14,0.5153295102378529
2024-08-06T00:00:00.000Z,38,0.6355317884109908
2024-10-15T00:00:00.000Z,20,0.047799041440558
2024-10-15T00:00:00.000Z,18,0.0242565018697526
2024-10-02T00:00:00.000Z,20,0.2886392840202415
2024-10-02T00:00:00.000Z,15,0.3013017384375408
2024-10-02T00:00:00.000Z,7,0.2536613714578657
2024-10-22T00:00:00.000Z,20,0.2303626759366322
2024-10-27T00:00:00.000Z,20,-0.0088100906563777
2024-10-20T00:00:00.000Z,19,0.082589505994496
2024-10-20T00:00:00.000Z,20,0.0193104924135169
2024-10-22T00:00:00.000Z,19,0.0412086264616358
2024-10-27T00:00:00.000Z,19,0.0168967276495222
2024-10-25T00:00:00.000Z,20,0.6367065341551393
2024-10-25T00:00:00.000Z,19,0.473205284789707
2024-10-07T00:00:00.000Z,19,-0.0009787867359879188
2024-10-10T00:00:00.000Z,20,0.0588360009394686
2024-10-10T00:00:00.000Z,19,0.0599294792168613
2024-10-07T00:00:00.000Z,20,0.0098219067175779
2024-10-10T00:00:00.000Z,7,0.0490847143517306
2024-10-07T00:00:00.000Z,7,0.0202267860431194
2024-10-05T00:00:00.000Z,7,0.1206792420609255
2024-10-05T00:00:00.000Z,20,0.2869956408344866
2024-10-05T00:00:00.000Z,19,0.1886752463033518
2024-10-30T00:00:00.000Z,9,0.4127427888800302
2024-10-30T00:00:00.000Z,8,0.1041412149211237
2024-11-04T00:00:00.000Z,8,0.5959059580625911
2024-10-30T00:00:00.000Z,5,0.5971347572889136
2024-11-04T00:00:00.000Z,7,0.4070829592368414
2024-11-04T00:00:00.000Z,9,0.6084954906479475
2024-11-01T00:00:00.000Z,8,-0.0092225295997369
2024-11-04T00:00:00.000Z,5,0.6038671991823167
2024-10-30T00:00:00.000Z,7,0.0901866318016994
2024-11-01T00:00:00.000Z,7,-0.0047307408194589
2024-11-01T00:00:00.000Z,9,0.0095841900742049
2024-11-01T00:00:00.000Z,5,0.4092979255336694
2024-11-04T00:00:00.000Z,16,0.2956210100295047
2024-10-30T00:00:00.000Z,16,0.3075286594828764
2024-11-04T00:00:00.000Z,28,0.3251551172350871
2024-10-30T00:00:00.000Z,28,0.3463461144142241
2024-11-04T00:00:00.000Z,29,0.1260265905257149
2024-11-04T00:00:00.000Z,24,0.1014717005056248
2024-10-30T00:00:00.000Z,24,0.6884219558670234
2024-10-30T00:00:00.000Z,29,0.692041853826166
2024-11-01T00:00:00.000Z,24,0.7422237196190358
2024-11-01T00:00:00.000Z,28,0.8494453533075231
2024-11-01T00:00:00.000Z,29,0.6661196163449551
2024-10-02T00:00:00.000Z,1,0.0225382934173019
2024-10-02T00:00:00.000Z,37,0.0466000978435723
2024-10-02T00:00:00.000Z,36,0.0238995441905786
2024-10-02T00:00:00.000Z,22,0.0187699047405811
2024-10-02T00:00:00.000Z,29,0.1141408728529483
2024-10-02T00:00:00.000Z,24,0.0413534825352086
2024-10-25T00:00:00.000Z,21,0.7113330712546407
2024-10-20T00:00:00.000Z,22,0.328758601497098
2024-10-22T00:00:00.000Z,21,0.0193065570903249
2024-10-22T00:00:00.000Z,22,0.0520634469841581
2024-10-27T00:00:00.000Z,1,0.1024659381784985
2024-10-20T00:00:00.000Z,1,0.2498795606437518
2024-10-27T00:00:00.000Z,23,0.2300136001566321
2024-10-27T00:00:00.000Z,21,0.3008787803381294
2024-10-27T00:00:00.000Z,22,0.3053099023357268
2024-10-25T00:00:00.000Z,1,0.6351123893321275
2024-10-25T00:00:00.000Z,23,0.7038471268785623
2024-10-20T00:00:00.000Z,21,0.2652712783737996
2024-10-22T00:00:00.000Z,1,-0.0021442703071441
2024-10-20T00:00:00.000Z,23,0.142231851798189
2024-10-25T00:00:00.000Z,22,0.7860816122036673
2024-10-22T00:00:00.000Z,23,0.0248795237180727
2024-11-04T00:00:00.000Z,12,0.5661624139117261
2024-10-30T00:00:00.000Z,3,0.2063535982047621
2024-10-30T00:00:00.000Z,12,0.4230392634849547
2024-11-01T00:00:00.000Z,3,0.6265969494849024
2024-11-04T00:00:00.000Z,2,0.5973456601540932
2024-11-04T00:00:00.000Z,3,0.304222390129059
2024-10-30T00:00:00.000Z,2,0.5321552943024507
2024-11-01T00:00:00.000Z,2,0.6067881432717386
2024-11-01T00:00:00.000Z,12,0.3379804672796976
2024-10-30T00:00:00.000Z,22,0.6265995660459635
2024-11-04T00:00:00.000Z,22,0.1171153402376372
2024-10-30T00:00:00.000Z,1,0.5677600015868869
2024-10-30T00:00:00.000Z,36,0.6112303514946176
2024-10-30T00:00:00.000Z,37,0.6566491818899797
2024-11-01T00:00:00.000Z,37,0.6080831722872669
2024-11-04T00:00:00.000Z,36,0.4264078086169799
2024-11-01T00:00:00.000Z,36,0.6200243993730465
2024-11-01T00:00:00.000Z,22,0.4844108557025055
2024-11-04T00:00:00.000Z,37,0.5163412140840565
2024-11-01T00:00:00.000Z,1,0.3333618273771419
2024-11-04T00:00:00.000Z,1,0.1348670963455768
2024-10-27T00:00:00.000Z,3,0.2750196329406847
2024-10-25T00:00:00.000Z,3,0.5944766688584623
2024-10-27T00:00:00.000Z,2,0.2030011016960949
2024-10-25T00:00:00.000Z,2,0.6501008943281944
2024-10-22T00:00:00.000Z,35,0.0352282325122303
2024-10-20T00:00:00.000Z,2,0.1582424959604738
2024-10-27T00:00:00.000Z,35,0.475456565474758
2024-10-27T00:00:00.000Z,39,0.4408068907731923
2024-10-20T00:00:00.000Z,3,0.104821245461007
2024-10-25T00:00:00.000Z,39,0.1681111028085389
2024-10-22T00:00:00.000Z,39,0.1480550396567345
2024-10-22T00:00:00.000Z,2,-0.0084856412690374
2024-10-22T00:00:00.000Z,3,-0.0073116477872001
2024-10-20T00:00:00.000Z,39,-0.0094531440176303
2024-10-25T00:00:00.000Z,35,0.6289924678567026
2024-10-20T00:00:00.000Z,35,0.0082727730906581
2024-11-21T00:00:00.000Z,10,0.1348518659527396
2024-11-24T00:00:00.000Z,10,0.1701222471114527
2024-11-26T00:00:00.000Z,19,0.207947478425407
2024-11-24T00:00:00.000Z,19,0.146459693122242
2024-11-26T00:00:00.000Z,10,0.1830762499571006
2024-11-21T00:00:00.000Z,19,0.1046144801469626
2024-11-21T00:00:00.000Z,7,0.1088139615542186
2024-11-24T00:00:00.000Z,7,0.2105037791356497
2024-11-26T00:00:00.000Z,6,0.0244593870812448
2024-11-21T00:00:00.000Z,15,0.1100829607220886
2024-11-24T00:00:00.000Z,6,0.1893863487611195
2024-11-24T00:00:00.000Z,20,0.1848563636337565
2024-11-26T00:00:00.000Z,20,0.032030839936419
2024-11-26T00:00:00.000Z,7,0.1066849828398629
2024-11-24T00:00:00.000Z,15,0.1888507536231697
2024-11-21T00:00:00.000Z,6,0.1014368890121776
2024-11-21T00:00:00.000Z,20,0.1117768128125501
2024-11-26T00:00:00.000Z,15,0.1304992555476846
2024-11-21T00:00:00.000Z,8,0.0922343913241013
2024-11-24T00:00:00.000Z,8,0.1540411187634932
2024-11-26T00:00:00.000Z,8,0.2423223590997
2024-11-26T00:00:00.000Z,9,0.2768731877550601
2024-11-24T00:00:00.000Z,5,0.2105561336415171
2024-11-21T00:00:00.000Z,9,0.1051724601461202
2024-11-24T00:00:00.000Z,9,0.2473537718952772
2024-11-21T00:00:00.000Z,5,0.1729909904507305
2024-11-26T00:00:00.000Z,5,0.1321674576085862
2024-12-14T00:00:00.000Z,7,0.2567557677845993
2024-12-11T00:00:00.000Z,6,0.0089368051640353
2024-12-11T00:00:00.000Z,7,0.0073164574784201
2024-12-11T00:00:00.000Z,15,0.0303938018791769
2024-12-09T00:00:00.000Z,20,0.0204179567943413
2024-12-11T00:00:00.000Z,20,0.0315240874496901
2024-12-14T00:00:00.000Z,15,0.1012469548105238
2024-12-14T00:00:00.000Z,20,0.0643138365669964
2024-12-09T00:00:00.000Z,7,0.0128951442919875
2024-12-09T00:00:00.000Z,15,0.0168635629191843
2024-12-09T00:00:00.000Z,6,-0.0007309604927251708
2024-12-14T00:00:00.000Z,6,0.1889169033737367
2024-12-29T00:00:00.000Z,7,0.0286363027925738
2024-12-29T00:00:00.000Z,5,0.5929688567224294
2024-12-24T00:00:00.000Z,5,0.0662597038085911
2024-12-26T00:00:00.000Z,5,0.6860816450256555
2024-12-26T00:00:00.000Z,7,0.5605292035542804
2024-12-24T00:00:00.000Z,9,0.010541301726965
2024-12-29T00:00:00.000Z,8,0.0464143858124297
2024-12-29T00:00:00.000Z,9,0.3417995018231942
2024-12-24T00:00:00.000Z,7,0.2713859326683744
2024-12-26T00:00:00.000Z,9,0.6234790524610775
2024-12-26T00:00:00.000Z,8,0.5790364386431727
2024-12-24T00:00:00.000Z,8,0.0527456548112052
2024-11-29T00:00:00.000Z,28,0.556690012969671
2024-11-29T00:00:00.000Z,16,0.6533831876184863
2024-11-26T00:00:00.000Z,16,0.0166086444700406
2024-11-26T00:00:00.000Z,24,0.0762904763212071
2024-11-21T00:00:00.000Z,22,0.0804694409412933
2024-11-21T00:00:00.000Z,16,0.0607516657181973
2024-11-24T00:00:00.000Z,13,0.1657630556155021
2024-11-24T00:00:00.000Z,16,0.1616339786090257
2024-11-24T00:00:00.000Z,22,0.1665977897432785
2024-11-24T00:00:00.000Z,24,0.2149108873408571
2024-11-26T00:00:00.000Z,22,0.2439512385380571
2024-11-21T00:00:00.000Z,24,0.0688332798758102
2024-12-09T00:00:00.000Z,28,0.0101139456945653
2024-12-14T00:00:00.000Z,28,0.0335315316871574
2024-11-06T00:00:00.000Z,23,0.20034480192345
2024-11-11T00:00:00.000Z,23,0.0667039923965671
2024-11-09T00:00:00.000Z,1,0.23108264243025
2024-11-09T00:00:00.000Z,23,0.2690000054211987
2024-11-09T00:00:00.000Z,2,0.5247589531205812
2024-11-06T00:00:00.000Z,0,0.0809773388592205
2024-11-06T00:00:00.000Z,4,0.0458261065016369
2024-11-09T00:00:00.000Z,0,0.4322865621838641
2024-11-06T00:00:00.000Z,1,0.2189065839282162
2024-11-06T00:00:00.000Z,22,0.1822094661627264
2024-11-11T00:00:00.000Z,1,0.023622570768991
2024-11-09T00:00:00.000Z,4,0.4833707839371272
2024-11-09T00:00:00.000Z,22,0.6805375582313659
2024-11-11T00:00:00.000Z,4,0.0267795094531529
2024-11-11T00:00:00.000Z,22,0.0501394954976061
2024-11-11T00:00:00.000Z,0,0.031897444934659
2024-11-06T00:00:00.000Z,2,0.2050125158558654
2024-11-11T00:00:00.000Z,2,0.1517938611314884
2024-11-16T00:00:00.000Z,2,0.4542522694487131
2024-11-19T00:00:00.000Z,5,0.0825669537367526
2024-11-14T00:00:00.000Z,5,0.0023586819710971
2024-11-14T00:00:00.000Z,2,0.086777254946514
2024-11-19T00:00:00.000Z,3,0.1651769299803308
2024-11-16T00:00:00.000Z,12,0.4080763407568892
2024-11-14T00:00:00.000Z,12,0.0522510155566554
2024-11-19T00:00:00.000Z,12,0.0631195269599164
2024-11-16T00:00:00.000Z,3,0.5838840171143973
2024-11-16T00:00:00.000Z,5,0.201275877261903
2024-11-19T00:00:00.000Z,2,0.1032609809535901
2024-11-14T00:00:00.000Z,3,0.1907627586855369
2024-11-21T00:00:00.000Z,1,0.1013623302426284
2024-11-26T00:00:00.000Z,1,0.2545482123419719
2024-11-24T00:00:00.000Z,36,0.2379956648213517
2024-11-24T00:00:00.000Z,1,0.1781828861722305
2024-11-21T00:00:00.000Z,36,0.1168493076938555
2024-11-26T00:00:00.000Z,36,0.1237532108826429
2024-12-06T00:00:00.000Z,3,0.0034345125199522
2024-11-29T00:00:00.000Z,3,0.3948734295244163
2024-12-01T00:00:00.000Z,35,0.4078604093917053
2024-12-06T00:00:00.000Z,2,0.0114778619224766
2024-11-29T00:00:00.000Z,35,0.2343833798247258
2024-12-01T00:00:00.000Z,3,0.5275686757059986
2024-11-29T00:00:00.000Z,2,0.5714386690632359
2024-12-06T00:00:00.000Z,35,0.0985833633808993
2024-12-01T00:00:00.000Z,39,0.0484780481158193
2024-12-01T00:00:00.000Z,2,0.6120736873228212
2024-11-29T00:00:00.000Z,39,0.4165985079922445
2024-12-06T00:00:00.000Z,39,0.2382682504623038
2024-12-29T00:00:00.000Z,22,0.7073753955356847
2024-12-26T00:00:00.000Z,2,0.5520067999199324
2024-12-24T00:00:00.000Z,1,0.2639617673114274
2024-12-29T00:00:00.000Z,4,0.0910867039132669
2024-12-26T00:00:00.000Z,23,0.6221481550119368
2024-12-26T00:00:00.000Z,1,0.5892958726407388
2024-12-29T00:00:00.000Z,23,0.0920262065273372
2024-12-24T00:00:00.000Z,0,0.1217920128747419
2024-12-26T00:00:00.000Z,22,0.7900370866399211
2024-12-29T00:00:00.000Z,0,0.3317325423170025
2024-12-29T00:00:00.000Z,2,0.5120474297166351
2024-12-24T00:00:00.000Z,4,0.27811794520638
2024-12-24T00:00:00.000Z,2,0.1105745989905022
2024-12-24T00:00:00.000Z,23,0.3639868171974452
2024-12-29T00:00:00.000Z,1,0.5071417497242935
2024-12-26T00:00:00.000Z,0,0.4877401820026402
2024-12-26T00:00:00.000Z,4,0.5301329469063862
2024-12-24T00:00:00.000Z,22,0.2259259651347607
2024-12-11T00:00:00.000Z,37,-0.0048308646908145
2024-12-11T00:00:00.000Z,36,0.0339267153620634
2024-12-14T00:00:00.000Z,37,0.0652032898744171
2024-12-09T00:00:00.000Z,22,0.0023505372741213
2024-12-11T00:00:00.000Z,29,0.0070045607351305
2024-12-14T00:00:00.000Z,36,0.3249878326847508
2024-12-09T00:00:00.000Z,1,0.0039276943805804
2024-12-11T00:00:00.000Z,22,0.0029379803836874
2024-12-09T00:00:00.000Z,24,0.0047663084322061
2024-12-14T00:00:00.000Z,24,0.1472129724966357
2024-12-09T00:00:00.000Z,37,0.0157461272280302
2024-12-11T00:00:00.000Z,24,0.018285123344056
2024-12-14T00:00:00.000Z,29,0.0598620222548472
2024-12-14T00:00:00.000Z,1,0.414196102164402
2024-12-09T00:00:00.000Z,29,0.0074482942019765
2024-12-09T00:00:00.000Z,36,0.0215253161389481
2024-12-11T00:00:00.000Z,1,0.0076996845632481
2024-12-14T00:00:00.000Z,22,0.6354844247939697
2024-12-29T00:00:00.000Z,35,0.3283819041967635
2024-12-29T00:00:00.000Z,36,0.5783856120786487
2024-12-24T00:00:00.000Z,35,0.0624717367765351
2024-12-24T00:00:00.000Z,36,0.2127279804853319
2024-12-26T00:00:00.000Z,35,0.3353495114304111
2024-12-26T00:00:00.000Z,36,0.5962878578023115
2024-10-10T00:00:00.000Z,8,0.0694385129659301
2024-10-07T00:00:00.000Z,10,0.0065301776109464
2024-10-05T00:00:00.000Z,10,0.0881007842125107
2024-10-05T00:00:00.000Z,9,0.0272674829448442
2024-10-07T00:00:00.000Z,8,0.0077515382004731
2024-10-05T00:00:00.000Z,8,0.0392943727958831
2024-10-10T00:00:00.000Z,9,0.1026927185107177
2024-10-10T00:00:00.000Z,10,0.0934765236046195
2024-10-07T00:00:00.000Z,9,0.0106516366525325
2024-10-02T00:00:00.000Z,11,0.0428167054082893
2024-10-02T00:00:00.000Z,39,0.0460406194727657
2024-10-02T00:00:00.000Z,3,0.0279296577230716
2024-10-02T00:00:00.000Z,19,0.1447465905430675
2024-10-02T00:00:00.000Z,10,0.117618946206975
2024-10-12T00:00:00.000Z,7,0.3789000619069023
2024-10-15T00:00:00.000Z,6,0.1214514699319178
2024-10-17T00:00:00.000Z,7,0.5956994080135971
2024-10-17T00:00:00.000Z,8,0.616747138487049
2024-10-12T00:00:00.000Z,6,0.2649816685255128
2024-10-17T00:00:00.000Z,6,0.4884161351662913
2024-10-15T00:00:00.000Z,8,0.0304283860370306
2024-10-12T00:00:00.000Z,8,0.4098962883151202
2024-10-15T00:00:00.000Z,7,0.0943786174474391
2024-10-30T00:00:00.000Z,20,0.1169023469935438
2024-10-30T00:00:00.000Z,15,0.1230577579565301
2024-11-01T00:00:00.000Z,15,-0.0084960316015693
2024-11-04T00:00:00.000Z,15,0.0676112630157311
2024-11-04T00:00:00.000Z,20,0.3903354524603597
2024-10-30T00:00:00.000Z,14,0.0386846921431249
2024-11-04T00:00:00.000Z,14,0.0589130979128971
2024-10-07T00:00:00.000Z,11,0.1244703754888969
2024-10-05T00:00:00.000Z,3,0.0287687070965568
2024-10-10T00:00:00.000Z,11,0.0468552068129461
2024-10-05T00:00:00.000Z,11,0.0114367220329675
2024-10-10T00:00:00.000Z,3,0.0380775703590753
2024-10-10T00:00:00.000Z,39,0.1186892413987459
2024-10-07T00:00:00.000Z,39,0.0456497204687568
2024-10-07T00:00:00.000Z,3,0.3686773209489137
2024-10-05T00:00:00.000Z,39,0.0425031994812219
2024-10-22T00:00:00.000Z,11,0.0371636221993549
2024-10-27T00:00:00.000Z,11,0.1457200765288088
2024-10-27T00:00:00.000Z,8,-0.0060962777963847
2024-10-20T00:00:00.000Z,10,0.1262405272650588
2024-10-22T00:00:00.000Z,8,0.0057739274521843
2024-10-25T00:00:00.000Z,8,0.5522706297898707
2024-10-25T00:00:00.000Z,7,0.5356599372228551
2024-10-20T00:00:00.000Z,8,0.1608374919039369
2024-10-27T00:00:00.000Z,10,0.0166764186443776
2024-10-22T00:00:00.000Z,7,0.0221221313658084
2024-10-27T00:00:00.000Z,7,-0.0005368644892680774
2024-10-25T00:00:00.000Z,10,0.2739620502816991
2024-10-20T00:00:00.000Z,7,0.0531674441646805
2024-10-22T00:00:00.000Z,10,0.0074289088904149
2024-11-09T00:00:00.000Z,10,-0.0305368464567529
2024-11-06T00:00:00.000Z,10,0.0013725285848128
2024-11-11T00:00:00.000Z,10,0.009143065072937
2024-12-14T00:00:00.000Z,10,0.2968241671559808
2024-12-11T00:00:00.000Z,10,0.0106841087282961
2024-12-09T00:00:00.000Z,10,0.0158078199657861
2024-11-16T00:00:00.000Z,9,0.0762666616099633
2024-11-14T00:00:00.000Z,9,0.0014816744455345
2024-11-19T00:00:00.000Z,9,0.0292534796768259
2024-10-05T00:00:00.000Z,24,0.0798046970757637
2024-10-07T00:00:00.000Z,24,0.0209220840275556
2024-10-07T00:00:00.000Z,16,0.0096960045917016
2024-10-10T00:00:00.000Z,16,0.0332849796078317
2024-10-07T00:00:00.000Z,22,0.0901051463875889
2024-10-10T00:00:00.000Z,13,0.0238918791432286
2024-10-05T00:00:00.000Z,22,0.1405166008577833
2024-10-10T00:00:00.000Z,22,0.082995855383456
2024-10-05T00:00:00.000Z,16,0.3542714891235202
2024-10-05T00:00:00.000Z,13,0.271059017938798
2024-10-10T00:00:00.000Z,24,0.0749397083941478
2024-11-09T00:00:00.000Z,39,0.0625142131838476
2024-11-11T00:00:00.000Z,39,0.0018465333396527
2024-11-06T00:00:00.000Z,39,0.2437447381455479
2024-11-11T00:00:00.000Z,11,0.0039664904958514
2024-11-09T00:00:00.000Z,11,0.0401480004003025
2024-11-06T00:00:00.000Z,11,0.0964130039612317
2024-11-11T00:00:00.000Z,3,0.0845046534949808
2024-11-06T00:00:00.000Z,3,0.2183751262005168
2024-11-09T00:00:00.000Z,3,0.4675319883326725
2024-12-26T00:00:00.000Z,12,0.5252694161352731
2024-12-24T00:00:00.000Z,12,0.0018341914797965
2024-12-29T00:00:00.000Z,12,0.610937978288023
2024-11-04T00:00:00.000Z,13,0.0997337233625506
2024-10-30T00:00:00.000Z,13,0.3359101747913993
2024-10-17T00:00:00.000Z,4,0.5237644412352283
2024-10-15T00:00:00.000Z,23,0.0992980475094157
2024-10-15T00:00:00.000Z,4,0.0886813804559304
2024-10-17T00:00:00.000Z,15,0.5114909398981157
2024-10-12T00:00:00.000Z,15,0.2612766100838402
2024-10-12T00:00:00.000Z,23,0.2831792395130434
2024-10-12T00:00:00.000Z,4,0.4768597148584664
2024-10-15T00:00:00.000Z,15,0.0721281540719098
2024-10-17T00:00:00.000Z,23,0.6006303242292529
2024-10-20T00:00:00.000Z,24,0.1151459399188654
2024-10-25T00:00:00.000Z,29,0.7323283418349817
2024-10-22T00:00:00.000Z,28,-0.016486274088519
2024-10-27T00:00:00.000Z,29,0.2823628384479052
2024-10-25T00:00:00.000Z,28,0.7386199610924893
2024-10-25T00:00:00.000Z,24,0.7653515893605617
2024-10-22T00:00:00.000Z,24,0.0043838582398966
2024-10-20T00:00:00.000Z,28,0.1490123192511433
2024-10-27T00:00:00.000Z,28,0.6031221845119383
2024-10-27T00:00:00.000Z,24,0.4155774374926959
2024-10-22T00:00:00.000Z,29,-0.0049011644274307
2024-10-20T00:00:00.000Z,29,0.0655384539202817
2024-11-01T00:00:00.000Z,4,0.0120360744459746
2024-11-04T00:00:00.000Z,4,0.3668577661846095
2024-10-30T00:00:00.000Z,4,0.4381309432498582
2024-10-30T00:00:00.000Z,35,0.5530768862476899
2024-11-04T00:00:00.000Z,35,0.3212434102447525
2024-11-01T00:00:00.000Z,35,0.3661863813859041
2024-11-09T00:00:00.000Z,14,-0.0044529771745762
2024-11-06T00:00:00.000Z,15,0.0039741966319707
2024-11-09T00:00:00.000Z,15,0.1090363311291711
2024-11-09T00:00:00.000Z,20,0.0745757238717217
2024-11-19T00:00:00.000Z,20,0.0226680238533539
2024-11-14T00:00:00.000Z,20,0.0023636675133102
2024-12-26T00:00:00.000Z,3,0.5589690181272378
2024-12-24T00:00:00.000Z,3,0.0424654491520061
2024-12-29T00:00:00.000Z,38,0.1014892817556373
2024-12-29T00:00:00.000Z,3,0.5247635802608982
2024-12-26T00:00:00.000Z,39,0.1809574252023458
2024-12-26T00:00:00.000Z,38,0.0626382544262931
2024-12-24T00:00:00.000Z,38,0.3577794496873176
2024-12-29T00:00:00.000Z,39,0.1888600794973501
2024-12-24T00:00:00.000Z,39,0.1612436881174625
2024-10-22T00:00:00.000Z,30,0.0747404490593487
2024-10-25T00:00:00.000Z,30,0.7329259227544838
2024-10-20T00:00:00.000Z,30,0.1789226184228903
2024-10-27T00:00:00.000Z,30,0.2287279114082847
2024-10-25T00:00:00.000Z,27,0.7393414789369669
2024-10-20T00:00:00.000Z,27,0.1612319450485947
2024-10-30T00:00:00.000Z,25,0.1590593275911125
2024-10-30T00:00:00.000Z,26,0.4503110190925104
2024-10-30T00:00:00.000Z,33,0.3826311754066963
2024-11-04T00:00:00.000Z,25,0.1015566847060355
2024-11-04T00:00:00.000Z,33,0.5608820033037775
2024-11-04T00:00:00.000Z,26,0.3221245193532656
2024-11-01T00:00:00.000Z,34,0.1542261681231438
2024-11-04T00:00:00.000Z,30,0.2441257893316954
2024-10-30T00:00:00.000Z,34,0.4021375729654395
2024-11-01T00:00:00.000Z,30,0.3959534585459596
2024-11-01T00:00:00.000Z,26,0.605513199156043
2024-11-04T00:00:00.000Z,34,0.1685029284035256
2024-10-30T00:00:00.000Z,30,0.6860420225723531
2024-10-02T00:00:00.000Z,43,0.0635119363410404
2024-10-02T00:00:00.000Z,32,0.0749792880960687
2024-10-02T00:00:00.000Z,41,0.1404364760211106
2024-10-02T00:00:00.000Z,31,0.1547111161500695
2024-10-20T00:00:00.000Z,37,0.0126210922912295
2024-10-22T00:00:00.000Z,31,0.0994138015308542
2024-10-25T00:00:00.000Z,31,0.7028226214564474
2024-10-27T00:00:00.000Z,37,0.2662975299001021
2024-10-27T00:00:00.000Z,31,0.2909463834545903
2024-10-22T00:00:00.000Z,37,0.0302805376726602
2024-10-20T00:00:00.000Z,31,0.0009392260227962188
2024-10-25T00:00:00.000Z,37,0.7123207088460252
2024-11-11T00:00:00.000Z,20,0.0064784538887231
2024-11-06T00:00:00.000Z,19,0.0081894897325931
2024-11-11T00:00:00.000Z,19,0.0132781302770829
2024-11-06T00:00:00.000Z,20,0.0020409739601216
2024-11-09T00:00:00.000Z,19,-0.0054319092917398
2024-11-29T00:00:00.000Z,20,0.6178614884994347
2024-11-29T00:00:00.000Z,7,0.5933053295876374
2024-12-01T00:00:00.000Z,15,0.0383529955413145
2024-11-29T00:00:00.000Z,15,0.6042657384959076
2024-12-01T00:00:00.000Z,20,0.0267562852955575
2024-12-06T00:00:00.000Z,20,0.0248770616071739
2024-12-06T00:00:00.000Z,15,0.0236377545275765
2024-12-01T00:00:00.000Z,7,0.2252047570478212
2024-12-06T00:00:00.000Z,7,0.030613032753329
2024-12-19T00:00:00.000Z,17,-0.0069034304835873
2024-12-16T00:00:00.000Z,17,-0.0152498040360096
2024-12-19T00:00:00.000Z,20,0.0021352780656873
2024-12-21T00:00:00.000Z,20,0.0097605574491305
2024-12-16T00:00:00.000Z,20,-0.0196466524528746
2024-12-21T00:00:00.000Z,17,0.0046741702375726
2024-12-19T00:00:00.000Z,18,-0.0443875121112056
2024-12-26T00:00:00.000Z,10,0.4737522180462728
2024-12-26T00:00:00.000Z,19,0.5978217697953373
2024-12-24T00:00:00.000Z,19,0.2037195009777439
2024-12-24T00:00:00.000Z,10,0.1091025521544465
2024-12-29T00:00:00.000Z,10,0.0092982626083619
2024-12-29T00:00:00.000Z,19,0.0239638909649124
2024-12-21T00:00:00.000Z,7,0.0357853592878418
2024-12-16T00:00:00.000Z,15,0.0927159239597367
2024-12-19T00:00:00.000Z,7,0.0064214338654109
2024-12-21T00:00:00.000Z,15,0.0321769196883907
2024-12-16T00:00:00.000Z,7,-0.0123685702946424
2024-12-19T00:00:00.000Z,15,0.043240961872361
2024-11-11T00:00:00.000Z,15,0.0201442247831536
2024-11-09T00:00:00.000Z,16,0.3220908278528421
2024-11-06T00:00:00.000Z,14,0.0528268239895574
2024-11-11T00:00:00.000Z,14,0.0418348083330151
2024-11-09T00:00:00.000Z,28,0.3450462036867949
2024-11-14T00:00:00.000Z,28,0.0856701691735364
2024-11-19T00:00:00.000Z,28,0.0287796431173274
2024-12-29T00:00:00.000Z,15,-0.0010925802152183
2024-12-24T00:00:00.000Z,14,0.3829409731868186
2024-12-24T00:00:00.000Z,15,0.4040766287449445
2024-12-29T00:00:00.000Z,16,0.1641897915398398
2024-12-24T00:00:00.000Z,16,0.0954181654409563
2024-12-29T00:00:00.000Z,14,-0.0081331726022186
2024-10-10T00:00:00.000Z,15,0.0490425614482903
2024-10-05T00:00:00.000Z,15,0.3611827365718242
2024-10-07T00:00:00.000Z,15,0.0028439086477281
2024-12-19T00:00:00.000Z,16,0.0151184386394699
2024-12-19T00:00:00.000Z,28,0.0094879661856396
2024-10-12T00:00:00.000Z,20,0.1498002271391645
2024-10-17T00:00:00.000Z,20,0.5523317469863414
2024-10-12T00:00:00.000Z,17,0.1256692907414065
2024-10-17T00:00:00.000Z,17,0.2742720743370111
2024-10-15T00:00:00.000Z,17,0.0391379001358167
2024-10-15T00:00:00.000Z,5,0.1032771646733702
2024-10-17T00:00:00.000Z,9,0.5829224764037847
2024-10-12T00:00:00.000Z,5,0.6464830693127681
2024-10-15T00:00:00.000Z,9,0.0279266082234365
2024-10-12T00:00:00.000Z,9,0.578853504122984
2024-10-17T00:00:00.000Z,5,0.6425981385931888
2024-12-11T00:00:00.000Z,28,0.0210909155974557
2024-11-11T00:00:00.000Z,5,0.0235476552542924
2024-11-09T00:00:00.000Z,5,0.5659614390293496
2024-11-06T00:00:00.000Z,5,0.0419658806073848
2024-11-29T00:00:00.000Z,36,0.6087940347645721
2024-12-06T00:00:00.000Z,1,0.0790969044259974
2024-12-06T00:00:00.000Z,22,0.0815869893928236
2024-12-06T00:00:00.000Z,36,0.0599358804107671
2024-11-29T00:00:00.000Z,1,0.6123131561005247
2024-11-29T00:00:00.000Z,22,0.758752497439891
2024-12-01T00:00:00.000Z,36,0.5898581071928907
2024-12-01T00:00:00.000Z,1,0.5782689748737921
2024-12-01T00:00:00.000Z,22,0.7635962958884105
2024-10-15T00:00:00.000Z,28,0.0781202266017641
2024-10-20T00:00:00.000Z,40,-0.0020832810892495
2024-10-27T00:00:00.000Z,40,0.4703062905356832
2024-10-20T00:00:00.000Z,42,0.0457112314343617
2024-10-25T00:00:00.000Z,43,0.4043187643756766
2024-10-20T00:00:00.000Z,43,-0.0063573570135459
2024-10-22T00:00:00.000Z,43,0.2503381288735722
2024-10-27T00:00:00.000Z,43,0.4168177349640254
2024-10-22T00:00:00.000Z,42,0.1675620195732609
2024-10-25T00:00:00.000Z,40,0.1169962553015603
2024-10-22T00:00:00.000Z,40,0.1738601760103175
2024-10-25T00:00:00.000Z,42,0.2402068745445613
2024-10-27T00:00:00.000Z,42,0.6293539035396365
2024-10-30T00:00:00.000Z,32,0.0807773070334285
2024-11-04T00:00:00.000Z,42,0.0844055673199473
2024-11-04T00:00:00.000Z,43,0.044673686604837
2024-11-01T00:00:00.000Z,32,0.0544331035167921
2024-11-04T00:00:00.000Z,32,0.0060741320644223
2024-11-04T00:00:00.000Z,41,0.0583686605996601
2024-10-30T00:00:00.000Z,43,0.3123669963254782
2024-10-30T00:00:00.000Z,42,0.0834671028045045
2024-10-30T00:00:00.000Z,41,0.060675068197723
2024-11-01T00:00:00.000Z,42,0.5436287554684127
2024-11-01T00:00:00.000Z,43,0.1216233765530969
2024-11-01T00:00:00.000Z,41,0.1761188504440495
2024-12-14T00:00:00.000Z,21,0.5787644206468637
2024-12-14T00:00:00.000Z,23,0.4323024296357089
2024-12-11T00:00:00.000Z,23,0.0084522668500347
2024-12-11T00:00:00.000Z,21,0.00644126263608
2024-12-09T00:00:00.000Z,23,0.0120521887385705
2024-12-09T00:00:00.000Z,21,0.0091891965463556
2024-11-04T00:00:00.000Z,19,0.4038385900546828
2024-11-01T00:00:00.000Z,19,-0.0126159879036611
2024-10-30T00:00:00.000Z,19,0.2054733960698512
2024-11-04T00:00:00.000Z,10,0.1863677393671566
2024-10-30T00:00:00.000Z,10,0.0137168825537516
2024-11-01T00:00:00.000Z,10,-0.0108755359774277
2024-12-16T00:00:00.000Z,36,0.4215924880905566
2024-12-21T00:00:00.000Z,36,0.2568714806441306
2024-12-16T00:00:00.000Z,22,0.0185928878368104
2024-12-19T00:00:00.000Z,24,0.0139042652761605
2024-12-16T00:00:00.000Z,1,0.2270938285139773
2024-12-16T00:00:00.000Z,24,0.0253419357677181
2024-12-19T00:00:00.000Z,22,0.0507142271993039
2024-12-21T00:00:00.000Z,1,0.2741867522671917
2024-12-19T00:00:00.000Z,36,0.1094210969225544
2024-12-21T00:00:00.000Z,24,0.0983493114013364
2024-12-21T00:00:00.000Z,22,0.135766345393408
2024-12-19T00:00:00.000Z,1,0.0415845501881785
2024-10-25T00:00:00.000Z,16,0.7037067820254366
2024-10-20T00:00:00.000Z,16,0.1008920524952442
2024-10-25T00:00:00.000Z,13,0.749535463338114
2024-10-20T00:00:00.000Z,13,0.0541376869756085
2024-10-30T00:00:00.000Z,18,0.0488104411307268
2024-11-04T00:00:00.000Z,18,0.3471737476462064
2024-10-02T00:00:00.000Z,23,0.1254114498587901
2024-10-02T00:00:00.000Z,21,0.0081968110437748
2024-10-22T00:00:00.000Z,15,0.0372069907013481
2024-10-25T00:00:00.000Z,15,0.6334073882793125
2024-10-20T00:00:00.000Z,15,0.0189619724782958
2024-10-27T00:00:00.000Z,15,0.2532557277383233
2024-11-29T00:00:00.000Z,27,0.490295062038432
2024-11-29T00:00:00.000Z,26,0.5266748515712149
2024-11-29T00:00:00.000Z,25,0.2719951926252751
2024-10-25T00:00:00.000Z,9,0.490331341014067
2024-10-27T00:00:00.000Z,9,0.0023569647519808
2024-10-22T00:00:00.000Z,9,0.0056391601018455
2024-10-20T00:00:00.000Z,9,0.1085245746790164
2024-10-15T00:00:00.000Z,1,0.0568129844956137
2024-10-17T00:00:00.000Z,22,0.528917762709002
2024-10-12T00:00:00.000Z,21,0.2572903847412389
2024-10-17T00:00:00.000Z,1,0.2277282490926145
2024-10-12T00:00:00.000Z,1,0.2471167124999419
2024-10-17T00:00:00.000Z,21,0.4297159801824659
2024-10-15T00:00:00.000Z,21,0.0941757871405305
2024-10-15T00:00:00.000Z,22,0.0438295007377228
2024-10-12T00:00:00.000Z,22,0.1483506194576609
2024-10-17T00:00:00.000Z,11,0.5624853671523938
2024-10-17T00:00:00.000Z,12,0.4356071333692405
2024-10-12T00:00:00.000Z,12,0.4844820090970644
2024-10-12T00:00:00.000Z,11,0.1051208695549025
2024-11-16T00:00:00.000Z,30,0.3938885501130959
2024-11-16T00:00:00.000Z,26,0.6827755753857265
2024-11-19T00:00:00.000Z,30,0.0318914134787411
2024-11-19T00:00:00.000Z,27,0.01860748344251
2024-11-19T00:00:00.000Z,26,0.0160600373005008
2024-11-14T00:00:00.000Z,30,0.1033602700068327
2024-11-14T00:00:00.000Z,27,0.1710297040389497
2024-11-14T00:00:00.000Z,26,0.1930164481877272
2024-10-02T00:00:00.000Z,35,0.0836542482589738
2024-11-04T00:00:00.000Z,38,0.0003398578297142306
2024-10-30T00:00:00.000Z,39,0.326460526012663
2024-10-30T00:00:00.000Z,38,0.3640064309214627
2024-11-01T00:00:00.000Z,38,0.0203788169200738
2024-11-04T00:00:00.000Z,39,0.0250655919661765
2024-11-01T00:00:00.000Z,39,0.1357342597489627
2024-10-17T00:00:00.000Z,19,0.6160134367695179
2024-10-12T00:00:00.000Z,19,0.1300186749727854
2024-10-17T00:00:00.000Z,10,0.5485341412176552
2024-10-12T00:00:00.000Z,10,0.1418803227692143
2024-10-15T00:00:00.000Z,19,0.0246075077908363
2024-10-15T00:00:00.000Z,10,0.0194742524927447
2024-10-05T00:00:00.000Z,2,0.0717704781569343
2024-10-07T00:00:00.000Z,2,0.5368497068344524
2024-10-05T00:00:00.000Z,36,0.1078459119181342
2024-10-07T00:00:00.000Z,35,0.1963019201870265
2024-10-10T00:00:00.000Z,35,0.07638069166191
2024-10-10T00:00:00.000Z,36,0.1321547030718131
2024-10-07T00:00:00.000Z,36,0.3304861144379692
2024-10-07T00:00:00.000Z,1,0.4854042244865584
2024-10-05T00:00:00.000Z,35,0.0413651168825277
2024-10-10T00:00:00.000Z,2,0.1046702501348519
2024-10-05T00:00:00.000Z,1,0.0551535614570712
2024-10-10T00:00:00.000Z,1,0.290885523959099
2024-11-29T00:00:00.000Z,33,0.6737342999248119
2024-10-02T00:00:00.000Z,14,0.0158118785688668
2024-11-29T00:00:00.000Z,9,0.3564388060921318
2024-12-06T00:00:00.000Z,9,0.0144173126719492
2024-12-01T00:00:00.000Z,9,0.1566184223957933
2024-10-10T00:00:00.000Z,12,0.0929777198980517
2024-10-10T00:00:00.000Z,4,0.0985867047453988
2024-10-05T00:00:00.000Z,4,0.1040737552752088
2024-10-05T00:00:00.000Z,5,0.0808978531709085
2024-10-10T00:00:00.000Z,5,0.0821935953221014
2024-10-07T00:00:00.000Z,4,0.0687645881532373
2024-10-07T00:00:00.000Z,12,0.074552125062254
2024-10-07T00:00:00.000Z,5,0.1039213402173837
2024-10-05T00:00:00.000Z,12,0.0197956600547011
2024-11-19T00:00:00.000Z,34,0.0198873673931279
2024-11-14T00:00:00.000Z,34,0.0800846537134907
2024-11-16T00:00:00.000Z,34,0.2318700748611492
2024-12-29T00:00:00.000Z,28,0.278471757850111
2024-12-24T00:00:00.000Z,27,0.137331848375558
2024-12-24T00:00:00.000Z,28,0.0858578418284276
2024-12-29T00:00:00.000Z,27,0.3243144301347613
2024-12-11T00:00:00.000Z,30,0.0124749006829012
2024-12-11T00:00:00.000Z,26,0.0110625353401852
2024-12-14T00:00:00.000Z,26,0.0211854361767624
2024-12-14T00:00:00.000Z,30,0.0378324466231468
2024-12-09T00:00:00.000Z,26,0.0160363967005045
2024-12-09T00:00:00.000Z,30,0.0084851993858836
2024-12-29T00:00:00.000Z,26,0.3250352303908886
2024-12-26T00:00:00.000Z,26,0.3263936979371035
2024-12-29T00:00:00.000Z,30,0.3753339024601918
2024-12-24T00:00:00.000Z,26,0.1171561007105747
2024-12-26T00:00:00.000Z,30,0.3694117060079616
2024-12-26T00:00:00.000Z,34,0.4728351275019302
2024-12-24T00:00:00.000Z,30,0.0054376478881721
2024-12-29T00:00:00.000Z,34,0.2069837044446882
2024-12-24T00:00:00.000Z,34,0.0768012069659048
2024-11-14T00:00:00.000Z,35,0.1389265017816454
2024-11-19T00:00:00.000Z,37,0.0079680008731114
2024-11-19T00:00:00.000Z,40,0.0830918926574771
2024-11-16T00:00:00.000Z,40,0.2230412284038822
2024-11-16T00:00:00.000Z,37,0.5472641758460941
2024-11-14T00:00:00.000Z,40,0.023615812584369
2024-11-19T00:00:00.000Z,43,0.0086252112177775
2024-11-16T00:00:00.000Z,35,0.3566225385458877
2024-11-19T00:00:00.000Z,35,0.0195071137987727
2024-11-16T00:00:00.000Z,43,0.1271151028114416
2024-11-14T00:00:00.000Z,43,0.0298743870970452
2024-11-14T00:00:00.000Z,37,0.1561126170233238
2024-11-09T00:00:00.000Z,7,0.1953261623254545
2024-11-06T00:00:00.000Z,7,-0.0070684128248141
2024-11-11T00:00:00.000Z,6,-0.00030317076814243563
2024-11-11T00:00:00.000Z,7,0.0065755248290548
2024-11-09T00:00:00.000Z,6,0.2099668364995376
2024-11-06T00:00:00.000Z,6,-0.0136806572535441
2024-12-06T00:00:00.000Z,5,0.02668380513154
2024-12-01T00:00:00.000Z,5,0.657629704860129
2024-12-01T00:00:00.000Z,8,0.1499583458677952
2024-12-06T00:00:00.000Z,8,0.0150080248660817
2024-11-29T00:00:00.000Z,5,0.6329292334202201
2024-11-29T00:00:00.000Z,8,0.5324555992929244
2024-11-16T00:00:00.000Z,32,0.0375537322491014
2024-11-19T00:00:00.000Z,31,0.0102234094646466
2024-11-14T00:00:00.000Z,32,0.0213191057365127
2024-11-16T00:00:00.000Z,31,0.3574181897553228
2024-11-19T00:00:00.000Z,32,0.0479691524738945
2024-11-14T00:00:00.000Z,31,0.0504594095965881
2024-10-15T00:00:00.000Z,16,0.0623399082390739
2024-10-15T00:00:00.000Z,13,0.0853138979009171
2024-12-21T00:00:00.000Z,6,0.0414397189225047
2024-12-21T00:00:00.000Z,8,0.055105368961196
2024-12-16T00:00:00.000Z,6,-0.0145878716533478
2024-12-16T00:00:00.000Z,8,-0.0217957207179557
2024-12-19T00:00:00.000Z,8,0.0089940641549349
2024-12-19T00:00:00.000Z,6,0.0084533750456838
2024-11-16T00:00:00.000Z,20,0.0325380298530719
2024-11-19T00:00:00.000Z,6,0.010753636730491
2024-11-14T00:00:00.000Z,6,-0.005801328715655
2024-11-16T00:00:00.000Z,6,0.0367755476053427
2024-11-19T00:00:00.000Z,15,0.0276824582770055
2024-11-19T00:00:00.000Z,7,0.0201422126228186
2024-11-16T00:00:00.000Z,15,0.0372689345330671
2024-11-14T00:00:00.000Z,7,-0.0050117893714159
2024-11-14T00:00:00.000Z,15,0.0177349669737422
2024-11-16T00:00:00.000Z,7,0.0341963055683613
2024-11-16T00:00:00.000Z,39,0.1262309067322277
2024-11-14T00:00:00.000Z,39,0.0466266513595074
2024-11-14T00:00:00.000Z,11,0.1077297835380081
2024-11-19T00:00:00.000Z,39,0.0749062141136225
2024-11-19T00:00:00.000Z,11,0.2158255581674013
2024-11-16T00:00:00.000Z,11,0.0670672268218236
2024-12-21T00:00:00.000Z,3,0.0264597262194002
2024-12-16T00:00:00.000Z,39,0.3367519715739484
2024-12-21T00:00:00.000Z,39,0.0938436759596094
2024-12-16T00:00:00.000Z,3,0.0329361834501179
2024-12-19T00:00:00.000Z,3,0.0418154359431603
2024-12-19T00:00:00.000Z,39,0.0722507144722625
2024-12-16T00:00:00.000Z,11,0.0194998114277902
2024-12-19T00:00:00.000Z,11,0.0765807253171053
2024-12-21T00:00:00.000Z,11,0.0739533439448451
2024-11-14T00:00:00.000Z,41,0.0613782533481302
2024-11-19T00:00:00.000Z,44,0.0438643154055842
2024-11-19T00:00:00.000Z,41,0.0162981251964388
2024-11-16T00:00:00.000Z,41,0.1053042088175589
2024-11-16T00:00:00.000Z,44,0.0101672594525035
2024-11-14T00:00:00.000Z,44,0.0116522058290586
2024-12-16T00:00:00.000Z,37,0.33214874667359
2024-12-21T00:00:00.000Z,43,0.165315899742655
2024-12-19T00:00:00.000Z,43,0.1301437322201473
2024-12-19T00:00:00.000Z,37,0.0831533732085135
2024-12-16T00:00:00.000Z,43,0.6260284277494857
2024-12-21T00:00:00.000Z,37,0.2825771253090459
2024-12-14T00:00:00.000Z,17,0.0391847751497265
2024-12-14T00:00:00.000Z,18,0.0124690661267795
2024-12-09T00:00:00.000Z,18,0.0294059067186547
2024-12-11T00:00:00.000Z,17,0.0473700646807373
2024-12-09T00:00:00.000Z,17,0.0216296689618017
2024-11-29T00:00:00.000Z,13,0.7679324879242925
2024-11-29T00:00:00.000Z,24,0.7535312638017797
2024-12-09T00:00:00.000Z,19,0.0142939479658054
2024-12-14T00:00:00.000Z,19,0.1886592790870934
2024-12-11T00:00:00.000Z,19,0.0158077508717974
2024-11-19T00:00:00.000Z,13,0.0115302289682467
2024-11-14T00:00:00.000Z,16,0.0303450817965637
2024-11-14T00:00:00.000Z,13,0.0304549309536743
2024-11-19T00:00:00.000Z,16,0.0127858495081079
2024-12-01T00:00:00.000Z,24,0.7861136502651196
2024-12-06T00:00:00.000Z,16,-0.0100376839354378
2024-12-06T00:00:00.000Z,24,0.1638675037534102
2024-12-01T00:00:00.000Z,16,0.9098989964358758
2024-12-24T00:00:00.000Z,24,0.1354150052272029
2024-12-26T00:00:00.000Z,29,0.4592774069111857
2024-12-29T00:00:00.000Z,24,0.6722420978357414
2024-12-26T00:00:00.000Z,28,0.5881327064082026
2024-12-26T00:00:00.000Z,24,0.5929580328578079
2024-12-29T00:00:00.000Z,29,0.5021121427113113
2024-12-24T00:00:00.000Z,29,0.033252514011858
2024-12-29T00:00:00.000Z,13,0.0582346280965397
2024-12-24T00:00:00.000Z,13,0.0750729477507444
2024-12-19T00:00:00.000Z,40,0.046972258445332
2024-12-21T00:00:00.000Z,42,0.4666960282094233
2024-12-16T00:00:00.000Z,42,0.7235462463643156
2024-12-19T00:00:00.000Z,42,0.0228504317493656
2024-12-16T00:00:00.000Z,40,0.6254486513357825
2024-12-21T00:00:00.000Z,40,0.2444953320741855
2024-12-19T00:00:00.000Z,32,0.0731724588908449
2024-12-19T00:00:00.000Z,44,0.0324355003296043
2024-12-16T00:00:00.000Z,41,0.6667558938905469
2024-12-21T00:00:00.000Z,44,0.0137371226960329
2024-12-16T00:00:00.000Z,32,0.6379993941870005
2024-12-21T00:00:00.000Z,32,0.0663173993413957
2024-12-19T00:00:00.000Z,41,0.0236388641334497
2024-12-16T00:00:00.000Z,44,-0.026063594687309
2024-12-21T00:00:00.000Z,41,0.1869586698329712
2024-11-09T00:00:00.000Z,34,0.1512680379784434
2024-11-11T00:00:00.000Z,34,0.1979481396292073
2024-11-06T00:00:00.000Z,34,0.1339509602040301
2024-11-24T00:00:00.000Z,34,0.0438350552250733
2024-11-21T00:00:00.000Z,34,0.0676966117671068
2024-11-26T00:00:00.000Z,34,0.2945428842777064
2024-12-19T00:00:00.000Z,33,0.0249991875854967
2024-12-06T00:00:00.000Z,12,0.0373489084554363
2024-12-06T00:00:00.000Z,4,0.041692611575032
2024-11-29T00:00:00.000Z,4,0.5632789823612162
2024-12-01T00:00:00.000Z,4,0.3963618371537779
2024-11-29T00:00:00.000Z,12,0.4861624622426311
2024-12-01T00:00:00.000Z,12,0.3579803389246257
2024-11-24T00:00:00.000Z,35,0.2378814116369671
2024-11-21T00:00:00.000Z,2,0.2018186765597019
2024-11-26T00:00:00.000Z,2,0.1955773329676881
2024-11-21T00:00:00.000Z,0,0.0941952286085907
2024-11-21T00:00:00.000Z,35,0.1199220842512105
2024-11-24T00:00:00.000Z,2,0.1559793644442006
2024-11-26T00:00:00.000Z,0,0.222624698164722
2024-11-24T00:00:00.000Z,0,0.1468908174377738
2024-11-26T00:00:00.000Z,35,0.217593493701297
2024-10-10T00:00:00.000Z,28,0.0734542526174869
2024-10-05T00:00:00.000Z,29,0.0596399443849201
2024-10-05T00:00:00.000Z,28,0.1367595032768895
2024-10-07T00:00:00.000Z,29,0.0003749351840807658
2024-10-07T00:00:00.000Z,28,-0.0217409778050377
2024-10-10T00:00:00.000Z,29,0.0819982437077499
2024-10-15T00:00:00.000Z,30,0.0855247457095517
2024-10-12T00:00:00.000Z,29,0.2329140441921699
2024-10-12T00:00:00.000Z,30,0.2344312497943299
2024-10-17T00:00:00.000Z,29,0.5819353844541156
2024-10-17T00:00:00.000Z,30,0.2858411764507079
2024-10-17T00:00:00.000Z,28,0.4969855375638242
2024-10-15T00:00:00.000Z,27,0.081592531024574
2024-10-12T00:00:00.000Z,28,0.2631469202785527
2024-10-15T00:00:00.000Z,29,0.0788605390260559
2024-10-15T00:00:00.000Z,33,0.077521667136664
2024-10-15T00:00:00.000Z,26,0.0810741982489906
2024-10-15T00:00:00.000Z,25,0.0735180576470454
2024-10-12T00:00:00.000Z,34,0.0496612560272753
2024-10-17T00:00:00.000Z,34,0.6602799215360522
2024-10-15T00:00:00.000Z,34,0.0607707449256547
2024-10-10T00:00:00.000Z,34,0.1146197947184043
2024-10-07T00:00:00.000Z,30,0.1184762769274189
2024-10-07T00:00:00.000Z,34,0.4341313219092381
2024-10-05T00:00:00.000Z,30,0.0452913392942567
2024-10-10T00:00:00.000Z,30,0.0913396358167416
2024-10-05T00:00:00.000Z,34,0.1682482061310681
2024-12-09T00:00:00.000Z,0,0.018429736282574
2024-12-11T00:00:00.000Z,4,0.0021396103431708
2024-12-11T00:00:00.000Z,2,0.0146783567489714
2024-12-14T00:00:00.000Z,4,0.2567158267142
2024-12-14T00:00:00.000Z,5,0.2735619154442219
2024-12-14T00:00:00.000Z,0,0.0872693389325574
2024-12-11T00:00:00.000Z,5,-0.0170897231903549
2024-12-09T00:00:00.000Z,4,0.0074771246253665
2024-12-09T00:00:00.000Z,5,0.0212060213348673
2024-12-09T00:00:00.000Z,2,0.0162166729013116
2024-12-14T00:00:00.000Z,2,0.3517244181680022
2024-12-11T00:00:00.000Z,0,0.0008008309717191707
2024-10-07T00:00:00.000Z,23,0.0409212034596275
2024-10-05T00:00:00.000Z,23,0.2326254371041156
2024-10-10T00:00:00.000Z,23,0.0453190717903187
2024-10-02T00:00:00.000Z,40,0.0355866022897277
2024-10-05T00:00:00.000Z,14,0.3300980287022339
2024-10-10T00:00:00.000Z,14,0.1093900765335213
2024-10-12T00:00:00.000Z,36,0.3259185321244616
2024-10-15T00:00:00.000Z,36,0.0539797642415072
2024-10-15T00:00:00.000Z,2,0.0989804256914608
2024-10-17T00:00:00.000Z,36,0.2338456719223935
2024-10-12T00:00:00.000Z,35,0.5222626707099387
2024-10-12T00:00:00.000Z,2,0.3013723304497032
2024-10-17T00:00:00.000Z,2,0.3255909917468622
2024-10-15T00:00:00.000Z,35,0.0374728612640518
2024-10-17T00:00:00.000Z,35,0.1444814630996964
2024-10-07T00:00:00.000Z,31,0.1685276007388026
2024-10-10T00:00:00.000Z,31,0.0877118332005196
2024-10-05T00:00:00.000Z,37,0.0549651767968473
2024-10-10T00:00:00.000Z,37,0.04946430673395
2024-10-07T00:00:00.000Z,37,0.0050676737069498
2024-10-05T00:00:00.000Z,31,0.0255575721083811
2024-11-01T00:00:00.000Z,40,0.1645144397890252
2024-10-30T00:00:00.000Z,40,0.1216276855282566
2024-11-04T00:00:00.000Z,40,0.0174102594422856
2024-10-10T00:00:00.000Z,40,0.233875321884107
2024-10-10T00:00:00.000Z,43,0.182466184016164
2024-10-05T00:00:00.000Z,40,0.0938816025280212
2024-10-05T00:00:00.000Z,41,0.0410990097274328
2024-10-10T00:00:00.000Z,41,0.4867086907941521
2024-10-07T00:00:00.000Z,42,0.5938193736568329
2024-10-05T00:00:00.000Z,42,0.1218922961387432
2024-10-07T00:00:00.000Z,40,0.2235775452076293
2024-10-07T00:00:00.000Z,43,0.1165665918299784
2024-10-07T00:00:00.000Z,41,0.598707446466548
2024-10-10T00:00:00.000Z,42,0.3939030217137914
2024-10-05T00:00:00.000Z,43,0.1095578039576154
2024-10-02T00:00:00.000Z,9,0.0442794418201307
2024-10-02T00:00:00.000Z,5,0.059376034627356
2024-10-02T00:00:00.000Z,8,0.2456783341305189
2024-10-20T00:00:00.000Z,36,0.1424556204986869
2024-10-27T00:00:00.000Z,36,0.2362900674794202
2024-10-25T00:00:00.000Z,36,0.6618079639021301
2024-10-22T00:00:00.000Z,36,-0.007847220730254
2024-12-29T00:00:00.000Z,20,0.0017668477276849
2024-12-24T00:00:00.000Z,20,0.2367523610496633
2024-12-26T00:00:00.000Z,15,0.5663214476309995
2024-12-26T00:00:00.000Z,20,0.6118963093311176
2024-11-24T00:00:00.000Z,28,0.3475999153989419
2024-10-02T00:00:00.000Z,12,0.0273874765800473
2024-12-01T00:00:00.000Z,30,0.3631340862022545
2024-12-06T00:00:00.000Z,30,0.105055539484197
2024-12-01T00:00:00.000Z,26,0.6307302591578398
2024-11-29T00:00:00.000Z,30,0.7516985184394124
2024-12-06T00:00:00.000Z,26,0.0862371969208177
2024-11-11T00:00:00.000Z,26,0.6657747925504135
2024-11-09T00:00:00.000Z,26,0.3669814279846127
2024-11-06T00:00:00.000Z,26,-0.0059846799540159
2024-12-16T00:00:00.000Z,34,0.6508234062497832
2024-12-19T00:00:00.000Z,34,0.0291661148414837
2024-12-21T00:00:00.000Z,34,0.244620280666938
2024-12-19T00:00:00.000Z,26,0.0188268162240333
2024-12-19T00:00:00.000Z,30,0.0138150925742047
2024-12-16T00:00:00.000Z,30,0.4627658798408
2024-12-21T00:00:00.000Z,26,0.1043952505094051
2024-12-16T00:00:00.000Z,29,0.1495208599535824
2024-12-16T00:00:00.000Z,26,0.5849857922382398
2024-12-21T00:00:00.000Z,29,0.1327470562821877
2024-12-19T00:00:00.000Z,29,0.0211939737572109
2024-12-21T00:00:00.000Z,30,0.2479349128180688
2024-11-11T00:00:00.000Z,31,0.1605562390946233
2024-11-09T00:00:00.000Z,30,0.3933884300954769
2024-11-11T00:00:00.000Z,30,0.471328368282274
2024-11-06T00:00:00.000Z,29,-0.0055742039102474
2024-11-09T00:00:00.000Z,29,0.5833041181134073
2024-11-06T00:00:00.000Z,31,0.0257691743214345
2024-11-06T00:00:00.000Z,30,0.0002818257879693182
2024-11-11T00:00:00.000Z,29,0.3499123126814495
2024-11-11T00:00:00.000Z,37,0.0999746304513334
2024-11-09T00:00:00.000Z,37,0.559999423532972
2024-11-09T00:00:00.000Z,31,0.2437234489084828
2024-11-06T00:00:00.000Z,37,0.0533855637468018
2024-11-14T00:00:00.000Z,14,0.0211972596720448
2024-11-19T00:00:00.000Z,14,0.0195930198215585
2024-10-25T00:00:00.000Z,12,0.6489099734912609
2024-10-25T00:00:00.000Z,5,0.5925820582987223
2024-10-22T00:00:00.000Z,12,0.0135435725643005
2024-10-20T00:00:00.000Z,5,0.1923796910622932
2024-10-27T00:00:00.000Z,5,0.0267063739543553
2024-10-27T00:00:00.000Z,12,0.0330286629817296
2024-10-20T00:00:00.000Z,12,0.0999258061335911
2024-10-22T00:00:00.000Z,5,0.0100973030700433
2024-11-19T00:00:00.000Z,1,0.0422112322921064
2024-11-16T00:00:00.000Z,23,0.2040448490868745
2024-11-16T00:00:00.000Z,21,0.123513425478445
2024-11-14T00:00:00.000Z,23,0.0234765189409828
2024-11-19T00:00:00.000Z,23,0.0380655588638403
2024-11-19T00:00:00.000Z,22,0.0208785391928533
2024-11-14T00:00:00.000Z,22,0.0407337396882223
2024-11-14T00:00:00.000Z,1,0.0324613979504427
2024-11-16T00:00:00.000Z,22,0.5865728145587262
2024-11-16T00:00:00.000Z,1,0.2413123648853142
2024-11-19T00:00:00.000Z,21,0.0402463988484125
2024-11-14T00:00:00.000Z,21,0.0250264363873079
2024-10-07T00:00:00.000Z,6,0.0228492391118276
2024-10-05T00:00:00.000Z,6,0.1100048730674626
2024-10-10T00:00:00.000Z,6,0.0461373147568011
2024-11-14T00:00:00.000Z,24,0.0681715441767212
2024-11-16T00:00:00.000Z,24,0.4852202719165744
2024-11-19T00:00:00.000Z,24,0.0020506082632284
2024-11-16T00:00:00.000Z,16,0.816122997471151
2024-12-09T00:00:00.000Z,9,0.0145450377942272
2024-12-14T00:00:00.000Z,9,0.4723710761278917
2024-12-11T00:00:00.000Z,9,-0.0033737794662338
2024-11-26T00:00:00.000Z,40,0.436708467428167
2024-11-24T00:00:00.000Z,43,0.1830983981394796
2024-11-24T00:00:00.000Z,37,0.2478976685081812
2024-11-21T00:00:00.000Z,40,0.0914891373395404
2024-11-21T00:00:00.000Z,37,0.0594791691401061
2024-11-26T00:00:00.000Z,43,0.2388259431367022
2024-11-21T00:00:00.000Z,43,0.0708259327334849
2024-11-26T00:00:00.000Z,37,0.1947253754652704
2024-11-24T00:00:00.000Z,40,0.326321328702149
2024-10-07T00:00:00.000Z,38,-0.0049455022431595
2024-12-01T00:00:00.000Z,19,0.0676335694879371
2024-12-06T00:00:00.000Z,19,0.0286454586978873
2024-11-29T00:00:00.000Z,19,0.6026073253084059
2024-12-11T00:00:00.000Z,12,-0.0018031825497517
2024-12-09T00:00:00.000Z,11,0.0075225516680346
2024-12-09T00:00:00.000Z,3,0.0024132478890815
2024-12-11T00:00:00.000Z,3,0.0086168683547826
2024-12-11T00:00:00.000Z,11,-0.0003374586890190846
2024-12-09T00:00:00.000Z,12,0.006653586234081
2024-12-14T00:00:00.000Z,11,0.616299443575165
2024-12-14T00:00:00.000Z,3,0.4091065260554806
2024-12-14T00:00:00.000Z,12,0.5304566575527899
2024-10-02T00:00:00.000Z,17,0.3294407270200215
2024-10-02T00:00:00.000Z,28,0.1491706277596974
2024-12-21T00:00:00.000Z,19,0.0205781466493006
2024-12-19T00:00:00.000Z,19,0.0060176051484023
2024-12-16T00:00:00.000Z,19,-0.021951417882544
2024-12-26T00:00:00.000Z,11,0.2958096757704295
2024-10-02T00:00:00.000Z,30,0.1530518723905618
2024-11-16T00:00:00.000Z,38,0.0189615239271673
2024-10-02T00:00:00.000Z,6,0.14577081890948
2024-11-04T00:00:00.000Z,17,0.5308444320242167
2024-11-01T00:00:00.000Z,20,-0.0084388750934598
2024-10-30T00:00:00.000Z,17,0.1591973549037239
2024-11-01T00:00:00.000Z,17,-0.004536338171325
2024-12-01T00:00:00.000Z,40,0.0499450926865313
2024-12-01T00:00:00.000Z,38,0.0017126010059008
2024-11-29T00:00:00.000Z,40,0.3406408879672594
2024-11-29T00:00:00.000Z,38,0.5964608650655291
2024-12-06T00:00:00.000Z,38,0.42512655367021
2024-12-06T00:00:00.000Z,40,0.1012046431055549
2024-12-26T00:00:00.000Z,40,0.188096026182368
2024-10-05T00:00:00.000Z,26,0.1738571215538082
2024-10-07T00:00:00.000Z,26,0.2738748672898876
2024-10-10T00:00:00.000Z,26,0.0902821786965681
2024-11-06T00:00:00.000Z,41,0.0670977459239588
2024-11-09T00:00:00.000Z,43,0.0590046013539807
2024-11-11T00:00:00.000Z,42,0.017765135134703
2024-11-09T00:00:00.000Z,40,0.0142627684339643
2024-11-06T00:00:00.000Z,43,0.1558529206714637
2024-11-11T00:00:00.000Z,40,0.0022778141648323
2024-11-06T00:00:00.000Z,42,0.4978971008762805
2024-11-11T00:00:00.000Z,41,0.0084337534646119
2024-11-06T00:00:00.000Z,40,0.2997952753983801
2024-11-11T00:00:00.000Z,43,0.0089028053351761
2024-11-09T00:00:00.000Z,42,0.0140254893526388
2024-11-09T00:00:00.000Z,41,-0.0028424274916798
2024-11-04T00:00:00.000Z,31,0.0925504710568228
2024-11-01T00:00:00.000Z,31,0.3238517737182184
2024-10-30T00:00:00.000Z,31,0.6646964369803104
2024-10-02T00:00:00.000Z,4,0.1574399037091739
2024-10-02T00:00:00.000Z,0,0.0721966849934217
2024-10-02T00:00:00.000Z,2,0.0514218084237988
2024-10-10T00:00:00.000Z,32,0.440903487180427
2024-10-07T00:00:00.000Z,32,0.4519722231891648
2024-10-05T00:00:00.000Z,32,0.0851745735075553
2024-12-01T00:00:00.000Z,28,0.9758214606921431
2024-12-06T00:00:00.000Z,28,0.0436700960330812
2024-12-06T00:00:00.000Z,29,0.2499396732400245
2024-11-29T00:00:00.000Z,29,0.7499899912893739
2024-12-01T00:00:00.000Z,29,0.6151655712175812
2024-12-26T00:00:00.000Z,16,0.6607965722584904
2024-12-21T00:00:00.000Z,35,0.0897700443800593
2024-12-19T00:00:00.000Z,35,0.0265373915613989
2024-12-16T00:00:00.000Z,35,0.4462941285088205
2024-12-14T00:00:00.000Z,42,0.0236921379137157
2024-12-14T00:00:00.000Z,43,0.0323305900915058
2024-12-09T00:00:00.000Z,41,0.056521205128766
2024-12-11T00:00:00.000Z,32,0.014331771883069
2024-12-11T00:00:00.000Z,42,0.0409597655693552
2024-12-11T00:00:00.000Z,41,0.0347747918296059
2024-12-14T00:00:00.000Z,32,0.0204786528212999
2024-12-11T00:00:00.000Z,43,0.0013394669657389
2024-12-09T00:00:00.000Z,32,0.0153773450814599
2024-12-14T00:00:00.000Z,41,0.0251097159144221
2024-12-09T00:00:00.000Z,42,0.0286686927566895
2024-12-09T00:00:00.000Z,43,0.0056760796897741
2024-10-27T00:00:00.000Z,38,0.2387882740084471
2024-10-22T00:00:00.000Z,38,0.1511913815918267
2024-12-01T00:00:00.000Z,42,0.1617748454501928
2024-12-06T00:00:00.000Z,42,0.057880698547171
2024-10-15T00:00:00.000Z,14,0.0691614214745475
2024-10-25T00:00:00.000Z,14,0.5659405864985462
2024-10-20T00:00:00.000Z,14,0.0222079429753841
2024-11-24T00:00:00.000Z,26,0.1895419536867126
2024-11-24T00:00:00.000Z,30,0.1575128906523868
2024-11-26T00:00:00.000Z,30,0.354796770959145
2024-11-21T00:00:00.000Z,26,0.0492288171644181
2024-11-26T00:00:00.000Z,29,0.1798250048663586
2024-11-21T00:00:00.000Z,30,0.0659010592507604
2024-11-21T00:00:00.000Z,29,0.0714648683025211
2024-11-26T00:00:00.000Z,26,0.2803978381582035
2024-11-24T00:00:00.000Z,29,0.2731300894267831
2024-12-01T00:00:00.000Z,23,0.3388016743648583
2024-11-29T00:00:00.000Z,23,0.6697908338651624
2024-12-06T00:00:00.000Z,23,0.0391538454464071
2024-12-26T00:00:00.000Z,42,0.4025517561682932
2024-12-26T00:00:00.000Z,41,0.6056028938135457
2024-12-19T00:00:00.000Z,25,0.0268059520126944
2024-12-19T00:00:00.000Z,27,0.0192825266684344
2024-12-09T00:00:00.000Z,27,0.0139458075693545
2024-12-14T00:00:00.000Z,27,0.0405480539030253
2024-10-27T00:00:00.000Z,16,0.5033158980987354
2024-10-22T00:00:00.000Z,16,0.017559539523463
2024-11-06T00:00:00.000Z,36,0.4645519589858482
2024-11-06T00:00:00.000Z,24,0.1089547111159807
2024-11-09T00:00:00.000Z,24,0.7089152144274449
2024-11-11T00:00:00.000Z,36,0.0649220504020657
2024-11-11T00:00:00.000Z,24,0.1050984587446335
2024-11-09T00:00:00.000Z,36,0.2951767083881325
2024-12-06T00:00:00.000Z,0,0.0287018712808433
2024-11-29T00:00:00.000Z,0,0.50138028307177
2024-12-01T00:00:00.000Z,0,0.4778416862109576
2024-11-21T00:00:00.000Z,31,0.0636779536785589
2024-11-24T00:00:00.000Z,31,0.127687918833482
2024-11-26T00:00:00.000Z,31,0.2007819155248011
2024-11-21T00:00:00.000Z,41,0.0503041639913092
2024-11-26T00:00:00.000Z,32,0.1980350507806089
2024-11-24T00:00:00.000Z,41,0.1972824531528205
2024-11-21T00:00:00.000Z,32,0.0671128484284419
2024-11-24T00:00:00.000Z,32,0.1109793256653654
2024-11-26T00:00:00.000Z,41,0.2182478347064602
2024-10-20T00:00:00.000Z,0,0.271126067533079
2024-10-25T00:00:00.000Z,0,0.5421132772825097
2024-10-20T00:00:00.000Z,4,0.1269655124151486
2024-10-22T00:00:00.000Z,4,0.0067074995446443
2024-10-27T00:00:00.000Z,0,0.0778235096978576
2024-10-25T00:00:00.000Z,4,0.4928341808719729
2024-10-22T00:00:00.000Z,0,0.0068017178706919
2024-10-27T00:00:00.000Z,4,0.0349104195606534
2024-10-07T00:00:00.000Z,0,0.443433431126491
2024-10-10T00:00:00.000Z,0,0.1892290773166871
2024-10-05T00:00:00.000Z,0,0.0179511647703499
2024-12-19T00:00:00.000Z,2,0.0108018427693452
2024-12-16T00:00:00.000Z,2,0.2376754639629248
2024-12-21T00:00:00.000Z,2,0.0502425887942073
2024-10-10T00:00:00.000Z,21,0.029120393630165
2024-10-05T00:00:00.000Z,21,0.235212911438839
2024-10-07T00:00:00.000Z,21,0.0180844092964093
2024-12-24T00:00:00.000Z,37,0.0577716794314106
2024-12-29T00:00:00.000Z,43,0.1826289303912885
2024-12-24T00:00:00.000Z,31,0.0306421758409557
2024-12-29T00:00:00.000Z,37,0.4538119756950179
2024-12-26T00:00:00.000Z,37,0.4161709355710171
2024-12-26T00:00:00.000Z,31,0.428524046577263
2024-12-29T00:00:00.000Z,31,0.3668667986756918
2024-12-24T00:00:00.000Z,43,0.147021185720641
2024-12-26T00:00:00.000Z,43,0.4024324377368323
2024-10-12T00:00:00.000Z,0,0.1854792554809981
2024-10-15T00:00:00.000Z,0,0.0519492046524467
2024-10-17T00:00:00.000Z,0,0.3477482050428395
2024-12-16T00:00:00.000Z,38,0.4513309318203003
2024-12-19T00:00:00.000Z,38,0.0327206816311117
2024-12-21T00:00:00.000Z,38,0.0228042745679364
2024-11-29T00:00:00.000Z,18,0.4163743417878012
2024-11-16T00:00:00.000Z,4,0.1042260171141946
2024-11-14T00:00:00.000Z,4,0.0043597284651917
2024-11-19T00:00:00.000Z,4,0.055478387072926
2024-10-17T00:00:00.000Z,3,0.5884514396120364
2024-10-12T00:00:00.000Z,3,0.1675857436463367
2024-10-15T00:00:00.000Z,3,0.0963253678602669
2024-10-15T00:00:00.000Z,12,0.0623496995917991
2024-11-29T00:00:00.000Z,14,0.5363340319559142
2024-11-09T00:00:00.000Z,18,0.0359634288992934
2024-11-06T00:00:00.000Z,17,0.0606455241584759
2024-11-11T00:00:00.000Z,17,0.0032535667577535
2024-11-09T00:00:00.000Z,17,0.1273041173180841
2024-11-19T00:00:00.000Z,19,0.0020342452988735
2024-11-14T00:00:00.000Z,19,-0.0083578047558262
2024-11-16T00:00:00.000Z,19,0.0169343129369756
2024-11-19T00:00:00.000Z,17,0.0178178945358443
2024-11-19T00:00:00.000Z,18,0.0193861585339773
2024-11-14T00:00:00.000Z,17,-0.0042739452765129
2024-11-16T00:00:00.000Z,17,0.0305049087455076
2024-11-14T00:00:00.000Z,18,0.0072786891726074
2024-11-09T00:00:00.000Z,8,0.0006876389876225579
2024-11-11T00:00:00.000Z,8,0.0070981250836292
2024-11-06T00:00:00.000Z,8,-0.0041408480404795
2024-10-05T00:00:00.000Z,18,0.3781878019492992
2024-10-10T00:00:00.000Z,18,0.0108454215664596
2024-11-01T00:00:00.000Z,11,0.0522755966900991
2024-11-01T00:00:00.000Z,23,0.0308943877565489
2024-11-04T00:00:00.000Z,23,0.1341651444380373
2024-10-30T00:00:00.000Z,23,0.5480446796802256
2024-11-01T00:00:00.000Z,14,0.0037003844005796
2024-11-29T00:00:00.000Z,10,0.392853989886372
2024-12-01T00:00:00.000Z,10,0.0029384720007617
2024-12-06T00:00:00.000Z,10,0.0344576394597945
2024-10-25T00:00:00.000Z,11,0.0765757241192775
2024-10-20T00:00:00.000Z,11,0.0056743048431159
2024-11-16T00:00:00.000Z,10,0.1466088355994081
2024-11-14T00:00:00.000Z,10,-0.0027516922829648
2024-11-19T00:00:00.000Z,10,0.0179627294727118
2024-12-09T00:00:00.000Z,14,0.0204903536338728
2024-12-09T00:00:00.000Z,16,0.0085894046735937
2024-12-14T00:00:00.000Z,14,0.0740639339021118
2024-12-14T00:00:00.000Z,16,0.0738600094445954
2024-12-06T00:00:00.000Z,6,0.0228863487085181
2024-11-29T00:00:00.000Z,6,0.5285052017451508
2024-12-01T00:00:00.000Z,6,0.1290296864712494
2024-12-26T00:00:00.000Z,6,0.4806769075341196
2024-12-29T00:00:00.000Z,6,0.0002219476932569086
2024-12-24T00:00:00.000Z,6,0.2839769148638555
2024-10-25T00:00:00.000Z,18,0.4492918489102813
2024-10-20T00:00:00.000Z,18,0.0050035006016933
2024-11-04T00:00:00.000Z,6,0.3784079660770844
2024-11-01T00:00:00.000Z,6,-0.0086786007068865
2024-10-30T00:00:00.000Z,6,0.0302981785006873
2024-12-16T00:00:00.000Z,9,-0.0165649936349703
2024-12-16T00:00:00.000Z,10,-0.0134378371047876
2024-12-19T00:00:00.000Z,9,0.0534635561006829
2024-12-19T00:00:00.000Z,10,0.0213215725675671
2024-12-21T00:00:00.000Z,9,0.0528401424845762
2024-12-21T00:00:00.000Z,10,0.0768755860674211
2024-12-21T00:00:00.000Z,23,0.0785536489941917
2024-12-21T00:00:00.000Z,16,0.0386187808460512
2024-12-19T00:00:00.000Z,13,0.0147145725531263
2024-12-19T00:00:00.000Z,23,0.0218920724242415
2024-12-16T00:00:00.000Z,23,0.2251064149474715
2024-12-16T00:00:00.000Z,16,0.0053631183720882
2024-11-01T00:00:00.000Z,16,0.8245996023020812
2024-11-11T00:00:00.000Z,38,-0.004664017640989
2024-11-09T00:00:00.000Z,38,-0.007692690639074
2024-11-06T00:00:00.000Z,38,0.0368239797068067
2024-12-11T00:00:00.000Z,8,0.0049324207332352
2024-12-09T00:00:00.000Z,8,0.0182291883956098
2024-12-14T00:00:00.000Z,8,0.4266174335029399
2024-10-02T00:00:00.000Z,42,0.0597414083357652
2024-10-17T00:00:00.000Z,43,0.339971344491414
2024-10-17T00:00:00.000Z,40,0.4510866151487517
2024-10-12T00:00:00.000Z,43,0.1975257099676629
2024-10-12T00:00:00.000Z,37,0.1761353873852207
2024-10-15T00:00:00.000Z,40,0.0798210713405183
2024-10-12T00:00:00.000Z,40,0.1365660489078713
2024-10-17T00:00:00.000Z,37,0.5448530601867186
2024-10-15T00:00:00.000Z,37,0.0686984476369138
2024-10-15T00:00:00.000Z,43,0.0451641101202015
2024-10-17T00:00:00.000Z,32,0.2569460271052984
2024-10-12T00:00:00.000Z,32,0.0529448355938837
2024-10-15T00:00:00.000Z,32,0.0487441762655949
2024-10-10T00:00:00.000Z,17,0.0933116646817932
2024-10-07T00:00:00.000Z,17,0.0183083534394313
2024-10-05T00:00:00.000Z,17,0.1364293540810953
2024-10-27T00:00:00.000Z,32,0.2847305952672157
2024-10-22T00:00:00.000Z,34,0.0285889867051097
2024-10-22T00:00:00.000Z,32,0.3709797468598867
2024-10-27T00:00:00.000Z,34,0.411262533691804
2024-10-20T00:00:00.000Z,34,0.1036923491893576
2024-10-25T00:00:00.000Z,32,0.204439066340658
2024-10-20T00:00:00.000Z,32,-0.016540880928325
2024-10-25T00:00:00.000Z,34,0.3734714976896861
2024-10-02T00:00:00.000Z,16,0.0172340754080226
2024-11-26T00:00:00.000Z,23,0.2698624073052973
2024-11-24T00:00:00.000Z,23,0.1980818604959001
2024-11-21T00:00:00.000Z,23,0.1032149743992086
2024-10-10T00:00:00.000Z,27,0.1221456799085085
2024-10-05T00:00:00.000Z,27,0.2384086565975478
2024-10-20T00:00:00.000Z,17,0.0386209053504861
2024-10-22T00:00:00.000Z,17,0.410124312377305
2024-10-27T00:00:00.000Z,17,-0.0102286829558528
2024-10-25T00:00:00.000Z,17,0.613372178275592
2024-10-07T00:00:00.000Z,14,0.0054311689453508
2024-10-20T00:00:00.000Z,41,-0.0022020905573292
2024-10-22T00:00:00.000Z,41,0.2860618876088917
2024-10-25T00:00:00.000Z,41,0.1469393954163863
2024-10-27T00:00:00.000Z,41,0.291843132688886
2024-12-11T00:00:00.000Z,16,0.0270353631216621
2024-12-09T00:00:00.000Z,13,0.0071012602377529
2024-12-14T00:00:00.000Z,13,0.0355691925179811
2024-12-26T00:00:00.000Z,21,0.6365580500930706
2024-12-29T00:00:00.000Z,21,0.0319465714986458
2024-12-24T00:00:00.000Z,21,0.3541867286291411
2024-11-09T00:00:00.000Z,33,0.3567792641460041
2024-10-25T00:00:00.000Z,33,0.6437232354105178
2024-10-20T00:00:00.000Z,26,0.3339863954115796
2024-10-25T00:00:00.000Z,26,0.7318415323142543
2024-10-20T00:00:00.000Z,33,0.3362563143190391
2024-10-12T00:00:00.000Z,31,0.25609820581945
2024-10-15T00:00:00.000Z,31,0.0579495286678822
2024-10-17T00:00:00.000Z,31,0.3491589592328239
2024-10-12T00:00:00.000Z,24,0.1363173072457375
2024-10-15T00:00:00.000Z,24,0.0360867157626789
2024-10-17T00:00:00.000Z,24,0.5435757213283465
2024-11-26T00:00:00.000Z,4,0.1671727494167106
2024-11-21T00:00:00.000Z,4,0.0864412345695117
2024-11-24T00:00:00.000Z,4,0.1816496640488204
2024-12-11T00:00:00.000Z,35,0.0279893194760243
2024-12-14T00:00:00.000Z,35,0.1041335436390994
2024-12-09T00:00:00.000Z,35,0.0062039140913738
2024-11-26T00:00:00.000Z,3,0.0610334290235815
2024-11-21T00:00:00.000Z,39,0.1199488736998571
2024-11-21T00:00:00.000Z,3,0.1642185920437637
2024-11-26T00:00:00.000Z,39,0.2237021956120713
2024-11-24T00:00:00.000Z,3,0.2169721240941557
2024-11-24T00:00:00.000Z,39,0.3146781667163301
2024-11-04T00:00:00.000Z,11,0.0117385797130817
2024-10-30T00:00:00.000Z,11,0.1923160905399786
2024-12-09T00:00:00.000Z,33,0.0288392241911167
2024-12-09T00:00:00.000Z,25,0.0223949584226348
2024-12-14T00:00:00.000Z,33,0.01283187653513
2024-12-14T00:00:00.000Z,25,0.0282500799365063
2024-10-12T00:00:00.000Z,16,0.1396799397360134
2024-10-17T00:00:00.000Z,16,0.8217024139329495
2024-12-16T00:00:00.000Z,5,-0.0070942003783621
2024-12-19T00:00:00.000Z,0,0.018479607468087
2024-12-19T00:00:00.000Z,5,0.0321930379489986
2024-12-21T00:00:00.000Z,4,0.1537916185472582
2024-12-16T00:00:00.000Z,4,0.098237539740474
2024-12-21T00:00:00.000Z,5,0.0686788385822209
2024-12-19T00:00:00.000Z,4,0.0117279405725372
2024-12-21T00:00:00.000Z,0,0.1549464113809533
2024-12-16T00:00:00.000Z,0,0.060572603969636
2024-11-24T00:00:00.000Z,14,0.1373662036288997
2024-10-12T00:00:00.000Z,14,0.2257077250556975
2024-10-17T00:00:00.000Z,14,0.3580602776011739
2024-11-19T00:00:00.000Z,36,0.0139698454432436
2024-11-14T00:00:00.000Z,36,0.1438610452658956
2024-11-16T00:00:00.000Z,36,0.2181143605784911
2024-11-01T00:00:00.000Z,0,0.2299541968945902
2024-10-30T00:00:00.000Z,0,0.3840401197910739
2024-11-04T00:00:00.000Z,0,0.4608349612704824
2024-11-09T00:00:00.000Z,25,0.1991010894297593
2024-12-14T00:00:00.000Z,39,0.0813994390139199
2024-12-11T00:00:00.000Z,39,0.0127101099989568
2024-12-09T00:00:00.000Z,39,0.0079801317334449
2024-11-16T00:00:00.000Z,8,0.0345123663642885
2024-11-19T00:00:00.000Z,8,0.0078695042509039
2024-11-14T00:00:00.000Z,8,-0.0106831722165944
2024-10-15T00:00:00.000Z,11,0.014469922643861
2024-11-24T00:00:00.000Z,33,0.1075655888368985
2024-10-12T00:00:00.000Z,39,0.0695549581546556
2024-10-17T00:00:00.000Z,39,0.3036043388846057
2024-10-15T00:00:00.000Z,39,0.0232526288071417
2024-10-22T00:00:00.000Z,6,0.0329291271257351
2024-10-25T00:00:00.000Z,6,0.4945695824316249
2024-10-27T00:00:00.000Z,6,-0.0087721282493126
2024-10-20T00:00:00.000Z,6,0.0155680001728258
2024-11-06T00:00:00.000Z,35,0.4608138898021537
2024-11-11T00:00:00.000Z,35,0.0568618697495665
2024-11-09T00:00:00.000Z,35,0.3457986170887865
2024-11-01T00:00:00.000Z,21,0.0145935995965967
2024-11-04T00:00:00.000Z,21,0.0297227642623224
2024-10-30T00:00:00.000Z,21,0.429213845412716
2024-11-11T00:00:00.000Z,12,0.0280423438787088
2024-11-09T00:00:00.000Z,12,0.4771540863867872
2024-11-06T00:00:00.000Z,12,0.0651652133376798
2024-12-11T00:00:00.000Z,34,0.0140884227124878
2024-12-14T00:00:00.000Z,34,0.0159316940882579
2024-12-09T00:00:00.000Z,34,0.0098398536426067
2024-10-22T00:00:00.000Z,14,-0.0095281330500972
2024-10-27T00:00:00.000Z,14,0.3630422867114143
2024-11-29T00:00:00.000Z,34,0.710319715406804
2024-11-29T00:00:00.000Z,32,0.637571633934369
2024-12-01T00:00:00.000Z,32,0.0163210309125788
2024-12-06T00:00:00.000Z,32,0.2899437910502003
2024-12-06T00:00:00.000Z,34,0.0777390418237846
2024-12-01T00:00:00.000Z,34,0.1557793885340137
2024-12-14T00:00:00.000Z,40,0.0243602817858425
2024-12-09T00:00:00.000Z,40,0.0097654274682544
2024-12-11T00:00:00.000Z,40,0.0056834159019766
2024-11-26T00:00:00.000Z,11,0.1585417793493104
2024-11-24T00:00:00.000Z,11,0.2397696335311183
2024-11-21T00:00:00.000Z,11,0.1485379790946414
2024-12-24T00:00:00.000Z,25,0.1645429605872503
2024-12-29T00:00:00.000Z,25,0.1903275986498037
2024-12-24T00:00:00.000Z,33,0.0397446680406179
2024-12-29T00:00:00.000Z,33,0.4103746759277782
2024-12-21T00:00:00.000Z,12,0.1155598240077101
2024-12-16T00:00:00.000Z,12,0.0029782481867582
2024-12-26T00:00:00.000Z,17,0.6274231418277606
2024-12-29T00:00:00.000Z,18,-0.0158311828829397
2024-12-24T00:00:00.000Z,18,0.0772460375502099
2024-12-29T00:00:00.000Z,17,0.0010178405679472
2024-12-24T00:00:00.000Z,17,0.1044210148108217
2024-10-15T00:00:00.000Z,42,0.1651199165726204
2024-10-17T00:00:00.000Z,42,0.7039468661266828
2024-10-12T00:00:00.000Z,42,0.2670612746726127
2024-12-01T00:00:00.000Z,41,0.0536202829402141
2024-11-29T00:00:00.000Z,41,0.6903377556857011
2024-12-06T00:00:00.000Z,41,0.0633952417506893
2024-11-29T00:00:00.000Z,43,0.4042378622186852
2024-12-01T00:00:00.000Z,43,0.0566133452764036
2024-11-29T00:00:00.000Z,42,0.693648133265012
2024-12-06T00:00:00.000Z,43,0.2100042708863394
2024-11-14T00:00:00.000Z,33,0.15925663072816
2024-11-19T00:00:00.000Z,33,0.0091156883382465
2024-11-11T00:00:00.000Z,9,0.0072234230665757
2024-11-06T00:00:00.000Z,9,0.0018737764382666
2024-11-09T00:00:00.000Z,9,0.0497759037054015
2024-11-04T00:00:00.000Z,27,0.3117984048793351
2024-10-30T00:00:00.000Z,27,0.3142823051479082
2024-11-11T00:00:00.000Z,45,-0.0147801424888841
2024-11-06T00:00:00.000Z,45,-0.0190199879322757
2024-11-09T00:00:00.000Z,45,-0.022302985300517
2024-11-24T00:00:00.000Z,18,0.1370049927869154
2024-11-16T00:00:00.000Z,29,0.3014578490114009
2024-11-14T00:00:00.000Z,29,0.0970394023697843
2024-11-19T00:00:00.000Z,29,0.0102160671251526
2024-11-16T00:00:00.000Z,28,0.822697013877274
2024-11-19T00:00:00.000Z,38,0.0428288743345942
2024-11-14T00:00:00.000Z,38,0.0103840691779266
2024-11-21T00:00:00.000Z,21,0.1136095586214415
2024-11-26T00:00:00.000Z,21,0.2352823517371341
2024-11-24T00:00:00.000Z,21,0.1573261611239617
2024-12-06T00:00:00.000Z,21,0.025869695867978
2024-12-01T00:00:00.000Z,21,0.560506967687704
2024-11-29T00:00:00.000Z,21,0.6774039088588484
2024-11-21T00:00:00.000Z,17,0.0634434682215992
2024-11-24T00:00:00.000Z,17,0.1571773657981438
2024-11-26T00:00:00.000Z,17,0.0033038989946922
2024-11-11T00:00:00.000Z,16,0.0789573518017714
2024-11-09T00:00:00.000Z,13,0.3179151141849127
2024-11-06T00:00:00.000Z,16,0.0475130023467816
2024-11-21T00:00:00.000Z,14,0.0948088808014123
2024-11-26T00:00:00.000Z,14,0.0962986005540739
2024-10-02T00:00:00.000Z,26,0.0491326771316278
2024-11-19T00:00:00.000Z,0,0.0737948183234683
2024-11-16T00:00:00.000Z,0,0.3589753261112673
2024-11-14T00:00:00.000Z,0,-0.0016268148200297
2024-10-20T00:00:00.000Z,25,0.2772263018080258
2024-10-25T00:00:00.000Z,25,0.6752360126287814
2024-11-21T00:00:00.000Z,28,0.0704032281086982
2024-11-26T00:00:00.000Z,28,0.0492231418671603
2024-10-12T00:00:00.000Z,26,0.1414709219731131
2024-10-17T00:00:00.000Z,26,0.6832176335459862
2024-11-19T00:00:00.000Z,42,0.0255681941859736
2024-11-14T00:00:00.000Z,42,0.070149133652216
2024-11-16T00:00:00.000Z,42,0.504597039020902
2024-11-11T00:00:00.000Z,28,0.4654131910250129
2024-11-06T00:00:00.000Z,28,-7.60186120095059e-05
2024-10-30T00:00:00.000Z,44,-0.0157708530285162
2024-11-01T00:00:00.000Z,44,0.0305170385010681
2024-11-04T00:00:00.000Z,44,-0.0073658221212742
2024-10-02T00:00:00.000Z,45,0.0108233905628886
2024-10-10T00:00:00.000Z,45,0.0423935026272894
2024-10-07T00:00:00.000Z,45,0.246698315454913
2024-10-05T00:00:00.000Z,45,-0.0015094030738222
2024-11-09T00:00:00.000Z,27,0.3537592385651233
2024-11-26T00:00:00.000Z,12,0.2776856052689352
2024-11-24T00:00:00.000Z,12,0.2762552733417499
2024-11-21T00:00:00.000Z,12,0.1746736007225685
2024-10-02T00:00:00.000Z,38,0.0337997909230906
2024-12-19T00:00:00.000Z,21,0.021818631021755
2024-12-16T00:00:00.000Z,21,0.1633947408224716
2024-12-21T00:00:00.000Z,21,0.0668112365959501
2024-12-19T00:00:00.000Z,12,0.0875401300545691
2024-10-10T00:00:00.000Z,25,0.1297901866148052
2024-10-05T00:00:00.000Z,25,0.3942604759926961
2024-11-29T00:00:00.000Z,17,0.6139168137415324
2024-12-01T00:00:00.000Z,17,0.0316609360025927
2024-12-06T00:00:00.000Z,17,0.0220750278281211
2024-11-29T00:00:00.000Z,37,0.4118046051699158
2024-12-01T00:00:00.000Z,31,0.2311281594753689
2024-12-06T00:00:00.000Z,37,0.1821255337686273
2024-12-06T00:00:00.000Z,31,0.1564305294074519
2024-12-01T00:00:00.000Z,37,0.617939513065606
2024-11-29T00:00:00.000Z,31,0.542718071467842
2024-10-17T00:00:00.000Z,41,0.5457674835638486
2024-10-15T00:00:00.000Z,41,0.0714874252980578
2024-10-12T00:00:00.000Z,41,0.2574022028871987
2024-11-24T00:00:00.000Z,27,0.4506080758424826
2024-11-24T00:00:00.000Z,25,0.1451117628525411
2024-12-19T00:00:00.000Z,14,0.0690763883359794
2024-12-26T00:00:00.000Z,32,0.5974809048830594
2024-12-24T00:00:00.000Z,32,0.1247929915599302
2024-12-29T00:00:00.000Z,32,0.0321856139151643
2024-12-29T00:00:00.000Z,40,0.0788821051796682
2024-12-24T00:00:00.000Z,42,0.1734482798876216
2024-12-29T00:00:00.000Z,42,0.0794772897362213
2024-12-29T00:00:00.000Z,41,0.0418697935951625
2024-12-24T00:00:00.000Z,40,0.1816110675121288
2024-12-24T00:00:00.000Z,41,0.1263203757663553
2024-12-26T00:00:00.000Z,14,0.6426947008001412
2024-11-09T00:00:00.000Z,21,0.5412606441650888
2024-11-06T00:00:00.000Z,21,0.2320246510944713
2024-11-11T00:00:00.000Z,21,0.0566092158953193
2024-11-24T00:00:00.000Z,38,0.2944025473327585
2024-11-21T00:00:00.000Z,38,0.0956188856925046
2024-11-26T00:00:00.000Z,38,0.1956667592293483
2024-12-24T00:00:00.000Z,11,0.0510728780919777
2024-12-29T00:00:00.000Z,11,0.4313650022158939
2024-10-27T00:00:00.000Z,26,0.1995444470337182
2024-10-22T00:00:00.000Z,26,0.075981871358886
2024-12-06T00:00:00.000Z,11,0.0901248293281383
2024-12-01T00:00:00.000Z,11,0.004053386925679
2024-12-09T00:00:00.000Z,31,0.0130318509986848
2024-12-11T00:00:00.000Z,31,0.0092077703486143
2024-12-14T00:00:00.000Z,31,0.0670204003524922
2024-11-06T00:00:00.000Z,32,0.0211223989820022
2024-11-09T00:00:00.000Z,32,-0.0141586116388683
2024-11-11T00:00:00.000Z,32,0.0048619882674778
2024-12-01T00:00:00.000Z,14,0.0588242516611008
2024-12-06T00:00:00.000Z,14,0.0350552701656116
2024-11-24T00:00:00.000Z,42,0.1478102591561685
2024-11-21T00:00:00.000Z,42,0.0614487900076535
2024-11-26T00:00:00.000Z,42,0.4896604802680118
2024-10-10T00:00:00.000Z,38,0.0800920638341908
2024-10-12T00:00:00.000Z,38,0.01556088910871
2024-10-17T00:00:00.000Z,38,0.3589004898888432
2024-10-15T00:00:00.000Z,38,0.0237016790453824
2024-12-11T00:00:00.000Z,38,0.0146377578413439
2024-10-10T00:00:00.000Z,33,0.1166284623555079
2024-10-05T00:00:00.000Z,33,0.1990238980188026
2024-11-19T00:00:00.000Z,25,0.0192050399322405
2024-11-14T00:00:00.000Z,25,0.1916361696447435
2024-11-29T00:00:00.000Z,11,0.175040137408534
2024-12-16T00:00:00.000Z,28,0.1164534841798017
2024-12-21T00:00:00.000Z,28,0.0295375733436718
2024-10-30T00:00:00.000Z,45,-0.0052587340387314
2024-11-04T00:00:00.000Z,45,0.0079151030696006
2024-11-01T00:00:00.000Z,45,0.0025655560022528
2024-10-02T00:00:00.000Z,34,0.0551271614991815
2024-10-15T00:00:00.000Z,45,0.0462909955196569
2024-10-12T00:00:00.000Z,45,0.0211701987134996
2024-10-17T00:00:00.000Z,45,0.018075160938691
2024-10-10T00:00:00.000Z,44,-0.1329508234338852
2024-10-05T00:00:00.000Z,44,0.0118850878235333
2024-10-07T00:00:00.000Z,44,0.080206954291453
2024-10-20T00:00:00.000Z,44,-0.0387047683204022
2024-10-25T00:00:00.000Z,44,-0.0311921811816864
2024-10-22T00:00:00.000Z,44,-0.0132310233453552
2024-10-27T00:00:00.000Z,44,0.0752953210826336
2024-10-25T00:00:00.000Z,38,0.0027561852832367
2024-10-20T00:00:00.000Z,38,-0.011964821496549
2024-11-11T00:00:00.000Z,44,-0.0143984809269022
2024-11-06T00:00:00.000Z,44,-0.0176309453227608
2024-11-09T00:00:00.000Z,44,-0.0286402991578842
2024-11-16T00:00:00.000Z,14,0.0795875475474645
2024-12-09T00:00:00.000Z,38,0.0123012086718707
2024-12-14T00:00:00.000Z,38,0.0191348206694264
2024-12-29T00:00:00.000Z,44,-0.0016859384294618
2024-12-26T00:00:00.000Z,44,-0.0303421265329009
2024-12-24T00:00:00.000Z,44,0.0353115444322555
2024-12-21T00:00:00.000Z,14,0.0793498816761092
2024-12-16T00:00:00.000Z,14,0.0061862534844001
2024-11-29T00:00:00.000Z,45,0.1645539158377817
2024-12-06T00:00:00.000Z,45,-0.013663532717812
2024-12-01T00:00:00.000Z,45,0.0160858712210491
2024-12-21T00:00:00.000Z,31,0.1578423376868693
2024-12-16T00:00:00.000Z,31,0.6827817678974916
2024-12-19T00:00:00.000Z,31,0.0215862690402494
2024-10-02T00:00:00.000Z,44,0.0994564147722065
2024-12-11T00:00:00.000Z,14,0.0210970126844585
2024-10-05T00:00:00.000Z,38,0.0246709047781994
2024-12-26T00:00:00.000Z,45,0.028720600914052
2024-12-24T00:00:00.000Z,45,0.0021042972812929
2024-12-29T00:00:00.000Z,45,0.0003152287863785291
2024-10-12T00:00:00.000Z,44,-0.0095551790659597
2024-10-17T00:00:00.000Z,44,0.0338050304249694
2024-10-15T00:00:00.000Z,44,0.0423333904018195
2024-10-25T00:00:00.000Z,45,
2024-10-27T00:00:00.000Z,45,0.0816005224220727
2024-10-20T00:00:00.000Z,45,0.0986912204218577
2024-10-22T00:00:00.000Z,45,0.0021139586078139
2024-12-01T00:00:00.000Z,44,0.0049089412386372
2024-11-29T00:00:00.000Z,44,0.0165858145557482
2024-12-06T00:00:00.000Z,44,0.0184624033858059
2024-11-26T00:00:00.000Z,44,0.0708453962757798
2024-11-24T00:00:00.000Z,44,0.0537081207129701
2024-11-21T00:00:00.000Z,44,0.048767715581836
2024-11-19T00:00:00.000Z,45,0.0003200641403477026
2024-11-16T00:00:00.000Z,45,-0.0012426411147795
2024-11-14T00:00:00.000Z,45,0.0416369992887796
2024-12-14T00:00:00.000Z,45,0.0210170017041643
2024-12-09T00:00:00.000Z,45,0.0133015402033706
2024-12-11T00:00:00.000Z,45,0.0268659622246819
2024-12-14T00:00:00.000Z,44,0.0174997827094809
2024-12-09T00:00:00.000Z,44,0.0246843051001689
2024-12-11T00:00:00.000Z,44,0.0159168567030036
2024-11-26T00:00:00.000Z,45,0.0877066416738736
2024-11-21T00:00:00.000Z,45,0.0415806843941806
2024-11-24T00:00:00.000Z,45,0.1060337888311612
2024-12-16T00:00:00.000Z,45,0.0782336456539989
2024-12-21T00:00:00.000Z,45,0.1287309284504902
2024-12-19T00:00:00.000Z,45,0.0184583542614486
